INFO - 2025-01-02 08:24:41 --> Session: Class initialized using 'CodeIgniter\Session\Handlers\FileHandler' driver.
INFO - 2025-01-02 08:25:05 --> Session: Class initialized using 'CodeIgniter\Session\Handlers\FileHandler' driver.
INFO - 2025-01-02 08:25:05 --> Session: Class initialized using 'CodeIgniter\Session\Handlers\FileHandler' driver.
INFO - 2025-01-02 08:25:07 --> Session: Class initialized using 'CodeIgniter\Session\Handlers\FileHandler' driver.
CRITICAL - 2025-01-02 08:25:09 --> ErrorException: Trying to access array offset on value of type null
[Method: GET, Route: courses/department_syllabus/public/assests/Logo.png]
in APPPATH\Views\dashboard\courses\index_syllabus.php on line 6.
 1 APPPATH\Views\dashboard\courses\index_syllabus.php(6): CodeIgniter\Debug\Exceptions->errorHandler(2, 'Trying to access array offset on value of type null', 'C:\\xampp\\htdocs\\Student_Management_Portal\\app\\Views\\dashboard\\courses\\index_syllabus.php', 6)
 2 SYSTEMPATH\View\View.php(234): include('C:\\xampp\\htdocs\\Student_Management_Portal\\app\\Views\\dashboard\\courses\\index_syllabus.php')
 3 SYSTEMPATH\View\View.php(237): CodeIgniter\View\View->CodeIgniter\View\{closure}()
 4 SYSTEMPATH\Common.php(1171): CodeIgniter\View\View->render('dashboard/courses/index_syllabus', [], true)
 5 APPPATH\Controllers\Courses.php(74): view('dashboard/courses/index_syllabus', [...])
 6 SYSTEMPATH\CodeIgniter.php(933): App\Controllers\Courses->department_syllabus('public', 'assests', 'Logo.png')
 7 SYSTEMPATH\CodeIgniter.php(509): CodeIgniter\CodeIgniter->runController(Object(App\Controllers\Courses))
 8 SYSTEMPATH\CodeIgniter.php(355): CodeIgniter\CodeIgniter->handleRequest(null, Object(Config\Cache), false)
 9 SYSTEMPATH\Boot.php(325): CodeIgniter\CodeIgniter->run()
10 SYSTEMPATH\Boot.php(67): CodeIgniter\Boot::runCodeIgniter(Object(CodeIgniter\CodeIgniter))
11 FCPATH\index.php(56): CodeIgniter\Boot::bootWeb(Object(Config\Paths))
CRITICAL - 2025-01-02 08:25:09 --> ErrorException: Trying to access array offset on value of type null
[Method: GET, Route: courses/department_syllabus/public/assests/Logo.png]
in APPPATH\Views\dashboard\courses\index_syllabus.php on line 6.
 1 APPPATH\Views\dashboard\courses\index_syllabus.php(6): CodeIgniter\Debug\Exceptions->errorHandler(2, 'Trying to access array offset on value of type null', 'C:\\xampp\\htdocs\\Student_Management_Portal\\app\\Views\\dashboard\\courses\\index_syllabus.php', 6)
 2 SYSTEMPATH\View\View.php(234): include('C:\\xampp\\htdocs\\Student_Management_Portal\\app\\Views\\dashboard\\courses\\index_syllabus.php')
 3 SYSTEMPATH\View\View.php(237): CodeIgniter\View\View->CodeIgniter\View\{closure}()
 4 SYSTEMPATH\Common.php(1171): CodeIgniter\View\View->render('dashboard/courses/index_syllabus', [], true)
 5 APPPATH\Controllers\Courses.php(74): view('dashboard/courses/index_syllabus', [...])
 6 SYSTEMPATH\CodeIgniter.php(933): App\Controllers\Courses->department_syllabus('public', 'assests', 'Logo.png')
 7 SYSTEMPATH\CodeIgniter.php(509): CodeIgniter\CodeIgniter->runController(Object(App\Controllers\Courses))
 8 SYSTEMPATH\CodeIgniter.php(355): CodeIgniter\CodeIgniter->handleRequest(null, Object(Config\Cache), false)
 9 SYSTEMPATH\Boot.php(325): CodeIgniter\CodeIgniter->run()
10 SYSTEMPATH\Boot.php(67): CodeIgniter\Boot::runCodeIgniter(Object(CodeIgniter\CodeIgniter))
11 FCPATH\index.php(56): CodeIgniter\Boot::bootWeb(Object(Config\Paths))
CRITICAL - 2025-01-02 08:25:10 --> ErrorException: Trying to access array offset on value of type null
[Method: GET, Route: courses/syllabus_subjects/2/public/assests/Logo.png]
in APPPATH\Views\dashboard\courses\index_subject.php on line 6.
 1 APPPATH\Views\dashboard\courses\index_subject.php(6): CodeIgniter\Debug\Exceptions->errorHandler(2, 'Trying to access array offset on value of type null', 'C:\\xampp\\htdocs\\Student_Management_Portal\\app\\Views\\dashboard\\courses\\index_subject.php', 6)
 2 SYSTEMPATH\View\View.php(234): include('C:\\xampp\\htdocs\\Student_Management_Portal\\app\\Views\\dashboard\\courses\\index_subject.php')
 3 SYSTEMPATH\View\View.php(237): CodeIgniter\View\View->CodeIgniter\View\{closure}()
 4 SYSTEMPATH\Common.php(1171): CodeIgniter\View\View->render('dashboard/courses/index_subject', [], true)
 5 APPPATH\Controllers\Courses.php(119): view('dashboard/courses/index_subject', [...])
 6 SYSTEMPATH\CodeIgniter.php(933): App\Controllers\Courses->syllabus_subjects('2', 'public', 'assests', 'Logo.png')
 7 SYSTEMPATH\CodeIgniter.php(509): CodeIgniter\CodeIgniter->runController(Object(App\Controllers\Courses))
 8 SYSTEMPATH\CodeIgniter.php(355): CodeIgniter\CodeIgniter->handleRequest(null, Object(Config\Cache), false)
 9 SYSTEMPATH\Boot.php(325): CodeIgniter\CodeIgniter->run()
10 SYSTEMPATH\Boot.php(67): CodeIgniter\Boot::runCodeIgniter(Object(CodeIgniter\CodeIgniter))
11 FCPATH\index.php(56): CodeIgniter\Boot::bootWeb(Object(Config\Paths))
CRITICAL - 2025-01-02 08:25:10 --> ErrorException: Trying to access array offset on value of type null
[Method: GET, Route: courses/syllabus_subjects/2/public/assests/Logo.png]
in APPPATH\Views\dashboard\courses\index_subject.php on line 6.
 1 APPPATH\Views\dashboard\courses\index_subject.php(6): CodeIgniter\Debug\Exceptions->errorHandler(2, 'Trying to access array offset on value of type null', 'C:\\xampp\\htdocs\\Student_Management_Portal\\app\\Views\\dashboard\\courses\\index_subject.php', 6)
 2 SYSTEMPATH\View\View.php(234): include('C:\\xampp\\htdocs\\Student_Management_Portal\\app\\Views\\dashboard\\courses\\index_subject.php')
 3 SYSTEMPATH\View\View.php(237): CodeIgniter\View\View->CodeIgniter\View\{closure}()
 4 SYSTEMPATH\Common.php(1171): CodeIgniter\View\View->render('dashboard/courses/index_subject', [], true)
 5 APPPATH\Controllers\Courses.php(119): view('dashboard/courses/index_subject', [...])
 6 SYSTEMPATH\CodeIgniter.php(933): App\Controllers\Courses->syllabus_subjects('2', 'public', 'assests', 'Logo.png')
 7 SYSTEMPATH\CodeIgniter.php(509): CodeIgniter\CodeIgniter->runController(Object(App\Controllers\Courses))
 8 SYSTEMPATH\CodeIgniter.php(355): CodeIgniter\CodeIgniter->handleRequest(null, Object(Config\Cache), false)
 9 SYSTEMPATH\Boot.php(325): CodeIgniter\CodeIgniter->run()
10 SYSTEMPATH\Boot.php(67): CodeIgniter\Boot::runCodeIgniter(Object(CodeIgniter\CodeIgniter))
11 FCPATH\index.php(56): CodeIgniter\Boot::bootWeb(Object(Config\Paths))
CRITICAL - 2025-01-02 08:26:00 --> ErrorException: Trying to access array offset on value of type null
[Method: GET, Route: courses/department_syllabus/public/assests/Logo.png]
in APPPATH\Views\dashboard\courses\index_syllabus.php on line 6.
 1 APPPATH\Views\dashboard\courses\index_syllabus.php(6): CodeIgniter\Debug\Exceptions->errorHandler(2, 'Trying to access array offset on value of type null', 'C:\\xampp\\htdocs\\Student_Management_Portal\\app\\Views\\dashboard\\courses\\index_syllabus.php', 6)
 2 SYSTEMPATH\View\View.php(234): include('C:\\xampp\\htdocs\\Student_Management_Portal\\app\\Views\\dashboard\\courses\\index_syllabus.php')
 3 SYSTEMPATH\View\View.php(237): CodeIgniter\View\View->CodeIgniter\View\{closure}()
 4 SYSTEMPATH\Common.php(1171): CodeIgniter\View\View->render('dashboard/courses/index_syllabus', [], true)
 5 APPPATH\Controllers\Courses.php(74): view('dashboard/courses/index_syllabus', [...])
 6 SYSTEMPATH\CodeIgniter.php(933): App\Controllers\Courses->department_syllabus('public', 'assests', 'Logo.png')
 7 SYSTEMPATH\CodeIgniter.php(509): CodeIgniter\CodeIgniter->runController(Object(App\Controllers\Courses))
 8 SYSTEMPATH\CodeIgniter.php(355): CodeIgniter\CodeIgniter->handleRequest(null, Object(Config\Cache), false)
 9 SYSTEMPATH\Boot.php(325): CodeIgniter\CodeIgniter->run()
10 SYSTEMPATH\Boot.php(67): CodeIgniter\Boot::runCodeIgniter(Object(CodeIgniter\CodeIgniter))
11 FCPATH\index.php(56): CodeIgniter\Boot::bootWeb(Object(Config\Paths))
CRITICAL - 2025-01-02 08:26:05 --> ErrorException: Trying to access array offset on value of type null
[Method: GET, Route: courses/syllabus_subjects/2/public/assests/Logo.png]
in APPPATH\Views\dashboard\courses\index_subject.php on line 6.
 1 APPPATH\Views\dashboard\courses\index_subject.php(6): CodeIgniter\Debug\Exceptions->errorHandler(2, 'Trying to access array offset on value of type null', 'C:\\xampp\\htdocs\\Student_Management_Portal\\app\\Views\\dashboard\\courses\\index_subject.php', 6)
 2 SYSTEMPATH\View\View.php(234): include('C:\\xampp\\htdocs\\Student_Management_Portal\\app\\Views\\dashboard\\courses\\index_subject.php')
 3 SYSTEMPATH\View\View.php(237): CodeIgniter\View\View->CodeIgniter\View\{closure}()
 4 SYSTEMPATH\Common.php(1171): CodeIgniter\View\View->render('dashboard/courses/index_subject', [], true)
 5 APPPATH\Controllers\Courses.php(119): view('dashboard/courses/index_subject', [...])
 6 SYSTEMPATH\CodeIgniter.php(933): App\Controllers\Courses->syllabus_subjects('2', 'public', 'assests', 'Logo.png')
 7 SYSTEMPATH\CodeIgniter.php(509): CodeIgniter\CodeIgniter->runController(Object(App\Controllers\Courses))
 8 SYSTEMPATH\CodeIgniter.php(355): CodeIgniter\CodeIgniter->handleRequest(null, Object(Config\Cache), false)
 9 SYSTEMPATH\Boot.php(325): CodeIgniter\CodeIgniter->run()
10 SYSTEMPATH\Boot.php(67): CodeIgniter\Boot::runCodeIgniter(Object(CodeIgniter\CodeIgniter))
11 FCPATH\index.php(56): CodeIgniter\Boot::bootWeb(Object(Config\Paths))
CRITICAL - 2025-01-02 08:26:10 --> ErrorException: Trying to access array offset on value of type null
[Method: GET, Route: courses/department_syllabus/public/assests/Logo.png]
in APPPATH\Views\dashboard\courses\index_syllabus.php on line 6.
 1 APPPATH\Views\dashboard\courses\index_syllabus.php(6): CodeIgniter\Debug\Exceptions->errorHandler(2, 'Trying to access array offset on value of type null', 'C:\\xampp\\htdocs\\Student_Management_Portal\\app\\Views\\dashboard\\courses\\index_syllabus.php', 6)
 2 SYSTEMPATH\View\View.php(234): include('C:\\xampp\\htdocs\\Student_Management_Portal\\app\\Views\\dashboard\\courses\\index_syllabus.php')
 3 SYSTEMPATH\View\View.php(237): CodeIgniter\View\View->CodeIgniter\View\{closure}()
 4 SYSTEMPATH\Common.php(1171): CodeIgniter\View\View->render('dashboard/courses/index_syllabus', [], true)
 5 APPPATH\Controllers\Courses.php(74): view('dashboard/courses/index_syllabus', [...])
 6 SYSTEMPATH\CodeIgniter.php(933): App\Controllers\Courses->department_syllabus('public', 'assests', 'Logo.png')
 7 SYSTEMPATH\CodeIgniter.php(509): CodeIgniter\CodeIgniter->runController(Object(App\Controllers\Courses))
 8 SYSTEMPATH\CodeIgniter.php(355): CodeIgniter\CodeIgniter->handleRequest(null, Object(Config\Cache), false)
 9 SYSTEMPATH\Boot.php(325): CodeIgniter\CodeIgniter->run()
10 SYSTEMPATH\Boot.php(67): CodeIgniter\Boot::runCodeIgniter(Object(CodeIgniter\CodeIgniter))
11 FCPATH\index.php(56): CodeIgniter\Boot::bootWeb(Object(Config\Paths))
CRITICAL - 2025-01-02 08:26:12 --> ErrorException: Trying to access array offset on value of type null
[Method: GET, Route: courses/syllabus_subjects/2/public/assests/Logo.png]
in APPPATH\Views\dashboard\courses\index_subject.php on line 6.
 1 APPPATH\Views\dashboard\courses\index_subject.php(6): CodeIgniter\Debug\Exceptions->errorHandler(2, 'Trying to access array offset on value of type null', 'C:\\xampp\\htdocs\\Student_Management_Portal\\app\\Views\\dashboard\\courses\\index_subject.php', 6)
 2 SYSTEMPATH\View\View.php(234): include('C:\\xampp\\htdocs\\Student_Management_Portal\\app\\Views\\dashboard\\courses\\index_subject.php')
 3 SYSTEMPATH\View\View.php(237): CodeIgniter\View\View->CodeIgniter\View\{closure}()
 4 SYSTEMPATH\Common.php(1171): CodeIgniter\View\View->render('dashboard/courses/index_subject', [], true)
 5 APPPATH\Controllers\Courses.php(119): view('dashboard/courses/index_subject', [...])
 6 SYSTEMPATH\CodeIgniter.php(933): App\Controllers\Courses->syllabus_subjects('2', 'public', 'assests', 'Logo.png')
 7 SYSTEMPATH\CodeIgniter.php(509): CodeIgniter\CodeIgniter->runController(Object(App\Controllers\Courses))
 8 SYSTEMPATH\CodeIgniter.php(355): CodeIgniter\CodeIgniter->handleRequest(null, Object(Config\Cache), false)
 9 SYSTEMPATH\Boot.php(325): CodeIgniter\CodeIgniter->run()
10 SYSTEMPATH\Boot.php(67): CodeIgniter\Boot::runCodeIgniter(Object(CodeIgniter\CodeIgniter))
11 FCPATH\index.php(56): CodeIgniter\Boot::bootWeb(Object(Config\Paths))
CRITICAL - 2025-01-02 08:33:41 --> ErrorException: Trying to access array offset on value of type null
[Method: GET, Route: courses/syllabus_subjects/2/public/assests/Logo.png]
in APPPATH\Views\dashboard\courses\index_subject.php on line 6.
 1 APPPATH\Views\dashboard\courses\index_subject.php(6): CodeIgniter\Debug\Exceptions->errorHandler(2, 'Trying to access array offset on value of type null', 'C:\\xampp\\htdocs\\Student_Management_Portal\\app\\Views\\dashboard\\courses\\index_subject.php', 6)
 2 SYSTEMPATH\View\View.php(234): include('C:\\xampp\\htdocs\\Student_Management_Portal\\app\\Views\\dashboard\\courses\\index_subject.php')
 3 SYSTEMPATH\View\View.php(237): CodeIgniter\View\View->CodeIgniter\View\{closure}()
 4 SYSTEMPATH\Common.php(1171): CodeIgniter\View\View->render('dashboard/courses/index_subject', [], true)
 5 APPPATH\Controllers\Courses.php(119): view('dashboard/courses/index_subject', [...])
 6 SYSTEMPATH\CodeIgniter.php(933): App\Controllers\Courses->syllabus_subjects('2', 'public', 'assests', 'Logo.png')
 7 SYSTEMPATH\CodeIgniter.php(509): CodeIgniter\CodeIgniter->runController(Object(App\Controllers\Courses))
 8 SYSTEMPATH\CodeIgniter.php(355): CodeIgniter\CodeIgniter->handleRequest(null, Object(Config\Cache), false)
 9 SYSTEMPATH\Boot.php(325): CodeIgniter\CodeIgniter->run()
10 SYSTEMPATH\Boot.php(67): CodeIgniter\Boot::runCodeIgniter(Object(CodeIgniter\CodeIgniter))
11 FCPATH\index.php(56): CodeIgniter\Boot::bootWeb(Object(Config\Paths))
CRITICAL - 2025-01-02 08:33:43 --> ErrorException: Trying to access array offset on value of type null
[Method: GET, Route: courses/syllabus_subjects/2/public/assests/Logo.png]
in APPPATH\Views\dashboard\courses\index_subject.php on line 6.
 1 APPPATH\Views\dashboard\courses\index_subject.php(6): CodeIgniter\Debug\Exceptions->errorHandler(2, 'Trying to access array offset on value of type null', 'C:\\xampp\\htdocs\\Student_Management_Portal\\app\\Views\\dashboard\\courses\\index_subject.php', 6)
 2 SYSTEMPATH\View\View.php(234): include('C:\\xampp\\htdocs\\Student_Management_Portal\\app\\Views\\dashboard\\courses\\index_subject.php')
 3 SYSTEMPATH\View\View.php(237): CodeIgniter\View\View->CodeIgniter\View\{closure}()
 4 SYSTEMPATH\Common.php(1171): CodeIgniter\View\View->render('dashboard/courses/index_subject', [], true)
 5 APPPATH\Controllers\Courses.php(119): view('dashboard/courses/index_subject', [...])
 6 SYSTEMPATH\CodeIgniter.php(933): App\Controllers\Courses->syllabus_subjects('2', 'public', 'assests', 'Logo.png')
 7 SYSTEMPATH\CodeIgniter.php(509): CodeIgniter\CodeIgniter->runController(Object(App\Controllers\Courses))
 8 SYSTEMPATH\CodeIgniter.php(355): CodeIgniter\CodeIgniter->handleRequest(null, Object(Config\Cache), false)
 9 SYSTEMPATH\Boot.php(325): CodeIgniter\CodeIgniter->run()
10 SYSTEMPATH\Boot.php(67): CodeIgniter\Boot::runCodeIgniter(Object(CodeIgniter\CodeIgniter))
11 FCPATH\index.php(56): CodeIgniter\Boot::bootWeb(Object(Config\Paths))
CRITICAL - 2025-01-02 08:33:46 --> ErrorException: Trying to access array offset on value of type null
[Method: GET, Route: courses/syllabus_subjects/2/public/assests/Logo.png]
in APPPATH\Views\dashboard\courses\index_subject.php on line 6.
 1 APPPATH\Views\dashboard\courses\index_subject.php(6): CodeIgniter\Debug\Exceptions->errorHandler(2, 'Trying to access array offset on value of type null', 'C:\\xampp\\htdocs\\Student_Management_Portal\\app\\Views\\dashboard\\courses\\index_subject.php', 6)
 2 SYSTEMPATH\View\View.php(234): include('C:\\xampp\\htdocs\\Student_Management_Portal\\app\\Views\\dashboard\\courses\\index_subject.php')
 3 SYSTEMPATH\View\View.php(237): CodeIgniter\View\View->CodeIgniter\View\{closure}()
 4 SYSTEMPATH\Common.php(1171): CodeIgniter\View\View->render('dashboard/courses/index_subject', [], true)
 5 APPPATH\Controllers\Courses.php(119): view('dashboard/courses/index_subject', [...])
 6 SYSTEMPATH\CodeIgniter.php(933): App\Controllers\Courses->syllabus_subjects('2', 'public', 'assests', 'Logo.png')
 7 SYSTEMPATH\CodeIgniter.php(509): CodeIgniter\CodeIgniter->runController(Object(App\Controllers\Courses))
 8 SYSTEMPATH\CodeIgniter.php(355): CodeIgniter\CodeIgniter->handleRequest(null, Object(Config\Cache), false)
 9 SYSTEMPATH\Boot.php(325): CodeIgniter\CodeIgniter->run()
10 SYSTEMPATH\Boot.php(67): CodeIgniter\Boot::runCodeIgniter(Object(CodeIgniter\CodeIgniter))
11 FCPATH\index.php(56): CodeIgniter\Boot::bootWeb(Object(Config\Paths))
CRITICAL - 2025-01-02 08:33:47 --> ErrorException: Undefined variable $subjects
[Method: GET, Route: courses/department_syllabus/2]
in APPPATH\Views\dashboard\courses\index_syllabus.php on line 43.
 1 APPPATH\Views\dashboard\courses\index_syllabus.php(43): CodeIgniter\Debug\Exceptions->errorHandler(2, 'Undefined variable $subjects', 'C:\\xampp\\htdocs\\Student_Management_Portal\\app\\Views\\dashboard\\courses\\index_syllabus.php', 43)
 2 SYSTEMPATH\View\View.php(234): include('C:\\xampp\\htdocs\\Student_Management_Portal\\app\\Views\\dashboard\\courses\\index_syllabus.php')
 3 SYSTEMPATH\View\View.php(237): CodeIgniter\View\View->CodeIgniter\View\{closure}()
 4 SYSTEMPATH\Common.php(1171): CodeIgniter\View\View->render('dashboard/courses/index_syllabus', [], true)
 5 APPPATH\Controllers\Courses.php(74): view('dashboard/courses/index_syllabus', [...])
 6 SYSTEMPATH\CodeIgniter.php(933): App\Controllers\Courses->department_syllabus('2')
 7 SYSTEMPATH\CodeIgniter.php(509): CodeIgniter\CodeIgniter->runController(Object(App\Controllers\Courses))
 8 SYSTEMPATH\CodeIgniter.php(355): CodeIgniter\CodeIgniter->handleRequest(null, Object(Config\Cache), false)
 9 SYSTEMPATH\Boot.php(325): CodeIgniter\CodeIgniter->run()
10 SYSTEMPATH\Boot.php(67): CodeIgniter\Boot::runCodeIgniter(Object(CodeIgniter\CodeIgniter))
11 FCPATH\index.php(56): CodeIgniter\Boot::bootWeb(Object(Config\Paths))
CRITICAL - 2025-01-02 08:34:04 --> ErrorException: Trying to access array offset on value of type null
[Method: GET, Route: courses/department_syllabus/public/assests/Logo.png]
in APPPATH\Views\dashboard\courses\index_syllabus.php on line 6.
 1 APPPATH\Views\dashboard\courses\index_syllabus.php(6): CodeIgniter\Debug\Exceptions->errorHandler(2, 'Trying to access array offset on value of type null', 'C:\\xampp\\htdocs\\Student_Management_Portal\\app\\Views\\dashboard\\courses\\index_syllabus.php', 6)
 2 SYSTEMPATH\View\View.php(234): include('C:\\xampp\\htdocs\\Student_Management_Portal\\app\\Views\\dashboard\\courses\\index_syllabus.php')
 3 SYSTEMPATH\View\View.php(237): CodeIgniter\View\View->CodeIgniter\View\{closure}()
 4 SYSTEMPATH\Common.php(1171): CodeIgniter\View\View->render('dashboard/courses/index_syllabus', [], true)
 5 APPPATH\Controllers\Courses.php(74): view('dashboard/courses/index_syllabus', [...])
 6 SYSTEMPATH\CodeIgniter.php(933): App\Controllers\Courses->department_syllabus('public', 'assests', 'Logo.png')
 7 SYSTEMPATH\CodeIgniter.php(509): CodeIgniter\CodeIgniter->runController(Object(App\Controllers\Courses))
 8 SYSTEMPATH\CodeIgniter.php(355): CodeIgniter\CodeIgniter->handleRequest(null, Object(Config\Cache), false)
 9 SYSTEMPATH\Boot.php(325): CodeIgniter\CodeIgniter->run()
10 SYSTEMPATH\Boot.php(67): CodeIgniter\Boot::runCodeIgniter(Object(CodeIgniter\CodeIgniter))
11 FCPATH\index.php(56): CodeIgniter\Boot::bootWeb(Object(Config\Paths))
CRITICAL - 2025-01-02 08:34:08 --> ErrorException: Trying to access array offset on value of type null
[Method: GET, Route: courses/syllabus_subjects/2/public/assests/Logo.png]
in APPPATH\Views\dashboard\courses\index_subject.php on line 6.
 1 APPPATH\Views\dashboard\courses\index_subject.php(6): CodeIgniter\Debug\Exceptions->errorHandler(2, 'Trying to access array offset on value of type null', 'C:\\xampp\\htdocs\\Student_Management_Portal\\app\\Views\\dashboard\\courses\\index_subject.php', 6)
 2 SYSTEMPATH\View\View.php(234): include('C:\\xampp\\htdocs\\Student_Management_Portal\\app\\Views\\dashboard\\courses\\index_subject.php')
 3 SYSTEMPATH\View\View.php(237): CodeIgniter\View\View->CodeIgniter\View\{closure}()
 4 SYSTEMPATH\Common.php(1171): CodeIgniter\View\View->render('dashboard/courses/index_subject', [], true)
 5 APPPATH\Controllers\Courses.php(119): view('dashboard/courses/index_subject', [...])
 6 SYSTEMPATH\CodeIgniter.php(933): App\Controllers\Courses->syllabus_subjects('2', 'public', 'assests', 'Logo.png')
 7 SYSTEMPATH\CodeIgniter.php(509): CodeIgniter\CodeIgniter->runController(Object(App\Controllers\Courses))
 8 SYSTEMPATH\CodeIgniter.php(355): CodeIgniter\CodeIgniter->handleRequest(null, Object(Config\Cache), false)
 9 SYSTEMPATH\Boot.php(325): CodeIgniter\CodeIgniter->run()
10 SYSTEMPATH\Boot.php(67): CodeIgniter\Boot::runCodeIgniter(Object(CodeIgniter\CodeIgniter))
11 FCPATH\index.php(56): CodeIgniter\Boot::bootWeb(Object(Config\Paths))
INFO - 2025-01-02 08:35:51 --> Session: Class initialized using 'CodeIgniter\Session\Handlers\FileHandler' driver.
INFO - 2025-01-02 08:35:51 --> Session: Class initialized using 'CodeIgniter\Session\Handlers\FileHandler' driver.
INFO - 2025-01-02 08:35:52 --> Session: Class initialized using 'CodeIgniter\Session\Handlers\FileHandler' driver.
INFO - 2025-01-02 08:35:52 --> Session: Class initialized using 'CodeIgniter\Session\Handlers\FileHandler' driver.
INFO - 2025-01-02 08:35:52 --> Session: Class initialized using 'CodeIgniter\Session\Handlers\FileHandler' driver.
CRITICAL - 2025-01-02 08:35:53 --> ErrorException: Trying to access array offset on value of type null
[Method: GET, Route: courses/syllabus_subjects/2/public/assests/Logo.png]
in APPPATH\Views\dashboard\courses\index_subject.php on line 6.
 1 APPPATH\Views\dashboard\courses\index_subject.php(6): CodeIgniter\Debug\Exceptions->errorHandler(2, 'Trying to access array offset on value of type null', 'C:\\xampp\\htdocs\\Student_Management_Portal\\app\\Views\\dashboard\\courses\\index_subject.php', 6)
 2 SYSTEMPATH\View\View.php(234): include('C:\\xampp\\htdocs\\Student_Management_Portal\\app\\Views\\dashboard\\courses\\index_subject.php')
 3 SYSTEMPATH\View\View.php(237): CodeIgniter\View\View->CodeIgniter\View\{closure}()
 4 SYSTEMPATH\Common.php(1171): CodeIgniter\View\View->render('dashboard/courses/index_subject', [], true)
 5 APPPATH\Controllers\Courses.php(119): view('dashboard/courses/index_subject', [...])
 6 SYSTEMPATH\CodeIgniter.php(933): App\Controllers\Courses->syllabus_subjects('2', 'public', 'assests', 'Logo.png')
 7 SYSTEMPATH\CodeIgniter.php(509): CodeIgniter\CodeIgniter->runController(Object(App\Controllers\Courses))
 8 SYSTEMPATH\CodeIgniter.php(355): CodeIgniter\CodeIgniter->handleRequest(null, Object(Config\Cache), false)
 9 SYSTEMPATH\Boot.php(325): CodeIgniter\CodeIgniter->run()
10 SYSTEMPATH\Boot.php(67): CodeIgniter\Boot::runCodeIgniter(Object(CodeIgniter\CodeIgniter))
11 FCPATH\index.php(56): CodeIgniter\Boot::bootWeb(Object(Config\Paths))
CRITICAL - 2025-01-02 08:38:29 --> ErrorException: Trying to access array offset on value of type null
[Method: GET, Route: courses/syllabus_subjects/2/public/assests/Logo.png]
in APPPATH\Views\dashboard\courses\index_subject.php on line 6.
 1 APPPATH\Views\dashboard\courses\index_subject.php(6): CodeIgniter\Debug\Exceptions->errorHandler(2, 'Trying to access array offset on value of type null', 'C:\\xampp\\htdocs\\Student_Management_Portal\\app\\Views\\dashboard\\courses\\index_subject.php', 6)
 2 SYSTEMPATH\View\View.php(234): include('C:\\xampp\\htdocs\\Student_Management_Portal\\app\\Views\\dashboard\\courses\\index_subject.php')
 3 SYSTEMPATH\View\View.php(237): CodeIgniter\View\View->CodeIgniter\View\{closure}()
 4 SYSTEMPATH\Common.php(1171): CodeIgniter\View\View->render('dashboard/courses/index_subject', [], true)
 5 APPPATH\Controllers\Courses.php(119): view('dashboard/courses/index_subject', [...])
 6 SYSTEMPATH\CodeIgniter.php(933): App\Controllers\Courses->syllabus_subjects('2', 'public', 'assests', 'Logo.png')
 7 SYSTEMPATH\CodeIgniter.php(509): CodeIgniter\CodeIgniter->runController(Object(App\Controllers\Courses))
 8 SYSTEMPATH\CodeIgniter.php(355): CodeIgniter\CodeIgniter->handleRequest(null, Object(Config\Cache), false)
 9 SYSTEMPATH\Boot.php(325): CodeIgniter\CodeIgniter->run()
10 SYSTEMPATH\Boot.php(67): CodeIgniter\Boot::runCodeIgniter(Object(CodeIgniter\CodeIgniter))
11 FCPATH\index.php(56): CodeIgniter\Boot::bootWeb(Object(Config\Paths))
CRITICAL - 2025-01-02 08:38:35 --> ErrorException: Trying to access array offset on value of type null
[Method: GET, Route: courses/department_syllabus/public/assests/Logo.png]
in APPPATH\Views\dashboard\courses\index_syllabus.php on line 6.
 1 APPPATH\Views\dashboard\courses\index_syllabus.php(6): CodeIgniter\Debug\Exceptions->errorHandler(2, 'Trying to access array offset on value of type null', 'C:\\xampp\\htdocs\\Student_Management_Portal\\app\\Views\\dashboard\\courses\\index_syllabus.php', 6)
 2 SYSTEMPATH\View\View.php(234): include('C:\\xampp\\htdocs\\Student_Management_Portal\\app\\Views\\dashboard\\courses\\index_syllabus.php')
 3 SYSTEMPATH\View\View.php(237): CodeIgniter\View\View->CodeIgniter\View\{closure}()
 4 SYSTEMPATH\Common.php(1171): CodeIgniter\View\View->render('dashboard/courses/index_syllabus', [], true)
 5 APPPATH\Controllers\Courses.php(74): view('dashboard/courses/index_syllabus', [...])
 6 SYSTEMPATH\CodeIgniter.php(933): App\Controllers\Courses->department_syllabus('public', 'assests', 'Logo.png')
 7 SYSTEMPATH\CodeIgniter.php(509): CodeIgniter\CodeIgniter->runController(Object(App\Controllers\Courses))
 8 SYSTEMPATH\CodeIgniter.php(355): CodeIgniter\CodeIgniter->handleRequest(null, Object(Config\Cache), false)
 9 SYSTEMPATH\Boot.php(325): CodeIgniter\CodeIgniter->run()
10 SYSTEMPATH\Boot.php(67): CodeIgniter\Boot::runCodeIgniter(Object(CodeIgniter\CodeIgniter))
11 FCPATH\index.php(56): CodeIgniter\Boot::bootWeb(Object(Config\Paths))
CRITICAL - 2025-01-02 08:38:37 --> ErrorException: Trying to access array offset on value of type null
[Method: GET, Route: courses/syllabus_subjects/2/public/assests/Logo.png]
in APPPATH\Views\dashboard\courses\index_subject.php on line 6.
 1 APPPATH\Views\dashboard\courses\index_subject.php(6): CodeIgniter\Debug\Exceptions->errorHandler(2, 'Trying to access array offset on value of type null', 'C:\\xampp\\htdocs\\Student_Management_Portal\\app\\Views\\dashboard\\courses\\index_subject.php', 6)
 2 SYSTEMPATH\View\View.php(234): include('C:\\xampp\\htdocs\\Student_Management_Portal\\app\\Views\\dashboard\\courses\\index_subject.php')
 3 SYSTEMPATH\View\View.php(237): CodeIgniter\View\View->CodeIgniter\View\{closure}()
 4 SYSTEMPATH\Common.php(1171): CodeIgniter\View\View->render('dashboard/courses/index_subject', [], true)
 5 APPPATH\Controllers\Courses.php(119): view('dashboard/courses/index_subject', [...])
 6 SYSTEMPATH\CodeIgniter.php(933): App\Controllers\Courses->syllabus_subjects('2', 'public', 'assests', 'Logo.png')
 7 SYSTEMPATH\CodeIgniter.php(509): CodeIgniter\CodeIgniter->runController(Object(App\Controllers\Courses))
 8 SYSTEMPATH\CodeIgniter.php(355): CodeIgniter\CodeIgniter->handleRequest(null, Object(Config\Cache), false)
 9 SYSTEMPATH\Boot.php(325): CodeIgniter\CodeIgniter->run()
10 SYSTEMPATH\Boot.php(67): CodeIgniter\Boot::runCodeIgniter(Object(CodeIgniter\CodeIgniter))
11 FCPATH\index.php(56): CodeIgniter\Boot::bootWeb(Object(Config\Paths))
CRITICAL - 2025-01-02 08:38:47 --> ErrorException: Trying to access array offset on value of type null
[Method: GET, Route: courses/syllabus_subjects/2/public/assests/Logo.png]
in APPPATH\Views\dashboard\courses\index_subject.php on line 6.
 1 APPPATH\Views\dashboard\courses\index_subject.php(6): CodeIgniter\Debug\Exceptions->errorHandler(2, 'Trying to access array offset on value of type null', 'C:\\xampp\\htdocs\\Student_Management_Portal\\app\\Views\\dashboard\\courses\\index_subject.php', 6)
 2 SYSTEMPATH\View\View.php(234): include('C:\\xampp\\htdocs\\Student_Management_Portal\\app\\Views\\dashboard\\courses\\index_subject.php')
 3 SYSTEMPATH\View\View.php(237): CodeIgniter\View\View->CodeIgniter\View\{closure}()
 4 SYSTEMPATH\Common.php(1171): CodeIgniter\View\View->render('dashboard/courses/index_subject', [], true)
 5 APPPATH\Controllers\Courses.php(119): view('dashboard/courses/index_subject', [...])
 6 SYSTEMPATH\CodeIgniter.php(933): App\Controllers\Courses->syllabus_subjects('2', 'public', 'assests', 'Logo.png')
 7 SYSTEMPATH\CodeIgniter.php(509): CodeIgniter\CodeIgniter->runController(Object(App\Controllers\Courses))
 8 SYSTEMPATH\CodeIgniter.php(355): CodeIgniter\CodeIgniter->handleRequest(null, Object(Config\Cache), false)
 9 SYSTEMPATH\Boot.php(325): CodeIgniter\CodeIgniter->run()
10 SYSTEMPATH\Boot.php(67): CodeIgniter\Boot::runCodeIgniter(Object(CodeIgniter\CodeIgniter))
11 FCPATH\index.php(56): CodeIgniter\Boot::bootWeb(Object(Config\Paths))
CRITICAL - 2025-01-02 08:38:52 --> ErrorException: Trying to access array offset on value of type null
[Method: GET, Route: courses/syllabus_subjects/2/public/assests/Logo.png]
in APPPATH\Views\dashboard\courses\index_subject.php on line 6.
 1 APPPATH\Views\dashboard\courses\index_subject.php(6): CodeIgniter\Debug\Exceptions->errorHandler(2, 'Trying to access array offset on value of type null', 'C:\\xampp\\htdocs\\Student_Management_Portal\\app\\Views\\dashboard\\courses\\index_subject.php', 6)
 2 SYSTEMPATH\View\View.php(234): include('C:\\xampp\\htdocs\\Student_Management_Portal\\app\\Views\\dashboard\\courses\\index_subject.php')
 3 SYSTEMPATH\View\View.php(237): CodeIgniter\View\View->CodeIgniter\View\{closure}()
 4 SYSTEMPATH\Common.php(1171): CodeIgniter\View\View->render('dashboard/courses/index_subject', [], true)
 5 APPPATH\Controllers\Courses.php(119): view('dashboard/courses/index_subject', [...])
 6 SYSTEMPATH\CodeIgniter.php(933): App\Controllers\Courses->syllabus_subjects('2', 'public', 'assests', 'Logo.png')
 7 SYSTEMPATH\CodeIgniter.php(509): CodeIgniter\CodeIgniter->runController(Object(App\Controllers\Courses))
 8 SYSTEMPATH\CodeIgniter.php(355): CodeIgniter\CodeIgniter->handleRequest(null, Object(Config\Cache), false)
 9 SYSTEMPATH\Boot.php(325): CodeIgniter\CodeIgniter->run()
10 SYSTEMPATH\Boot.php(67): CodeIgniter\Boot::runCodeIgniter(Object(CodeIgniter\CodeIgniter))
11 FCPATH\index.php(56): CodeIgniter\Boot::bootWeb(Object(Config\Paths))
CRITICAL - 2025-01-02 08:44:33 --> ErrorException: Trying to access array offset on value of type null
[Method: GET, Route: courses/syllabus_subjects/2/public/assests/Logo.png]
in APPPATH\Views\dashboard\courses\index_subject.php on line 6.
 1 APPPATH\Views\dashboard\courses\index_subject.php(6): CodeIgniter\Debug\Exceptions->errorHandler(2, 'Trying to access array offset on value of type null', 'C:\\xampp\\htdocs\\Student_Management_Portal\\app\\Views\\dashboard\\courses\\index_subject.php', 6)
 2 SYSTEMPATH\View\View.php(234): include('C:\\xampp\\htdocs\\Student_Management_Portal\\app\\Views\\dashboard\\courses\\index_subject.php')
 3 SYSTEMPATH\View\View.php(237): CodeIgniter\View\View->CodeIgniter\View\{closure}()
 4 SYSTEMPATH\Common.php(1171): CodeIgniter\View\View->render('dashboard/courses/index_subject', [], true)
 5 APPPATH\Controllers\Courses.php(119): view('dashboard/courses/index_subject', [...])
 6 SYSTEMPATH\CodeIgniter.php(933): App\Controllers\Courses->syllabus_subjects('2', 'public', 'assests', 'Logo.png')
 7 SYSTEMPATH\CodeIgniter.php(509): CodeIgniter\CodeIgniter->runController(Object(App\Controllers\Courses))
 8 SYSTEMPATH\CodeIgniter.php(355): CodeIgniter\CodeIgniter->handleRequest(null, Object(Config\Cache), false)
 9 SYSTEMPATH\Boot.php(325): CodeIgniter\CodeIgniter->run()
10 SYSTEMPATH\Boot.php(67): CodeIgniter\Boot::runCodeIgniter(Object(CodeIgniter\CodeIgniter))
11 FCPATH\index.php(56): CodeIgniter\Boot::bootWeb(Object(Config\Paths))
CRITICAL - 2025-01-02 08:47:04 --> ErrorException: Trying to access array offset on value of type null
[Method: GET, Route: courses/syllabus_subjects/2/public/assests/Logo.png]
in APPPATH\Views\dashboard\courses\index_subject.php on line 6.
 1 APPPATH\Views\dashboard\courses\index_subject.php(6): CodeIgniter\Debug\Exceptions->errorHandler(2, 'Trying to access array offset on value of type null', 'C:\\xampp\\htdocs\\Student_Management_Portal\\app\\Views\\dashboard\\courses\\index_subject.php', 6)
 2 SYSTEMPATH\View\View.php(234): include('C:\\xampp\\htdocs\\Student_Management_Portal\\app\\Views\\dashboard\\courses\\index_subject.php')
 3 SYSTEMPATH\View\View.php(237): CodeIgniter\View\View->CodeIgniter\View\{closure}()
 4 SYSTEMPATH\Common.php(1171): CodeIgniter\View\View->render('dashboard/courses/index_subject', [], true)
 5 APPPATH\Controllers\Courses.php(119): view('dashboard/courses/index_subject', [...])
 6 SYSTEMPATH\CodeIgniter.php(933): App\Controllers\Courses->syllabus_subjects('2', 'public', 'assests', 'Logo.png')
 7 SYSTEMPATH\CodeIgniter.php(509): CodeIgniter\CodeIgniter->runController(Object(App\Controllers\Courses))
 8 SYSTEMPATH\CodeIgniter.php(355): CodeIgniter\CodeIgniter->handleRequest(null, Object(Config\Cache), false)
 9 SYSTEMPATH\Boot.php(325): CodeIgniter\CodeIgniter->run()
10 SYSTEMPATH\Boot.php(67): CodeIgniter\Boot::runCodeIgniter(Object(CodeIgniter\CodeIgniter))
11 FCPATH\index.php(56): CodeIgniter\Boot::bootWeb(Object(Config\Paths))
CRITICAL - 2025-01-02 08:47:08 --> ErrorException: Trying to access array offset on value of type null
[Method: GET, Route: courses/syllabus_subjects/2/public/assests/Logo.png]
in APPPATH\Views\dashboard\courses\index_subject.php on line 6.
 1 APPPATH\Views\dashboard\courses\index_subject.php(6): CodeIgniter\Debug\Exceptions->errorHandler(2, 'Trying to access array offset on value of type null', 'C:\\xampp\\htdocs\\Student_Management_Portal\\app\\Views\\dashboard\\courses\\index_subject.php', 6)
 2 SYSTEMPATH\View\View.php(234): include('C:\\xampp\\htdocs\\Student_Management_Portal\\app\\Views\\dashboard\\courses\\index_subject.php')
 3 SYSTEMPATH\View\View.php(237): CodeIgniter\View\View->CodeIgniter\View\{closure}()
 4 SYSTEMPATH\Common.php(1171): CodeIgniter\View\View->render('dashboard/courses/index_subject', [], true)
 5 APPPATH\Controllers\Courses.php(119): view('dashboard/courses/index_subject', [...])
 6 SYSTEMPATH\CodeIgniter.php(933): App\Controllers\Courses->syllabus_subjects('2', 'public', 'assests', 'Logo.png')
 7 SYSTEMPATH\CodeIgniter.php(509): CodeIgniter\CodeIgniter->runController(Object(App\Controllers\Courses))
 8 SYSTEMPATH\CodeIgniter.php(355): CodeIgniter\CodeIgniter->handleRequest(null, Object(Config\Cache), false)
 9 SYSTEMPATH\Boot.php(325): CodeIgniter\CodeIgniter->run()
10 SYSTEMPATH\Boot.php(67): CodeIgniter\Boot::runCodeIgniter(Object(CodeIgniter\CodeIgniter))
11 FCPATH\index.php(56): CodeIgniter\Boot::bootWeb(Object(Config\Paths))
CRITICAL - 2025-01-02 08:54:18 --> ErrorException: Trying to access array offset on value of type null
[Method: GET, Route: courses/syllabus_subjects/2/public/assests/Logo.png]
in APPPATH\Views\dashboard\courses\index_subject.php on line 6.
 1 APPPATH\Views\dashboard\courses\index_subject.php(6): CodeIgniter\Debug\Exceptions->errorHandler(2, 'Trying to access array offset on value of type null', 'C:\\xampp\\htdocs\\Student_Management_Portal\\app\\Views\\dashboard\\courses\\index_subject.php', 6)
 2 SYSTEMPATH\View\View.php(234): include('C:\\xampp\\htdocs\\Student_Management_Portal\\app\\Views\\dashboard\\courses\\index_subject.php')
 3 SYSTEMPATH\View\View.php(237): CodeIgniter\View\View->CodeIgniter\View\{closure}()
 4 SYSTEMPATH\Common.php(1171): CodeIgniter\View\View->render('dashboard/courses/index_subject', [], true)
 5 APPPATH\Controllers\Courses.php(123): view('dashboard/courses/index_subject', [...])
 6 SYSTEMPATH\CodeIgniter.php(933): App\Controllers\Courses->syllabus_subjects('2', 'public', 'assests', 'Logo.png')
 7 SYSTEMPATH\CodeIgniter.php(509): CodeIgniter\CodeIgniter->runController(Object(App\Controllers\Courses))
 8 SYSTEMPATH\CodeIgniter.php(355): CodeIgniter\CodeIgniter->handleRequest(null, Object(Config\Cache), false)
 9 SYSTEMPATH\Boot.php(325): CodeIgniter\CodeIgniter->run()
10 SYSTEMPATH\Boot.php(67): CodeIgniter\Boot::runCodeIgniter(Object(CodeIgniter\CodeIgniter))
11 FCPATH\index.php(56): CodeIgniter\Boot::bootWeb(Object(Config\Paths))
CRITICAL - 2025-01-02 08:54:21 --> ErrorException: Trying to access array offset on value of type null
[Method: GET, Route: courses/add_subject/2/public/assests/Logo.png]
in APPPATH\Views\dashboard\courses\add_new_subject.php on line 42.
 1 APPPATH\Views\dashboard\courses\add_new_subject.php(42): CodeIgniter\Debug\Exceptions->errorHandler(2, 'Trying to access array offset on value of type null', 'C:\\xampp\\htdocs\\Student_Management_Portal\\app\\Views\\dashboard\\courses\\add_new_subject.php', 42)
 2 SYSTEMPATH\View\View.php(234): include('C:\\xampp\\htdocs\\Student_Management_Portal\\app\\Views\\dashboard\\courses\\add_new_subject.php')
 3 SYSTEMPATH\View\View.php(237): CodeIgniter\View\View->CodeIgniter\View\{closure}()
 4 SYSTEMPATH\Common.php(1171): CodeIgniter\View\View->render('dashboard/courses/add_new_subject', [], true)
 5 APPPATH\Controllers\Courses.php(417): view('dashboard/courses/add_new_subject', [...])
 6 SYSTEMPATH\CodeIgniter.php(933): App\Controllers\Courses->add_subject('2', 'public', 'assests', 'Logo.png')
 7 SYSTEMPATH\CodeIgniter.php(509): CodeIgniter\CodeIgniter->runController(Object(App\Controllers\Courses))
 8 SYSTEMPATH\CodeIgniter.php(355): CodeIgniter\CodeIgniter->handleRequest(null, Object(Config\Cache), false)
 9 SYSTEMPATH\Boot.php(325): CodeIgniter\CodeIgniter->run()
10 SYSTEMPATH\Boot.php(67): CodeIgniter\Boot::runCodeIgniter(Object(CodeIgniter\CodeIgniter))
11 FCPATH\index.php(56): CodeIgniter\Boot::bootWeb(Object(Config\Paths))
CRITICAL - 2025-01-02 08:54:21 --> ErrorException: Trying to access array offset on value of type null
[Method: GET, Route: courses/add_subject/2/public/assests/Logo.png]
in APPPATH\Views\dashboard\courses\add_new_subject.php on line 42.
 1 APPPATH\Views\dashboard\courses\add_new_subject.php(42): CodeIgniter\Debug\Exceptions->errorHandler(2, 'Trying to access array offset on value of type null', 'C:\\xampp\\htdocs\\Student_Management_Portal\\app\\Views\\dashboard\\courses\\add_new_subject.php', 42)
 2 SYSTEMPATH\View\View.php(234): include('C:\\xampp\\htdocs\\Student_Management_Portal\\app\\Views\\dashboard\\courses\\add_new_subject.php')
 3 SYSTEMPATH\View\View.php(237): CodeIgniter\View\View->CodeIgniter\View\{closure}()
 4 SYSTEMPATH\Common.php(1171): CodeIgniter\View\View->render('dashboard/courses/add_new_subject', [], true)
 5 APPPATH\Controllers\Courses.php(417): view('dashboard/courses/add_new_subject', [...])
 6 SYSTEMPATH\CodeIgniter.php(933): App\Controllers\Courses->add_subject('2', 'public', 'assests', 'Logo.png')
 7 SYSTEMPATH\CodeIgniter.php(509): CodeIgniter\CodeIgniter->runController(Object(App\Controllers\Courses))
 8 SYSTEMPATH\CodeIgniter.php(355): CodeIgniter\CodeIgniter->handleRequest(null, Object(Config\Cache), false)
 9 SYSTEMPATH\Boot.php(325): CodeIgniter\CodeIgniter->run()
10 SYSTEMPATH\Boot.php(67): CodeIgniter\Boot::runCodeIgniter(Object(CodeIgniter\CodeIgniter))
11 FCPATH\index.php(56): CodeIgniter\Boot::bootWeb(Object(Config\Paths))
CRITICAL - 2025-01-02 08:54:23 --> ErrorException: Trying to access array offset on value of type null
[Method: GET, Route: courses/syllabus_subjects/2/public/assests/Logo.png]
in APPPATH\Views\dashboard\courses\index_subject.php on line 6.
 1 APPPATH\Views\dashboard\courses\index_subject.php(6): CodeIgniter\Debug\Exceptions->errorHandler(2, 'Trying to access array offset on value of type null', 'C:\\xampp\\htdocs\\Student_Management_Portal\\app\\Views\\dashboard\\courses\\index_subject.php', 6)
 2 SYSTEMPATH\View\View.php(234): include('C:\\xampp\\htdocs\\Student_Management_Portal\\app\\Views\\dashboard\\courses\\index_subject.php')
 3 SYSTEMPATH\View\View.php(237): CodeIgniter\View\View->CodeIgniter\View\{closure}()
 4 SYSTEMPATH\Common.php(1171): CodeIgniter\View\View->render('dashboard/courses/index_subject', [], true)
 5 APPPATH\Controllers\Courses.php(123): view('dashboard/courses/index_subject', [...])
 6 SYSTEMPATH\CodeIgniter.php(933): App\Controllers\Courses->syllabus_subjects('2', 'public', 'assests', 'Logo.png')
 7 SYSTEMPATH\CodeIgniter.php(509): CodeIgniter\CodeIgniter->runController(Object(App\Controllers\Courses))
 8 SYSTEMPATH\CodeIgniter.php(355): CodeIgniter\CodeIgniter->handleRequest(null, Object(Config\Cache), false)
 9 SYSTEMPATH\Boot.php(325): CodeIgniter\CodeIgniter->run()
10 SYSTEMPATH\Boot.php(67): CodeIgniter\Boot::runCodeIgniter(Object(CodeIgniter\CodeIgniter))
11 FCPATH\index.php(56): CodeIgniter\Boot::bootWeb(Object(Config\Paths))
CRITICAL - 2025-01-02 08:54:24 --> CodeIgniter\View\Exceptions\ViewException: Invalid file: "courses/index_slides.php"
[Method: GET, Route: courses/view_slides/28]
in SYSTEMPATH\Exceptions\FrameworkException.php on line 41.
 1 SYSTEMPATH\View\View.php(222): CodeIgniter\Exceptions\FrameworkException::forInvalidFile('courses/index_slides.php')
 2 SYSTEMPATH\Common.php(1171): CodeIgniter\View\View->render('courses/index_slides', [], true)
 3 APPPATH\Controllers\Courses.php(537): view('courses/index_slides', [...])
 4 SYSTEMPATH\CodeIgniter.php(933): App\Controllers\Courses->view_slides('28')
 5 SYSTEMPATH\CodeIgniter.php(509): CodeIgniter\CodeIgniter->runController(Object(App\Controllers\Courses))
 6 SYSTEMPATH\CodeIgniter.php(355): CodeIgniter\CodeIgniter->handleRequest(null, Object(Config\Cache), false)
 7 SYSTEMPATH\Boot.php(325): CodeIgniter\CodeIgniter->run()
 8 SYSTEMPATH\Boot.php(67): CodeIgniter\Boot::runCodeIgniter(Object(CodeIgniter\CodeIgniter))
 9 FCPATH\index.php(56): CodeIgniter\Boot::bootWeb(Object(Config\Paths))
CRITICAL - 2025-01-02 08:54:34 --> ErrorException: Trying to access array offset on value of type null
[Method: GET, Route: courses/syllabus_subjects/2/public/assests/Logo.png]
in APPPATH\Views\dashboard\courses\index_subject.php on line 6.
 1 APPPATH\Views\dashboard\courses\index_subject.php(6): CodeIgniter\Debug\Exceptions->errorHandler(2, 'Trying to access array offset on value of type null', 'C:\\xampp\\htdocs\\Student_Management_Portal\\app\\Views\\dashboard\\courses\\index_subject.php', 6)
 2 SYSTEMPATH\View\View.php(234): include('C:\\xampp\\htdocs\\Student_Management_Portal\\app\\Views\\dashboard\\courses\\index_subject.php')
 3 SYSTEMPATH\View\View.php(237): CodeIgniter\View\View->CodeIgniter\View\{closure}()
 4 SYSTEMPATH\Common.php(1171): CodeIgniter\View\View->render('dashboard/courses/index_subject', [], true)
 5 APPPATH\Controllers\Courses.php(123): view('dashboard/courses/index_subject', [...])
 6 SYSTEMPATH\CodeIgniter.php(933): App\Controllers\Courses->syllabus_subjects('2', 'public', 'assests', 'Logo.png')
 7 SYSTEMPATH\CodeIgniter.php(509): CodeIgniter\CodeIgniter->runController(Object(App\Controllers\Courses))
 8 SYSTEMPATH\CodeIgniter.php(355): CodeIgniter\CodeIgniter->handleRequest(null, Object(Config\Cache), false)
 9 SYSTEMPATH\Boot.php(325): CodeIgniter\CodeIgniter->run()
10 SYSTEMPATH\Boot.php(67): CodeIgniter\Boot::runCodeIgniter(Object(CodeIgniter\CodeIgniter))
11 FCPATH\index.php(56): CodeIgniter\Boot::bootWeb(Object(Config\Paths))
INFO - 2025-01-02 08:54:35 --> Session: Class initialized using 'CodeIgniter\Session\Handlers\FileHandler' driver.
INFO - 2025-01-02 08:54:36 --> Session: Class initialized using 'CodeIgniter\Session\Handlers\FileHandler' driver.
INFO - 2025-01-02 08:54:36 --> Session: Class initialized using 'CodeIgniter\Session\Handlers\FileHandler' driver.
INFO - 2025-01-02 08:54:40 --> Session: Class initialized using 'CodeIgniter\Session\Handlers\FileHandler' driver.
INFO - 2025-01-02 08:54:41 --> Session: Class initialized using 'CodeIgniter\Session\Handlers\FileHandler' driver.
CRITICAL - 2025-01-02 08:54:44 --> ErrorException: Trying to access array offset on value of type null
[Method: GET, Route: courses/department_syllabus/public/assests/Logo.png]
in APPPATH\Views\dashboard\courses\index_syllabus.php on line 6.
 1 APPPATH\Views\dashboard\courses\index_syllabus.php(6): CodeIgniter\Debug\Exceptions->errorHandler(2, 'Trying to access array offset on value of type null', 'C:\\xampp\\htdocs\\Student_Management_Portal\\app\\Views\\dashboard\\courses\\index_syllabus.php', 6)
 2 SYSTEMPATH\View\View.php(234): include('C:\\xampp\\htdocs\\Student_Management_Portal\\app\\Views\\dashboard\\courses\\index_syllabus.php')
 3 SYSTEMPATH\View\View.php(237): CodeIgniter\View\View->CodeIgniter\View\{closure}()
 4 SYSTEMPATH\Common.php(1171): CodeIgniter\View\View->render('dashboard/courses/index_syllabus', [], true)
 5 APPPATH\Controllers\Courses.php(78): view('dashboard/courses/index_syllabus', [...])
 6 SYSTEMPATH\CodeIgniter.php(933): App\Controllers\Courses->department_syllabus('public', 'assests', 'Logo.png')
 7 SYSTEMPATH\CodeIgniter.php(509): CodeIgniter\CodeIgniter->runController(Object(App\Controllers\Courses))
 8 SYSTEMPATH\CodeIgniter.php(355): CodeIgniter\CodeIgniter->handleRequest(null, Object(Config\Cache), false)
 9 SYSTEMPATH\Boot.php(325): CodeIgniter\CodeIgniter->run()
10 SYSTEMPATH\Boot.php(67): CodeIgniter\Boot::runCodeIgniter(Object(CodeIgniter\CodeIgniter))
11 FCPATH\index.php(56): CodeIgniter\Boot::bootWeb(Object(Config\Paths))
CRITICAL - 2025-01-02 08:54:45 --> ErrorException: Trying to access array offset on value of type null
[Method: GET, Route: courses/syllabus_subjects/2/public/assests/Logo.png]
in APPPATH\Views\dashboard\courses\index_subject.php on line 6.
 1 APPPATH\Views\dashboard\courses\index_subject.php(6): CodeIgniter\Debug\Exceptions->errorHandler(2, 'Trying to access array offset on value of type null', 'C:\\xampp\\htdocs\\Student_Management_Portal\\app\\Views\\dashboard\\courses\\index_subject.php', 6)
 2 SYSTEMPATH\View\View.php(234): include('C:\\xampp\\htdocs\\Student_Management_Portal\\app\\Views\\dashboard\\courses\\index_subject.php')
 3 SYSTEMPATH\View\View.php(237): CodeIgniter\View\View->CodeIgniter\View\{closure}()
 4 SYSTEMPATH\Common.php(1171): CodeIgniter\View\View->render('dashboard/courses/index_subject', [], true)
 5 APPPATH\Controllers\Courses.php(123): view('dashboard/courses/index_subject', [...])
 6 SYSTEMPATH\CodeIgniter.php(933): App\Controllers\Courses->syllabus_subjects('2', 'public', 'assests', 'Logo.png')
 7 SYSTEMPATH\CodeIgniter.php(509): CodeIgniter\CodeIgniter->runController(Object(App\Controllers\Courses))
 8 SYSTEMPATH\CodeIgniter.php(355): CodeIgniter\CodeIgniter->handleRequest(null, Object(Config\Cache), false)
 9 SYSTEMPATH\Boot.php(325): CodeIgniter\CodeIgniter->run()
10 SYSTEMPATH\Boot.php(67): CodeIgniter\Boot::runCodeIgniter(Object(CodeIgniter\CodeIgniter))
11 FCPATH\index.php(56): CodeIgniter\Boot::bootWeb(Object(Config\Paths))
CRITICAL - 2025-01-02 08:54:50 --> CodeIgniter\View\Exceptions\ViewException: Invalid file: "courses/index_slides.php"
[Method: GET, Route: courses/view_slides/28]
in SYSTEMPATH\Exceptions\FrameworkException.php on line 41.
 1 SYSTEMPATH\View\View.php(222): CodeIgniter\Exceptions\FrameworkException::forInvalidFile('courses/index_slides.php')
 2 SYSTEMPATH\Common.php(1171): CodeIgniter\View\View->render('courses/index_slides', [], true)
 3 APPPATH\Controllers\Courses.php(537): view('courses/index_slides', [...])
 4 SYSTEMPATH\CodeIgniter.php(933): App\Controllers\Courses->view_slides('28')
 5 SYSTEMPATH\CodeIgniter.php(509): CodeIgniter\CodeIgniter->runController(Object(App\Controllers\Courses))
 6 SYSTEMPATH\CodeIgniter.php(355): CodeIgniter\CodeIgniter->handleRequest(null, Object(Config\Cache), false)
 7 SYSTEMPATH\Boot.php(325): CodeIgniter\CodeIgniter->run()
 8 SYSTEMPATH\Boot.php(67): CodeIgniter\Boot::runCodeIgniter(Object(CodeIgniter\CodeIgniter))
 9 FCPATH\index.php(56): CodeIgniter\Boot::bootWeb(Object(Config\Paths))
CRITICAL - 2025-01-02 08:56:18 --> ErrorException: Trying to access array offset on value of type null
[Method: GET, Route: courses/syllabus_subjects/2/public/assests/Logo.png]
in APPPATH\Views\dashboard\courses\index_subject.php on line 6.
 1 APPPATH\Views\dashboard\courses\index_subject.php(6): CodeIgniter\Debug\Exceptions->errorHandler(2, 'Trying to access array offset on value of type null', 'C:\\xampp\\htdocs\\Student_Management_Portal\\app\\Views\\dashboard\\courses\\index_subject.php', 6)
 2 SYSTEMPATH\View\View.php(234): include('C:\\xampp\\htdocs\\Student_Management_Portal\\app\\Views\\dashboard\\courses\\index_subject.php')
 3 SYSTEMPATH\View\View.php(237): CodeIgniter\View\View->CodeIgniter\View\{closure}()
 4 SYSTEMPATH\Common.php(1171): CodeIgniter\View\View->render('dashboard/courses/index_subject', [], true)
 5 APPPATH\Controllers\Courses.php(123): view('dashboard/courses/index_subject', [...])
 6 SYSTEMPATH\CodeIgniter.php(933): App\Controllers\Courses->syllabus_subjects('2', 'public', 'assests', 'Logo.png')
 7 SYSTEMPATH\CodeIgniter.php(509): CodeIgniter\CodeIgniter->runController(Object(App\Controllers\Courses))
 8 SYSTEMPATH\CodeIgniter.php(355): CodeIgniter\CodeIgniter->handleRequest(null, Object(Config\Cache), false)
 9 SYSTEMPATH\Boot.php(325): CodeIgniter\CodeIgniter->run()
10 SYSTEMPATH\Boot.php(67): CodeIgniter\Boot::runCodeIgniter(Object(CodeIgniter\CodeIgniter))
11 FCPATH\index.php(56): CodeIgniter\Boot::bootWeb(Object(Config\Paths))
CRITICAL - 2025-01-02 08:56:20 --> ErrorException: Trying to access array offset on value of type null
[Method: GET, Route: courses/syllabus_subjects/2/public/assests/Logo.png]
in APPPATH\Views\dashboard\courses\index_subject.php on line 6.
 1 APPPATH\Views\dashboard\courses\index_subject.php(6): CodeIgniter\Debug\Exceptions->errorHandler(2, 'Trying to access array offset on value of type null', 'C:\\xampp\\htdocs\\Student_Management_Portal\\app\\Views\\dashboard\\courses\\index_subject.php', 6)
 2 SYSTEMPATH\View\View.php(234): include('C:\\xampp\\htdocs\\Student_Management_Portal\\app\\Views\\dashboard\\courses\\index_subject.php')
 3 SYSTEMPATH\View\View.php(237): CodeIgniter\View\View->CodeIgniter\View\{closure}()
 4 SYSTEMPATH\Common.php(1171): CodeIgniter\View\View->render('dashboard/courses/index_subject', [], true)
 5 APPPATH\Controllers\Courses.php(123): view('dashboard/courses/index_subject', [...])
 6 SYSTEMPATH\CodeIgniter.php(933): App\Controllers\Courses->syllabus_subjects('2', 'public', 'assests', 'Logo.png')
 7 SYSTEMPATH\CodeIgniter.php(509): CodeIgniter\CodeIgniter->runController(Object(App\Controllers\Courses))
 8 SYSTEMPATH\CodeIgniter.php(355): CodeIgniter\CodeIgniter->handleRequest(null, Object(Config\Cache), false)
 9 SYSTEMPATH\Boot.php(325): CodeIgniter\CodeIgniter->run()
10 SYSTEMPATH\Boot.php(67): CodeIgniter\Boot::runCodeIgniter(Object(CodeIgniter\CodeIgniter))
11 FCPATH\index.php(56): CodeIgniter\Boot::bootWeb(Object(Config\Paths))
CRITICAL - 2025-01-02 08:56:22 --> ErrorException: Trying to access array offset on value of type null
[Method: GET, Route: courses/view_slides/public/assests/Logo.png]
in APPPATH\Views\dashboard\courses\index_slides.php on line 6.
 1 APPPATH\Views\dashboard\courses\index_slides.php(6): CodeIgniter\Debug\Exceptions->errorHandler(2, 'Trying to access array offset on value of type null', 'C:\\xampp\\htdocs\\Student_Management_Portal\\app\\Views\\dashboard\\courses\\index_slides.php', 6)
 2 SYSTEMPATH\View\View.php(234): include('C:\\xampp\\htdocs\\Student_Management_Portal\\app\\Views\\dashboard\\courses\\index_slides.php')
 3 SYSTEMPATH\View\View.php(237): CodeIgniter\View\View->CodeIgniter\View\{closure}()
 4 SYSTEMPATH\Common.php(1171): CodeIgniter\View\View->render('dashboard/courses/index_slides', [], true)
 5 APPPATH\Controllers\Courses.php(537): view('dashboard/courses/index_slides', [...])
 6 SYSTEMPATH\CodeIgniter.php(933): App\Controllers\Courses->view_slides('public', 'assests', 'Logo.png')
 7 SYSTEMPATH\CodeIgniter.php(509): CodeIgniter\CodeIgniter->runController(Object(App\Controllers\Courses))
 8 SYSTEMPATH\CodeIgniter.php(355): CodeIgniter\CodeIgniter->handleRequest(null, Object(Config\Cache), false)
 9 SYSTEMPATH\Boot.php(325): CodeIgniter\CodeIgniter->run()
10 SYSTEMPATH\Boot.php(67): CodeIgniter\Boot::runCodeIgniter(Object(CodeIgniter\CodeIgniter))
11 FCPATH\index.php(56): CodeIgniter\Boot::bootWeb(Object(Config\Paths))
CRITICAL - 2025-01-02 08:56:22 --> ErrorException: Trying to access array offset on value of type null
[Method: GET, Route: courses/view_slides/public/assests/Logo.png]
in APPPATH\Views\dashboard\courses\index_slides.php on line 6.
 1 APPPATH\Views\dashboard\courses\index_slides.php(6): CodeIgniter\Debug\Exceptions->errorHandler(2, 'Trying to access array offset on value of type null', 'C:\\xampp\\htdocs\\Student_Management_Portal\\app\\Views\\dashboard\\courses\\index_slides.php', 6)
 2 SYSTEMPATH\View\View.php(234): include('C:\\xampp\\htdocs\\Student_Management_Portal\\app\\Views\\dashboard\\courses\\index_slides.php')
 3 SYSTEMPATH\View\View.php(237): CodeIgniter\View\View->CodeIgniter\View\{closure}()
 4 SYSTEMPATH\Common.php(1171): CodeIgniter\View\View->render('dashboard/courses/index_slides', [], true)
 5 APPPATH\Controllers\Courses.php(537): view('dashboard/courses/index_slides', [...])
 6 SYSTEMPATH\CodeIgniter.php(933): App\Controllers\Courses->view_slides('public', 'assests', 'Logo.png')
 7 SYSTEMPATH\CodeIgniter.php(509): CodeIgniter\CodeIgniter->runController(Object(App\Controllers\Courses))
 8 SYSTEMPATH\CodeIgniter.php(355): CodeIgniter\CodeIgniter->handleRequest(null, Object(Config\Cache), false)
 9 SYSTEMPATH\Boot.php(325): CodeIgniter\CodeIgniter->run()
10 SYSTEMPATH\Boot.php(67): CodeIgniter\Boot::runCodeIgniter(Object(CodeIgniter\CodeIgniter))
11 FCPATH\index.php(56): CodeIgniter\Boot::bootWeb(Object(Config\Paths))
CRITICAL - 2025-01-02 08:56:25 --> CodeIgniter\View\Exceptions\ViewException: Invalid file: "dashboard/courses/add_slide.php"
[Method: GET, Route: courses/add_slide/28]
in SYSTEMPATH\Exceptions\FrameworkException.php on line 41.
 1 SYSTEMPATH\View\View.php(222): CodeIgniter\Exceptions\FrameworkException::forInvalidFile('dashboard/courses/add_slide.php')
 2 SYSTEMPATH\Common.php(1171): CodeIgniter\View\View->render('dashboard/courses/add_slide', [], true)
 3 APPPATH\Controllers\Courses.php(543): view('dashboard/courses/add_slide', [...])
 4 SYSTEMPATH\CodeIgniter.php(933): App\Controllers\Courses->add_slide('28')
 5 SYSTEMPATH\CodeIgniter.php(509): CodeIgniter\CodeIgniter->runController(Object(App\Controllers\Courses))
 6 SYSTEMPATH\CodeIgniter.php(355): CodeIgniter\CodeIgniter->handleRequest(null, Object(Config\Cache), false)
 7 SYSTEMPATH\Boot.php(325): CodeIgniter\CodeIgniter->run()
 8 SYSTEMPATH\Boot.php(67): CodeIgniter\Boot::runCodeIgniter(Object(CodeIgniter\CodeIgniter))
 9 FCPATH\index.php(56): CodeIgniter\Boot::bootWeb(Object(Config\Paths))
CRITICAL - 2025-01-02 08:56:54 --> CodeIgniter\View\Exceptions\ViewException: Invalid file: "dashboard/courses/add_new_slide.php"
[Method: GET, Route: courses/add_slide/28]
in SYSTEMPATH\Exceptions\FrameworkException.php on line 41.
 1 SYSTEMPATH\View\View.php(222): CodeIgniter\Exceptions\FrameworkException::forInvalidFile('dashboard/courses/add_new_slide.php')
 2 SYSTEMPATH\Common.php(1171): CodeIgniter\View\View->render('dashboard/courses/add_new_slide', [], true)
 3 APPPATH\Controllers\Courses.php(543): view('dashboard/courses/add_new_slide', [...])
 4 SYSTEMPATH\CodeIgniter.php(933): App\Controllers\Courses->add_slide('28')
 5 SYSTEMPATH\CodeIgniter.php(509): CodeIgniter\CodeIgniter->runController(Object(App\Controllers\Courses))
 6 SYSTEMPATH\CodeIgniter.php(355): CodeIgniter\CodeIgniter->handleRequest(null, Object(Config\Cache), false)
 7 SYSTEMPATH\Boot.php(325): CodeIgniter\CodeIgniter->run()
 8 SYSTEMPATH\Boot.php(67): CodeIgniter\Boot::runCodeIgniter(Object(CodeIgniter\CodeIgniter))
 9 FCPATH\index.php(56): CodeIgniter\Boot::bootWeb(Object(Config\Paths))
CRITICAL - 2025-01-02 08:56:56 --> ErrorException: Trying to access array offset on value of type null
[Method: GET, Route: courses/view_slides/public/assests/Logo.png]
in APPPATH\Views\dashboard\courses\index_slides.php on line 6.
 1 APPPATH\Views\dashboard\courses\index_slides.php(6): CodeIgniter\Debug\Exceptions->errorHandler(2, 'Trying to access array offset on value of type null', 'C:\\xampp\\htdocs\\Student_Management_Portal\\app\\Views\\dashboard\\courses\\index_slides.php', 6)
 2 SYSTEMPATH\View\View.php(234): include('C:\\xampp\\htdocs\\Student_Management_Portal\\app\\Views\\dashboard\\courses\\index_slides.php')
 3 SYSTEMPATH\View\View.php(237): CodeIgniter\View\View->CodeIgniter\View\{closure}()
 4 SYSTEMPATH\Common.php(1171): CodeIgniter\View\View->render('dashboard/courses/index_slides', [], true)
 5 APPPATH\Controllers\Courses.php(537): view('dashboard/courses/index_slides', [...])
 6 SYSTEMPATH\CodeIgniter.php(933): App\Controllers\Courses->view_slides('public', 'assests', 'Logo.png')
 7 SYSTEMPATH\CodeIgniter.php(509): CodeIgniter\CodeIgniter->runController(Object(App\Controllers\Courses))
 8 SYSTEMPATH\CodeIgniter.php(355): CodeIgniter\CodeIgniter->handleRequest(null, Object(Config\Cache), false)
 9 SYSTEMPATH\Boot.php(325): CodeIgniter\CodeIgniter->run()
10 SYSTEMPATH\Boot.php(67): CodeIgniter\Boot::runCodeIgniter(Object(CodeIgniter\CodeIgniter))
11 FCPATH\index.php(56): CodeIgniter\Boot::bootWeb(Object(Config\Paths))
CRITICAL - 2025-01-02 08:56:57 --> ErrorException: Trying to access array offset on value of type null
[Method: GET, Route: courses/view_slides/public/assests/Logo.png]
in APPPATH\Views\dashboard\courses\index_slides.php on line 6.
 1 APPPATH\Views\dashboard\courses\index_slides.php(6): CodeIgniter\Debug\Exceptions->errorHandler(2, 'Trying to access array offset on value of type null', 'C:\\xampp\\htdocs\\Student_Management_Portal\\app\\Views\\dashboard\\courses\\index_slides.php', 6)
 2 SYSTEMPATH\View\View.php(234): include('C:\\xampp\\htdocs\\Student_Management_Portal\\app\\Views\\dashboard\\courses\\index_slides.php')
 3 SYSTEMPATH\View\View.php(237): CodeIgniter\View\View->CodeIgniter\View\{closure}()
 4 SYSTEMPATH\Common.php(1171): CodeIgniter\View\View->render('dashboard/courses/index_slides', [], true)
 5 APPPATH\Controllers\Courses.php(537): view('dashboard/courses/index_slides', [...])
 6 SYSTEMPATH\CodeIgniter.php(933): App\Controllers\Courses->view_slides('public', 'assests', 'Logo.png')
 7 SYSTEMPATH\CodeIgniter.php(509): CodeIgniter\CodeIgniter->runController(Object(App\Controllers\Courses))
 8 SYSTEMPATH\CodeIgniter.php(355): CodeIgniter\CodeIgniter->handleRequest(null, Object(Config\Cache), false)
 9 SYSTEMPATH\Boot.php(325): CodeIgniter\CodeIgniter->run()
10 SYSTEMPATH\Boot.php(67): CodeIgniter\Boot::runCodeIgniter(Object(CodeIgniter\CodeIgniter))
11 FCPATH\index.php(56): CodeIgniter\Boot::bootWeb(Object(Config\Paths))
CRITICAL - 2025-01-02 08:56:58 --> CodeIgniter\View\Exceptions\ViewException: Invalid file: "dashboard/courses/add_new_slide.php"
[Method: GET, Route: courses/add_slide/28]
in SYSTEMPATH\Exceptions\FrameworkException.php on line 41.
 1 SYSTEMPATH\View\View.php(222): CodeIgniter\Exceptions\FrameworkException::forInvalidFile('dashboard/courses/add_new_slide.php')
 2 SYSTEMPATH\Common.php(1171): CodeIgniter\View\View->render('dashboard/courses/add_new_slide', [], true)
 3 APPPATH\Controllers\Courses.php(543): view('dashboard/courses/add_new_slide', [...])
 4 SYSTEMPATH\CodeIgniter.php(933): App\Controllers\Courses->add_slide('28')
 5 SYSTEMPATH\CodeIgniter.php(509): CodeIgniter\CodeIgniter->runController(Object(App\Controllers\Courses))
 6 SYSTEMPATH\CodeIgniter.php(355): CodeIgniter\CodeIgniter->handleRequest(null, Object(Config\Cache), false)
 7 SYSTEMPATH\Boot.php(325): CodeIgniter\CodeIgniter->run()
 8 SYSTEMPATH\Boot.php(67): CodeIgniter\Boot::runCodeIgniter(Object(CodeIgniter\CodeIgniter))
 9 FCPATH\index.php(56): CodeIgniter\Boot::bootWeb(Object(Config\Paths))
CRITICAL - 2025-01-02 08:57:38 --> CodeIgniter\View\Exceptions\ViewException: Invalid file: "dashboard/courses/add_new_slide.php"
[Method: GET, Route: courses/add_slide/28]
in SYSTEMPATH\Exceptions\FrameworkException.php on line 41.
 1 SYSTEMPATH\View\View.php(222): CodeIgniter\Exceptions\FrameworkException::forInvalidFile('dashboard/courses/add_new_slide.php')
 2 SYSTEMPATH\Common.php(1171): CodeIgniter\View\View->render('dashboard/courses/add_new_slide', [], true)
 3 APPPATH\Controllers\Courses.php(543): view('dashboard/courses/add_new_slide', [...])
 4 SYSTEMPATH\CodeIgniter.php(933): App\Controllers\Courses->add_slide('28')
 5 SYSTEMPATH\CodeIgniter.php(509): CodeIgniter\CodeIgniter->runController(Object(App\Controllers\Courses))
 6 SYSTEMPATH\CodeIgniter.php(355): CodeIgniter\CodeIgniter->handleRequest(null, Object(Config\Cache), false)
 7 SYSTEMPATH\Boot.php(325): CodeIgniter\CodeIgniter->run()
 8 SYSTEMPATH\Boot.php(67): CodeIgniter\Boot::runCodeIgniter(Object(CodeIgniter\CodeIgniter))
 9 FCPATH\index.php(56): CodeIgniter\Boot::bootWeb(Object(Config\Paths))
CRITICAL - 2025-01-02 08:57:39 --> ErrorException: Trying to access array offset on value of type null
[Method: GET, Route: courses/view_slides/public/assests/Logo.png]
in APPPATH\Views\dashboard\courses\index_slides.php on line 6.
 1 APPPATH\Views\dashboard\courses\index_slides.php(6): CodeIgniter\Debug\Exceptions->errorHandler(2, 'Trying to access array offset on value of type null', 'C:\\xampp\\htdocs\\Student_Management_Portal\\app\\Views\\dashboard\\courses\\index_slides.php', 6)
 2 SYSTEMPATH\View\View.php(234): include('C:\\xampp\\htdocs\\Student_Management_Portal\\app\\Views\\dashboard\\courses\\index_slides.php')
 3 SYSTEMPATH\View\View.php(237): CodeIgniter\View\View->CodeIgniter\View\{closure}()
 4 SYSTEMPATH\Common.php(1171): CodeIgniter\View\View->render('dashboard/courses/index_slides', [], true)
 5 APPPATH\Controllers\Courses.php(537): view('dashboard/courses/index_slides', [...])
 6 SYSTEMPATH\CodeIgniter.php(933): App\Controllers\Courses->view_slides('public', 'assests', 'Logo.png')
 7 SYSTEMPATH\CodeIgniter.php(509): CodeIgniter\CodeIgniter->runController(Object(App\Controllers\Courses))
 8 SYSTEMPATH\CodeIgniter.php(355): CodeIgniter\CodeIgniter->handleRequest(null, Object(Config\Cache), false)
 9 SYSTEMPATH\Boot.php(325): CodeIgniter\CodeIgniter->run()
10 SYSTEMPATH\Boot.php(67): CodeIgniter\Boot::runCodeIgniter(Object(CodeIgniter\CodeIgniter))
11 FCPATH\index.php(56): CodeIgniter\Boot::bootWeb(Object(Config\Paths))
CRITICAL - 2025-01-02 08:57:41 --> CodeIgniter\View\Exceptions\ViewException: Invalid file: "dashboard/courses/add_new_slide.php"
[Method: GET, Route: courses/add_slide/28]
in SYSTEMPATH\Exceptions\FrameworkException.php on line 41.
 1 SYSTEMPATH\View\View.php(222): CodeIgniter\Exceptions\FrameworkException::forInvalidFile('dashboard/courses/add_new_slide.php')
 2 SYSTEMPATH\Common.php(1171): CodeIgniter\View\View->render('dashboard/courses/add_new_slide', [], true)
 3 APPPATH\Controllers\Courses.php(543): view('dashboard/courses/add_new_slide', [...])
 4 SYSTEMPATH\CodeIgniter.php(933): App\Controllers\Courses->add_slide('28')
 5 SYSTEMPATH\CodeIgniter.php(509): CodeIgniter\CodeIgniter->runController(Object(App\Controllers\Courses))
 6 SYSTEMPATH\CodeIgniter.php(355): CodeIgniter\CodeIgniter->handleRequest(null, Object(Config\Cache), false)
 7 SYSTEMPATH\Boot.php(325): CodeIgniter\CodeIgniter->run()
 8 SYSTEMPATH\Boot.php(67): CodeIgniter\Boot::runCodeIgniter(Object(CodeIgniter\CodeIgniter))
 9 FCPATH\index.php(56): CodeIgniter\Boot::bootWeb(Object(Config\Paths))
CRITICAL - 2025-01-02 08:58:06 --> CodeIgniter\View\Exceptions\ViewException: Invalid file: "dashboard/courses/add_slide.php"
[Method: GET, Route: courses/add_slide/28]
in SYSTEMPATH\Exceptions\FrameworkException.php on line 41.
 1 SYSTEMPATH\View\View.php(222): CodeIgniter\Exceptions\FrameworkException::forInvalidFile('dashboard/courses/add_slide.php')
 2 SYSTEMPATH\Common.php(1171): CodeIgniter\View\View->render('dashboard/courses/add_slide', [], true)
 3 APPPATH\Controllers\Courses.php(543): view('dashboard/courses/add_slide', [...])
 4 SYSTEMPATH\CodeIgniter.php(933): App\Controllers\Courses->add_slide('28')
 5 SYSTEMPATH\CodeIgniter.php(509): CodeIgniter\CodeIgniter->runController(Object(App\Controllers\Courses))
 6 SYSTEMPATH\CodeIgniter.php(355): CodeIgniter\CodeIgniter->handleRequest(null, Object(Config\Cache), false)
 7 SYSTEMPATH\Boot.php(325): CodeIgniter\CodeIgniter->run()
 8 SYSTEMPATH\Boot.php(67): CodeIgniter\Boot::runCodeIgniter(Object(CodeIgniter\CodeIgniter))
 9 FCPATH\index.php(56): CodeIgniter\Boot::bootWeb(Object(Config\Paths))
CRITICAL - 2025-01-02 08:58:08 --> ErrorException: Trying to access array offset on value of type null
[Method: GET, Route: courses/view_slides/public/assests/Logo.png]
in APPPATH\Views\dashboard\courses\index_slides.php on line 6.
 1 APPPATH\Views\dashboard\courses\index_slides.php(6): CodeIgniter\Debug\Exceptions->errorHandler(2, 'Trying to access array offset on value of type null', 'C:\\xampp\\htdocs\\Student_Management_Portal\\app\\Views\\dashboard\\courses\\index_slides.php', 6)
 2 SYSTEMPATH\View\View.php(234): include('C:\\xampp\\htdocs\\Student_Management_Portal\\app\\Views\\dashboard\\courses\\index_slides.php')
 3 SYSTEMPATH\View\View.php(237): CodeIgniter\View\View->CodeIgniter\View\{closure}()
 4 SYSTEMPATH\Common.php(1171): CodeIgniter\View\View->render('dashboard/courses/index_slides', [], true)
 5 APPPATH\Controllers\Courses.php(537): view('dashboard/courses/index_slides', [...])
 6 SYSTEMPATH\CodeIgniter.php(933): App\Controllers\Courses->view_slides('public', 'assests', 'Logo.png')
 7 SYSTEMPATH\CodeIgniter.php(509): CodeIgniter\CodeIgniter->runController(Object(App\Controllers\Courses))
 8 SYSTEMPATH\CodeIgniter.php(355): CodeIgniter\CodeIgniter->handleRequest(null, Object(Config\Cache), false)
 9 SYSTEMPATH\Boot.php(325): CodeIgniter\CodeIgniter->run()
10 SYSTEMPATH\Boot.php(67): CodeIgniter\Boot::runCodeIgniter(Object(CodeIgniter\CodeIgniter))
11 FCPATH\index.php(56): CodeIgniter\Boot::bootWeb(Object(Config\Paths))
INFO - 2025-01-02 08:58:09 --> Session: Class initialized using 'CodeIgniter\Session\Handlers\FileHandler' driver.
CRITICAL - 2025-01-02 08:58:14 --> ErrorException: Trying to access array offset on value of type null
[Method: GET, Route: courses/department_syllabus/public/assests/Logo.png]
in APPPATH\Views\dashboard\courses\index_syllabus.php on line 6.
 1 APPPATH\Views\dashboard\courses\index_syllabus.php(6): CodeIgniter\Debug\Exceptions->errorHandler(2, 'Trying to access array offset on value of type null', 'C:\\xampp\\htdocs\\Student_Management_Portal\\app\\Views\\dashboard\\courses\\index_syllabus.php', 6)
 2 SYSTEMPATH\View\View.php(234): include('C:\\xampp\\htdocs\\Student_Management_Portal\\app\\Views\\dashboard\\courses\\index_syllabus.php')
 3 SYSTEMPATH\View\View.php(237): CodeIgniter\View\View->CodeIgniter\View\{closure}()
 4 SYSTEMPATH\Common.php(1171): CodeIgniter\View\View->render('dashboard/courses/index_syllabus', [], true)
 5 APPPATH\Controllers\Courses.php(78): view('dashboard/courses/index_syllabus', [...])
 6 SYSTEMPATH\CodeIgniter.php(933): App\Controllers\Courses->department_syllabus('public', 'assests', 'Logo.png')
 7 SYSTEMPATH\CodeIgniter.php(509): CodeIgniter\CodeIgniter->runController(Object(App\Controllers\Courses))
 8 SYSTEMPATH\CodeIgniter.php(355): CodeIgniter\CodeIgniter->handleRequest(null, Object(Config\Cache), false)
 9 SYSTEMPATH\Boot.php(325): CodeIgniter\CodeIgniter->run()
10 SYSTEMPATH\Boot.php(67): CodeIgniter\Boot::runCodeIgniter(Object(CodeIgniter\CodeIgniter))
11 FCPATH\index.php(56): CodeIgniter\Boot::bootWeb(Object(Config\Paths))
CRITICAL - 2025-01-02 08:58:16 --> ErrorException: Trying to access array offset on value of type null
[Method: GET, Route: courses/syllabus_subjects/2/public/assests/Logo.png]
in APPPATH\Views\dashboard\courses\index_subject.php on line 6.
 1 APPPATH\Views\dashboard\courses\index_subject.php(6): CodeIgniter\Debug\Exceptions->errorHandler(2, 'Trying to access array offset on value of type null', 'C:\\xampp\\htdocs\\Student_Management_Portal\\app\\Views\\dashboard\\courses\\index_subject.php', 6)
 2 SYSTEMPATH\View\View.php(234): include('C:\\xampp\\htdocs\\Student_Management_Portal\\app\\Views\\dashboard\\courses\\index_subject.php')
 3 SYSTEMPATH\View\View.php(237): CodeIgniter\View\View->CodeIgniter\View\{closure}()
 4 SYSTEMPATH\Common.php(1171): CodeIgniter\View\View->render('dashboard/courses/index_subject', [], true)
 5 APPPATH\Controllers\Courses.php(123): view('dashboard/courses/index_subject', [...])
 6 SYSTEMPATH\CodeIgniter.php(933): App\Controllers\Courses->syllabus_subjects('2', 'public', 'assests', 'Logo.png')
 7 SYSTEMPATH\CodeIgniter.php(509): CodeIgniter\CodeIgniter->runController(Object(App\Controllers\Courses))
 8 SYSTEMPATH\CodeIgniter.php(355): CodeIgniter\CodeIgniter->handleRequest(null, Object(Config\Cache), false)
 9 SYSTEMPATH\Boot.php(325): CodeIgniter\CodeIgniter->run()
10 SYSTEMPATH\Boot.php(67): CodeIgniter\Boot::runCodeIgniter(Object(CodeIgniter\CodeIgniter))
11 FCPATH\index.php(56): CodeIgniter\Boot::bootWeb(Object(Config\Paths))
INFO - 2025-01-02 08:58:18 --> Session: Class initialized using 'CodeIgniter\Session\Handlers\FileHandler' driver.
INFO - 2025-01-02 08:58:18 --> Session: Class initialized using 'CodeIgniter\Session\Handlers\FileHandler' driver.
INFO - 2025-01-02 08:58:18 --> Session: Class initialized using 'CodeIgniter\Session\Handlers\FileHandler' driver.
CRITICAL - 2025-01-02 08:58:20 --> ErrorException: Trying to access array offset on value of type null
[Method: GET, Route: courses/syllabus_subjects/2/public/assests/Logo.png]
in APPPATH\Views\dashboard\courses\index_subject.php on line 6.
 1 APPPATH\Views\dashboard\courses\index_subject.php(6): CodeIgniter\Debug\Exceptions->errorHandler(2, 'Trying to access array offset on value of type null', 'C:\\xampp\\htdocs\\Student_Management_Portal\\app\\Views\\dashboard\\courses\\index_subject.php', 6)
 2 SYSTEMPATH\View\View.php(234): include('C:\\xampp\\htdocs\\Student_Management_Portal\\app\\Views\\dashboard\\courses\\index_subject.php')
 3 SYSTEMPATH\View\View.php(237): CodeIgniter\View\View->CodeIgniter\View\{closure}()
 4 SYSTEMPATH\Common.php(1171): CodeIgniter\View\View->render('dashboard/courses/index_subject', [], true)
 5 APPPATH\Controllers\Courses.php(123): view('dashboard/courses/index_subject', [...])
 6 SYSTEMPATH\CodeIgniter.php(933): App\Controllers\Courses->syllabus_subjects('2', 'public', 'assests', 'Logo.png')
 7 SYSTEMPATH\CodeIgniter.php(509): CodeIgniter\CodeIgniter->runController(Object(App\Controllers\Courses))
 8 SYSTEMPATH\CodeIgniter.php(355): CodeIgniter\CodeIgniter->handleRequest(null, Object(Config\Cache), false)
 9 SYSTEMPATH\Boot.php(325): CodeIgniter\CodeIgniter->run()
10 SYSTEMPATH\Boot.php(67): CodeIgniter\Boot::runCodeIgniter(Object(CodeIgniter\CodeIgniter))
11 FCPATH\index.php(56): CodeIgniter\Boot::bootWeb(Object(Config\Paths))
CRITICAL - 2025-01-02 08:58:22 --> ErrorException: Trying to access array offset on value of type null
[Method: GET, Route: courses/add_subject/2/public/assests/Logo.png]
in APPPATH\Views\dashboard\courses\add_new_subject.php on line 42.
 1 APPPATH\Views\dashboard\courses\add_new_subject.php(42): CodeIgniter\Debug\Exceptions->errorHandler(2, 'Trying to access array offset on value of type null', 'C:\\xampp\\htdocs\\Student_Management_Portal\\app\\Views\\dashboard\\courses\\add_new_subject.php', 42)
 2 SYSTEMPATH\View\View.php(234): include('C:\\xampp\\htdocs\\Student_Management_Portal\\app\\Views\\dashboard\\courses\\add_new_subject.php')
 3 SYSTEMPATH\View\View.php(237): CodeIgniter\View\View->CodeIgniter\View\{closure}()
 4 SYSTEMPATH\Common.php(1171): CodeIgniter\View\View->render('dashboard/courses/add_new_subject', [], true)
 5 APPPATH\Controllers\Courses.php(417): view('dashboard/courses/add_new_subject', [...])
 6 SYSTEMPATH\CodeIgniter.php(933): App\Controllers\Courses->add_subject('2', 'public', 'assests', 'Logo.png')
 7 SYSTEMPATH\CodeIgniter.php(509): CodeIgniter\CodeIgniter->runController(Object(App\Controllers\Courses))
 8 SYSTEMPATH\CodeIgniter.php(355): CodeIgniter\CodeIgniter->handleRequest(null, Object(Config\Cache), false)
 9 SYSTEMPATH\Boot.php(325): CodeIgniter\CodeIgniter->run()
10 SYSTEMPATH\Boot.php(67): CodeIgniter\Boot::runCodeIgniter(Object(CodeIgniter\CodeIgniter))
11 FCPATH\index.php(56): CodeIgniter\Boot::bootWeb(Object(Config\Paths))
CRITICAL - 2025-01-02 08:58:23 --> ErrorException: Trying to access array offset on value of type null
[Method: GET, Route: courses/syllabus_subjects/2/public/assests/Logo.png]
in APPPATH\Views\dashboard\courses\index_subject.php on line 6.
 1 APPPATH\Views\dashboard\courses\index_subject.php(6): CodeIgniter\Debug\Exceptions->errorHandler(2, 'Trying to access array offset on value of type null', 'C:\\xampp\\htdocs\\Student_Management_Portal\\app\\Views\\dashboard\\courses\\index_subject.php', 6)
 2 SYSTEMPATH\View\View.php(234): include('C:\\xampp\\htdocs\\Student_Management_Portal\\app\\Views\\dashboard\\courses\\index_subject.php')
 3 SYSTEMPATH\View\View.php(237): CodeIgniter\View\View->CodeIgniter\View\{closure}()
 4 SYSTEMPATH\Common.php(1171): CodeIgniter\View\View->render('dashboard/courses/index_subject', [], true)
 5 APPPATH\Controllers\Courses.php(123): view('dashboard/courses/index_subject', [...])
 6 SYSTEMPATH\CodeIgniter.php(933): App\Controllers\Courses->syllabus_subjects('2', 'public', 'assests', 'Logo.png')
 7 SYSTEMPATH\CodeIgniter.php(509): CodeIgniter\CodeIgniter->runController(Object(App\Controllers\Courses))
 8 SYSTEMPATH\CodeIgniter.php(355): CodeIgniter\CodeIgniter->handleRequest(null, Object(Config\Cache), false)
 9 SYSTEMPATH\Boot.php(325): CodeIgniter\CodeIgniter->run()
10 SYSTEMPATH\Boot.php(67): CodeIgniter\Boot::runCodeIgniter(Object(CodeIgniter\CodeIgniter))
11 FCPATH\index.php(56): CodeIgniter\Boot::bootWeb(Object(Config\Paths))
CRITICAL - 2025-01-02 08:58:25 --> ErrorException: Trying to access array offset on value of type null
[Method: GET, Route: courses/view_slides/public/assests/Logo.png]
in APPPATH\Views\dashboard\courses\index_slides.php on line 6.
 1 APPPATH\Views\dashboard\courses\index_slides.php(6): CodeIgniter\Debug\Exceptions->errorHandler(2, 'Trying to access array offset on value of type null', 'C:\\xampp\\htdocs\\Student_Management_Portal\\app\\Views\\dashboard\\courses\\index_slides.php', 6)
 2 SYSTEMPATH\View\View.php(234): include('C:\\xampp\\htdocs\\Student_Management_Portal\\app\\Views\\dashboard\\courses\\index_slides.php')
 3 SYSTEMPATH\View\View.php(237): CodeIgniter\View\View->CodeIgniter\View\{closure}()
 4 SYSTEMPATH\Common.php(1171): CodeIgniter\View\View->render('dashboard/courses/index_slides', [], true)
 5 APPPATH\Controllers\Courses.php(537): view('dashboard/courses/index_slides', [...])
 6 SYSTEMPATH\CodeIgniter.php(933): App\Controllers\Courses->view_slides('public', 'assests', 'Logo.png')
 7 SYSTEMPATH\CodeIgniter.php(509): CodeIgniter\CodeIgniter->runController(Object(App\Controllers\Courses))
 8 SYSTEMPATH\CodeIgniter.php(355): CodeIgniter\CodeIgniter->handleRequest(null, Object(Config\Cache), false)
 9 SYSTEMPATH\Boot.php(325): CodeIgniter\CodeIgniter->run()
10 SYSTEMPATH\Boot.php(67): CodeIgniter\Boot::runCodeIgniter(Object(CodeIgniter\CodeIgniter))
11 FCPATH\index.php(56): CodeIgniter\Boot::bootWeb(Object(Config\Paths))
CRITICAL - 2025-01-02 08:58:30 --> CodeIgniter\View\Exceptions\ViewException: Invalid file: "dashboard/courses/add_slide.php"
[Method: GET, Route: courses/add_slide/28]
in SYSTEMPATH\Exceptions\FrameworkException.php on line 41.
 1 SYSTEMPATH\View\View.php(222): CodeIgniter\Exceptions\FrameworkException::forInvalidFile('dashboard/courses/add_slide.php')
 2 SYSTEMPATH\Common.php(1171): CodeIgniter\View\View->render('dashboard/courses/add_slide', [], true)
 3 APPPATH\Controllers\Courses.php(543): view('dashboard/courses/add_slide', [...])
 4 SYSTEMPATH\CodeIgniter.php(933): App\Controllers\Courses->add_slide('28')
 5 SYSTEMPATH\CodeIgniter.php(509): CodeIgniter\CodeIgniter->runController(Object(App\Controllers\Courses))
 6 SYSTEMPATH\CodeIgniter.php(355): CodeIgniter\CodeIgniter->handleRequest(null, Object(Config\Cache), false)
 7 SYSTEMPATH\Boot.php(325): CodeIgniter\CodeIgniter->run()
 8 SYSTEMPATH\Boot.php(67): CodeIgniter\Boot::runCodeIgniter(Object(CodeIgniter\CodeIgniter))
 9 FCPATH\index.php(56): CodeIgniter\Boot::bootWeb(Object(Config\Paths))
CRITICAL - 2025-01-02 08:58:36 --> ErrorException: Trying to access array offset on value of type null
[Method: GET, Route: courses/view_slides/public/assests/Logo.png]
in APPPATH\Views\dashboard\courses\index_slides.php on line 6.
 1 APPPATH\Views\dashboard\courses\index_slides.php(6): CodeIgniter\Debug\Exceptions->errorHandler(2, 'Trying to access array offset on value of type null', 'C:\\xampp\\htdocs\\Student_Management_Portal\\app\\Views\\dashboard\\courses\\index_slides.php', 6)
 2 SYSTEMPATH\View\View.php(234): include('C:\\xampp\\htdocs\\Student_Management_Portal\\app\\Views\\dashboard\\courses\\index_slides.php')
 3 SYSTEMPATH\View\View.php(237): CodeIgniter\View\View->CodeIgniter\View\{closure}()
 4 SYSTEMPATH\Common.php(1171): CodeIgniter\View\View->render('dashboard/courses/index_slides', [], true)
 5 APPPATH\Controllers\Courses.php(537): view('dashboard/courses/index_slides', [...])
 6 SYSTEMPATH\CodeIgniter.php(933): App\Controllers\Courses->view_slides('public', 'assests', 'Logo.png')
 7 SYSTEMPATH\CodeIgniter.php(509): CodeIgniter\CodeIgniter->runController(Object(App\Controllers\Courses))
 8 SYSTEMPATH\CodeIgniter.php(355): CodeIgniter\CodeIgniter->handleRequest(null, Object(Config\Cache), false)
 9 SYSTEMPATH\Boot.php(325): CodeIgniter\CodeIgniter->run()
10 SYSTEMPATH\Boot.php(67): CodeIgniter\Boot::runCodeIgniter(Object(CodeIgniter\CodeIgniter))
11 FCPATH\index.php(56): CodeIgniter\Boot::bootWeb(Object(Config\Paths))
CRITICAL - 2025-01-02 08:58:38 --> CodeIgniter\View\Exceptions\ViewException: Invalid file: "dashboard/courses/add_slide.php"
[Method: GET, Route: courses/add_slide/28]
in SYSTEMPATH\Exceptions\FrameworkException.php on line 41.
 1 SYSTEMPATH\View\View.php(222): CodeIgniter\Exceptions\FrameworkException::forInvalidFile('dashboard/courses/add_slide.php')
 2 SYSTEMPATH\Common.php(1171): CodeIgniter\View\View->render('dashboard/courses/add_slide', [], true)
 3 APPPATH\Controllers\Courses.php(543): view('dashboard/courses/add_slide', [...])
 4 SYSTEMPATH\CodeIgniter.php(933): App\Controllers\Courses->add_slide('28')
 5 SYSTEMPATH\CodeIgniter.php(509): CodeIgniter\CodeIgniter->runController(Object(App\Controllers\Courses))
 6 SYSTEMPATH\CodeIgniter.php(355): CodeIgniter\CodeIgniter->handleRequest(null, Object(Config\Cache), false)
 7 SYSTEMPATH\Boot.php(325): CodeIgniter\CodeIgniter->run()
 8 SYSTEMPATH\Boot.php(67): CodeIgniter\Boot::runCodeIgniter(Object(CodeIgniter\CodeIgniter))
 9 FCPATH\index.php(56): CodeIgniter\Boot::bootWeb(Object(Config\Paths))
ERROR - 2025-01-02 09:01:18 --> mysqli_sql_exception: Unknown column 'updated_at' in 'field list' in C:\xampp\htdocs\Student_Management_Portal\system\Database\MySQLi\Connection.php:312
Stack trace:
#0 C:\xampp\htdocs\Student_Management_Portal\system\Database\MySQLi\Connection.php(312): mysqli->query('INSERT INTO `sl...', 0)
#1 C:\xampp\htdocs\Student_Management_Portal\system\Database\BaseConnection.php(734): CodeIgniter\Database\MySQLi\Connection->execute('INSERT INTO `sl...')
#2 C:\xampp\htdocs\Student_Management_Portal\system\Database\BaseConnection.php(648): CodeIgniter\Database\BaseConnection->simpleQuery('INSERT INTO `sl...')
#3 C:\xampp\htdocs\Student_Management_Portal\system\Database\BaseBuilder.php(2340): CodeIgniter\Database\BaseConnection->query('INSERT INTO `sl...', Array, false)
#4 C:\xampp\htdocs\Student_Management_Portal\system\Model.php(394): CodeIgniter\Database\BaseBuilder->insert()
#5 C:\xampp\htdocs\Student_Management_Portal\system\BaseModel.php(840): CodeIgniter\Model->doInsert(Array)
#6 C:\xampp\htdocs\Student_Management_Portal\system\Model.php(802): CodeIgniter\BaseModel->insert(Array, true)
#7 C:\xampp\htdocs\Student_Management_Portal\app\Controllers\Courses.php(552): CodeIgniter\Model->insert(Array)
#8 C:\xampp\htdocs\Student_Management_Portal\system\CodeIgniter.php(933): App\Controllers\Courses->save_slide()
#9 C:\xampp\htdocs\Student_Management_Portal\system\CodeIgniter.php(509): CodeIgniter\CodeIgniter->runController(Object(App\Controllers\Courses))
#10 C:\xampp\htdocs\Student_Management_Portal\system\CodeIgniter.php(355): CodeIgniter\CodeIgniter->handleRequest(NULL, Object(Config\Cache), false)
#11 C:\xampp\htdocs\Student_Management_Portal\system\Boot.php(325): CodeIgniter\CodeIgniter->run()
#12 C:\xampp\htdocs\Student_Management_Portal\system\Boot.php(67): CodeIgniter\Boot::runCodeIgniter(Object(CodeIgniter\CodeIgniter))
#13 C:\xampp\htdocs\Student_Management_Portal\index.php(56): CodeIgniter\Boot::bootWeb(Object(Config\Paths))
#14 {main}
CRITICAL - 2025-01-02 09:01:18 --> CodeIgniter\Database\Exceptions\DatabaseException: Unknown column 'updated_at' in 'field list'
[Method: POST, Route: courses/save_slide]
in SYSTEMPATH\Database\BaseConnection.php on line 688.
 1 SYSTEMPATH\Database\BaseBuilder.php(2340): CodeIgniter\Database\BaseConnection->query('INSERT INTO `slides` (`subject_id`, `topic`, `created_at`, `updated_at`) VALUES (:subject_id:, :topic:, :created_at:, :updated_at:)', [...], false)
 2 SYSTEMPATH\Model.php(394): CodeIgniter\Database\BaseBuilder->insert()
 3 SYSTEMPATH\BaseModel.php(840): CodeIgniter\Model->doInsert([...])
 4 SYSTEMPATH\Model.php(802): CodeIgniter\BaseModel->insert([...], true)
 5 APPPATH\Controllers\Courses.php(552): CodeIgniter\Model->insert([...])
 6 SYSTEMPATH\CodeIgniter.php(933): App\Controllers\Courses->save_slide()
 7 SYSTEMPATH\CodeIgniter.php(509): CodeIgniter\CodeIgniter->runController(Object(App\Controllers\Courses))
 8 SYSTEMPATH\CodeIgniter.php(355): CodeIgniter\CodeIgniter->handleRequest(null, Object(Config\Cache), false)
 9 SYSTEMPATH\Boot.php(325): CodeIgniter\CodeIgniter->run()
10 SYSTEMPATH\Boot.php(67): CodeIgniter\Boot::runCodeIgniter(Object(CodeIgniter\CodeIgniter))
11 FCPATH\index.php(56): CodeIgniter\Boot::bootWeb(Object(Config\Paths))
CRITICAL - 2025-01-02 09:01:18 --> [Caused by] CodeIgniter\Database\Exceptions\DatabaseException: Unknown column 'updated_at' in 'field list'
in SYSTEMPATH\Database\MySQLi\Connection.php on line 317.
 1 SYSTEMPATH\Database\BaseConnection.php(734): CodeIgniter\Database\MySQLi\Connection->execute('INSERT INTO `slides` (`subject_id`, `topic`, `created_at`, `updated_at`) VALUES (\'28\', \'matrix\', \'2025-01-02 09:01:18\', \'2025-01-02 09:01:18\')')
 2 SYSTEMPATH\Database\BaseConnection.php(648): CodeIgniter\Database\BaseConnection->simpleQuery('INSERT INTO `slides` (`subject_id`, `topic`, `created_at`, `updated_at`) VALUES (\'28\', \'matrix\', \'2025-01-02 09:01:18\', \'2025-01-02 09:01:18\')')
 3 SYSTEMPATH\Database\BaseBuilder.php(2340): CodeIgniter\Database\BaseConnection->query('INSERT INTO `slides` (`subject_id`, `topic`, `created_at`, `updated_at`) VALUES (:subject_id:, :topic:, :created_at:, :updated_at:)', [...], false)
 4 SYSTEMPATH\Model.php(394): CodeIgniter\Database\BaseBuilder->insert()
 5 SYSTEMPATH\BaseModel.php(840): CodeIgniter\Model->doInsert([...])
 6 SYSTEMPATH\Model.php(802): CodeIgniter\BaseModel->insert([...], true)
 7 APPPATH\Controllers\Courses.php(552): CodeIgniter\Model->insert([...])
 8 SYSTEMPATH\CodeIgniter.php(933): App\Controllers\Courses->save_slide()
 9 SYSTEMPATH\CodeIgniter.php(509): CodeIgniter\CodeIgniter->runController(Object(App\Controllers\Courses))
10 SYSTEMPATH\CodeIgniter.php(355): CodeIgniter\CodeIgniter->handleRequest(null, Object(Config\Cache), false)
11 SYSTEMPATH\Boot.php(325): CodeIgniter\CodeIgniter->run()
12 SYSTEMPATH\Boot.php(67): CodeIgniter\Boot::runCodeIgniter(Object(CodeIgniter\CodeIgniter))
13 FCPATH\index.php(56): CodeIgniter\Boot::bootWeb(Object(Config\Paths))
CRITICAL - 2025-01-02 09:01:18 --> [Caused by] mysqli_sql_exception: Unknown column 'updated_at' in 'field list'
in SYSTEMPATH\Database\MySQLi\Connection.php on line 312.
 1 SYSTEMPATH\Database\MySQLi\Connection.php(312): mysqli->query('INSERT INTO `slides` (`subject_id`, `topic`, `created_at`, `updated_at`) VALUES (\'28\', \'matrix\', \'2025-01-02 09:01:18\', \'2025-01-02 09:01:18\')', 0)
 2 SYSTEMPATH\Database\BaseConnection.php(734): CodeIgniter\Database\MySQLi\Connection->execute('INSERT INTO `slides` (`subject_id`, `topic`, `created_at`, `updated_at`) VALUES (\'28\', \'matrix\', \'2025-01-02 09:01:18\', \'2025-01-02 09:01:18\')')
 3 SYSTEMPATH\Database\BaseConnection.php(648): CodeIgniter\Database\BaseConnection->simpleQuery('INSERT INTO `slides` (`subject_id`, `topic`, `created_at`, `updated_at`) VALUES (\'28\', \'matrix\', \'2025-01-02 09:01:18\', \'2025-01-02 09:01:18\')')
 4 SYSTEMPATH\Database\BaseBuilder.php(2340): CodeIgniter\Database\BaseConnection->query('INSERT INTO `slides` (`subject_id`, `topic`, `created_at`, `updated_at`) VALUES (:subject_id:, :topic:, :created_at:, :updated_at:)', [...], false)
 5 SYSTEMPATH\Model.php(394): CodeIgniter\Database\BaseBuilder->insert()
 6 SYSTEMPATH\BaseModel.php(840): CodeIgniter\Model->doInsert([...])
 7 SYSTEMPATH\Model.php(802): CodeIgniter\BaseModel->insert([...], true)
 8 APPPATH\Controllers\Courses.php(552): CodeIgniter\Model->insert([...])
 9 SYSTEMPATH\CodeIgniter.php(933): App\Controllers\Courses->save_slide()
10 SYSTEMPATH\CodeIgniter.php(509): CodeIgniter\CodeIgniter->runController(Object(App\Controllers\Courses))
11 SYSTEMPATH\CodeIgniter.php(355): CodeIgniter\CodeIgniter->handleRequest(null, Object(Config\Cache), false)
12 SYSTEMPATH\Boot.php(325): CodeIgniter\CodeIgniter->run()
13 SYSTEMPATH\Boot.php(67): CodeIgniter\Boot::runCodeIgniter(Object(CodeIgniter\CodeIgniter))
14 FCPATH\index.php(56): CodeIgniter\Boot::bootWeb(Object(Config\Paths))
ERROR - 2025-01-02 09:01:26 --> mysqli_sql_exception: Unknown column 'updated_at' in 'field list' in C:\xampp\htdocs\Student_Management_Portal\system\Database\MySQLi\Connection.php:312
Stack trace:
#0 C:\xampp\htdocs\Student_Management_Portal\system\Database\MySQLi\Connection.php(312): mysqli->query('INSERT INTO `sl...', 0)
#1 C:\xampp\htdocs\Student_Management_Portal\system\Database\BaseConnection.php(734): CodeIgniter\Database\MySQLi\Connection->execute('INSERT INTO `sl...')
#2 C:\xampp\htdocs\Student_Management_Portal\system\Database\BaseConnection.php(648): CodeIgniter\Database\BaseConnection->simpleQuery('INSERT INTO `sl...')
#3 C:\xampp\htdocs\Student_Management_Portal\system\Database\BaseBuilder.php(2340): CodeIgniter\Database\BaseConnection->query('INSERT INTO `sl...', Array, false)
#4 C:\xampp\htdocs\Student_Management_Portal\system\Model.php(394): CodeIgniter\Database\BaseBuilder->insert()
#5 C:\xampp\htdocs\Student_Management_Portal\system\BaseModel.php(840): CodeIgniter\Model->doInsert(Array)
#6 C:\xampp\htdocs\Student_Management_Portal\system\Model.php(802): CodeIgniter\BaseModel->insert(Array, true)
#7 C:\xampp\htdocs\Student_Management_Portal\app\Controllers\Courses.php(552): CodeIgniter\Model->insert(Array)
#8 C:\xampp\htdocs\Student_Management_Portal\system\CodeIgniter.php(933): App\Controllers\Courses->save_slide()
#9 C:\xampp\htdocs\Student_Management_Portal\system\CodeIgniter.php(509): CodeIgniter\CodeIgniter->runController(Object(App\Controllers\Courses))
#10 C:\xampp\htdocs\Student_Management_Portal\system\CodeIgniter.php(355): CodeIgniter\CodeIgniter->handleRequest(NULL, Object(Config\Cache), false)
#11 C:\xampp\htdocs\Student_Management_Portal\system\Boot.php(325): CodeIgniter\CodeIgniter->run()
#12 C:\xampp\htdocs\Student_Management_Portal\system\Boot.php(67): CodeIgniter\Boot::runCodeIgniter(Object(CodeIgniter\CodeIgniter))
#13 C:\xampp\htdocs\Student_Management_Portal\index.php(56): CodeIgniter\Boot::bootWeb(Object(Config\Paths))
#14 {main}
CRITICAL - 2025-01-02 09:01:26 --> CodeIgniter\Database\Exceptions\DatabaseException: Unknown column 'updated_at' in 'field list'
[Method: POST, Route: courses/save_slide]
in SYSTEMPATH\Database\BaseConnection.php on line 688.
 1 SYSTEMPATH\Database\BaseBuilder.php(2340): CodeIgniter\Database\BaseConnection->query('INSERT INTO `slides` (`subject_id`, `topic`, `created_at`, `updated_at`) VALUES (:subject_id:, :topic:, :created_at:, :updated_at:)', [...], false)
 2 SYSTEMPATH\Model.php(394): CodeIgniter\Database\BaseBuilder->insert()
 3 SYSTEMPATH\BaseModel.php(840): CodeIgniter\Model->doInsert([...])
 4 SYSTEMPATH\Model.php(802): CodeIgniter\BaseModel->insert([...], true)
 5 APPPATH\Controllers\Courses.php(552): CodeIgniter\Model->insert([...])
 6 SYSTEMPATH\CodeIgniter.php(933): App\Controllers\Courses->save_slide()
 7 SYSTEMPATH\CodeIgniter.php(509): CodeIgniter\CodeIgniter->runController(Object(App\Controllers\Courses))
 8 SYSTEMPATH\CodeIgniter.php(355): CodeIgniter\CodeIgniter->handleRequest(null, Object(Config\Cache), false)
 9 SYSTEMPATH\Boot.php(325): CodeIgniter\CodeIgniter->run()
10 SYSTEMPATH\Boot.php(67): CodeIgniter\Boot::runCodeIgniter(Object(CodeIgniter\CodeIgniter))
11 FCPATH\index.php(56): CodeIgniter\Boot::bootWeb(Object(Config\Paths))
CRITICAL - 2025-01-02 09:01:26 --> [Caused by] CodeIgniter\Database\Exceptions\DatabaseException: Unknown column 'updated_at' in 'field list'
in SYSTEMPATH\Database\MySQLi\Connection.php on line 317.
 1 SYSTEMPATH\Database\BaseConnection.php(734): CodeIgniter\Database\MySQLi\Connection->execute('INSERT INTO `slides` (`subject_id`, `topic`, `created_at`, `updated_at`) VALUES (\'28\', \'matrix\', \'2025-01-02 09:01:26\', \'2025-01-02 09:01:26\')')
 2 SYSTEMPATH\Database\BaseConnection.php(648): CodeIgniter\Database\BaseConnection->simpleQuery('INSERT INTO `slides` (`subject_id`, `topic`, `created_at`, `updated_at`) VALUES (\'28\', \'matrix\', \'2025-01-02 09:01:26\', \'2025-01-02 09:01:26\')')
 3 SYSTEMPATH\Database\BaseBuilder.php(2340): CodeIgniter\Database\BaseConnection->query('INSERT INTO `slides` (`subject_id`, `topic`, `created_at`, `updated_at`) VALUES (:subject_id:, :topic:, :created_at:, :updated_at:)', [...], false)
 4 SYSTEMPATH\Model.php(394): CodeIgniter\Database\BaseBuilder->insert()
 5 SYSTEMPATH\BaseModel.php(840): CodeIgniter\Model->doInsert([...])
 6 SYSTEMPATH\Model.php(802): CodeIgniter\BaseModel->insert([...], true)
 7 APPPATH\Controllers\Courses.php(552): CodeIgniter\Model->insert([...])
 8 SYSTEMPATH\CodeIgniter.php(933): App\Controllers\Courses->save_slide()
 9 SYSTEMPATH\CodeIgniter.php(509): CodeIgniter\CodeIgniter->runController(Object(App\Controllers\Courses))
10 SYSTEMPATH\CodeIgniter.php(355): CodeIgniter\CodeIgniter->handleRequest(null, Object(Config\Cache), false)
11 SYSTEMPATH\Boot.php(325): CodeIgniter\CodeIgniter->run()
12 SYSTEMPATH\Boot.php(67): CodeIgniter\Boot::runCodeIgniter(Object(CodeIgniter\CodeIgniter))
13 FCPATH\index.php(56): CodeIgniter\Boot::bootWeb(Object(Config\Paths))
CRITICAL - 2025-01-02 09:01:26 --> [Caused by] mysqli_sql_exception: Unknown column 'updated_at' in 'field list'
in SYSTEMPATH\Database\MySQLi\Connection.php on line 312.
 1 SYSTEMPATH\Database\MySQLi\Connection.php(312): mysqli->query('INSERT INTO `slides` (`subject_id`, `topic`, `created_at`, `updated_at`) VALUES (\'28\', \'matrix\', \'2025-01-02 09:01:26\', \'2025-01-02 09:01:26\')', 0)
 2 SYSTEMPATH\Database\BaseConnection.php(734): CodeIgniter\Database\MySQLi\Connection->execute('INSERT INTO `slides` (`subject_id`, `topic`, `created_at`, `updated_at`) VALUES (\'28\', \'matrix\', \'2025-01-02 09:01:26\', \'2025-01-02 09:01:26\')')
 3 SYSTEMPATH\Database\BaseConnection.php(648): CodeIgniter\Database\BaseConnection->simpleQuery('INSERT INTO `slides` (`subject_id`, `topic`, `created_at`, `updated_at`) VALUES (\'28\', \'matrix\', \'2025-01-02 09:01:26\', \'2025-01-02 09:01:26\')')
 4 SYSTEMPATH\Database\BaseBuilder.php(2340): CodeIgniter\Database\BaseConnection->query('INSERT INTO `slides` (`subject_id`, `topic`, `created_at`, `updated_at`) VALUES (:subject_id:, :topic:, :created_at:, :updated_at:)', [...], false)
 5 SYSTEMPATH\Model.php(394): CodeIgniter\Database\BaseBuilder->insert()
 6 SYSTEMPATH\BaseModel.php(840): CodeIgniter\Model->doInsert([...])
 7 SYSTEMPATH\Model.php(802): CodeIgniter\BaseModel->insert([...], true)
 8 APPPATH\Controllers\Courses.php(552): CodeIgniter\Model->insert([...])
 9 SYSTEMPATH\CodeIgniter.php(933): App\Controllers\Courses->save_slide()
10 SYSTEMPATH\CodeIgniter.php(509): CodeIgniter\CodeIgniter->runController(Object(App\Controllers\Courses))
11 SYSTEMPATH\CodeIgniter.php(355): CodeIgniter\CodeIgniter->handleRequest(null, Object(Config\Cache), false)
12 SYSTEMPATH\Boot.php(325): CodeIgniter\CodeIgniter->run()
13 SYSTEMPATH\Boot.php(67): CodeIgniter\Boot::runCodeIgniter(Object(CodeIgniter\CodeIgniter))
14 FCPATH\index.php(56): CodeIgniter\Boot::bootWeb(Object(Config\Paths))
CRITICAL - 2025-01-02 09:02:15 --> ErrorException: Trying to access array offset on value of type null
[Method: GET, Route: courses/view_slides/public/assests/Logo.png]
in APPPATH\Views\dashboard\courses\index_slides.php on line 6.
 1 APPPATH\Views\dashboard\courses\index_slides.php(6): CodeIgniter\Debug\Exceptions->errorHandler(2, 'Trying to access array offset on value of type null', 'C:\\xampp\\htdocs\\Student_Management_Portal\\app\\Views\\dashboard\\courses\\index_slides.php', 6)
 2 SYSTEMPATH\View\View.php(234): include('C:\\xampp\\htdocs\\Student_Management_Portal\\app\\Views\\dashboard\\courses\\index_slides.php')
 3 SYSTEMPATH\View\View.php(237): CodeIgniter\View\View->CodeIgniter\View\{closure}()
 4 SYSTEMPATH\Common.php(1171): CodeIgniter\View\View->render('dashboard/courses/index_slides', [], true)
 5 APPPATH\Controllers\Courses.php(537): view('dashboard/courses/index_slides', [...])
 6 SYSTEMPATH\CodeIgniter.php(933): App\Controllers\Courses->view_slides('public', 'assests', 'Logo.png')
 7 SYSTEMPATH\CodeIgniter.php(509): CodeIgniter\CodeIgniter->runController(Object(App\Controllers\Courses))
 8 SYSTEMPATH\CodeIgniter.php(355): CodeIgniter\CodeIgniter->handleRequest(null, Object(Config\Cache), false)
 9 SYSTEMPATH\Boot.php(325): CodeIgniter\CodeIgniter->run()
10 SYSTEMPATH\Boot.php(67): CodeIgniter\Boot::runCodeIgniter(Object(CodeIgniter\CodeIgniter))
11 FCPATH\index.php(56): CodeIgniter\Boot::bootWeb(Object(Config\Paths))
CRITICAL - 2025-01-02 09:03:16 --> ErrorException: Trying to access array offset on value of type null
[Method: GET, Route: courses/view_slides/public/assests/Logo.png]
in APPPATH\Views\dashboard\courses\index_slides.php on line 6.
 1 APPPATH\Views\dashboard\courses\index_slides.php(6): CodeIgniter\Debug\Exceptions->errorHandler(2, 'Trying to access array offset on value of type null', 'C:\\xampp\\htdocs\\Student_Management_Portal\\app\\Views\\dashboard\\courses\\index_slides.php', 6)
 2 SYSTEMPATH\View\View.php(234): include('C:\\xampp\\htdocs\\Student_Management_Portal\\app\\Views\\dashboard\\courses\\index_slides.php')
 3 SYSTEMPATH\View\View.php(237): CodeIgniter\View\View->CodeIgniter\View\{closure}()
 4 SYSTEMPATH\Common.php(1171): CodeIgniter\View\View->render('dashboard/courses/index_slides', [], true)
 5 APPPATH\Controllers\Courses.php(537): view('dashboard/courses/index_slides', [...])
 6 SYSTEMPATH\CodeIgniter.php(933): App\Controllers\Courses->view_slides('public', 'assests', 'Logo.png')
 7 SYSTEMPATH\CodeIgniter.php(509): CodeIgniter\CodeIgniter->runController(Object(App\Controllers\Courses))
 8 SYSTEMPATH\CodeIgniter.php(355): CodeIgniter\CodeIgniter->handleRequest(null, Object(Config\Cache), false)
 9 SYSTEMPATH\Boot.php(325): CodeIgniter\CodeIgniter->run()
10 SYSTEMPATH\Boot.php(67): CodeIgniter\Boot::runCodeIgniter(Object(CodeIgniter\CodeIgniter))
11 FCPATH\index.php(56): CodeIgniter\Boot::bootWeb(Object(Config\Paths))
CRITICAL - 2025-01-02 09:03:17 --> ErrorException: Trying to access array offset on value of type null
[Method: GET, Route: courses/syllabus_subjects/2/public/assests/Logo.png]
in APPPATH\Views\dashboard\courses\index_subject.php on line 6.
 1 APPPATH\Views\dashboard\courses\index_subject.php(6): CodeIgniter\Debug\Exceptions->errorHandler(2, 'Trying to access array offset on value of type null', 'C:\\xampp\\htdocs\\Student_Management_Portal\\app\\Views\\dashboard\\courses\\index_subject.php', 6)
 2 SYSTEMPATH\View\View.php(234): include('C:\\xampp\\htdocs\\Student_Management_Portal\\app\\Views\\dashboard\\courses\\index_subject.php')
 3 SYSTEMPATH\View\View.php(237): CodeIgniter\View\View->CodeIgniter\View\{closure}()
 4 SYSTEMPATH\Common.php(1171): CodeIgniter\View\View->render('dashboard/courses/index_subject', [], true)
 5 APPPATH\Controllers\Courses.php(123): view('dashboard/courses/index_subject', [...])
 6 SYSTEMPATH\CodeIgniter.php(933): App\Controllers\Courses->syllabus_subjects('2', 'public', 'assests', 'Logo.png')
 7 SYSTEMPATH\CodeIgniter.php(509): CodeIgniter\CodeIgniter->runController(Object(App\Controllers\Courses))
 8 SYSTEMPATH\CodeIgniter.php(355): CodeIgniter\CodeIgniter->handleRequest(null, Object(Config\Cache), false)
 9 SYSTEMPATH\Boot.php(325): CodeIgniter\CodeIgniter->run()
10 SYSTEMPATH\Boot.php(67): CodeIgniter\Boot::runCodeIgniter(Object(CodeIgniter\CodeIgniter))
11 FCPATH\index.php(56): CodeIgniter\Boot::bootWeb(Object(Config\Paths))
CRITICAL - 2025-01-02 09:03:18 --> ErrorException: Trying to access array offset on value of type null
[Method: GET, Route: courses/view_slides/public/assests/Logo.png]
in APPPATH\Views\dashboard\courses\index_slides.php on line 6.
 1 APPPATH\Views\dashboard\courses\index_slides.php(6): CodeIgniter\Debug\Exceptions->errorHandler(2, 'Trying to access array offset on value of type null', 'C:\\xampp\\htdocs\\Student_Management_Portal\\app\\Views\\dashboard\\courses\\index_slides.php', 6)
 2 SYSTEMPATH\View\View.php(234): include('C:\\xampp\\htdocs\\Student_Management_Portal\\app\\Views\\dashboard\\courses\\index_slides.php')
 3 SYSTEMPATH\View\View.php(237): CodeIgniter\View\View->CodeIgniter\View\{closure}()
 4 SYSTEMPATH\Common.php(1171): CodeIgniter\View\View->render('dashboard/courses/index_slides', [], true)
 5 APPPATH\Controllers\Courses.php(537): view('dashboard/courses/index_slides', [...])
 6 SYSTEMPATH\CodeIgniter.php(933): App\Controllers\Courses->view_slides('public', 'assests', 'Logo.png')
 7 SYSTEMPATH\CodeIgniter.php(509): CodeIgniter\CodeIgniter->runController(Object(App\Controllers\Courses))
 8 SYSTEMPATH\CodeIgniter.php(355): CodeIgniter\CodeIgniter->handleRequest(null, Object(Config\Cache), false)
 9 SYSTEMPATH\Boot.php(325): CodeIgniter\CodeIgniter->run()
10 SYSTEMPATH\Boot.php(67): CodeIgniter\Boot::runCodeIgniter(Object(CodeIgniter\CodeIgniter))
11 FCPATH\index.php(56): CodeIgniter\Boot::bootWeb(Object(Config\Paths))
CRITICAL - 2025-01-02 09:04:40 --> ErrorException: Trying to access array offset on value of type null
[Method: GET, Route: courses/view_slides/public/assests/Logo.png]
in APPPATH\Views\dashboard\courses\index_slides.php on line 6.
 1 APPPATH\Views\dashboard\courses\index_slides.php(6): CodeIgniter\Debug\Exceptions->errorHandler(2, 'Trying to access array offset on value of type null', 'C:\\xampp\\htdocs\\Student_Management_Portal\\app\\Views\\dashboard\\courses\\index_slides.php', 6)
 2 SYSTEMPATH\View\View.php(234): include('C:\\xampp\\htdocs\\Student_Management_Portal\\app\\Views\\dashboard\\courses\\index_slides.php')
 3 SYSTEMPATH\View\View.php(237): CodeIgniter\View\View->CodeIgniter\View\{closure}()
 4 SYSTEMPATH\Common.php(1171): CodeIgniter\View\View->render('dashboard/courses/index_slides', [], true)
 5 APPPATH\Controllers\Courses.php(537): view('dashboard/courses/index_slides', [...])
 6 SYSTEMPATH\CodeIgniter.php(933): App\Controllers\Courses->view_slides('public', 'assests', 'Logo.png')
 7 SYSTEMPATH\CodeIgniter.php(509): CodeIgniter\CodeIgniter->runController(Object(App\Controllers\Courses))
 8 SYSTEMPATH\CodeIgniter.php(355): CodeIgniter\CodeIgniter->handleRequest(null, Object(Config\Cache), false)
 9 SYSTEMPATH\Boot.php(325): CodeIgniter\CodeIgniter->run()
10 SYSTEMPATH\Boot.php(67): CodeIgniter\Boot::runCodeIgniter(Object(CodeIgniter\CodeIgniter))
11 FCPATH\index.php(56): CodeIgniter\Boot::bootWeb(Object(Config\Paths))
CRITICAL - 2025-01-02 09:04:43 --> ErrorException: Trying to access array offset on value of type null
[Method: GET, Route: courses/syllabus_subjects/2/public/assests/Logo.png]
in APPPATH\Views\dashboard\courses\index_subject.php on line 6.
 1 APPPATH\Views\dashboard\courses\index_subject.php(6): CodeIgniter\Debug\Exceptions->errorHandler(2, 'Trying to access array offset on value of type null', 'C:\\xampp\\htdocs\\Student_Management_Portal\\app\\Views\\dashboard\\courses\\index_subject.php', 6)
 2 SYSTEMPATH\View\View.php(234): include('C:\\xampp\\htdocs\\Student_Management_Portal\\app\\Views\\dashboard\\courses\\index_subject.php')
 3 SYSTEMPATH\View\View.php(237): CodeIgniter\View\View->CodeIgniter\View\{closure}()
 4 SYSTEMPATH\Common.php(1171): CodeIgniter\View\View->render('dashboard/courses/index_subject', [], true)
 5 APPPATH\Controllers\Courses.php(123): view('dashboard/courses/index_subject', [...])
 6 SYSTEMPATH\CodeIgniter.php(933): App\Controllers\Courses->syllabus_subjects('2', 'public', 'assests', 'Logo.png')
 7 SYSTEMPATH\CodeIgniter.php(509): CodeIgniter\CodeIgniter->runController(Object(App\Controllers\Courses))
 8 SYSTEMPATH\CodeIgniter.php(355): CodeIgniter\CodeIgniter->handleRequest(null, Object(Config\Cache), false)
 9 SYSTEMPATH\Boot.php(325): CodeIgniter\CodeIgniter->run()
10 SYSTEMPATH\Boot.php(67): CodeIgniter\Boot::runCodeIgniter(Object(CodeIgniter\CodeIgniter))
11 FCPATH\index.php(56): CodeIgniter\Boot::bootWeb(Object(Config\Paths))
CRITICAL - 2025-01-02 09:04:44 --> ErrorException: Trying to access array offset on value of type null
[Method: GET, Route: courses/view_slides/public/assests/Logo.png]
in APPPATH\Views\dashboard\courses\index_slides.php on line 6.
 1 APPPATH\Views\dashboard\courses\index_slides.php(6): CodeIgniter\Debug\Exceptions->errorHandler(2, 'Trying to access array offset on value of type null', 'C:\\xampp\\htdocs\\Student_Management_Portal\\app\\Views\\dashboard\\courses\\index_slides.php', 6)
 2 SYSTEMPATH\View\View.php(234): include('C:\\xampp\\htdocs\\Student_Management_Portal\\app\\Views\\dashboard\\courses\\index_slides.php')
 3 SYSTEMPATH\View\View.php(237): CodeIgniter\View\View->CodeIgniter\View\{closure}()
 4 SYSTEMPATH\Common.php(1171): CodeIgniter\View\View->render('dashboard/courses/index_slides', [], true)
 5 APPPATH\Controllers\Courses.php(537): view('dashboard/courses/index_slides', [...])
 6 SYSTEMPATH\CodeIgniter.php(933): App\Controllers\Courses->view_slides('public', 'assests', 'Logo.png')
 7 SYSTEMPATH\CodeIgniter.php(509): CodeIgniter\CodeIgniter->runController(Object(App\Controllers\Courses))
 8 SYSTEMPATH\CodeIgniter.php(355): CodeIgniter\CodeIgniter->handleRequest(null, Object(Config\Cache), false)
 9 SYSTEMPATH\Boot.php(325): CodeIgniter\CodeIgniter->run()
10 SYSTEMPATH\Boot.php(67): CodeIgniter\Boot::runCodeIgniter(Object(CodeIgniter\CodeIgniter))
11 FCPATH\index.php(56): CodeIgniter\Boot::bootWeb(Object(Config\Paths))
CRITICAL - 2025-01-02 09:08:00 --> ErrorException: Undefined variable $subject
[Method: GET, Route: courses/add_slide/15]
in APPPATH\Views\dashboard\courses\add_slide.php on line 6.
 1 APPPATH\Views\dashboard\courses\add_slide.php(6): CodeIgniter\Debug\Exceptions->errorHandler(2, 'Undefined variable $subject', 'C:\\xampp\\htdocs\\Student_Management_Portal\\app\\Views\\dashboard\\courses\\add_slide.php', 6)
 2 SYSTEMPATH\View\View.php(234): include('C:\\xampp\\htdocs\\Student_Management_Portal\\app\\Views\\dashboard\\courses\\add_slide.php')
 3 SYSTEMPATH\View\View.php(237): CodeIgniter\View\View->CodeIgniter\View\{closure}()
 4 SYSTEMPATH\Common.php(1171): CodeIgniter\View\View->render('dashboard/courses/add_slide', [], true)
 5 APPPATH\Controllers\Courses.php(543): view('dashboard/courses/add_slide', [...])
 6 SYSTEMPATH\CodeIgniter.php(933): App\Controllers\Courses->add_slide('15')
 7 SYSTEMPATH\CodeIgniter.php(509): CodeIgniter\CodeIgniter->runController(Object(App\Controllers\Courses))
 8 SYSTEMPATH\CodeIgniter.php(355): CodeIgniter\CodeIgniter->handleRequest(null, Object(Config\Cache), false)
 9 SYSTEMPATH\Boot.php(325): CodeIgniter\CodeIgniter->run()
10 SYSTEMPATH\Boot.php(67): CodeIgniter\Boot::runCodeIgniter(Object(CodeIgniter\CodeIgniter))
11 FCPATH\index.php(56): CodeIgniter\Boot::bootWeb(Object(Config\Paths))
CRITICAL - 2025-01-02 09:08:07 --> ErrorException: Trying to access array offset on value of type null
[Method: GET, Route: courses/view_slides/public/assests/Logo.png]
in APPPATH\Views\dashboard\courses\index_slides.php on line 6.
 1 APPPATH\Views\dashboard\courses\index_slides.php(6): CodeIgniter\Debug\Exceptions->errorHandler(2, 'Trying to access array offset on value of type null', 'C:\\xampp\\htdocs\\Student_Management_Portal\\app\\Views\\dashboard\\courses\\index_slides.php', 6)
 2 SYSTEMPATH\View\View.php(234): include('C:\\xampp\\htdocs\\Student_Management_Portal\\app\\Views\\dashboard\\courses\\index_slides.php')
 3 SYSTEMPATH\View\View.php(237): CodeIgniter\View\View->CodeIgniter\View\{closure}()
 4 SYSTEMPATH\Common.php(1171): CodeIgniter\View\View->render('dashboard/courses/index_slides', [], true)
 5 APPPATH\Controllers\Courses.php(537): view('dashboard/courses/index_slides', [...])
 6 SYSTEMPATH\CodeIgniter.php(933): App\Controllers\Courses->view_slides('public', 'assests', 'Logo.png')
 7 SYSTEMPATH\CodeIgniter.php(509): CodeIgniter\CodeIgniter->runController(Object(App\Controllers\Courses))
 8 SYSTEMPATH\CodeIgniter.php(355): CodeIgniter\CodeIgniter->handleRequest(null, Object(Config\Cache), false)
 9 SYSTEMPATH\Boot.php(325): CodeIgniter\CodeIgniter->run()
10 SYSTEMPATH\Boot.php(67): CodeIgniter\Boot::runCodeIgniter(Object(CodeIgniter\CodeIgniter))
11 FCPATH\index.php(56): CodeIgniter\Boot::bootWeb(Object(Config\Paths))
CRITICAL - 2025-01-02 09:08:11 --> ErrorException: Trying to access array offset on value of type null
[Method: GET, Route: courses/view_slides/public/assests/Logo.png]
in APPPATH\Views\dashboard\courses\index_slides.php on line 6.
 1 APPPATH\Views\dashboard\courses\index_slides.php(6): CodeIgniter\Debug\Exceptions->errorHandler(2, 'Trying to access array offset on value of type null', 'C:\\xampp\\htdocs\\Student_Management_Portal\\app\\Views\\dashboard\\courses\\index_slides.php', 6)
 2 SYSTEMPATH\View\View.php(234): include('C:\\xampp\\htdocs\\Student_Management_Portal\\app\\Views\\dashboard\\courses\\index_slides.php')
 3 SYSTEMPATH\View\View.php(237): CodeIgniter\View\View->CodeIgniter\View\{closure}()
 4 SYSTEMPATH\Common.php(1171): CodeIgniter\View\View->render('dashboard/courses/index_slides', [], true)
 5 APPPATH\Controllers\Courses.php(537): view('dashboard/courses/index_slides', [...])
 6 SYSTEMPATH\CodeIgniter.php(933): App\Controllers\Courses->view_slides('public', 'assests', 'Logo.png')
 7 SYSTEMPATH\CodeIgniter.php(509): CodeIgniter\CodeIgniter->runController(Object(App\Controllers\Courses))
 8 SYSTEMPATH\CodeIgniter.php(355): CodeIgniter\CodeIgniter->handleRequest(null, Object(Config\Cache), false)
 9 SYSTEMPATH\Boot.php(325): CodeIgniter\CodeIgniter->run()
10 SYSTEMPATH\Boot.php(67): CodeIgniter\Boot::runCodeIgniter(Object(CodeIgniter\CodeIgniter))
11 FCPATH\index.php(56): CodeIgniter\Boot::bootWeb(Object(Config\Paths))
CRITICAL - 2025-01-02 09:08:11 --> ErrorException: Trying to access array offset on value of type null
[Method: GET, Route: courses/syllabus_subjects/2/public/assests/Logo.png]
in APPPATH\Views\dashboard\courses\index_subject.php on line 6.
 1 APPPATH\Views\dashboard\courses\index_subject.php(6): CodeIgniter\Debug\Exceptions->errorHandler(2, 'Trying to access array offset on value of type null', 'C:\\xampp\\htdocs\\Student_Management_Portal\\app\\Views\\dashboard\\courses\\index_subject.php', 6)
 2 SYSTEMPATH\View\View.php(234): include('C:\\xampp\\htdocs\\Student_Management_Portal\\app\\Views\\dashboard\\courses\\index_subject.php')
 3 SYSTEMPATH\View\View.php(237): CodeIgniter\View\View->CodeIgniter\View\{closure}()
 4 SYSTEMPATH\Common.php(1171): CodeIgniter\View\View->render('dashboard/courses/index_subject', [], true)
 5 APPPATH\Controllers\Courses.php(123): view('dashboard/courses/index_subject', [...])
 6 SYSTEMPATH\CodeIgniter.php(933): App\Controllers\Courses->syllabus_subjects('2', 'public', 'assests', 'Logo.png')
 7 SYSTEMPATH\CodeIgniter.php(509): CodeIgniter\CodeIgniter->runController(Object(App\Controllers\Courses))
 8 SYSTEMPATH\CodeIgniter.php(355): CodeIgniter\CodeIgniter->handleRequest(null, Object(Config\Cache), false)
 9 SYSTEMPATH\Boot.php(325): CodeIgniter\CodeIgniter->run()
10 SYSTEMPATH\Boot.php(67): CodeIgniter\Boot::runCodeIgniter(Object(CodeIgniter\CodeIgniter))
11 FCPATH\index.php(56): CodeIgniter\Boot::bootWeb(Object(Config\Paths))
CRITICAL - 2025-01-02 09:08:18 --> ErrorException: Trying to access array offset on value of type null
[Method: GET, Route: courses/view_slides/public/assests/Logo.png]
in APPPATH\Views\dashboard\courses\index_slides.php on line 6.
 1 APPPATH\Views\dashboard\courses\index_slides.php(6): CodeIgniter\Debug\Exceptions->errorHandler(2, 'Trying to access array offset on value of type null', 'C:\\xampp\\htdocs\\Student_Management_Portal\\app\\Views\\dashboard\\courses\\index_slides.php', 6)
 2 SYSTEMPATH\View\View.php(234): include('C:\\xampp\\htdocs\\Student_Management_Portal\\app\\Views\\dashboard\\courses\\index_slides.php')
 3 SYSTEMPATH\View\View.php(237): CodeIgniter\View\View->CodeIgniter\View\{closure}()
 4 SYSTEMPATH\Common.php(1171): CodeIgniter\View\View->render('dashboard/courses/index_slides', [], true)
 5 APPPATH\Controllers\Courses.php(537): view('dashboard/courses/index_slides', [...])
 6 SYSTEMPATH\CodeIgniter.php(933): App\Controllers\Courses->view_slides('public', 'assests', 'Logo.png')
 7 SYSTEMPATH\CodeIgniter.php(509): CodeIgniter\CodeIgniter->runController(Object(App\Controllers\Courses))
 8 SYSTEMPATH\CodeIgniter.php(355): CodeIgniter\CodeIgniter->handleRequest(null, Object(Config\Cache), false)
 9 SYSTEMPATH\Boot.php(325): CodeIgniter\CodeIgniter->run()
10 SYSTEMPATH\Boot.php(67): CodeIgniter\Boot::runCodeIgniter(Object(CodeIgniter\CodeIgniter))
11 FCPATH\index.php(56): CodeIgniter\Boot::bootWeb(Object(Config\Paths))
CRITICAL - 2025-01-02 09:08:23 --> ErrorException: Undefined variable $subject
[Method: GET, Route: courses/add_slide/28]
in APPPATH\Views\dashboard\courses\add_slide.php on line 6.
 1 APPPATH\Views\dashboard\courses\add_slide.php(6): CodeIgniter\Debug\Exceptions->errorHandler(2, 'Undefined variable $subject', 'C:\\xampp\\htdocs\\Student_Management_Portal\\app\\Views\\dashboard\\courses\\add_slide.php', 6)
 2 SYSTEMPATH\View\View.php(234): include('C:\\xampp\\htdocs\\Student_Management_Portal\\app\\Views\\dashboard\\courses\\add_slide.php')
 3 SYSTEMPATH\View\View.php(237): CodeIgniter\View\View->CodeIgniter\View\{closure}()
 4 SYSTEMPATH\Common.php(1171): CodeIgniter\View\View->render('dashboard/courses/add_slide', [], true)
 5 APPPATH\Controllers\Courses.php(543): view('dashboard/courses/add_slide', [...])
 6 SYSTEMPATH\CodeIgniter.php(933): App\Controllers\Courses->add_slide('28')
 7 SYSTEMPATH\CodeIgniter.php(509): CodeIgniter\CodeIgniter->runController(Object(App\Controllers\Courses))
 8 SYSTEMPATH\CodeIgniter.php(355): CodeIgniter\CodeIgniter->handleRequest(null, Object(Config\Cache), false)
 9 SYSTEMPATH\Boot.php(325): CodeIgniter\CodeIgniter->run()
10 SYSTEMPATH\Boot.php(67): CodeIgniter\Boot::runCodeIgniter(Object(CodeIgniter\CodeIgniter))
11 FCPATH\index.php(56): CodeIgniter\Boot::bootWeb(Object(Config\Paths))
CRITICAL - 2025-01-02 09:09:41 --> ErrorException: Trying to access array offset on value of type null
[Method: GET, Route: courses/view_slides/public/assests/Logo.png]
in APPPATH\Views\dashboard\courses\index_slides.php on line 6.
 1 APPPATH\Views\dashboard\courses\index_slides.php(6): CodeIgniter\Debug\Exceptions->errorHandler(2, 'Trying to access array offset on value of type null', 'C:\\xampp\\htdocs\\Student_Management_Portal\\app\\Views\\dashboard\\courses\\index_slides.php', 6)
 2 SYSTEMPATH\View\View.php(234): include('C:\\xampp\\htdocs\\Student_Management_Portal\\app\\Views\\dashboard\\courses\\index_slides.php')
 3 SYSTEMPATH\View\View.php(237): CodeIgniter\View\View->CodeIgniter\View\{closure}()
 4 SYSTEMPATH\Common.php(1171): CodeIgniter\View\View->render('dashboard/courses/index_slides', [], true)
 5 APPPATH\Controllers\Courses.php(537): view('dashboard/courses/index_slides', [...])
 6 SYSTEMPATH\CodeIgniter.php(933): App\Controllers\Courses->view_slides('public', 'assests', 'Logo.png')
 7 SYSTEMPATH\CodeIgniter.php(509): CodeIgniter\CodeIgniter->runController(Object(App\Controllers\Courses))
 8 SYSTEMPATH\CodeIgniter.php(355): CodeIgniter\CodeIgniter->handleRequest(null, Object(Config\Cache), false)
 9 SYSTEMPATH\Boot.php(325): CodeIgniter\CodeIgniter->run()
10 SYSTEMPATH\Boot.php(67): CodeIgniter\Boot::runCodeIgniter(Object(CodeIgniter\CodeIgniter))
11 FCPATH\index.php(56): CodeIgniter\Boot::bootWeb(Object(Config\Paths))
CRITICAL - 2025-01-02 09:09:42 --> ErrorException: Trying to access array offset on value of type null
[Method: GET, Route: courses/syllabus_subjects/2/public/assests/Logo.png]
in APPPATH\Views\dashboard\courses\index_subject.php on line 6.
 1 APPPATH\Views\dashboard\courses\index_subject.php(6): CodeIgniter\Debug\Exceptions->errorHandler(2, 'Trying to access array offset on value of type null', 'C:\\xampp\\htdocs\\Student_Management_Portal\\app\\Views\\dashboard\\courses\\index_subject.php', 6)
 2 SYSTEMPATH\View\View.php(234): include('C:\\xampp\\htdocs\\Student_Management_Portal\\app\\Views\\dashboard\\courses\\index_subject.php')
 3 SYSTEMPATH\View\View.php(237): CodeIgniter\View\View->CodeIgniter\View\{closure}()
 4 SYSTEMPATH\Common.php(1171): CodeIgniter\View\View->render('dashboard/courses/index_subject', [], true)
 5 APPPATH\Controllers\Courses.php(123): view('dashboard/courses/index_subject', [...])
 6 SYSTEMPATH\CodeIgniter.php(933): App\Controllers\Courses->syllabus_subjects('2', 'public', 'assests', 'Logo.png')
 7 SYSTEMPATH\CodeIgniter.php(509): CodeIgniter\CodeIgniter->runController(Object(App\Controllers\Courses))
 8 SYSTEMPATH\CodeIgniter.php(355): CodeIgniter\CodeIgniter->handleRequest(null, Object(Config\Cache), false)
 9 SYSTEMPATH\Boot.php(325): CodeIgniter\CodeIgniter->run()
10 SYSTEMPATH\Boot.php(67): CodeIgniter\Boot::runCodeIgniter(Object(CodeIgniter\CodeIgniter))
11 FCPATH\index.php(56): CodeIgniter\Boot::bootWeb(Object(Config\Paths))
CRITICAL - 2025-01-02 09:09:43 --> ErrorException: Trying to access array offset on value of type null
[Method: GET, Route: courses/view_slides/public/assests/Logo.png]
in APPPATH\Views\dashboard\courses\index_slides.php on line 6.
 1 APPPATH\Views\dashboard\courses\index_slides.php(6): CodeIgniter\Debug\Exceptions->errorHandler(2, 'Trying to access array offset on value of type null', 'C:\\xampp\\htdocs\\Student_Management_Portal\\app\\Views\\dashboard\\courses\\index_slides.php', 6)
 2 SYSTEMPATH\View\View.php(234): include('C:\\xampp\\htdocs\\Student_Management_Portal\\app\\Views\\dashboard\\courses\\index_slides.php')
 3 SYSTEMPATH\View\View.php(237): CodeIgniter\View\View->CodeIgniter\View\{closure}()
 4 SYSTEMPATH\Common.php(1171): CodeIgniter\View\View->render('dashboard/courses/index_slides', [], true)
 5 APPPATH\Controllers\Courses.php(537): view('dashboard/courses/index_slides', [...])
 6 SYSTEMPATH\CodeIgniter.php(933): App\Controllers\Courses->view_slides('public', 'assests', 'Logo.png')
 7 SYSTEMPATH\CodeIgniter.php(509): CodeIgniter\CodeIgniter->runController(Object(App\Controllers\Courses))
 8 SYSTEMPATH\CodeIgniter.php(355): CodeIgniter\CodeIgniter->handleRequest(null, Object(Config\Cache), false)
 9 SYSTEMPATH\Boot.php(325): CodeIgniter\CodeIgniter->run()
10 SYSTEMPATH\Boot.php(67): CodeIgniter\Boot::runCodeIgniter(Object(CodeIgniter\CodeIgniter))
11 FCPATH\index.php(56): CodeIgniter\Boot::bootWeb(Object(Config\Paths))
CRITICAL - 2025-01-02 09:09:47 --> ErrorException: Undefined variable $subject
[Method: GET, Route: courses/add_slide/28]
in APPPATH\Views\dashboard\courses\add_slide.php on line 6.
 1 APPPATH\Views\dashboard\courses\add_slide.php(6): CodeIgniter\Debug\Exceptions->errorHandler(2, 'Undefined variable $subject', 'C:\\xampp\\htdocs\\Student_Management_Portal\\app\\Views\\dashboard\\courses\\add_slide.php', 6)
 2 SYSTEMPATH\View\View.php(234): include('C:\\xampp\\htdocs\\Student_Management_Portal\\app\\Views\\dashboard\\courses\\add_slide.php')
 3 SYSTEMPATH\View\View.php(237): CodeIgniter\View\View->CodeIgniter\View\{closure}()
 4 SYSTEMPATH\Common.php(1171): CodeIgniter\View\View->render('dashboard/courses/add_slide', [], true)
 5 APPPATH\Controllers\Courses.php(543): view('dashboard/courses/add_slide', [...])
 6 SYSTEMPATH\CodeIgniter.php(933): App\Controllers\Courses->add_slide('28')
 7 SYSTEMPATH\CodeIgniter.php(509): CodeIgniter\CodeIgniter->runController(Object(App\Controllers\Courses))
 8 SYSTEMPATH\CodeIgniter.php(355): CodeIgniter\CodeIgniter->handleRequest(null, Object(Config\Cache), false)
 9 SYSTEMPATH\Boot.php(325): CodeIgniter\CodeIgniter->run()
10 SYSTEMPATH\Boot.php(67): CodeIgniter\Boot::runCodeIgniter(Object(CodeIgniter\CodeIgniter))
11 FCPATH\index.php(56): CodeIgniter\Boot::bootWeb(Object(Config\Paths))
CRITICAL - 2025-01-02 09:09:49 --> ErrorException: Trying to access array offset on value of type null
[Method: GET, Route: courses/view_slides/public/assests/Logo.png]
in APPPATH\Views\dashboard\courses\index_slides.php on line 6.
 1 APPPATH\Views\dashboard\courses\index_slides.php(6): CodeIgniter\Debug\Exceptions->errorHandler(2, 'Trying to access array offset on value of type null', 'C:\\xampp\\htdocs\\Student_Management_Portal\\app\\Views\\dashboard\\courses\\index_slides.php', 6)
 2 SYSTEMPATH\View\View.php(234): include('C:\\xampp\\htdocs\\Student_Management_Portal\\app\\Views\\dashboard\\courses\\index_slides.php')
 3 SYSTEMPATH\View\View.php(237): CodeIgniter\View\View->CodeIgniter\View\{closure}()
 4 SYSTEMPATH\Common.php(1171): CodeIgniter\View\View->render('dashboard/courses/index_slides', [], true)
 5 APPPATH\Controllers\Courses.php(537): view('dashboard/courses/index_slides', [...])
 6 SYSTEMPATH\CodeIgniter.php(933): App\Controllers\Courses->view_slides('public', 'assests', 'Logo.png')
 7 SYSTEMPATH\CodeIgniter.php(509): CodeIgniter\CodeIgniter->runController(Object(App\Controllers\Courses))
 8 SYSTEMPATH\CodeIgniter.php(355): CodeIgniter\CodeIgniter->handleRequest(null, Object(Config\Cache), false)
 9 SYSTEMPATH\Boot.php(325): CodeIgniter\CodeIgniter->run()
10 SYSTEMPATH\Boot.php(67): CodeIgniter\Boot::runCodeIgniter(Object(CodeIgniter\CodeIgniter))
11 FCPATH\index.php(56): CodeIgniter\Boot::bootWeb(Object(Config\Paths))
CRITICAL - 2025-01-02 09:09:54 --> ErrorException: Trying to access array offset on value of type null
[Method: GET, Route: courses/syllabus_subjects/2/public/assests/Logo.png]
in APPPATH\Views\dashboard\courses\index_subject.php on line 6.
 1 APPPATH\Views\dashboard\courses\index_subject.php(6): CodeIgniter\Debug\Exceptions->errorHandler(2, 'Trying to access array offset on value of type null', 'C:\\xampp\\htdocs\\Student_Management_Portal\\app\\Views\\dashboard\\courses\\index_subject.php', 6)
 2 SYSTEMPATH\View\View.php(234): include('C:\\xampp\\htdocs\\Student_Management_Portal\\app\\Views\\dashboard\\courses\\index_subject.php')
 3 SYSTEMPATH\View\View.php(237): CodeIgniter\View\View->CodeIgniter\View\{closure}()
 4 SYSTEMPATH\Common.php(1171): CodeIgniter\View\View->render('dashboard/courses/index_subject', [], true)
 5 APPPATH\Controllers\Courses.php(123): view('dashboard/courses/index_subject', [...])
 6 SYSTEMPATH\CodeIgniter.php(933): App\Controllers\Courses->syllabus_subjects('2', 'public', 'assests', 'Logo.png')
 7 SYSTEMPATH\CodeIgniter.php(509): CodeIgniter\CodeIgniter->runController(Object(App\Controllers\Courses))
 8 SYSTEMPATH\CodeIgniter.php(355): CodeIgniter\CodeIgniter->handleRequest(null, Object(Config\Cache), false)
 9 SYSTEMPATH\Boot.php(325): CodeIgniter\CodeIgniter->run()
10 SYSTEMPATH\Boot.php(67): CodeIgniter\Boot::runCodeIgniter(Object(CodeIgniter\CodeIgniter))
11 FCPATH\index.php(56): CodeIgniter\Boot::bootWeb(Object(Config\Paths))
CRITICAL - 2025-01-02 09:09:57 --> ErrorException: Trying to access array offset on value of type null
[Method: GET, Route: courses/view_slides/public/assests/Logo.png]
in APPPATH\Views\dashboard\courses\index_slides.php on line 6.
 1 APPPATH\Views\dashboard\courses\index_slides.php(6): CodeIgniter\Debug\Exceptions->errorHandler(2, 'Trying to access array offset on value of type null', 'C:\\xampp\\htdocs\\Student_Management_Portal\\app\\Views\\dashboard\\courses\\index_slides.php', 6)
 2 SYSTEMPATH\View\View.php(234): include('C:\\xampp\\htdocs\\Student_Management_Portal\\app\\Views\\dashboard\\courses\\index_slides.php')
 3 SYSTEMPATH\View\View.php(237): CodeIgniter\View\View->CodeIgniter\View\{closure}()
 4 SYSTEMPATH\Common.php(1171): CodeIgniter\View\View->render('dashboard/courses/index_slides', [], true)
 5 APPPATH\Controllers\Courses.php(537): view('dashboard/courses/index_slides', [...])
 6 SYSTEMPATH\CodeIgniter.php(933): App\Controllers\Courses->view_slides('public', 'assests', 'Logo.png')
 7 SYSTEMPATH\CodeIgniter.php(509): CodeIgniter\CodeIgniter->runController(Object(App\Controllers\Courses))
 8 SYSTEMPATH\CodeIgniter.php(355): CodeIgniter\CodeIgniter->handleRequest(null, Object(Config\Cache), false)
 9 SYSTEMPATH\Boot.php(325): CodeIgniter\CodeIgniter->run()
10 SYSTEMPATH\Boot.php(67): CodeIgniter\Boot::runCodeIgniter(Object(CodeIgniter\CodeIgniter))
11 FCPATH\index.php(56): CodeIgniter\Boot::bootWeb(Object(Config\Paths))
CRITICAL - 2025-01-02 09:09:59 --> ErrorException: Trying to access array offset on value of type null
[Method: GET, Route: courses/syllabus_subjects/2/public/assests/Logo.png]
in APPPATH\Views\dashboard\courses\index_subject.php on line 6.
 1 APPPATH\Views\dashboard\courses\index_subject.php(6): CodeIgniter\Debug\Exceptions->errorHandler(2, 'Trying to access array offset on value of type null', 'C:\\xampp\\htdocs\\Student_Management_Portal\\app\\Views\\dashboard\\courses\\index_subject.php', 6)
 2 SYSTEMPATH\View\View.php(234): include('C:\\xampp\\htdocs\\Student_Management_Portal\\app\\Views\\dashboard\\courses\\index_subject.php')
 3 SYSTEMPATH\View\View.php(237): CodeIgniter\View\View->CodeIgniter\View\{closure}()
 4 SYSTEMPATH\Common.php(1171): CodeIgniter\View\View->render('dashboard/courses/index_subject', [], true)
 5 APPPATH\Controllers\Courses.php(123): view('dashboard/courses/index_subject', [...])
 6 SYSTEMPATH\CodeIgniter.php(933): App\Controllers\Courses->syllabus_subjects('2', 'public', 'assests', 'Logo.png')
 7 SYSTEMPATH\CodeIgniter.php(509): CodeIgniter\CodeIgniter->runController(Object(App\Controllers\Courses))
 8 SYSTEMPATH\CodeIgniter.php(355): CodeIgniter\CodeIgniter->handleRequest(null, Object(Config\Cache), false)
 9 SYSTEMPATH\Boot.php(325): CodeIgniter\CodeIgniter->run()
10 SYSTEMPATH\Boot.php(67): CodeIgniter\Boot::runCodeIgniter(Object(CodeIgniter\CodeIgniter))
11 FCPATH\index.php(56): CodeIgniter\Boot::bootWeb(Object(Config\Paths))
CRITICAL - 2025-01-02 09:10:38 --> ErrorException: Trying to access array offset on value of type null
[Method: GET, Route: courses/view_slides/public/assests/Logo.png]
in APPPATH\Views\dashboard\courses\index_slides.php on line 6.
 1 APPPATH\Views\dashboard\courses\index_slides.php(6): CodeIgniter\Debug\Exceptions->errorHandler(2, 'Trying to access array offset on value of type null', 'C:\\xampp\\htdocs\\Student_Management_Portal\\app\\Views\\dashboard\\courses\\index_slides.php', 6)
 2 SYSTEMPATH\View\View.php(234): include('C:\\xampp\\htdocs\\Student_Management_Portal\\app\\Views\\dashboard\\courses\\index_slides.php')
 3 SYSTEMPATH\View\View.php(237): CodeIgniter\View\View->CodeIgniter\View\{closure}()
 4 SYSTEMPATH\Common.php(1171): CodeIgniter\View\View->render('dashboard/courses/index_slides', [], true)
 5 APPPATH\Controllers\Courses.php(537): view('dashboard/courses/index_slides', [...])
 6 SYSTEMPATH\CodeIgniter.php(933): App\Controllers\Courses->view_slides('public', 'assests', 'Logo.png')
 7 SYSTEMPATH\CodeIgniter.php(509): CodeIgniter\CodeIgniter->runController(Object(App\Controllers\Courses))
 8 SYSTEMPATH\CodeIgniter.php(355): CodeIgniter\CodeIgniter->handleRequest(null, Object(Config\Cache), false)
 9 SYSTEMPATH\Boot.php(325): CodeIgniter\CodeIgniter->run()
10 SYSTEMPATH\Boot.php(67): CodeIgniter\Boot::runCodeIgniter(Object(CodeIgniter\CodeIgniter))
11 FCPATH\index.php(56): CodeIgniter\Boot::bootWeb(Object(Config\Paths))
CRITICAL - 2025-01-02 09:10:40 --> ErrorException: Trying to access array offset on value of type null
[Method: GET, Route: courses/view_slides/public/assests/Logo.png]
in APPPATH\Views\dashboard\courses\index_slides.php on line 6.
 1 APPPATH\Views\dashboard\courses\index_slides.php(6): CodeIgniter\Debug\Exceptions->errorHandler(2, 'Trying to access array offset on value of type null', 'C:\\xampp\\htdocs\\Student_Management_Portal\\app\\Views\\dashboard\\courses\\index_slides.php', 6)
 2 SYSTEMPATH\View\View.php(234): include('C:\\xampp\\htdocs\\Student_Management_Portal\\app\\Views\\dashboard\\courses\\index_slides.php')
 3 SYSTEMPATH\View\View.php(237): CodeIgniter\View\View->CodeIgniter\View\{closure}()
 4 SYSTEMPATH\Common.php(1171): CodeIgniter\View\View->render('dashboard/courses/index_slides', [], true)
 5 APPPATH\Controllers\Courses.php(537): view('dashboard/courses/index_slides', [...])
 6 SYSTEMPATH\CodeIgniter.php(933): App\Controllers\Courses->view_slides('public', 'assests', 'Logo.png')
 7 SYSTEMPATH\CodeIgniter.php(509): CodeIgniter\CodeIgniter->runController(Object(App\Controllers\Courses))
 8 SYSTEMPATH\CodeIgniter.php(355): CodeIgniter\CodeIgniter->handleRequest(null, Object(Config\Cache), false)
 9 SYSTEMPATH\Boot.php(325): CodeIgniter\CodeIgniter->run()
10 SYSTEMPATH\Boot.php(67): CodeIgniter\Boot::runCodeIgniter(Object(CodeIgniter\CodeIgniter))
11 FCPATH\index.php(56): CodeIgniter\Boot::bootWeb(Object(Config\Paths))
CRITICAL - 2025-01-02 09:10:42 --> ErrorException: Trying to access array offset on value of type null
[Method: GET, Route: courses/syllabus_subjects/2/public/assests/Logo.png]
in APPPATH\Views\dashboard\courses\index_subject.php on line 6.
 1 APPPATH\Views\dashboard\courses\index_subject.php(6): CodeIgniter\Debug\Exceptions->errorHandler(2, 'Trying to access array offset on value of type null', 'C:\\xampp\\htdocs\\Student_Management_Portal\\app\\Views\\dashboard\\courses\\index_subject.php', 6)
 2 SYSTEMPATH\View\View.php(234): include('C:\\xampp\\htdocs\\Student_Management_Portal\\app\\Views\\dashboard\\courses\\index_subject.php')
 3 SYSTEMPATH\View\View.php(237): CodeIgniter\View\View->CodeIgniter\View\{closure}()
 4 SYSTEMPATH\Common.php(1171): CodeIgniter\View\View->render('dashboard/courses/index_subject', [], true)
 5 APPPATH\Controllers\Courses.php(123): view('dashboard/courses/index_subject', [...])
 6 SYSTEMPATH\CodeIgniter.php(933): App\Controllers\Courses->syllabus_subjects('2', 'public', 'assests', 'Logo.png')
 7 SYSTEMPATH\CodeIgniter.php(509): CodeIgniter\CodeIgniter->runController(Object(App\Controllers\Courses))
 8 SYSTEMPATH\CodeIgniter.php(355): CodeIgniter\CodeIgniter->handleRequest(null, Object(Config\Cache), false)
 9 SYSTEMPATH\Boot.php(325): CodeIgniter\CodeIgniter->run()
10 SYSTEMPATH\Boot.php(67): CodeIgniter\Boot::runCodeIgniter(Object(CodeIgniter\CodeIgniter))
11 FCPATH\index.php(56): CodeIgniter\Boot::bootWeb(Object(Config\Paths))
CRITICAL - 2025-01-02 09:10:45 --> ErrorException: Trying to access array offset on value of type null
[Method: GET, Route: courses/add_subject/2/public/assests/Logo.png]
in APPPATH\Views\dashboard\courses\add_new_subject.php on line 42.
 1 APPPATH\Views\dashboard\courses\add_new_subject.php(42): CodeIgniter\Debug\Exceptions->errorHandler(2, 'Trying to access array offset on value of type null', 'C:\\xampp\\htdocs\\Student_Management_Portal\\app\\Views\\dashboard\\courses\\add_new_subject.php', 42)
 2 SYSTEMPATH\View\View.php(234): include('C:\\xampp\\htdocs\\Student_Management_Portal\\app\\Views\\dashboard\\courses\\add_new_subject.php')
 3 SYSTEMPATH\View\View.php(237): CodeIgniter\View\View->CodeIgniter\View\{closure}()
 4 SYSTEMPATH\Common.php(1171): CodeIgniter\View\View->render('dashboard/courses/add_new_subject', [], true)
 5 APPPATH\Controllers\Courses.php(417): view('dashboard/courses/add_new_subject', [...])
 6 SYSTEMPATH\CodeIgniter.php(933): App\Controllers\Courses->add_subject('2', 'public', 'assests', 'Logo.png')
 7 SYSTEMPATH\CodeIgniter.php(509): CodeIgniter\CodeIgniter->runController(Object(App\Controllers\Courses))
 8 SYSTEMPATH\CodeIgniter.php(355): CodeIgniter\CodeIgniter->handleRequest(null, Object(Config\Cache), false)
 9 SYSTEMPATH\Boot.php(325): CodeIgniter\CodeIgniter->run()
10 SYSTEMPATH\Boot.php(67): CodeIgniter\Boot::runCodeIgniter(Object(CodeIgniter\CodeIgniter))
11 FCPATH\index.php(56): CodeIgniter\Boot::bootWeb(Object(Config\Paths))
CRITICAL - 2025-01-02 09:10:47 --> ErrorException: Trying to access array offset on value of type null
[Method: GET, Route: courses/syllabus_subjects/2/public/assests/Logo.png]
in APPPATH\Views\dashboard\courses\index_subject.php on line 6.
 1 APPPATH\Views\dashboard\courses\index_subject.php(6): CodeIgniter\Debug\Exceptions->errorHandler(2, 'Trying to access array offset on value of type null', 'C:\\xampp\\htdocs\\Student_Management_Portal\\app\\Views\\dashboard\\courses\\index_subject.php', 6)
 2 SYSTEMPATH\View\View.php(234): include('C:\\xampp\\htdocs\\Student_Management_Portal\\app\\Views\\dashboard\\courses\\index_subject.php')
 3 SYSTEMPATH\View\View.php(237): CodeIgniter\View\View->CodeIgniter\View\{closure}()
 4 SYSTEMPATH\Common.php(1171): CodeIgniter\View\View->render('dashboard/courses/index_subject', [], true)
 5 APPPATH\Controllers\Courses.php(123): view('dashboard/courses/index_subject', [...])
 6 SYSTEMPATH\CodeIgniter.php(933): App\Controllers\Courses->syllabus_subjects('2', 'public', 'assests', 'Logo.png')
 7 SYSTEMPATH\CodeIgniter.php(509): CodeIgniter\CodeIgniter->runController(Object(App\Controllers\Courses))
 8 SYSTEMPATH\CodeIgniter.php(355): CodeIgniter\CodeIgniter->handleRequest(null, Object(Config\Cache), false)
 9 SYSTEMPATH\Boot.php(325): CodeIgniter\CodeIgniter->run()
10 SYSTEMPATH\Boot.php(67): CodeIgniter\Boot::runCodeIgniter(Object(CodeIgniter\CodeIgniter))
11 FCPATH\index.php(56): CodeIgniter\Boot::bootWeb(Object(Config\Paths))
CRITICAL - 2025-01-02 09:10:49 --> ErrorException: Trying to access array offset on value of type null
[Method: GET, Route: courses/view_slides/public/assests/Logo.png]
in APPPATH\Views\dashboard\courses\index_slides.php on line 6.
 1 APPPATH\Views\dashboard\courses\index_slides.php(6): CodeIgniter\Debug\Exceptions->errorHandler(2, 'Trying to access array offset on value of type null', 'C:\\xampp\\htdocs\\Student_Management_Portal\\app\\Views\\dashboard\\courses\\index_slides.php', 6)
 2 SYSTEMPATH\View\View.php(234): include('C:\\xampp\\htdocs\\Student_Management_Portal\\app\\Views\\dashboard\\courses\\index_slides.php')
 3 SYSTEMPATH\View\View.php(237): CodeIgniter\View\View->CodeIgniter\View\{closure}()
 4 SYSTEMPATH\Common.php(1171): CodeIgniter\View\View->render('dashboard/courses/index_slides', [], true)
 5 APPPATH\Controllers\Courses.php(537): view('dashboard/courses/index_slides', [...])
 6 SYSTEMPATH\CodeIgniter.php(933): App\Controllers\Courses->view_slides('public', 'assests', 'Logo.png')
 7 SYSTEMPATH\CodeIgniter.php(509): CodeIgniter\CodeIgniter->runController(Object(App\Controllers\Courses))
 8 SYSTEMPATH\CodeIgniter.php(355): CodeIgniter\CodeIgniter->handleRequest(null, Object(Config\Cache), false)
 9 SYSTEMPATH\Boot.php(325): CodeIgniter\CodeIgniter->run()
10 SYSTEMPATH\Boot.php(67): CodeIgniter\Boot::runCodeIgniter(Object(CodeIgniter\CodeIgniter))
11 FCPATH\index.php(56): CodeIgniter\Boot::bootWeb(Object(Config\Paths))
CRITICAL - 2025-01-02 09:11:15 --> ErrorException: Trying to access array offset on value of type null
[Method: GET, Route: courses/view_slides/public/assests/Logo.png]
in APPPATH\Views\dashboard\courses\index_slides.php on line 6.
 1 APPPATH\Views\dashboard\courses\index_slides.php(6): CodeIgniter\Debug\Exceptions->errorHandler(2, 'Trying to access array offset on value of type null', 'C:\\xampp\\htdocs\\Student_Management_Portal\\app\\Views\\dashboard\\courses\\index_slides.php', 6)
 2 SYSTEMPATH\View\View.php(234): include('C:\\xampp\\htdocs\\Student_Management_Portal\\app\\Views\\dashboard\\courses\\index_slides.php')
 3 SYSTEMPATH\View\View.php(237): CodeIgniter\View\View->CodeIgniter\View\{closure}()
 4 SYSTEMPATH\Common.php(1171): CodeIgniter\View\View->render('dashboard/courses/index_slides', [], true)
 5 APPPATH\Controllers\Courses.php(537): view('dashboard/courses/index_slides', [...])
 6 SYSTEMPATH\CodeIgniter.php(933): App\Controllers\Courses->view_slides('public', 'assests', 'Logo.png')
 7 SYSTEMPATH\CodeIgniter.php(509): CodeIgniter\CodeIgniter->runController(Object(App\Controllers\Courses))
 8 SYSTEMPATH\CodeIgniter.php(355): CodeIgniter\CodeIgniter->handleRequest(null, Object(Config\Cache), false)
 9 SYSTEMPATH\Boot.php(325): CodeIgniter\CodeIgniter->run()
10 SYSTEMPATH\Boot.php(67): CodeIgniter\Boot::runCodeIgniter(Object(CodeIgniter\CodeIgniter))
11 FCPATH\index.php(56): CodeIgniter\Boot::bootWeb(Object(Config\Paths))
CRITICAL - 2025-01-02 09:11:18 --> ErrorException: Undefined variable $subject
[Method: GET, Route: courses/add_slide/28]
in APPPATH\Views\dashboard\courses\add_slide.php on line 6.
 1 APPPATH\Views\dashboard\courses\add_slide.php(6): CodeIgniter\Debug\Exceptions->errorHandler(2, 'Undefined variable $subject', 'C:\\xampp\\htdocs\\Student_Management_Portal\\app\\Views\\dashboard\\courses\\add_slide.php', 6)
 2 SYSTEMPATH\View\View.php(234): include('C:\\xampp\\htdocs\\Student_Management_Portal\\app\\Views\\dashboard\\courses\\add_slide.php')
 3 SYSTEMPATH\View\View.php(237): CodeIgniter\View\View->CodeIgniter\View\{closure}()
 4 SYSTEMPATH\Common.php(1171): CodeIgniter\View\View->render('dashboard/courses/add_slide', [], true)
 5 APPPATH\Controllers\Courses.php(543): view('dashboard/courses/add_slide', [...])
 6 SYSTEMPATH\CodeIgniter.php(933): App\Controllers\Courses->add_slide('28')
 7 SYSTEMPATH\CodeIgniter.php(509): CodeIgniter\CodeIgniter->runController(Object(App\Controllers\Courses))
 8 SYSTEMPATH\CodeIgniter.php(355): CodeIgniter\CodeIgniter->handleRequest(null, Object(Config\Cache), false)
 9 SYSTEMPATH\Boot.php(325): CodeIgniter\CodeIgniter->run()
10 SYSTEMPATH\Boot.php(67): CodeIgniter\Boot::runCodeIgniter(Object(CodeIgniter\CodeIgniter))
11 FCPATH\index.php(56): CodeIgniter\Boot::bootWeb(Object(Config\Paths))
CRITICAL - 2025-01-02 09:14:21 --> ErrorException: Trying to access array offset on value of type null
[Method: GET, Route: courses/view_slides/public/assests/Logo.png]
in APPPATH\Views\dashboard\courses\index_slides.php on line 6.
 1 APPPATH\Views\dashboard\courses\index_slides.php(6): CodeIgniter\Debug\Exceptions->errorHandler(2, 'Trying to access array offset on value of type null', 'C:\\xampp\\htdocs\\Student_Management_Portal\\app\\Views\\dashboard\\courses\\index_slides.php', 6)
 2 SYSTEMPATH\View\View.php(234): include('C:\\xampp\\htdocs\\Student_Management_Portal\\app\\Views\\dashboard\\courses\\index_slides.php')
 3 SYSTEMPATH\View\View.php(237): CodeIgniter\View\View->CodeIgniter\View\{closure}()
 4 SYSTEMPATH\Common.php(1171): CodeIgniter\View\View->render('dashboard/courses/index_slides', [], true)
 5 APPPATH\Controllers\Courses.php(537): view('dashboard/courses/index_slides', [...])
 6 SYSTEMPATH\CodeIgniter.php(933): App\Controllers\Courses->view_slides('public', 'assests', 'Logo.png')
 7 SYSTEMPATH\CodeIgniter.php(509): CodeIgniter\CodeIgniter->runController(Object(App\Controllers\Courses))
 8 SYSTEMPATH\CodeIgniter.php(355): CodeIgniter\CodeIgniter->handleRequest(null, Object(Config\Cache), false)
 9 SYSTEMPATH\Boot.php(325): CodeIgniter\CodeIgniter->run()
10 SYSTEMPATH\Boot.php(67): CodeIgniter\Boot::runCodeIgniter(Object(CodeIgniter\CodeIgniter))
11 FCPATH\index.php(56): CodeIgniter\Boot::bootWeb(Object(Config\Paths))
CRITICAL - 2025-01-02 09:14:23 --> ErrorException: Trying to access array offset on value of type null
[Method: GET, Route: courses/view_slides/public/assests/Logo.png]
in APPPATH\Views\dashboard\courses\index_slides.php on line 6.
 1 APPPATH\Views\dashboard\courses\index_slides.php(6): CodeIgniter\Debug\Exceptions->errorHandler(2, 'Trying to access array offset on value of type null', 'C:\\xampp\\htdocs\\Student_Management_Portal\\app\\Views\\dashboard\\courses\\index_slides.php', 6)
 2 SYSTEMPATH\View\View.php(234): include('C:\\xampp\\htdocs\\Student_Management_Portal\\app\\Views\\dashboard\\courses\\index_slides.php')
 3 SYSTEMPATH\View\View.php(237): CodeIgniter\View\View->CodeIgniter\View\{closure}()
 4 SYSTEMPATH\Common.php(1171): CodeIgniter\View\View->render('dashboard/courses/index_slides', [], true)
 5 APPPATH\Controllers\Courses.php(537): view('dashboard/courses/index_slides', [...])
 6 SYSTEMPATH\CodeIgniter.php(933): App\Controllers\Courses->view_slides('public', 'assests', 'Logo.png')
 7 SYSTEMPATH\CodeIgniter.php(509): CodeIgniter\CodeIgniter->runController(Object(App\Controllers\Courses))
 8 SYSTEMPATH\CodeIgniter.php(355): CodeIgniter\CodeIgniter->handleRequest(null, Object(Config\Cache), false)
 9 SYSTEMPATH\Boot.php(325): CodeIgniter\CodeIgniter->run()
10 SYSTEMPATH\Boot.php(67): CodeIgniter\Boot::runCodeIgniter(Object(CodeIgniter\CodeIgniter))
11 FCPATH\index.php(56): CodeIgniter\Boot::bootWeb(Object(Config\Paths))
CRITICAL - 2025-01-02 09:14:24 --> ErrorException: Undefined variable $subject
[Method: GET, Route: courses/add_slide/28]
in APPPATH\Views\dashboard\courses\add_slide.php on line 6.
 1 APPPATH\Views\dashboard\courses\add_slide.php(6): CodeIgniter\Debug\Exceptions->errorHandler(2, 'Undefined variable $subject', 'C:\\xampp\\htdocs\\Student_Management_Portal\\app\\Views\\dashboard\\courses\\add_slide.php', 6)
 2 SYSTEMPATH\View\View.php(234): include('C:\\xampp\\htdocs\\Student_Management_Portal\\app\\Views\\dashboard\\courses\\add_slide.php')
 3 SYSTEMPATH\View\View.php(237): CodeIgniter\View\View->CodeIgniter\View\{closure}()
 4 SYSTEMPATH\Common.php(1171): CodeIgniter\View\View->render('dashboard/courses/add_slide', [], true)
 5 APPPATH\Controllers\Courses.php(543): view('dashboard/courses/add_slide', [...])
 6 SYSTEMPATH\CodeIgniter.php(933): App\Controllers\Courses->add_slide('28')
 7 SYSTEMPATH\CodeIgniter.php(509): CodeIgniter\CodeIgniter->runController(Object(App\Controllers\Courses))
 8 SYSTEMPATH\CodeIgniter.php(355): CodeIgniter\CodeIgniter->handleRequest(null, Object(Config\Cache), false)
 9 SYSTEMPATH\Boot.php(325): CodeIgniter\CodeIgniter->run()
10 SYSTEMPATH\Boot.php(67): CodeIgniter\Boot::runCodeIgniter(Object(CodeIgniter\CodeIgniter))
11 FCPATH\index.php(56): CodeIgniter\Boot::bootWeb(Object(Config\Paths))
CRITICAL - 2025-01-02 09:14:28 --> ErrorException: Trying to access array offset on value of type null
[Method: GET, Route: courses/view_slides/public/assests/Logo.png]
in APPPATH\Views\dashboard\courses\index_slides.php on line 6.
 1 APPPATH\Views\dashboard\courses\index_slides.php(6): CodeIgniter\Debug\Exceptions->errorHandler(2, 'Trying to access array offset on value of type null', 'C:\\xampp\\htdocs\\Student_Management_Portal\\app\\Views\\dashboard\\courses\\index_slides.php', 6)
 2 SYSTEMPATH\View\View.php(234): include('C:\\xampp\\htdocs\\Student_Management_Portal\\app\\Views\\dashboard\\courses\\index_slides.php')
 3 SYSTEMPATH\View\View.php(237): CodeIgniter\View\View->CodeIgniter\View\{closure}()
 4 SYSTEMPATH\Common.php(1171): CodeIgniter\View\View->render('dashboard/courses/index_slides', [], true)
 5 APPPATH\Controllers\Courses.php(537): view('dashboard/courses/index_slides', [...])
 6 SYSTEMPATH\CodeIgniter.php(933): App\Controllers\Courses->view_slides('public', 'assests', 'Logo.png')
 7 SYSTEMPATH\CodeIgniter.php(509): CodeIgniter\CodeIgniter->runController(Object(App\Controllers\Courses))
 8 SYSTEMPATH\CodeIgniter.php(355): CodeIgniter\CodeIgniter->handleRequest(null, Object(Config\Cache), false)
 9 SYSTEMPATH\Boot.php(325): CodeIgniter\CodeIgniter->run()
10 SYSTEMPATH\Boot.php(67): CodeIgniter\Boot::runCodeIgniter(Object(CodeIgniter\CodeIgniter))
11 FCPATH\index.php(56): CodeIgniter\Boot::bootWeb(Object(Config\Paths))
CRITICAL - 2025-01-02 09:14:29 --> ErrorException: Trying to access array offset on value of type null
[Method: GET, Route: courses/syllabus_subjects/2/public/assests/Logo.png]
in APPPATH\Views\dashboard\courses\index_subject.php on line 6.
 1 APPPATH\Views\dashboard\courses\index_subject.php(6): CodeIgniter\Debug\Exceptions->errorHandler(2, 'Trying to access array offset on value of type null', 'C:\\xampp\\htdocs\\Student_Management_Portal\\app\\Views\\dashboard\\courses\\index_subject.php', 6)
 2 SYSTEMPATH\View\View.php(234): include('C:\\xampp\\htdocs\\Student_Management_Portal\\app\\Views\\dashboard\\courses\\index_subject.php')
 3 SYSTEMPATH\View\View.php(237): CodeIgniter\View\View->CodeIgniter\View\{closure}()
 4 SYSTEMPATH\Common.php(1171): CodeIgniter\View\View->render('dashboard/courses/index_subject', [], true)
 5 APPPATH\Controllers\Courses.php(123): view('dashboard/courses/index_subject', [...])
 6 SYSTEMPATH\CodeIgniter.php(933): App\Controllers\Courses->syllabus_subjects('2', 'public', 'assests', 'Logo.png')
 7 SYSTEMPATH\CodeIgniter.php(509): CodeIgniter\CodeIgniter->runController(Object(App\Controllers\Courses))
 8 SYSTEMPATH\CodeIgniter.php(355): CodeIgniter\CodeIgniter->handleRequest(null, Object(Config\Cache), false)
 9 SYSTEMPATH\Boot.php(325): CodeIgniter\CodeIgniter->run()
10 SYSTEMPATH\Boot.php(67): CodeIgniter\Boot::runCodeIgniter(Object(CodeIgniter\CodeIgniter))
11 FCPATH\index.php(56): CodeIgniter\Boot::bootWeb(Object(Config\Paths))
CRITICAL - 2025-01-02 09:14:31 --> ErrorException: Trying to access array offset on value of type null
[Method: GET, Route: courses/add_subject/2/public/assests/Logo.png]
in APPPATH\Views\dashboard\courses\add_new_subject.php on line 42.
 1 APPPATH\Views\dashboard\courses\add_new_subject.php(42): CodeIgniter\Debug\Exceptions->errorHandler(2, 'Trying to access array offset on value of type null', 'C:\\xampp\\htdocs\\Student_Management_Portal\\app\\Views\\dashboard\\courses\\add_new_subject.php', 42)
 2 SYSTEMPATH\View\View.php(234): include('C:\\xampp\\htdocs\\Student_Management_Portal\\app\\Views\\dashboard\\courses\\add_new_subject.php')
 3 SYSTEMPATH\View\View.php(237): CodeIgniter\View\View->CodeIgniter\View\{closure}()
 4 SYSTEMPATH\Common.php(1171): CodeIgniter\View\View->render('dashboard/courses/add_new_subject', [], true)
 5 APPPATH\Controllers\Courses.php(417): view('dashboard/courses/add_new_subject', [...])
 6 SYSTEMPATH\CodeIgniter.php(933): App\Controllers\Courses->add_subject('2', 'public', 'assests', 'Logo.png')
 7 SYSTEMPATH\CodeIgniter.php(509): CodeIgniter\CodeIgniter->runController(Object(App\Controllers\Courses))
 8 SYSTEMPATH\CodeIgniter.php(355): CodeIgniter\CodeIgniter->handleRequest(null, Object(Config\Cache), false)
 9 SYSTEMPATH\Boot.php(325): CodeIgniter\CodeIgniter->run()
10 SYSTEMPATH\Boot.php(67): CodeIgniter\Boot::runCodeIgniter(Object(CodeIgniter\CodeIgniter))
11 FCPATH\index.php(56): CodeIgniter\Boot::bootWeb(Object(Config\Paths))
INFO - 2025-01-02 09:14:40 --> Session: Class initialized using 'CodeIgniter\Session\Handlers\FileHandler' driver.
CRITICAL - 2025-01-02 09:14:40 --> ErrorException: Trying to access array offset on value of type null
[Method: GET, Route: courses/syllabus_subjects/2/public/assests/Logo.png]
in APPPATH\Views\dashboard\courses\index_subject.php on line 6.
 1 APPPATH\Views\dashboard\courses\index_subject.php(6): CodeIgniter\Debug\Exceptions->errorHandler(2, 'Trying to access array offset on value of type null', 'C:\\xampp\\htdocs\\Student_Management_Portal\\app\\Views\\dashboard\\courses\\index_subject.php', 6)
 2 SYSTEMPATH\View\View.php(234): include('C:\\xampp\\htdocs\\Student_Management_Portal\\app\\Views\\dashboard\\courses\\index_subject.php')
 3 SYSTEMPATH\View\View.php(237): CodeIgniter\View\View->CodeIgniter\View\{closure}()
 4 SYSTEMPATH\Common.php(1171): CodeIgniter\View\View->render('dashboard/courses/index_subject', [], true)
 5 APPPATH\Controllers\Courses.php(123): view('dashboard/courses/index_subject', [...])
 6 SYSTEMPATH\CodeIgniter.php(933): App\Controllers\Courses->syllabus_subjects('2', 'public', 'assests', 'Logo.png')
 7 SYSTEMPATH\CodeIgniter.php(509): CodeIgniter\CodeIgniter->runController(Object(App\Controllers\Courses))
 8 SYSTEMPATH\CodeIgniter.php(355): CodeIgniter\CodeIgniter->handleRequest(null, Object(Config\Cache), false)
 9 SYSTEMPATH\Boot.php(325): CodeIgniter\CodeIgniter->run()
10 SYSTEMPATH\Boot.php(67): CodeIgniter\Boot::runCodeIgniter(Object(CodeIgniter\CodeIgniter))
11 FCPATH\index.php(56): CodeIgniter\Boot::bootWeb(Object(Config\Paths))
CRITICAL - 2025-01-02 09:14:45 --> ErrorException: Trying to access array offset on value of type null
[Method: GET, Route: courses/view_slides/public/assests/Logo.png]
in APPPATH\Views\dashboard\courses\index_slides.php on line 6.
 1 APPPATH\Views\dashboard\courses\index_slides.php(6): CodeIgniter\Debug\Exceptions->errorHandler(2, 'Trying to access array offset on value of type null', 'C:\\xampp\\htdocs\\Student_Management_Portal\\app\\Views\\dashboard\\courses\\index_slides.php', 6)
 2 SYSTEMPATH\View\View.php(234): include('C:\\xampp\\htdocs\\Student_Management_Portal\\app\\Views\\dashboard\\courses\\index_slides.php')
 3 SYSTEMPATH\View\View.php(237): CodeIgniter\View\View->CodeIgniter\View\{closure}()
 4 SYSTEMPATH\Common.php(1171): CodeIgniter\View\View->render('dashboard/courses/index_slides', [], true)
 5 APPPATH\Controllers\Courses.php(537): view('dashboard/courses/index_slides', [...])
 6 SYSTEMPATH\CodeIgniter.php(933): App\Controllers\Courses->view_slides('public', 'assests', 'Logo.png')
 7 SYSTEMPATH\CodeIgniter.php(509): CodeIgniter\CodeIgniter->runController(Object(App\Controllers\Courses))
 8 SYSTEMPATH\CodeIgniter.php(355): CodeIgniter\CodeIgniter->handleRequest(null, Object(Config\Cache), false)
 9 SYSTEMPATH\Boot.php(325): CodeIgniter\CodeIgniter->run()
10 SYSTEMPATH\Boot.php(67): CodeIgniter\Boot::runCodeIgniter(Object(CodeIgniter\CodeIgniter))
11 FCPATH\index.php(56): CodeIgniter\Boot::bootWeb(Object(Config\Paths))
CRITICAL - 2025-01-02 09:18:12 --> ErrorException: Trying to access array offset on value of type null
[Method: GET, Route: courses/view_slides/public/assests/Logo.png]
in APPPATH\Views\dashboard\courses\index_slides.php on line 6.
 1 APPPATH\Views\dashboard\courses\index_slides.php(6): CodeIgniter\Debug\Exceptions->errorHandler(2, 'Trying to access array offset on value of type null', 'C:\\xampp\\htdocs\\Student_Management_Portal\\app\\Views\\dashboard\\courses\\index_slides.php', 6)
 2 SYSTEMPATH\View\View.php(234): include('C:\\xampp\\htdocs\\Student_Management_Portal\\app\\Views\\dashboard\\courses\\index_slides.php')
 3 SYSTEMPATH\View\View.php(237): CodeIgniter\View\View->CodeIgniter\View\{closure}()
 4 SYSTEMPATH\Common.php(1171): CodeIgniter\View\View->render('dashboard/courses/index_slides', [], true)
 5 APPPATH\Controllers\Courses.php(537): view('dashboard/courses/index_slides', [...])
 6 SYSTEMPATH\CodeIgniter.php(933): App\Controllers\Courses->view_slides('public', 'assests', 'Logo.png')
 7 SYSTEMPATH\CodeIgniter.php(509): CodeIgniter\CodeIgniter->runController(Object(App\Controllers\Courses))
 8 SYSTEMPATH\CodeIgniter.php(355): CodeIgniter\CodeIgniter->handleRequest(null, Object(Config\Cache), false)
 9 SYSTEMPATH\Boot.php(325): CodeIgniter\CodeIgniter->run()
10 SYSTEMPATH\Boot.php(67): CodeIgniter\Boot::runCodeIgniter(Object(CodeIgniter\CodeIgniter))
11 FCPATH\index.php(56): CodeIgniter\Boot::bootWeb(Object(Config\Paths))
CRITICAL - 2025-01-02 09:18:22 --> ErrorException: Trying to access array offset on value of type null
[Method: GET, Route: courses/syllabus_subjects/2/public/assests/Logo.png]
in APPPATH\Views\dashboard\courses\index_subject.php on line 6.
 1 APPPATH\Views\dashboard\courses\index_subject.php(6): CodeIgniter\Debug\Exceptions->errorHandler(2, 'Trying to access array offset on value of type null', 'C:\\xampp\\htdocs\\Student_Management_Portal\\app\\Views\\dashboard\\courses\\index_subject.php', 6)
 2 SYSTEMPATH\View\View.php(234): include('C:\\xampp\\htdocs\\Student_Management_Portal\\app\\Views\\dashboard\\courses\\index_subject.php')
 3 SYSTEMPATH\View\View.php(237): CodeIgniter\View\View->CodeIgniter\View\{closure}()
 4 SYSTEMPATH\Common.php(1171): CodeIgniter\View\View->render('dashboard/courses/index_subject', [], true)
 5 APPPATH\Controllers\Courses.php(123): view('dashboard/courses/index_subject', [...])
 6 SYSTEMPATH\CodeIgniter.php(933): App\Controllers\Courses->syllabus_subjects('2', 'public', 'assests', 'Logo.png')
 7 SYSTEMPATH\CodeIgniter.php(509): CodeIgniter\CodeIgniter->runController(Object(App\Controllers\Courses))
 8 SYSTEMPATH\CodeIgniter.php(355): CodeIgniter\CodeIgniter->handleRequest(null, Object(Config\Cache), false)
 9 SYSTEMPATH\Boot.php(325): CodeIgniter\CodeIgniter->run()
10 SYSTEMPATH\Boot.php(67): CodeIgniter\Boot::runCodeIgniter(Object(CodeIgniter\CodeIgniter))
11 FCPATH\index.php(56): CodeIgniter\Boot::bootWeb(Object(Config\Paths))
CRITICAL - 2025-01-02 09:18:24 --> ErrorException: Trying to access array offset on value of type null
[Method: GET, Route: courses/view_slides/public/assests/Logo.png]
in APPPATH\Views\dashboard\courses\index_slides.php on line 6.
 1 APPPATH\Views\dashboard\courses\index_slides.php(6): CodeIgniter\Debug\Exceptions->errorHandler(2, 'Trying to access array offset on value of type null', 'C:\\xampp\\htdocs\\Student_Management_Portal\\app\\Views\\dashboard\\courses\\index_slides.php', 6)
 2 SYSTEMPATH\View\View.php(234): include('C:\\xampp\\htdocs\\Student_Management_Portal\\app\\Views\\dashboard\\courses\\index_slides.php')
 3 SYSTEMPATH\View\View.php(237): CodeIgniter\View\View->CodeIgniter\View\{closure}()
 4 SYSTEMPATH\Common.php(1171): CodeIgniter\View\View->render('dashboard/courses/index_slides', [], true)
 5 APPPATH\Controllers\Courses.php(537): view('dashboard/courses/index_slides', [...])
 6 SYSTEMPATH\CodeIgniter.php(933): App\Controllers\Courses->view_slides('public', 'assests', 'Logo.png')
 7 SYSTEMPATH\CodeIgniter.php(509): CodeIgniter\CodeIgniter->runController(Object(App\Controllers\Courses))
 8 SYSTEMPATH\CodeIgniter.php(355): CodeIgniter\CodeIgniter->handleRequest(null, Object(Config\Cache), false)
 9 SYSTEMPATH\Boot.php(325): CodeIgniter\CodeIgniter->run()
10 SYSTEMPATH\Boot.php(67): CodeIgniter\Boot::runCodeIgniter(Object(CodeIgniter\CodeIgniter))
11 FCPATH\index.php(56): CodeIgniter\Boot::bootWeb(Object(Config\Paths))
CRITICAL - 2025-01-02 09:18:25 --> ErrorException: Undefined variable $subject
[Method: GET, Route: courses/add_slide/28]
in APPPATH\Views\dashboard\courses\add_slide.php on line 6.
 1 APPPATH\Views\dashboard\courses\add_slide.php(6): CodeIgniter\Debug\Exceptions->errorHandler(2, 'Undefined variable $subject', 'C:\\xampp\\htdocs\\Student_Management_Portal\\app\\Views\\dashboard\\courses\\add_slide.php', 6)
 2 SYSTEMPATH\View\View.php(234): include('C:\\xampp\\htdocs\\Student_Management_Portal\\app\\Views\\dashboard\\courses\\add_slide.php')
 3 SYSTEMPATH\View\View.php(237): CodeIgniter\View\View->CodeIgniter\View\{closure}()
 4 SYSTEMPATH\Common.php(1171): CodeIgniter\View\View->render('dashboard/courses/add_slide', [], true)
 5 APPPATH\Controllers\Courses.php(543): view('dashboard/courses/add_slide', [...])
 6 SYSTEMPATH\CodeIgniter.php(933): App\Controllers\Courses->add_slide('28')
 7 SYSTEMPATH\CodeIgniter.php(509): CodeIgniter\CodeIgniter->runController(Object(App\Controllers\Courses))
 8 SYSTEMPATH\CodeIgniter.php(355): CodeIgniter\CodeIgniter->handleRequest(null, Object(Config\Cache), false)
 9 SYSTEMPATH\Boot.php(325): CodeIgniter\CodeIgniter->run()
10 SYSTEMPATH\Boot.php(67): CodeIgniter\Boot::runCodeIgniter(Object(CodeIgniter\CodeIgniter))
11 FCPATH\index.php(56): CodeIgniter\Boot::bootWeb(Object(Config\Paths))
CRITICAL - 2025-01-02 09:18:29 --> ErrorException: Trying to access array offset on value of type null
[Method: GET, Route: courses/view_slides/public/assests/Logo.png]
in APPPATH\Views\dashboard\courses\index_slides.php on line 6.
 1 APPPATH\Views\dashboard\courses\index_slides.php(6): CodeIgniter\Debug\Exceptions->errorHandler(2, 'Trying to access array offset on value of type null', 'C:\\xampp\\htdocs\\Student_Management_Portal\\app\\Views\\dashboard\\courses\\index_slides.php', 6)
 2 SYSTEMPATH\View\View.php(234): include('C:\\xampp\\htdocs\\Student_Management_Portal\\app\\Views\\dashboard\\courses\\index_slides.php')
 3 SYSTEMPATH\View\View.php(237): CodeIgniter\View\View->CodeIgniter\View\{closure}()
 4 SYSTEMPATH\Common.php(1171): CodeIgniter\View\View->render('dashboard/courses/index_slides', [], true)
 5 APPPATH\Controllers\Courses.php(537): view('dashboard/courses/index_slides', [...])
 6 SYSTEMPATH\CodeIgniter.php(933): App\Controllers\Courses->view_slides('public', 'assests', 'Logo.png')
 7 SYSTEMPATH\CodeIgniter.php(509): CodeIgniter\CodeIgniter->runController(Object(App\Controllers\Courses))
 8 SYSTEMPATH\CodeIgniter.php(355): CodeIgniter\CodeIgniter->handleRequest(null, Object(Config\Cache), false)
 9 SYSTEMPATH\Boot.php(325): CodeIgniter\CodeIgniter->run()
10 SYSTEMPATH\Boot.php(67): CodeIgniter\Boot::runCodeIgniter(Object(CodeIgniter\CodeIgniter))
11 FCPATH\index.php(56): CodeIgniter\Boot::bootWeb(Object(Config\Paths))
CRITICAL - 2025-01-02 09:19:17 --> ErrorException: Trying to access array offset on value of type null
[Method: GET, Route: courses/view_slides/public/assests/Logo.png]
in APPPATH\Views\dashboard\courses\index_slides.php on line 6.
 1 APPPATH\Views\dashboard\courses\index_slides.php(6): CodeIgniter\Debug\Exceptions->errorHandler(2, 'Trying to access array offset on value of type null', 'C:\\xampp\\htdocs\\Student_Management_Portal\\app\\Views\\dashboard\\courses\\index_slides.php', 6)
 2 SYSTEMPATH\View\View.php(234): include('C:\\xampp\\htdocs\\Student_Management_Portal\\app\\Views\\dashboard\\courses\\index_slides.php')
 3 SYSTEMPATH\View\View.php(237): CodeIgniter\View\View->CodeIgniter\View\{closure}()
 4 SYSTEMPATH\Common.php(1171): CodeIgniter\View\View->render('dashboard/courses/index_slides', [], true)
 5 APPPATH\Controllers\Courses.php(537): view('dashboard/courses/index_slides', [...])
 6 SYSTEMPATH\CodeIgniter.php(933): App\Controllers\Courses->view_slides('public', 'assests', 'Logo.png')
 7 SYSTEMPATH\CodeIgniter.php(509): CodeIgniter\CodeIgniter->runController(Object(App\Controllers\Courses))
 8 SYSTEMPATH\CodeIgniter.php(355): CodeIgniter\CodeIgniter->handleRequest(null, Object(Config\Cache), false)
 9 SYSTEMPATH\Boot.php(325): CodeIgniter\CodeIgniter->run()
10 SYSTEMPATH\Boot.php(67): CodeIgniter\Boot::runCodeIgniter(Object(CodeIgniter\CodeIgniter))
11 FCPATH\index.php(56): CodeIgniter\Boot::bootWeb(Object(Config\Paths))
CRITICAL - 2025-01-02 09:19:19 --> ErrorException: Undefined variable $subject
[Method: GET, Route: courses/add_slide/28]
in APPPATH\Views\dashboard\courses\add_slide.php on line 6.
 1 APPPATH\Views\dashboard\courses\add_slide.php(6): CodeIgniter\Debug\Exceptions->errorHandler(2, 'Undefined variable $subject', 'C:\\xampp\\htdocs\\Student_Management_Portal\\app\\Views\\dashboard\\courses\\add_slide.php', 6)
 2 SYSTEMPATH\View\View.php(234): include('C:\\xampp\\htdocs\\Student_Management_Portal\\app\\Views\\dashboard\\courses\\add_slide.php')
 3 SYSTEMPATH\View\View.php(237): CodeIgniter\View\View->CodeIgniter\View\{closure}()
 4 SYSTEMPATH\Common.php(1171): CodeIgniter\View\View->render('dashboard/courses/add_slide', [], true)
 5 APPPATH\Controllers\Courses.php(543): view('dashboard/courses/add_slide', [...])
 6 SYSTEMPATH\CodeIgniter.php(933): App\Controllers\Courses->add_slide('28')
 7 SYSTEMPATH\CodeIgniter.php(509): CodeIgniter\CodeIgniter->runController(Object(App\Controllers\Courses))
 8 SYSTEMPATH\CodeIgniter.php(355): CodeIgniter\CodeIgniter->handleRequest(null, Object(Config\Cache), false)
 9 SYSTEMPATH\Boot.php(325): CodeIgniter\CodeIgniter->run()
10 SYSTEMPATH\Boot.php(67): CodeIgniter\Boot::runCodeIgniter(Object(CodeIgniter\CodeIgniter))
11 FCPATH\index.php(56): CodeIgniter\Boot::bootWeb(Object(Config\Paths))
CRITICAL - 2025-01-02 09:19:21 --> ErrorException: Trying to access array offset on value of type null
[Method: GET, Route: courses/view_slides/public/assests/Logo.png]
in APPPATH\Views\dashboard\courses\index_slides.php on line 6.
 1 APPPATH\Views\dashboard\courses\index_slides.php(6): CodeIgniter\Debug\Exceptions->errorHandler(2, 'Trying to access array offset on value of type null', 'C:\\xampp\\htdocs\\Student_Management_Portal\\app\\Views\\dashboard\\courses\\index_slides.php', 6)
 2 SYSTEMPATH\View\View.php(234): include('C:\\xampp\\htdocs\\Student_Management_Portal\\app\\Views\\dashboard\\courses\\index_slides.php')
 3 SYSTEMPATH\View\View.php(237): CodeIgniter\View\View->CodeIgniter\View\{closure}()
 4 SYSTEMPATH\Common.php(1171): CodeIgniter\View\View->render('dashboard/courses/index_slides', [], true)
 5 APPPATH\Controllers\Courses.php(537): view('dashboard/courses/index_slides', [...])
 6 SYSTEMPATH\CodeIgniter.php(933): App\Controllers\Courses->view_slides('public', 'assests', 'Logo.png')
 7 SYSTEMPATH\CodeIgniter.php(509): CodeIgniter\CodeIgniter->runController(Object(App\Controllers\Courses))
 8 SYSTEMPATH\CodeIgniter.php(355): CodeIgniter\CodeIgniter->handleRequest(null, Object(Config\Cache), false)
 9 SYSTEMPATH\Boot.php(325): CodeIgniter\CodeIgniter->run()
10 SYSTEMPATH\Boot.php(67): CodeIgniter\Boot::runCodeIgniter(Object(CodeIgniter\CodeIgniter))
11 FCPATH\index.php(56): CodeIgniter\Boot::bootWeb(Object(Config\Paths))
CRITICAL - 2025-01-02 09:19:27 --> ErrorException: Trying to access array offset on value of type null
[Method: GET, Route: courses/syllabus_subjects/2/public/assests/Logo.png]
in APPPATH\Views\dashboard\courses\index_subject.php on line 6.
 1 APPPATH\Views\dashboard\courses\index_subject.php(6): CodeIgniter\Debug\Exceptions->errorHandler(2, 'Trying to access array offset on value of type null', 'C:\\xampp\\htdocs\\Student_Management_Portal\\app\\Views\\dashboard\\courses\\index_subject.php', 6)
 2 SYSTEMPATH\View\View.php(234): include('C:\\xampp\\htdocs\\Student_Management_Portal\\app\\Views\\dashboard\\courses\\index_subject.php')
 3 SYSTEMPATH\View\View.php(237): CodeIgniter\View\View->CodeIgniter\View\{closure}()
 4 SYSTEMPATH\Common.php(1171): CodeIgniter\View\View->render('dashboard/courses/index_subject', [], true)
 5 APPPATH\Controllers\Courses.php(123): view('dashboard/courses/index_subject', [...])
 6 SYSTEMPATH\CodeIgniter.php(933): App\Controllers\Courses->syllabus_subjects('2', 'public', 'assests', 'Logo.png')
 7 SYSTEMPATH\CodeIgniter.php(509): CodeIgniter\CodeIgniter->runController(Object(App\Controllers\Courses))
 8 SYSTEMPATH\CodeIgniter.php(355): CodeIgniter\CodeIgniter->handleRequest(null, Object(Config\Cache), false)
 9 SYSTEMPATH\Boot.php(325): CodeIgniter\CodeIgniter->run()
10 SYSTEMPATH\Boot.php(67): CodeIgniter\Boot::runCodeIgniter(Object(CodeIgniter\CodeIgniter))
11 FCPATH\index.php(56): CodeIgniter\Boot::bootWeb(Object(Config\Paths))
CRITICAL - 2025-01-02 09:19:28 --> ErrorException: Trying to access array offset on value of type null
[Method: GET, Route: courses/view_slides/public/assests/Logo.png]
in APPPATH\Views\dashboard\courses\index_slides.php on line 6.
 1 APPPATH\Views\dashboard\courses\index_slides.php(6): CodeIgniter\Debug\Exceptions->errorHandler(2, 'Trying to access array offset on value of type null', 'C:\\xampp\\htdocs\\Student_Management_Portal\\app\\Views\\dashboard\\courses\\index_slides.php', 6)
 2 SYSTEMPATH\View\View.php(234): include('C:\\xampp\\htdocs\\Student_Management_Portal\\app\\Views\\dashboard\\courses\\index_slides.php')
 3 SYSTEMPATH\View\View.php(237): CodeIgniter\View\View->CodeIgniter\View\{closure}()
 4 SYSTEMPATH\Common.php(1171): CodeIgniter\View\View->render('dashboard/courses/index_slides', [], true)
 5 APPPATH\Controllers\Courses.php(537): view('dashboard/courses/index_slides', [...])
 6 SYSTEMPATH\CodeIgniter.php(933): App\Controllers\Courses->view_slides('public', 'assests', 'Logo.png')
 7 SYSTEMPATH\CodeIgniter.php(509): CodeIgniter\CodeIgniter->runController(Object(App\Controllers\Courses))
 8 SYSTEMPATH\CodeIgniter.php(355): CodeIgniter\CodeIgniter->handleRequest(null, Object(Config\Cache), false)
 9 SYSTEMPATH\Boot.php(325): CodeIgniter\CodeIgniter->run()
10 SYSTEMPATH\Boot.php(67): CodeIgniter\Boot::runCodeIgniter(Object(CodeIgniter\CodeIgniter))
11 FCPATH\index.php(56): CodeIgniter\Boot::bootWeb(Object(Config\Paths))
CRITICAL - 2025-01-02 09:19:31 --> ErrorException: Undefined variable $subject
[Method: GET, Route: courses/add_slide/28]
in APPPATH\Views\dashboard\courses\add_slide.php on line 6.
 1 APPPATH\Views\dashboard\courses\add_slide.php(6): CodeIgniter\Debug\Exceptions->errorHandler(2, 'Undefined variable $subject', 'C:\\xampp\\htdocs\\Student_Management_Portal\\app\\Views\\dashboard\\courses\\add_slide.php', 6)
 2 SYSTEMPATH\View\View.php(234): include('C:\\xampp\\htdocs\\Student_Management_Portal\\app\\Views\\dashboard\\courses\\add_slide.php')
 3 SYSTEMPATH\View\View.php(237): CodeIgniter\View\View->CodeIgniter\View\{closure}()
 4 SYSTEMPATH\Common.php(1171): CodeIgniter\View\View->render('dashboard/courses/add_slide', [], true)
 5 APPPATH\Controllers\Courses.php(543): view('dashboard/courses/add_slide', [...])
 6 SYSTEMPATH\CodeIgniter.php(933): App\Controllers\Courses->add_slide('28')
 7 SYSTEMPATH\CodeIgniter.php(509): CodeIgniter\CodeIgniter->runController(Object(App\Controllers\Courses))
 8 SYSTEMPATH\CodeIgniter.php(355): CodeIgniter\CodeIgniter->handleRequest(null, Object(Config\Cache), false)
 9 SYSTEMPATH\Boot.php(325): CodeIgniter\CodeIgniter->run()
10 SYSTEMPATH\Boot.php(67): CodeIgniter\Boot::runCodeIgniter(Object(CodeIgniter\CodeIgniter))
11 FCPATH\index.php(56): CodeIgniter\Boot::bootWeb(Object(Config\Paths))
CRITICAL - 2025-01-02 09:19:44 --> ErrorException: Trying to access array offset on value of type null
[Method: GET, Route: courses/view_slides/public/assests/Logo.png]
in APPPATH\Views\dashboard\courses\index_slides.php on line 6.
 1 APPPATH\Views\dashboard\courses\index_slides.php(6): CodeIgniter\Debug\Exceptions->errorHandler(2, 'Trying to access array offset on value of type null', 'C:\\xampp\\htdocs\\Student_Management_Portal\\app\\Views\\dashboard\\courses\\index_slides.php', 6)
 2 SYSTEMPATH\View\View.php(234): include('C:\\xampp\\htdocs\\Student_Management_Portal\\app\\Views\\dashboard\\courses\\index_slides.php')
 3 SYSTEMPATH\View\View.php(237): CodeIgniter\View\View->CodeIgniter\View\{closure}()
 4 SYSTEMPATH\Common.php(1171): CodeIgniter\View\View->render('dashboard/courses/index_slides', [], true)
 5 APPPATH\Controllers\Courses.php(537): view('dashboard/courses/index_slides', [...])
 6 SYSTEMPATH\CodeIgniter.php(933): App\Controllers\Courses->view_slides('public', 'assests', 'Logo.png')
 7 SYSTEMPATH\CodeIgniter.php(509): CodeIgniter\CodeIgniter->runController(Object(App\Controllers\Courses))
 8 SYSTEMPATH\CodeIgniter.php(355): CodeIgniter\CodeIgniter->handleRequest(null, Object(Config\Cache), false)
 9 SYSTEMPATH\Boot.php(325): CodeIgniter\CodeIgniter->run()
10 SYSTEMPATH\Boot.php(67): CodeIgniter\Boot::runCodeIgniter(Object(CodeIgniter\CodeIgniter))
11 FCPATH\index.php(56): CodeIgniter\Boot::bootWeb(Object(Config\Paths))
CRITICAL - 2025-01-02 09:19:54 --> ErrorException: Undefined variable $subject
[Method: GET, Route: courses/add_slide/28]
in APPPATH\Views\dashboard\courses\add_slide.php on line 6.
 1 APPPATH\Views\dashboard\courses\add_slide.php(6): CodeIgniter\Debug\Exceptions->errorHandler(2, 'Undefined variable $subject', 'C:\\xampp\\htdocs\\Student_Management_Portal\\app\\Views\\dashboard\\courses\\add_slide.php', 6)
 2 SYSTEMPATH\View\View.php(234): include('C:\\xampp\\htdocs\\Student_Management_Portal\\app\\Views\\dashboard\\courses\\add_slide.php')
 3 SYSTEMPATH\View\View.php(237): CodeIgniter\View\View->CodeIgniter\View\{closure}()
 4 SYSTEMPATH\Common.php(1171): CodeIgniter\View\View->render('dashboard/courses/add_slide', [], true)
 5 APPPATH\Controllers\Courses.php(543): view('dashboard/courses/add_slide', [...])
 6 SYSTEMPATH\CodeIgniter.php(933): App\Controllers\Courses->add_slide('28')
 7 SYSTEMPATH\CodeIgniter.php(509): CodeIgniter\CodeIgniter->runController(Object(App\Controllers\Courses))
 8 SYSTEMPATH\CodeIgniter.php(355): CodeIgniter\CodeIgniter->handleRequest(null, Object(Config\Cache), false)
 9 SYSTEMPATH\Boot.php(325): CodeIgniter\CodeIgniter->run()
10 SYSTEMPATH\Boot.php(67): CodeIgniter\Boot::runCodeIgniter(Object(CodeIgniter\CodeIgniter))
11 FCPATH\index.php(56): CodeIgniter\Boot::bootWeb(Object(Config\Paths))
CRITICAL - 2025-01-02 09:23:00 --> ErrorException: Trying to access array offset on value of type null
[Method: GET, Route: courses/view_slides/public/assests/Logo.png]
in APPPATH\Views\dashboard\courses\index_slides.php on line 6.
 1 APPPATH\Views\dashboard\courses\index_slides.php(6): CodeIgniter\Debug\Exceptions->errorHandler(2, 'Trying to access array offset on value of type null', 'C:\\xampp\\htdocs\\Student_Management_Portal\\app\\Views\\dashboard\\courses\\index_slides.php', 6)
 2 SYSTEMPATH\View\View.php(234): include('C:\\xampp\\htdocs\\Student_Management_Portal\\app\\Views\\dashboard\\courses\\index_slides.php')
 3 SYSTEMPATH\View\View.php(237): CodeIgniter\View\View->CodeIgniter\View\{closure}()
 4 SYSTEMPATH\Common.php(1171): CodeIgniter\View\View->render('dashboard/courses/index_slides', [], true)
 5 APPPATH\Controllers\Courses.php(537): view('dashboard/courses/index_slides', [...])
 6 SYSTEMPATH\CodeIgniter.php(933): App\Controllers\Courses->view_slides('public', 'assests', 'Logo.png')
 7 SYSTEMPATH\CodeIgniter.php(509): CodeIgniter\CodeIgniter->runController(Object(App\Controllers\Courses))
 8 SYSTEMPATH\CodeIgniter.php(355): CodeIgniter\CodeIgniter->handleRequest(null, Object(Config\Cache), false)
 9 SYSTEMPATH\Boot.php(325): CodeIgniter\CodeIgniter->run()
10 SYSTEMPATH\Boot.php(67): CodeIgniter\Boot::runCodeIgniter(Object(CodeIgniter\CodeIgniter))
11 FCPATH\index.php(56): CodeIgniter\Boot::bootWeb(Object(Config\Paths))
CRITICAL - 2025-01-02 09:23:01 --> ErrorException: Trying to access array offset on value of type null
[Method: GET, Route: courses/syllabus_subjects/2/public/assests/Logo.png]
in APPPATH\Views\dashboard\courses\index_subject.php on line 6.
 1 APPPATH\Views\dashboard\courses\index_subject.php(6): CodeIgniter\Debug\Exceptions->errorHandler(2, 'Trying to access array offset on value of type null', 'C:\\xampp\\htdocs\\Student_Management_Portal\\app\\Views\\dashboard\\courses\\index_subject.php', 6)
 2 SYSTEMPATH\View\View.php(234): include('C:\\xampp\\htdocs\\Student_Management_Portal\\app\\Views\\dashboard\\courses\\index_subject.php')
 3 SYSTEMPATH\View\View.php(237): CodeIgniter\View\View->CodeIgniter\View\{closure}()
 4 SYSTEMPATH\Common.php(1171): CodeIgniter\View\View->render('dashboard/courses/index_subject', [], true)
 5 APPPATH\Controllers\Courses.php(123): view('dashboard/courses/index_subject', [...])
 6 SYSTEMPATH\CodeIgniter.php(933): App\Controllers\Courses->syllabus_subjects('2', 'public', 'assests', 'Logo.png')
 7 SYSTEMPATH\CodeIgniter.php(509): CodeIgniter\CodeIgniter->runController(Object(App\Controllers\Courses))
 8 SYSTEMPATH\CodeIgniter.php(355): CodeIgniter\CodeIgniter->handleRequest(null, Object(Config\Cache), false)
 9 SYSTEMPATH\Boot.php(325): CodeIgniter\CodeIgniter->run()
10 SYSTEMPATH\Boot.php(67): CodeIgniter\Boot::runCodeIgniter(Object(CodeIgniter\CodeIgniter))
11 FCPATH\index.php(56): CodeIgniter\Boot::bootWeb(Object(Config\Paths))
INFO - 2025-01-02 09:23:03 --> Session: Class initialized using 'CodeIgniter\Session\Handlers\FileHandler' driver.
INFO - 2025-01-02 09:23:03 --> Session: Class initialized using 'CodeIgniter\Session\Handlers\FileHandler' driver.
INFO - 2025-01-02 09:23:03 --> Session: Class initialized using 'CodeIgniter\Session\Handlers\FileHandler' driver.
INFO - 2025-01-02 09:23:08 --> Session: Class initialized using 'CodeIgniter\Session\Handlers\FileHandler' driver.
INFO - 2025-01-02 09:23:09 --> Session: Class initialized using 'CodeIgniter\Session\Handlers\FileHandler' driver.
INFO - 2025-01-02 09:23:09 --> Session: Class initialized using 'CodeIgniter\Session\Handlers\FileHandler' driver.
INFO - 2025-01-02 09:23:13 --> Session: Class initialized using 'CodeIgniter\Session\Handlers\FileHandler' driver.
INFO - 2025-01-02 09:23:13 --> Session: Class initialized using 'CodeIgniter\Session\Handlers\FileHandler' driver.
CRITICAL - 2025-01-02 09:23:16 --> ErrorException: Trying to access array offset on value of type null
[Method: GET, Route: courses/department_syllabus/public/assests/Logo.png]
in APPPATH\Views\dashboard\courses\index_syllabus.php on line 6.
 1 APPPATH\Views\dashboard\courses\index_syllabus.php(6): CodeIgniter\Debug\Exceptions->errorHandler(2, 'Trying to access array offset on value of type null', 'C:\\xampp\\htdocs\\Student_Management_Portal\\app\\Views\\dashboard\\courses\\index_syllabus.php', 6)
 2 SYSTEMPATH\View\View.php(234): include('C:\\xampp\\htdocs\\Student_Management_Portal\\app\\Views\\dashboard\\courses\\index_syllabus.php')
 3 SYSTEMPATH\View\View.php(237): CodeIgniter\View\View->CodeIgniter\View\{closure}()
 4 SYSTEMPATH\Common.php(1171): CodeIgniter\View\View->render('dashboard/courses/index_syllabus', [], true)
 5 APPPATH\Controllers\Courses.php(78): view('dashboard/courses/index_syllabus', [...])
 6 SYSTEMPATH\CodeIgniter.php(933): App\Controllers\Courses->department_syllabus('public', 'assests', 'Logo.png')
 7 SYSTEMPATH\CodeIgniter.php(509): CodeIgniter\CodeIgniter->runController(Object(App\Controllers\Courses))
 8 SYSTEMPATH\CodeIgniter.php(355): CodeIgniter\CodeIgniter->handleRequest(null, Object(Config\Cache), false)
 9 SYSTEMPATH\Boot.php(325): CodeIgniter\CodeIgniter->run()
10 SYSTEMPATH\Boot.php(67): CodeIgniter\Boot::runCodeIgniter(Object(CodeIgniter\CodeIgniter))
11 FCPATH\index.php(56): CodeIgniter\Boot::bootWeb(Object(Config\Paths))
CRITICAL - 2025-01-02 09:23:17 --> ErrorException: Trying to access array offset on value of type null
[Method: GET, Route: courses/syllabus_subjects/2/public/assests/Logo.png]
in APPPATH\Views\dashboard\courses\index_subject.php on line 6.
 1 APPPATH\Views\dashboard\courses\index_subject.php(6): CodeIgniter\Debug\Exceptions->errorHandler(2, 'Trying to access array offset on value of type null', 'C:\\xampp\\htdocs\\Student_Management_Portal\\app\\Views\\dashboard\\courses\\index_subject.php', 6)
 2 SYSTEMPATH\View\View.php(234): include('C:\\xampp\\htdocs\\Student_Management_Portal\\app\\Views\\dashboard\\courses\\index_subject.php')
 3 SYSTEMPATH\View\View.php(237): CodeIgniter\View\View->CodeIgniter\View\{closure}()
 4 SYSTEMPATH\Common.php(1171): CodeIgniter\View\View->render('dashboard/courses/index_subject', [], true)
 5 APPPATH\Controllers\Courses.php(123): view('dashboard/courses/index_subject', [...])
 6 SYSTEMPATH\CodeIgniter.php(933): App\Controllers\Courses->syllabus_subjects('2', 'public', 'assests', 'Logo.png')
 7 SYSTEMPATH\CodeIgniter.php(509): CodeIgniter\CodeIgniter->runController(Object(App\Controllers\Courses))
 8 SYSTEMPATH\CodeIgniter.php(355): CodeIgniter\CodeIgniter->handleRequest(null, Object(Config\Cache), false)
 9 SYSTEMPATH\Boot.php(325): CodeIgniter\CodeIgniter->run()
10 SYSTEMPATH\Boot.php(67): CodeIgniter\Boot::runCodeIgniter(Object(CodeIgniter\CodeIgniter))
11 FCPATH\index.php(56): CodeIgniter\Boot::bootWeb(Object(Config\Paths))
CRITICAL - 2025-01-02 09:23:21 --> ErrorException: Trying to access array offset on value of type null
[Method: GET, Route: courses/view_slides/public/assests/Logo.png]
in APPPATH\Views\dashboard\courses\index_slides.php on line 6.
 1 APPPATH\Views\dashboard\courses\index_slides.php(6): CodeIgniter\Debug\Exceptions->errorHandler(2, 'Trying to access array offset on value of type null', 'C:\\xampp\\htdocs\\Student_Management_Portal\\app\\Views\\dashboard\\courses\\index_slides.php', 6)
 2 SYSTEMPATH\View\View.php(234): include('C:\\xampp\\htdocs\\Student_Management_Portal\\app\\Views\\dashboard\\courses\\index_slides.php')
 3 SYSTEMPATH\View\View.php(237): CodeIgniter\View\View->CodeIgniter\View\{closure}()
 4 SYSTEMPATH\Common.php(1171): CodeIgniter\View\View->render('dashboard/courses/index_slides', [], true)
 5 APPPATH\Controllers\Courses.php(537): view('dashboard/courses/index_slides', [...])
 6 SYSTEMPATH\CodeIgniter.php(933): App\Controllers\Courses->view_slides('public', 'assests', 'Logo.png')
 7 SYSTEMPATH\CodeIgniter.php(509): CodeIgniter\CodeIgniter->runController(Object(App\Controllers\Courses))
 8 SYSTEMPATH\CodeIgniter.php(355): CodeIgniter\CodeIgniter->handleRequest(null, Object(Config\Cache), false)
 9 SYSTEMPATH\Boot.php(325): CodeIgniter\CodeIgniter->run()
10 SYSTEMPATH\Boot.php(67): CodeIgniter\Boot::runCodeIgniter(Object(CodeIgniter\CodeIgniter))
11 FCPATH\index.php(56): CodeIgniter\Boot::bootWeb(Object(Config\Paths))
ERROR - 2025-01-02 09:23:55 --> mysqli_sql_exception: Unknown column 'updated_at' in 'field list' in C:\xampp\htdocs\Student_Management_Portal\system\Database\MySQLi\Connection.php:312
Stack trace:
#0 C:\xampp\htdocs\Student_Management_Portal\system\Database\MySQLi\Connection.php(312): mysqli->query('INSERT INTO `sl...', 0)
#1 C:\xampp\htdocs\Student_Management_Portal\system\Database\BaseConnection.php(734): CodeIgniter\Database\MySQLi\Connection->execute('INSERT INTO `sl...')
#2 C:\xampp\htdocs\Student_Management_Portal\system\Database\BaseConnection.php(648): CodeIgniter\Database\BaseConnection->simpleQuery('INSERT INTO `sl...')
#3 C:\xampp\htdocs\Student_Management_Portal\system\Database\BaseBuilder.php(2340): CodeIgniter\Database\BaseConnection->query('INSERT INTO `sl...', Array, false)
#4 C:\xampp\htdocs\Student_Management_Portal\system\Model.php(394): CodeIgniter\Database\BaseBuilder->insert()
#5 C:\xampp\htdocs\Student_Management_Portal\system\BaseModel.php(840): CodeIgniter\Model->doInsert(Array)
#6 C:\xampp\htdocs\Student_Management_Portal\system\Model.php(802): CodeIgniter\BaseModel->insert(Array, true)
#7 C:\xampp\htdocs\Student_Management_Portal\app\Controllers\Courses.php(565): CodeIgniter\Model->insert(Array)
#8 C:\xampp\htdocs\Student_Management_Portal\system\CodeIgniter.php(933): App\Controllers\Courses->save_slide('28')
#9 C:\xampp\htdocs\Student_Management_Portal\system\CodeIgniter.php(509): CodeIgniter\CodeIgniter->runController(Object(App\Controllers\Courses))
#10 C:\xampp\htdocs\Student_Management_Portal\system\CodeIgniter.php(355): CodeIgniter\CodeIgniter->handleRequest(NULL, Object(Config\Cache), false)
#11 C:\xampp\htdocs\Student_Management_Portal\system\Boot.php(325): CodeIgniter\CodeIgniter->run()
#12 C:\xampp\htdocs\Student_Management_Portal\system\Boot.php(67): CodeIgniter\Boot::runCodeIgniter(Object(CodeIgniter\CodeIgniter))
#13 C:\xampp\htdocs\Student_Management_Portal\index.php(56): CodeIgniter\Boot::bootWeb(Object(Config\Paths))
#14 {main}
CRITICAL - 2025-01-02 09:23:55 --> CodeIgniter\Database\Exceptions\DatabaseException: Unknown column 'updated_at' in 'field list'
[Method: POST, Route: courses/save_slide/28]
in SYSTEMPATH\Database\BaseConnection.php on line 688.
 1 SYSTEMPATH\Database\BaseBuilder.php(2340): CodeIgniter\Database\BaseConnection->query('INSERT INTO `slides` (`subject_id`, `topic`, `created_at`, `updated_at`) VALUES (:subject_id:, :topic:, :created_at:, :updated_at:)', [...], false)
 2 SYSTEMPATH\Model.php(394): CodeIgniter\Database\BaseBuilder->insert()
 3 SYSTEMPATH\BaseModel.php(840): CodeIgniter\Model->doInsert([...])
 4 SYSTEMPATH\Model.php(802): CodeIgniter\BaseModel->insert([...], true)
 5 APPPATH\Controllers\Courses.php(565): CodeIgniter\Model->insert([...])
 6 SYSTEMPATH\CodeIgniter.php(933): App\Controllers\Courses->save_slide('28')
 7 SYSTEMPATH\CodeIgniter.php(509): CodeIgniter\CodeIgniter->runController(Object(App\Controllers\Courses))
 8 SYSTEMPATH\CodeIgniter.php(355): CodeIgniter\CodeIgniter->handleRequest(null, Object(Config\Cache), false)
 9 SYSTEMPATH\Boot.php(325): CodeIgniter\CodeIgniter->run()
10 SYSTEMPATH\Boot.php(67): CodeIgniter\Boot::runCodeIgniter(Object(CodeIgniter\CodeIgniter))
11 FCPATH\index.php(56): CodeIgniter\Boot::bootWeb(Object(Config\Paths))
CRITICAL - 2025-01-02 09:23:55 --> [Caused by] CodeIgniter\Database\Exceptions\DatabaseException: Unknown column 'updated_at' in 'field list'
in SYSTEMPATH\Database\MySQLi\Connection.php on line 317.
 1 SYSTEMPATH\Database\BaseConnection.php(734): CodeIgniter\Database\MySQLi\Connection->execute('INSERT INTO `slides` (`subject_id`, `topic`, `created_at`, `updated_at`) VALUES (NULL, \'matrix\', \'2025-01-02 09:23:55\', \'2025-01-02 09:23:55\')')
 2 SYSTEMPATH\Database\BaseConnection.php(648): CodeIgniter\Database\BaseConnection->simpleQuery('INSERT INTO `slides` (`subject_id`, `topic`, `created_at`, `updated_at`) VALUES (NULL, \'matrix\', \'2025-01-02 09:23:55\', \'2025-01-02 09:23:55\')')
 3 SYSTEMPATH\Database\BaseBuilder.php(2340): CodeIgniter\Database\BaseConnection->query('INSERT INTO `slides` (`subject_id`, `topic`, `created_at`, `updated_at`) VALUES (:subject_id:, :topic:, :created_at:, :updated_at:)', [...], false)
 4 SYSTEMPATH\Model.php(394): CodeIgniter\Database\BaseBuilder->insert()
 5 SYSTEMPATH\BaseModel.php(840): CodeIgniter\Model->doInsert([...])
 6 SYSTEMPATH\Model.php(802): CodeIgniter\BaseModel->insert([...], true)
 7 APPPATH\Controllers\Courses.php(565): CodeIgniter\Model->insert([...])
 8 SYSTEMPATH\CodeIgniter.php(933): App\Controllers\Courses->save_slide('28')
 9 SYSTEMPATH\CodeIgniter.php(509): CodeIgniter\CodeIgniter->runController(Object(App\Controllers\Courses))
10 SYSTEMPATH\CodeIgniter.php(355): CodeIgniter\CodeIgniter->handleRequest(null, Object(Config\Cache), false)
11 SYSTEMPATH\Boot.php(325): CodeIgniter\CodeIgniter->run()
12 SYSTEMPATH\Boot.php(67): CodeIgniter\Boot::runCodeIgniter(Object(CodeIgniter\CodeIgniter))
13 FCPATH\index.php(56): CodeIgniter\Boot::bootWeb(Object(Config\Paths))
CRITICAL - 2025-01-02 09:23:55 --> [Caused by] mysqli_sql_exception: Unknown column 'updated_at' in 'field list'
in SYSTEMPATH\Database\MySQLi\Connection.php on line 312.
 1 SYSTEMPATH\Database\MySQLi\Connection.php(312): mysqli->query('INSERT INTO `slides` (`subject_id`, `topic`, `created_at`, `updated_at`) VALUES (NULL, \'matrix\', \'2025-01-02 09:23:55\', \'2025-01-02 09:23:55\')', 0)
 2 SYSTEMPATH\Database\BaseConnection.php(734): CodeIgniter\Database\MySQLi\Connection->execute('INSERT INTO `slides` (`subject_id`, `topic`, `created_at`, `updated_at`) VALUES (NULL, \'matrix\', \'2025-01-02 09:23:55\', \'2025-01-02 09:23:55\')')
 3 SYSTEMPATH\Database\BaseConnection.php(648): CodeIgniter\Database\BaseConnection->simpleQuery('INSERT INTO `slides` (`subject_id`, `topic`, `created_at`, `updated_at`) VALUES (NULL, \'matrix\', \'2025-01-02 09:23:55\', \'2025-01-02 09:23:55\')')
 4 SYSTEMPATH\Database\BaseBuilder.php(2340): CodeIgniter\Database\BaseConnection->query('INSERT INTO `slides` (`subject_id`, `topic`, `created_at`, `updated_at`) VALUES (:subject_id:, :topic:, :created_at:, :updated_at:)', [...], false)
 5 SYSTEMPATH\Model.php(394): CodeIgniter\Database\BaseBuilder->insert()
 6 SYSTEMPATH\BaseModel.php(840): CodeIgniter\Model->doInsert([...])
 7 SYSTEMPATH\Model.php(802): CodeIgniter\BaseModel->insert([...], true)
 8 APPPATH\Controllers\Courses.php(565): CodeIgniter\Model->insert([...])
 9 SYSTEMPATH\CodeIgniter.php(933): App\Controllers\Courses->save_slide('28')
10 SYSTEMPATH\CodeIgniter.php(509): CodeIgniter\CodeIgniter->runController(Object(App\Controllers\Courses))
11 SYSTEMPATH\CodeIgniter.php(355): CodeIgniter\CodeIgniter->handleRequest(null, Object(Config\Cache), false)
12 SYSTEMPATH\Boot.php(325): CodeIgniter\CodeIgniter->run()
13 SYSTEMPATH\Boot.php(67): CodeIgniter\Boot::runCodeIgniter(Object(CodeIgniter\CodeIgniter))
14 FCPATH\index.php(56): CodeIgniter\Boot::bootWeb(Object(Config\Paths))
CRITICAL - 2025-01-02 09:24:09 --> ErrorException: Trying to access array offset on value of type null
[Method: GET, Route: courses/view_slides/public/assests/Logo.png]
in APPPATH\Views\dashboard\courses\index_slides.php on line 6.
 1 APPPATH\Views\dashboard\courses\index_slides.php(6): CodeIgniter\Debug\Exceptions->errorHandler(2, 'Trying to access array offset on value of type null', 'C:\\xampp\\htdocs\\Student_Management_Portal\\app\\Views\\dashboard\\courses\\index_slides.php', 6)
 2 SYSTEMPATH\View\View.php(234): include('C:\\xampp\\htdocs\\Student_Management_Portal\\app\\Views\\dashboard\\courses\\index_slides.php')
 3 SYSTEMPATH\View\View.php(237): CodeIgniter\View\View->CodeIgniter\View\{closure}()
 4 SYSTEMPATH\Common.php(1171): CodeIgniter\View\View->render('dashboard/courses/index_slides', [], true)
 5 APPPATH\Controllers\Courses.php(537): view('dashboard/courses/index_slides', [...])
 6 SYSTEMPATH\CodeIgniter.php(933): App\Controllers\Courses->view_slides('public', 'assests', 'Logo.png')
 7 SYSTEMPATH\CodeIgniter.php(509): CodeIgniter\CodeIgniter->runController(Object(App\Controllers\Courses))
 8 SYSTEMPATH\CodeIgniter.php(355): CodeIgniter\CodeIgniter->handleRequest(null, Object(Config\Cache), false)
 9 SYSTEMPATH\Boot.php(325): CodeIgniter\CodeIgniter->run()
10 SYSTEMPATH\Boot.php(67): CodeIgniter\Boot::runCodeIgniter(Object(CodeIgniter\CodeIgniter))
11 FCPATH\index.php(56): CodeIgniter\Boot::bootWeb(Object(Config\Paths))
CRITICAL - 2025-01-02 09:24:10 --> ErrorException: Trying to access array offset on value of type null
[Method: GET, Route: courses/view_slides/public/assests/Logo.png]
in APPPATH\Views\dashboard\courses\index_slides.php on line 6.
 1 APPPATH\Views\dashboard\courses\index_slides.php(6): CodeIgniter\Debug\Exceptions->errorHandler(2, 'Trying to access array offset on value of type null', 'C:\\xampp\\htdocs\\Student_Management_Portal\\app\\Views\\dashboard\\courses\\index_slides.php', 6)
 2 SYSTEMPATH\View\View.php(234): include('C:\\xampp\\htdocs\\Student_Management_Portal\\app\\Views\\dashboard\\courses\\index_slides.php')
 3 SYSTEMPATH\View\View.php(237): CodeIgniter\View\View->CodeIgniter\View\{closure}()
 4 SYSTEMPATH\Common.php(1171): CodeIgniter\View\View->render('dashboard/courses/index_slides', [], true)
 5 APPPATH\Controllers\Courses.php(537): view('dashboard/courses/index_slides', [...])
 6 SYSTEMPATH\CodeIgniter.php(933): App\Controllers\Courses->view_slides('public', 'assests', 'Logo.png')
 7 SYSTEMPATH\CodeIgniter.php(509): CodeIgniter\CodeIgniter->runController(Object(App\Controllers\Courses))
 8 SYSTEMPATH\CodeIgniter.php(355): CodeIgniter\CodeIgniter->handleRequest(null, Object(Config\Cache), false)
 9 SYSTEMPATH\Boot.php(325): CodeIgniter\CodeIgniter->run()
10 SYSTEMPATH\Boot.php(67): CodeIgniter\Boot::runCodeIgniter(Object(CodeIgniter\CodeIgniter))
11 FCPATH\index.php(56): CodeIgniter\Boot::bootWeb(Object(Config\Paths))
ERROR - 2025-01-02 09:24:18 --> mysqli_sql_exception: Unknown column 'updated_at' in 'field list' in C:\xampp\htdocs\Student_Management_Portal\system\Database\MySQLi\Connection.php:312
Stack trace:
#0 C:\xampp\htdocs\Student_Management_Portal\system\Database\MySQLi\Connection.php(312): mysqli->query('INSERT INTO `sl...', 0)
#1 C:\xampp\htdocs\Student_Management_Portal\system\Database\BaseConnection.php(734): CodeIgniter\Database\MySQLi\Connection->execute('INSERT INTO `sl...')
#2 C:\xampp\htdocs\Student_Management_Portal\system\Database\BaseConnection.php(648): CodeIgniter\Database\BaseConnection->simpleQuery('INSERT INTO `sl...')
#3 C:\xampp\htdocs\Student_Management_Portal\system\Database\BaseBuilder.php(2340): CodeIgniter\Database\BaseConnection->query('INSERT INTO `sl...', Array, false)
#4 C:\xampp\htdocs\Student_Management_Portal\system\Model.php(394): CodeIgniter\Database\BaseBuilder->insert()
#5 C:\xampp\htdocs\Student_Management_Portal\system\BaseModel.php(840): CodeIgniter\Model->doInsert(Array)
#6 C:\xampp\htdocs\Student_Management_Portal\system\Model.php(802): CodeIgniter\BaseModel->insert(Array, true)
#7 C:\xampp\htdocs\Student_Management_Portal\app\Controllers\Courses.php(565): CodeIgniter\Model->insert(Array)
#8 C:\xampp\htdocs\Student_Management_Portal\system\CodeIgniter.php(933): App\Controllers\Courses->save_slide('28')
#9 C:\xampp\htdocs\Student_Management_Portal\system\CodeIgniter.php(509): CodeIgniter\CodeIgniter->runController(Object(App\Controllers\Courses))
#10 C:\xampp\htdocs\Student_Management_Portal\system\CodeIgniter.php(355): CodeIgniter\CodeIgniter->handleRequest(NULL, Object(Config\Cache), false)
#11 C:\xampp\htdocs\Student_Management_Portal\system\Boot.php(325): CodeIgniter\CodeIgniter->run()
#12 C:\xampp\htdocs\Student_Management_Portal\system\Boot.php(67): CodeIgniter\Boot::runCodeIgniter(Object(CodeIgniter\CodeIgniter))
#13 C:\xampp\htdocs\Student_Management_Portal\index.php(56): CodeIgniter\Boot::bootWeb(Object(Config\Paths))
#14 {main}
CRITICAL - 2025-01-02 09:24:18 --> CodeIgniter\Database\Exceptions\DatabaseException: Unknown column 'updated_at' in 'field list'
[Method: POST, Route: courses/save_slide/28]
in SYSTEMPATH\Database\BaseConnection.php on line 688.
 1 SYSTEMPATH\Database\BaseBuilder.php(2340): CodeIgniter\Database\BaseConnection->query('INSERT INTO `slides` (`subject_id`, `topic`, `created_at`, `updated_at`) VALUES (:subject_id:, :topic:, :created_at:, :updated_at:)', [...], false)
 2 SYSTEMPATH\Model.php(394): CodeIgniter\Database\BaseBuilder->insert()
 3 SYSTEMPATH\BaseModel.php(840): CodeIgniter\Model->doInsert([...])
 4 SYSTEMPATH\Model.php(802): CodeIgniter\BaseModel->insert([...], true)
 5 APPPATH\Controllers\Courses.php(565): CodeIgniter\Model->insert([...])
 6 SYSTEMPATH\CodeIgniter.php(933): App\Controllers\Courses->save_slide('28')
 7 SYSTEMPATH\CodeIgniter.php(509): CodeIgniter\CodeIgniter->runController(Object(App\Controllers\Courses))
 8 SYSTEMPATH\CodeIgniter.php(355): CodeIgniter\CodeIgniter->handleRequest(null, Object(Config\Cache), false)
 9 SYSTEMPATH\Boot.php(325): CodeIgniter\CodeIgniter->run()
10 SYSTEMPATH\Boot.php(67): CodeIgniter\Boot::runCodeIgniter(Object(CodeIgniter\CodeIgniter))
11 FCPATH\index.php(56): CodeIgniter\Boot::bootWeb(Object(Config\Paths))
CRITICAL - 2025-01-02 09:24:18 --> [Caused by] CodeIgniter\Database\Exceptions\DatabaseException: Unknown column 'updated_at' in 'field list'
in SYSTEMPATH\Database\MySQLi\Connection.php on line 317.
 1 SYSTEMPATH\Database\BaseConnection.php(734): CodeIgniter\Database\MySQLi\Connection->execute('INSERT INTO `slides` (`subject_id`, `topic`, `created_at`, `updated_at`) VALUES (NULL, \'matrix\', \'2025-01-02 09:24:18\', \'2025-01-02 09:24:18\')')
 2 SYSTEMPATH\Database\BaseConnection.php(648): CodeIgniter\Database\BaseConnection->simpleQuery('INSERT INTO `slides` (`subject_id`, `topic`, `created_at`, `updated_at`) VALUES (NULL, \'matrix\', \'2025-01-02 09:24:18\', \'2025-01-02 09:24:18\')')
 3 SYSTEMPATH\Database\BaseBuilder.php(2340): CodeIgniter\Database\BaseConnection->query('INSERT INTO `slides` (`subject_id`, `topic`, `created_at`, `updated_at`) VALUES (:subject_id:, :topic:, :created_at:, :updated_at:)', [...], false)
 4 SYSTEMPATH\Model.php(394): CodeIgniter\Database\BaseBuilder->insert()
 5 SYSTEMPATH\BaseModel.php(840): CodeIgniter\Model->doInsert([...])
 6 SYSTEMPATH\Model.php(802): CodeIgniter\BaseModel->insert([...], true)
 7 APPPATH\Controllers\Courses.php(565): CodeIgniter\Model->insert([...])
 8 SYSTEMPATH\CodeIgniter.php(933): App\Controllers\Courses->save_slide('28')
 9 SYSTEMPATH\CodeIgniter.php(509): CodeIgniter\CodeIgniter->runController(Object(App\Controllers\Courses))
10 SYSTEMPATH\CodeIgniter.php(355): CodeIgniter\CodeIgniter->handleRequest(null, Object(Config\Cache), false)
11 SYSTEMPATH\Boot.php(325): CodeIgniter\CodeIgniter->run()
12 SYSTEMPATH\Boot.php(67): CodeIgniter\Boot::runCodeIgniter(Object(CodeIgniter\CodeIgniter))
13 FCPATH\index.php(56): CodeIgniter\Boot::bootWeb(Object(Config\Paths))
CRITICAL - 2025-01-02 09:24:18 --> [Caused by] mysqli_sql_exception: Unknown column 'updated_at' in 'field list'
in SYSTEMPATH\Database\MySQLi\Connection.php on line 312.
 1 SYSTEMPATH\Database\MySQLi\Connection.php(312): mysqli->query('INSERT INTO `slides` (`subject_id`, `topic`, `created_at`, `updated_at`) VALUES (NULL, \'matrix\', \'2025-01-02 09:24:18\', \'2025-01-02 09:24:18\')', 0)
 2 SYSTEMPATH\Database\BaseConnection.php(734): CodeIgniter\Database\MySQLi\Connection->execute('INSERT INTO `slides` (`subject_id`, `topic`, `created_at`, `updated_at`) VALUES (NULL, \'matrix\', \'2025-01-02 09:24:18\', \'2025-01-02 09:24:18\')')
 3 SYSTEMPATH\Database\BaseConnection.php(648): CodeIgniter\Database\BaseConnection->simpleQuery('INSERT INTO `slides` (`subject_id`, `topic`, `created_at`, `updated_at`) VALUES (NULL, \'matrix\', \'2025-01-02 09:24:18\', \'2025-01-02 09:24:18\')')
 4 SYSTEMPATH\Database\BaseBuilder.php(2340): CodeIgniter\Database\BaseConnection->query('INSERT INTO `slides` (`subject_id`, `topic`, `created_at`, `updated_at`) VALUES (:subject_id:, :topic:, :created_at:, :updated_at:)', [...], false)
 5 SYSTEMPATH\Model.php(394): CodeIgniter\Database\BaseBuilder->insert()
 6 SYSTEMPATH\BaseModel.php(840): CodeIgniter\Model->doInsert([...])
 7 SYSTEMPATH\Model.php(802): CodeIgniter\BaseModel->insert([...], true)
 8 APPPATH\Controllers\Courses.php(565): CodeIgniter\Model->insert([...])
 9 SYSTEMPATH\CodeIgniter.php(933): App\Controllers\Courses->save_slide('28')
10 SYSTEMPATH\CodeIgniter.php(509): CodeIgniter\CodeIgniter->runController(Object(App\Controllers\Courses))
11 SYSTEMPATH\CodeIgniter.php(355): CodeIgniter\CodeIgniter->handleRequest(null, Object(Config\Cache), false)
12 SYSTEMPATH\Boot.php(325): CodeIgniter\CodeIgniter->run()
13 SYSTEMPATH\Boot.php(67): CodeIgniter\Boot::runCodeIgniter(Object(CodeIgniter\CodeIgniter))
14 FCPATH\index.php(56): CodeIgniter\Boot::bootWeb(Object(Config\Paths))
ERROR - 2025-01-02 09:30:55 --> mysqli_sql_exception: Column 'subject_id' cannot be null in C:\xampp\htdocs\Student_Management_Portal\system\Database\MySQLi\Connection.php:312
Stack trace:
#0 C:\xampp\htdocs\Student_Management_Portal\system\Database\MySQLi\Connection.php(312): mysqli->query('INSERT INTO `sl...', 0)
#1 C:\xampp\htdocs\Student_Management_Portal\system\Database\BaseConnection.php(734): CodeIgniter\Database\MySQLi\Connection->execute('INSERT INTO `sl...')
#2 C:\xampp\htdocs\Student_Management_Portal\system\Database\BaseConnection.php(648): CodeIgniter\Database\BaseConnection->simpleQuery('INSERT INTO `sl...')
#3 C:\xampp\htdocs\Student_Management_Portal\system\Database\BaseBuilder.php(2340): CodeIgniter\Database\BaseConnection->query('INSERT INTO `sl...', Array, false)
#4 C:\xampp\htdocs\Student_Management_Portal\system\Model.php(394): CodeIgniter\Database\BaseBuilder->insert()
#5 C:\xampp\htdocs\Student_Management_Portal\system\BaseModel.php(840): CodeIgniter\Model->doInsert(Array)
#6 C:\xampp\htdocs\Student_Management_Portal\system\Model.php(802): CodeIgniter\BaseModel->insert(Array, true)
#7 C:\xampp\htdocs\Student_Management_Portal\app\Controllers\Courses.php(568): CodeIgniter\Model->insert(Array)
#8 C:\xampp\htdocs\Student_Management_Portal\system\CodeIgniter.php(933): App\Controllers\Courses->save_slide('28')
#9 C:\xampp\htdocs\Student_Management_Portal\system\CodeIgniter.php(509): CodeIgniter\CodeIgniter->runController(Object(App\Controllers\Courses))
#10 C:\xampp\htdocs\Student_Management_Portal\system\CodeIgniter.php(355): CodeIgniter\CodeIgniter->handleRequest(NULL, Object(Config\Cache), false)
#11 C:\xampp\htdocs\Student_Management_Portal\system\Boot.php(325): CodeIgniter\CodeIgniter->run()
#12 C:\xampp\htdocs\Student_Management_Portal\system\Boot.php(67): CodeIgniter\Boot::runCodeIgniter(Object(CodeIgniter\CodeIgniter))
#13 C:\xampp\htdocs\Student_Management_Portal\index.php(56): CodeIgniter\Boot::bootWeb(Object(Config\Paths))
#14 {main}
CRITICAL - 2025-01-02 09:30:55 --> CodeIgniter\Database\Exceptions\DatabaseException: Column 'subject_id' cannot be null
[Method: POST, Route: courses/save_slide/28]
in SYSTEMPATH\Database\BaseConnection.php on line 688.
 1 SYSTEMPATH\Database\BaseBuilder.php(2340): CodeIgniter\Database\BaseConnection->query('INSERT INTO `slides` (`subject_id`, `topic`, `created_at`, `updated_at`) VALUES (:subject_id:, :topic:, :created_at:, :updated_at:)', [...], false)
 2 SYSTEMPATH\Model.php(394): CodeIgniter\Database\BaseBuilder->insert()
 3 SYSTEMPATH\BaseModel.php(840): CodeIgniter\Model->doInsert([...])
 4 SYSTEMPATH\Model.php(802): CodeIgniter\BaseModel->insert([...], true)
 5 APPPATH\Controllers\Courses.php(568): CodeIgniter\Model->insert([...])
 6 SYSTEMPATH\CodeIgniter.php(933): App\Controllers\Courses->save_slide('28')
 7 SYSTEMPATH\CodeIgniter.php(509): CodeIgniter\CodeIgniter->runController(Object(App\Controllers\Courses))
 8 SYSTEMPATH\CodeIgniter.php(355): CodeIgniter\CodeIgniter->handleRequest(null, Object(Config\Cache), false)
 9 SYSTEMPATH\Boot.php(325): CodeIgniter\CodeIgniter->run()
10 SYSTEMPATH\Boot.php(67): CodeIgniter\Boot::runCodeIgniter(Object(CodeIgniter\CodeIgniter))
11 FCPATH\index.php(56): CodeIgniter\Boot::bootWeb(Object(Config\Paths))
CRITICAL - 2025-01-02 09:30:55 --> [Caused by] CodeIgniter\Database\Exceptions\DatabaseException: Column 'subject_id' cannot be null
in SYSTEMPATH\Database\MySQLi\Connection.php on line 317.
 1 SYSTEMPATH\Database\BaseConnection.php(734): CodeIgniter\Database\MySQLi\Connection->execute('INSERT INTO `slides` (`subject_id`, `topic`, `created_at`, `updated_at`) VALUES (NULL, \'matrix\', \'2025-01-02 09:30:55\', \'2025-01-02 09:30:55\')')
 2 SYSTEMPATH\Database\BaseConnection.php(648): CodeIgniter\Database\BaseConnection->simpleQuery('INSERT INTO `slides` (`subject_id`, `topic`, `created_at`, `updated_at`) VALUES (NULL, \'matrix\', \'2025-01-02 09:30:55\', \'2025-01-02 09:30:55\')')
 3 SYSTEMPATH\Database\BaseBuilder.php(2340): CodeIgniter\Database\BaseConnection->query('INSERT INTO `slides` (`subject_id`, `topic`, `created_at`, `updated_at`) VALUES (:subject_id:, :topic:, :created_at:, :updated_at:)', [...], false)
 4 SYSTEMPATH\Model.php(394): CodeIgniter\Database\BaseBuilder->insert()
 5 SYSTEMPATH\BaseModel.php(840): CodeIgniter\Model->doInsert([...])
 6 SYSTEMPATH\Model.php(802): CodeIgniter\BaseModel->insert([...], true)
 7 APPPATH\Controllers\Courses.php(568): CodeIgniter\Model->insert([...])
 8 SYSTEMPATH\CodeIgniter.php(933): App\Controllers\Courses->save_slide('28')
 9 SYSTEMPATH\CodeIgniter.php(509): CodeIgniter\CodeIgniter->runController(Object(App\Controllers\Courses))
10 SYSTEMPATH\CodeIgniter.php(355): CodeIgniter\CodeIgniter->handleRequest(null, Object(Config\Cache), false)
11 SYSTEMPATH\Boot.php(325): CodeIgniter\CodeIgniter->run()
12 SYSTEMPATH\Boot.php(67): CodeIgniter\Boot::runCodeIgniter(Object(CodeIgniter\CodeIgniter))
13 FCPATH\index.php(56): CodeIgniter\Boot::bootWeb(Object(Config\Paths))
CRITICAL - 2025-01-02 09:30:55 --> [Caused by] mysqli_sql_exception: Column 'subject_id' cannot be null
in SYSTEMPATH\Database\MySQLi\Connection.php on line 312.
 1 SYSTEMPATH\Database\MySQLi\Connection.php(312): mysqli->query('INSERT INTO `slides` (`subject_id`, `topic`, `created_at`, `updated_at`) VALUES (NULL, \'matrix\', \'2025-01-02 09:30:55\', \'2025-01-02 09:30:55\')', 0)
 2 SYSTEMPATH\Database\BaseConnection.php(734): CodeIgniter\Database\MySQLi\Connection->execute('INSERT INTO `slides` (`subject_id`, `topic`, `created_at`, `updated_at`) VALUES (NULL, \'matrix\', \'2025-01-02 09:30:55\', \'2025-01-02 09:30:55\')')
 3 SYSTEMPATH\Database\BaseConnection.php(648): CodeIgniter\Database\BaseConnection->simpleQuery('INSERT INTO `slides` (`subject_id`, `topic`, `created_at`, `updated_at`) VALUES (NULL, \'matrix\', \'2025-01-02 09:30:55\', \'2025-01-02 09:30:55\')')
 4 SYSTEMPATH\Database\BaseBuilder.php(2340): CodeIgniter\Database\BaseConnection->query('INSERT INTO `slides` (`subject_id`, `topic`, `created_at`, `updated_at`) VALUES (:subject_id:, :topic:, :created_at:, :updated_at:)', [...], false)
 5 SYSTEMPATH\Model.php(394): CodeIgniter\Database\BaseBuilder->insert()
 6 SYSTEMPATH\BaseModel.php(840): CodeIgniter\Model->doInsert([...])
 7 SYSTEMPATH\Model.php(802): CodeIgniter\BaseModel->insert([...], true)
 8 APPPATH\Controllers\Courses.php(568): CodeIgniter\Model->insert([...])
 9 SYSTEMPATH\CodeIgniter.php(933): App\Controllers\Courses->save_slide('28')
10 SYSTEMPATH\CodeIgniter.php(509): CodeIgniter\CodeIgniter->runController(Object(App\Controllers\Courses))
11 SYSTEMPATH\CodeIgniter.php(355): CodeIgniter\CodeIgniter->handleRequest(null, Object(Config\Cache), false)
12 SYSTEMPATH\Boot.php(325): CodeIgniter\CodeIgniter->run()
13 SYSTEMPATH\Boot.php(67): CodeIgniter\Boot::runCodeIgniter(Object(CodeIgniter\CodeIgniter))
14 FCPATH\index.php(56): CodeIgniter\Boot::bootWeb(Object(Config\Paths))
CRITICAL - 2025-01-02 09:31:03 --> ErrorException: Trying to access array offset on value of type null
[Method: GET, Route: courses/view_slides/public/assests/Logo.png]
in APPPATH\Views\dashboard\courses\index_slides.php on line 6.
 1 APPPATH\Views\dashboard\courses\index_slides.php(6): CodeIgniter\Debug\Exceptions->errorHandler(2, 'Trying to access array offset on value of type null', 'C:\\xampp\\htdocs\\Student_Management_Portal\\app\\Views\\dashboard\\courses\\index_slides.php', 6)
 2 SYSTEMPATH\View\View.php(234): include('C:\\xampp\\htdocs\\Student_Management_Portal\\app\\Views\\dashboard\\courses\\index_slides.php')
 3 SYSTEMPATH\View\View.php(237): CodeIgniter\View\View->CodeIgniter\View\{closure}()
 4 SYSTEMPATH\Common.php(1171): CodeIgniter\View\View->render('dashboard/courses/index_slides', [], true)
 5 APPPATH\Controllers\Courses.php(537): view('dashboard/courses/index_slides', [...])
 6 SYSTEMPATH\CodeIgniter.php(933): App\Controllers\Courses->view_slides('public', 'assests', 'Logo.png')
 7 SYSTEMPATH\CodeIgniter.php(509): CodeIgniter\CodeIgniter->runController(Object(App\Controllers\Courses))
 8 SYSTEMPATH\CodeIgniter.php(355): CodeIgniter\CodeIgniter->handleRequest(null, Object(Config\Cache), false)
 9 SYSTEMPATH\Boot.php(325): CodeIgniter\CodeIgniter->run()
10 SYSTEMPATH\Boot.php(67): CodeIgniter\Boot::runCodeIgniter(Object(CodeIgniter\CodeIgniter))
11 FCPATH\index.php(56): CodeIgniter\Boot::bootWeb(Object(Config\Paths))
CRITICAL - 2025-01-02 09:31:04 --> ErrorException: Trying to access array offset on value of type null
[Method: GET, Route: courses/syllabus_subjects/2/public/assests/Logo.png]
in APPPATH\Views\dashboard\courses\index_subject.php on line 6.
 1 APPPATH\Views\dashboard\courses\index_subject.php(6): CodeIgniter\Debug\Exceptions->errorHandler(2, 'Trying to access array offset on value of type null', 'C:\\xampp\\htdocs\\Student_Management_Portal\\app\\Views\\dashboard\\courses\\index_subject.php', 6)
 2 SYSTEMPATH\View\View.php(234): include('C:\\xampp\\htdocs\\Student_Management_Portal\\app\\Views\\dashboard\\courses\\index_subject.php')
 3 SYSTEMPATH\View\View.php(237): CodeIgniter\View\View->CodeIgniter\View\{closure}()
 4 SYSTEMPATH\Common.php(1171): CodeIgniter\View\View->render('dashboard/courses/index_subject', [], true)
 5 APPPATH\Controllers\Courses.php(123): view('dashboard/courses/index_subject', [...])
 6 SYSTEMPATH\CodeIgniter.php(933): App\Controllers\Courses->syllabus_subjects('2', 'public', 'assests', 'Logo.png')
 7 SYSTEMPATH\CodeIgniter.php(509): CodeIgniter\CodeIgniter->runController(Object(App\Controllers\Courses))
 8 SYSTEMPATH\CodeIgniter.php(355): CodeIgniter\CodeIgniter->handleRequest(null, Object(Config\Cache), false)
 9 SYSTEMPATH\Boot.php(325): CodeIgniter\CodeIgniter->run()
10 SYSTEMPATH\Boot.php(67): CodeIgniter\Boot::runCodeIgniter(Object(CodeIgniter\CodeIgniter))
11 FCPATH\index.php(56): CodeIgniter\Boot::bootWeb(Object(Config\Paths))
INFO - 2025-01-02 09:31:11 --> Session: Class initialized using 'CodeIgniter\Session\Handlers\FileHandler' driver.
CRITICAL - 2025-01-02 09:31:13 --> ErrorException: Trying to access array offset on value of type null
[Method: GET, Route: courses/syllabus_subjects/2/public/assests/Logo.png]
in APPPATH\Views\dashboard\courses\index_subject.php on line 6.
 1 APPPATH\Views\dashboard\courses\index_subject.php(6): CodeIgniter\Debug\Exceptions->errorHandler(2, 'Trying to access array offset on value of type null', 'C:\\xampp\\htdocs\\Student_Management_Portal\\app\\Views\\dashboard\\courses\\index_subject.php', 6)
 2 SYSTEMPATH\View\View.php(234): include('C:\\xampp\\htdocs\\Student_Management_Portal\\app\\Views\\dashboard\\courses\\index_subject.php')
 3 SYSTEMPATH\View\View.php(237): CodeIgniter\View\View->CodeIgniter\View\{closure}()
 4 SYSTEMPATH\Common.php(1171): CodeIgniter\View\View->render('dashboard/courses/index_subject', [], true)
 5 APPPATH\Controllers\Courses.php(123): view('dashboard/courses/index_subject', [...])
 6 SYSTEMPATH\CodeIgniter.php(933): App\Controllers\Courses->syllabus_subjects('2', 'public', 'assests', 'Logo.png')
 7 SYSTEMPATH\CodeIgniter.php(509): CodeIgniter\CodeIgniter->runController(Object(App\Controllers\Courses))
 8 SYSTEMPATH\CodeIgniter.php(355): CodeIgniter\CodeIgniter->handleRequest(null, Object(Config\Cache), false)
 9 SYSTEMPATH\Boot.php(325): CodeIgniter\CodeIgniter->run()
10 SYSTEMPATH\Boot.php(67): CodeIgniter\Boot::runCodeIgniter(Object(CodeIgniter\CodeIgniter))
11 FCPATH\index.php(56): CodeIgniter\Boot::bootWeb(Object(Config\Paths))
CRITICAL - 2025-01-02 09:31:16 --> ErrorException: Trying to access array offset on value of type null
[Method: GET, Route: courses/view_slides/public/assests/Logo.png]
in APPPATH\Views\dashboard\courses\index_slides.php on line 6.
 1 APPPATH\Views\dashboard\courses\index_slides.php(6): CodeIgniter\Debug\Exceptions->errorHandler(2, 'Trying to access array offset on value of type null', 'C:\\xampp\\htdocs\\Student_Management_Portal\\app\\Views\\dashboard\\courses\\index_slides.php', 6)
 2 SYSTEMPATH\View\View.php(234): include('C:\\xampp\\htdocs\\Student_Management_Portal\\app\\Views\\dashboard\\courses\\index_slides.php')
 3 SYSTEMPATH\View\View.php(237): CodeIgniter\View\View->CodeIgniter\View\{closure}()
 4 SYSTEMPATH\Common.php(1171): CodeIgniter\View\View->render('dashboard/courses/index_slides', [], true)
 5 APPPATH\Controllers\Courses.php(537): view('dashboard/courses/index_slides', [...])
 6 SYSTEMPATH\CodeIgniter.php(933): App\Controllers\Courses->view_slides('public', 'assests', 'Logo.png')
 7 SYSTEMPATH\CodeIgniter.php(509): CodeIgniter\CodeIgniter->runController(Object(App\Controllers\Courses))
 8 SYSTEMPATH\CodeIgniter.php(355): CodeIgniter\CodeIgniter->handleRequest(null, Object(Config\Cache), false)
 9 SYSTEMPATH\Boot.php(325): CodeIgniter\CodeIgniter->run()
10 SYSTEMPATH\Boot.php(67): CodeIgniter\Boot::runCodeIgniter(Object(CodeIgniter\CodeIgniter))
11 FCPATH\index.php(56): CodeIgniter\Boot::bootWeb(Object(Config\Paths))
ERROR - 2025-01-02 09:31:23 --> mysqli_sql_exception: Column 'subject_id' cannot be null in C:\xampp\htdocs\Student_Management_Portal\system\Database\MySQLi\Connection.php:312
Stack trace:
#0 C:\xampp\htdocs\Student_Management_Portal\system\Database\MySQLi\Connection.php(312): mysqli->query('INSERT INTO `sl...', 0)
#1 C:\xampp\htdocs\Student_Management_Portal\system\Database\BaseConnection.php(734): CodeIgniter\Database\MySQLi\Connection->execute('INSERT INTO `sl...')
#2 C:\xampp\htdocs\Student_Management_Portal\system\Database\BaseConnection.php(648): CodeIgniter\Database\BaseConnection->simpleQuery('INSERT INTO `sl...')
#3 C:\xampp\htdocs\Student_Management_Portal\system\Database\BaseBuilder.php(2340): CodeIgniter\Database\BaseConnection->query('INSERT INTO `sl...', Array, false)
#4 C:\xampp\htdocs\Student_Management_Portal\system\Model.php(394): CodeIgniter\Database\BaseBuilder->insert()
#5 C:\xampp\htdocs\Student_Management_Portal\system\BaseModel.php(840): CodeIgniter\Model->doInsert(Array)
#6 C:\xampp\htdocs\Student_Management_Portal\system\Model.php(802): CodeIgniter\BaseModel->insert(Array, true)
#7 C:\xampp\htdocs\Student_Management_Portal\app\Controllers\Courses.php(568): CodeIgniter\Model->insert(Array)
#8 C:\xampp\htdocs\Student_Management_Portal\system\CodeIgniter.php(933): App\Controllers\Courses->save_slide('15')
#9 C:\xampp\htdocs\Student_Management_Portal\system\CodeIgniter.php(509): CodeIgniter\CodeIgniter->runController(Object(App\Controllers\Courses))
#10 C:\xampp\htdocs\Student_Management_Portal\system\CodeIgniter.php(355): CodeIgniter\CodeIgniter->handleRequest(NULL, Object(Config\Cache), false)
#11 C:\xampp\htdocs\Student_Management_Portal\system\Boot.php(325): CodeIgniter\CodeIgniter->run()
#12 C:\xampp\htdocs\Student_Management_Portal\system\Boot.php(67): CodeIgniter\Boot::runCodeIgniter(Object(CodeIgniter\CodeIgniter))
#13 C:\xampp\htdocs\Student_Management_Portal\index.php(56): CodeIgniter\Boot::bootWeb(Object(Config\Paths))
#14 {main}
CRITICAL - 2025-01-02 09:31:23 --> CodeIgniter\Database\Exceptions\DatabaseException: Column 'subject_id' cannot be null
[Method: POST, Route: courses/save_slide/15]
in SYSTEMPATH\Database\BaseConnection.php on line 688.
 1 SYSTEMPATH\Database\BaseBuilder.php(2340): CodeIgniter\Database\BaseConnection->query('INSERT INTO `slides` (`subject_id`, `topic`, `created_at`, `updated_at`) VALUES (:subject_id:, :topic:, :created_at:, :updated_at:)', [...], false)
 2 SYSTEMPATH\Model.php(394): CodeIgniter\Database\BaseBuilder->insert()
 3 SYSTEMPATH\BaseModel.php(840): CodeIgniter\Model->doInsert([...])
 4 SYSTEMPATH\Model.php(802): CodeIgniter\BaseModel->insert([...], true)
 5 APPPATH\Controllers\Courses.php(568): CodeIgniter\Model->insert([...])
 6 SYSTEMPATH\CodeIgniter.php(933): App\Controllers\Courses->save_slide('15')
 7 SYSTEMPATH\CodeIgniter.php(509): CodeIgniter\CodeIgniter->runController(Object(App\Controllers\Courses))
 8 SYSTEMPATH\CodeIgniter.php(355): CodeIgniter\CodeIgniter->handleRequest(null, Object(Config\Cache), false)
 9 SYSTEMPATH\Boot.php(325): CodeIgniter\CodeIgniter->run()
10 SYSTEMPATH\Boot.php(67): CodeIgniter\Boot::runCodeIgniter(Object(CodeIgniter\CodeIgniter))
11 FCPATH\index.php(56): CodeIgniter\Boot::bootWeb(Object(Config\Paths))
CRITICAL - 2025-01-02 09:31:23 --> [Caused by] CodeIgniter\Database\Exceptions\DatabaseException: Column 'subject_id' cannot be null
in SYSTEMPATH\Database\MySQLi\Connection.php on line 317.
 1 SYSTEMPATH\Database\BaseConnection.php(734): CodeIgniter\Database\MySQLi\Connection->execute('INSERT INTO `slides` (`subject_id`, `topic`, `created_at`, `updated_at`) VALUES (NULL, \'matrix\', \'2025-01-02 09:31:23\', \'2025-01-02 09:31:23\')')
 2 SYSTEMPATH\Database\BaseConnection.php(648): CodeIgniter\Database\BaseConnection->simpleQuery('INSERT INTO `slides` (`subject_id`, `topic`, `created_at`, `updated_at`) VALUES (NULL, \'matrix\', \'2025-01-02 09:31:23\', \'2025-01-02 09:31:23\')')
 3 SYSTEMPATH\Database\BaseBuilder.php(2340): CodeIgniter\Database\BaseConnection->query('INSERT INTO `slides` (`subject_id`, `topic`, `created_at`, `updated_at`) VALUES (:subject_id:, :topic:, :created_at:, :updated_at:)', [...], false)
 4 SYSTEMPATH\Model.php(394): CodeIgniter\Database\BaseBuilder->insert()
 5 SYSTEMPATH\BaseModel.php(840): CodeIgniter\Model->doInsert([...])
 6 SYSTEMPATH\Model.php(802): CodeIgniter\BaseModel->insert([...], true)
 7 APPPATH\Controllers\Courses.php(568): CodeIgniter\Model->insert([...])
 8 SYSTEMPATH\CodeIgniter.php(933): App\Controllers\Courses->save_slide('15')
 9 SYSTEMPATH\CodeIgniter.php(509): CodeIgniter\CodeIgniter->runController(Object(App\Controllers\Courses))
10 SYSTEMPATH\CodeIgniter.php(355): CodeIgniter\CodeIgniter->handleRequest(null, Object(Config\Cache), false)
11 SYSTEMPATH\Boot.php(325): CodeIgniter\CodeIgniter->run()
12 SYSTEMPATH\Boot.php(67): CodeIgniter\Boot::runCodeIgniter(Object(CodeIgniter\CodeIgniter))
13 FCPATH\index.php(56): CodeIgniter\Boot::bootWeb(Object(Config\Paths))
CRITICAL - 2025-01-02 09:31:23 --> [Caused by] mysqli_sql_exception: Column 'subject_id' cannot be null
in SYSTEMPATH\Database\MySQLi\Connection.php on line 312.
 1 SYSTEMPATH\Database\MySQLi\Connection.php(312): mysqli->query('INSERT INTO `slides` (`subject_id`, `topic`, `created_at`, `updated_at`) VALUES (NULL, \'matrix\', \'2025-01-02 09:31:23\', \'2025-01-02 09:31:23\')', 0)
 2 SYSTEMPATH\Database\BaseConnection.php(734): CodeIgniter\Database\MySQLi\Connection->execute('INSERT INTO `slides` (`subject_id`, `topic`, `created_at`, `updated_at`) VALUES (NULL, \'matrix\', \'2025-01-02 09:31:23\', \'2025-01-02 09:31:23\')')
 3 SYSTEMPATH\Database\BaseConnection.php(648): CodeIgniter\Database\BaseConnection->simpleQuery('INSERT INTO `slides` (`subject_id`, `topic`, `created_at`, `updated_at`) VALUES (NULL, \'matrix\', \'2025-01-02 09:31:23\', \'2025-01-02 09:31:23\')')
 4 SYSTEMPATH\Database\BaseBuilder.php(2340): CodeIgniter\Database\BaseConnection->query('INSERT INTO `slides` (`subject_id`, `topic`, `created_at`, `updated_at`) VALUES (:subject_id:, :topic:, :created_at:, :updated_at:)', [...], false)
 5 SYSTEMPATH\Model.php(394): CodeIgniter\Database\BaseBuilder->insert()
 6 SYSTEMPATH\BaseModel.php(840): CodeIgniter\Model->doInsert([...])
 7 SYSTEMPATH\Model.php(802): CodeIgniter\BaseModel->insert([...], true)
 8 APPPATH\Controllers\Courses.php(568): CodeIgniter\Model->insert([...])
 9 SYSTEMPATH\CodeIgniter.php(933): App\Controllers\Courses->save_slide('15')
10 SYSTEMPATH\CodeIgniter.php(509): CodeIgniter\CodeIgniter->runController(Object(App\Controllers\Courses))
11 SYSTEMPATH\CodeIgniter.php(355): CodeIgniter\CodeIgniter->handleRequest(null, Object(Config\Cache), false)
12 SYSTEMPATH\Boot.php(325): CodeIgniter\CodeIgniter->run()
13 SYSTEMPATH\Boot.php(67): CodeIgniter\Boot::runCodeIgniter(Object(CodeIgniter\CodeIgniter))
14 FCPATH\index.php(56): CodeIgniter\Boot::bootWeb(Object(Config\Paths))
CRITICAL - 2025-01-02 09:37:08 --> ErrorException: Undefined variable $subjects
[Method: GET, Route: courses/add_slide/15]
in APPPATH\Views\dashboard\courses\add_slide.php on line 15.
 1 APPPATH\Views\dashboard\courses\add_slide.php(15): CodeIgniter\Debug\Exceptions->errorHandler(2, 'Undefined variable $subjects', 'C:\\xampp\\htdocs\\Student_Management_Portal\\app\\Views\\dashboard\\courses\\add_slide.php', 15)
 2 SYSTEMPATH\View\View.php(234): include('C:\\xampp\\htdocs\\Student_Management_Portal\\app\\Views\\dashboard\\courses\\add_slide.php')
 3 SYSTEMPATH\View\View.php(237): CodeIgniter\View\View->CodeIgniter\View\{closure}()
 4 SYSTEMPATH\Common.php(1171): CodeIgniter\View\View->render('dashboard/courses/add_slide', [], true)
 5 APPPATH\Controllers\Courses.php(555): view('dashboard/courses/add_slide', [...])
 6 SYSTEMPATH\CodeIgniter.php(933): App\Controllers\Courses->add_slide('15')
 7 SYSTEMPATH\CodeIgniter.php(509): CodeIgniter\CodeIgniter->runController(Object(App\Controllers\Courses))
 8 SYSTEMPATH\CodeIgniter.php(355): CodeIgniter\CodeIgniter->handleRequest(null, Object(Config\Cache), false)
 9 SYSTEMPATH\Boot.php(325): CodeIgniter\CodeIgniter->run()
10 SYSTEMPATH\Boot.php(67): CodeIgniter\Boot::runCodeIgniter(Object(CodeIgniter\CodeIgniter))
11 FCPATH\index.php(56): CodeIgniter\Boot::bootWeb(Object(Config\Paths))
CRITICAL - 2025-01-02 09:37:13 --> ErrorException: Trying to access array offset on value of type null
[Method: GET, Route: courses/view_slides/public/assests/Logo.png]
in APPPATH\Views\dashboard\courses\index_slides.php on line 6.
 1 APPPATH\Views\dashboard\courses\index_slides.php(6): CodeIgniter\Debug\Exceptions->errorHandler(2, 'Trying to access array offset on value of type null', 'C:\\xampp\\htdocs\\Student_Management_Portal\\app\\Views\\dashboard\\courses\\index_slides.php', 6)
 2 SYSTEMPATH\View\View.php(234): include('C:\\xampp\\htdocs\\Student_Management_Portal\\app\\Views\\dashboard\\courses\\index_slides.php')
 3 SYSTEMPATH\View\View.php(237): CodeIgniter\View\View->CodeIgniter\View\{closure}()
 4 SYSTEMPATH\Common.php(1171): CodeIgniter\View\View->render('dashboard/courses/index_slides', [], true)
 5 APPPATH\Controllers\Courses.php(537): view('dashboard/courses/index_slides', [...])
 6 SYSTEMPATH\CodeIgniter.php(933): App\Controllers\Courses->view_slides('public', 'assests', 'Logo.png')
 7 SYSTEMPATH\CodeIgniter.php(509): CodeIgniter\CodeIgniter->runController(Object(App\Controllers\Courses))
 8 SYSTEMPATH\CodeIgniter.php(355): CodeIgniter\CodeIgniter->handleRequest(null, Object(Config\Cache), false)
 9 SYSTEMPATH\Boot.php(325): CodeIgniter\CodeIgniter->run()
10 SYSTEMPATH\Boot.php(67): CodeIgniter\Boot::runCodeIgniter(Object(CodeIgniter\CodeIgniter))
11 FCPATH\index.php(56): CodeIgniter\Boot::bootWeb(Object(Config\Paths))
CRITICAL - 2025-01-02 09:37:14 --> ErrorException: Undefined variable $subjects
[Method: GET, Route: courses/add_slide/15]
in APPPATH\Views\dashboard\courses\add_slide.php on line 15.
 1 APPPATH\Views\dashboard\courses\add_slide.php(15): CodeIgniter\Debug\Exceptions->errorHandler(2, 'Undefined variable $subjects', 'C:\\xampp\\htdocs\\Student_Management_Portal\\app\\Views\\dashboard\\courses\\add_slide.php', 15)
 2 SYSTEMPATH\View\View.php(234): include('C:\\xampp\\htdocs\\Student_Management_Portal\\app\\Views\\dashboard\\courses\\add_slide.php')
 3 SYSTEMPATH\View\View.php(237): CodeIgniter\View\View->CodeIgniter\View\{closure}()
 4 SYSTEMPATH\Common.php(1171): CodeIgniter\View\View->render('dashboard/courses/add_slide', [], true)
 5 APPPATH\Controllers\Courses.php(555): view('dashboard/courses/add_slide', [...])
 6 SYSTEMPATH\CodeIgniter.php(933): App\Controllers\Courses->add_slide('15')
 7 SYSTEMPATH\CodeIgniter.php(509): CodeIgniter\CodeIgniter->runController(Object(App\Controllers\Courses))
 8 SYSTEMPATH\CodeIgniter.php(355): CodeIgniter\CodeIgniter->handleRequest(null, Object(Config\Cache), false)
 9 SYSTEMPATH\Boot.php(325): CodeIgniter\CodeIgniter->run()
10 SYSTEMPATH\Boot.php(67): CodeIgniter\Boot::runCodeIgniter(Object(CodeIgniter\CodeIgniter))
11 FCPATH\index.php(56): CodeIgniter\Boot::bootWeb(Object(Config\Paths))
CRITICAL - 2025-01-02 09:41:06 --> ErrorException: Trying to access array offset on value of type null
[Method: GET, Route: courses/view_slides/public/assests/Logo.png]
in APPPATH\Views\dashboard\courses\index_slides.php on line 6.
 1 APPPATH\Views\dashboard\courses\index_slides.php(6): CodeIgniter\Debug\Exceptions->errorHandler(2, 'Trying to access array offset on value of type null', 'C:\\xampp\\htdocs\\Student_Management_Portal\\app\\Views\\dashboard\\courses\\index_slides.php', 6)
 2 SYSTEMPATH\View\View.php(234): include('C:\\xampp\\htdocs\\Student_Management_Portal\\app\\Views\\dashboard\\courses\\index_slides.php')
 3 SYSTEMPATH\View\View.php(237): CodeIgniter\View\View->CodeIgniter\View\{closure}()
 4 SYSTEMPATH\Common.php(1171): CodeIgniter\View\View->render('dashboard/courses/index_slides', [], true)
 5 APPPATH\Controllers\Courses.php(537): view('dashboard/courses/index_slides', [...])
 6 SYSTEMPATH\CodeIgniter.php(933): App\Controllers\Courses->view_slides('public', 'assests', 'Logo.png')
 7 SYSTEMPATH\CodeIgniter.php(509): CodeIgniter\CodeIgniter->runController(Object(App\Controllers\Courses))
 8 SYSTEMPATH\CodeIgniter.php(355): CodeIgniter\CodeIgniter->handleRequest(null, Object(Config\Cache), false)
 9 SYSTEMPATH\Boot.php(325): CodeIgniter\CodeIgniter->run()
10 SYSTEMPATH\Boot.php(67): CodeIgniter\Boot::runCodeIgniter(Object(CodeIgniter\CodeIgniter))
11 FCPATH\index.php(56): CodeIgniter\Boot::bootWeb(Object(Config\Paths))
CRITICAL - 2025-01-02 09:41:09 --> ErrorException: Trying to access array offset on value of type null
[Method: GET, Route: courses/view_slides/public/assests/Logo.png]
in APPPATH\Views\dashboard\courses\index_slides.php on line 6.
 1 APPPATH\Views\dashboard\courses\index_slides.php(6): CodeIgniter\Debug\Exceptions->errorHandler(2, 'Trying to access array offset on value of type null', 'C:\\xampp\\htdocs\\Student_Management_Portal\\app\\Views\\dashboard\\courses\\index_slides.php', 6)
 2 SYSTEMPATH\View\View.php(234): include('C:\\xampp\\htdocs\\Student_Management_Portal\\app\\Views\\dashboard\\courses\\index_slides.php')
 3 SYSTEMPATH\View\View.php(237): CodeIgniter\View\View->CodeIgniter\View\{closure}()
 4 SYSTEMPATH\Common.php(1171): CodeIgniter\View\View->render('dashboard/courses/index_slides', [], true)
 5 APPPATH\Controllers\Courses.php(537): view('dashboard/courses/index_slides', [...])
 6 SYSTEMPATH\CodeIgniter.php(933): App\Controllers\Courses->view_slides('public', 'assests', 'Logo.png')
 7 SYSTEMPATH\CodeIgniter.php(509): CodeIgniter\CodeIgniter->runController(Object(App\Controllers\Courses))
 8 SYSTEMPATH\CodeIgniter.php(355): CodeIgniter\CodeIgniter->handleRequest(null, Object(Config\Cache), false)
 9 SYSTEMPATH\Boot.php(325): CodeIgniter\CodeIgniter->run()
10 SYSTEMPATH\Boot.php(67): CodeIgniter\Boot::runCodeIgniter(Object(CodeIgniter\CodeIgniter))
11 FCPATH\index.php(56): CodeIgniter\Boot::bootWeb(Object(Config\Paths))
CRITICAL - 2025-01-02 09:41:16 --> ErrorException: Trying to access array offset on value of type null
[Method: GET, Route: courses/view_slides/public/assests/Logo.png]
in APPPATH\Views\dashboard\courses\index_slides.php on line 6.
 1 APPPATH\Views\dashboard\courses\index_slides.php(6): CodeIgniter\Debug\Exceptions->errorHandler(2, 'Trying to access array offset on value of type null', 'C:\\xampp\\htdocs\\Student_Management_Portal\\app\\Views\\dashboard\\courses\\index_slides.php', 6)
 2 SYSTEMPATH\View\View.php(234): include('C:\\xampp\\htdocs\\Student_Management_Portal\\app\\Views\\dashboard\\courses\\index_slides.php')
 3 SYSTEMPATH\View\View.php(237): CodeIgniter\View\View->CodeIgniter\View\{closure}()
 4 SYSTEMPATH\Common.php(1171): CodeIgniter\View\View->render('dashboard/courses/index_slides', [], true)
 5 APPPATH\Controllers\Courses.php(537): view('dashboard/courses/index_slides', [...])
 6 SYSTEMPATH\CodeIgniter.php(933): App\Controllers\Courses->view_slides('public', 'assests', 'Logo.png')
 7 SYSTEMPATH\CodeIgniter.php(509): CodeIgniter\CodeIgniter->runController(Object(App\Controllers\Courses))
 8 SYSTEMPATH\CodeIgniter.php(355): CodeIgniter\CodeIgniter->handleRequest(null, Object(Config\Cache), false)
 9 SYSTEMPATH\Boot.php(325): CodeIgniter\CodeIgniter->run()
10 SYSTEMPATH\Boot.php(67): CodeIgniter\Boot::runCodeIgniter(Object(CodeIgniter\CodeIgniter))
11 FCPATH\index.php(56): CodeIgniter\Boot::bootWeb(Object(Config\Paths))
ERROR - 2025-01-02 09:41:28 --> mysqli_sql_exception: Column 'subject_id' cannot be null in C:\xampp\htdocs\Student_Management_Portal\system\Database\MySQLi\Connection.php:312
Stack trace:
#0 C:\xampp\htdocs\Student_Management_Portal\system\Database\MySQLi\Connection.php(312): mysqli->query('INSERT INTO `sl...', 0)
#1 C:\xampp\htdocs\Student_Management_Portal\system\Database\BaseConnection.php(734): CodeIgniter\Database\MySQLi\Connection->execute('INSERT INTO `sl...')
#2 C:\xampp\htdocs\Student_Management_Portal\system\Database\BaseConnection.php(648): CodeIgniter\Database\BaseConnection->simpleQuery('INSERT INTO `sl...')
#3 C:\xampp\htdocs\Student_Management_Portal\system\Database\BaseBuilder.php(2340): CodeIgniter\Database\BaseConnection->query('INSERT INTO `sl...', Array, false)
#4 C:\xampp\htdocs\Student_Management_Portal\system\Model.php(394): CodeIgniter\Database\BaseBuilder->insert()
#5 C:\xampp\htdocs\Student_Management_Portal\system\BaseModel.php(840): CodeIgniter\Model->doInsert(Array)
#6 C:\xampp\htdocs\Student_Management_Portal\system\Model.php(802): CodeIgniter\BaseModel->insert(Array, true)
#7 C:\xampp\htdocs\Student_Management_Portal\app\Controllers\Courses.php(568): CodeIgniter\Model->insert(Array)
#8 C:\xampp\htdocs\Student_Management_Portal\system\CodeIgniter.php(933): App\Controllers\Courses->save_slide('15')
#9 C:\xampp\htdocs\Student_Management_Portal\system\CodeIgniter.php(509): CodeIgniter\CodeIgniter->runController(Object(App\Controllers\Courses))
#10 C:\xampp\htdocs\Student_Management_Portal\system\CodeIgniter.php(355): CodeIgniter\CodeIgniter->handleRequest(NULL, Object(Config\Cache), false)
#11 C:\xampp\htdocs\Student_Management_Portal\system\Boot.php(325): CodeIgniter\CodeIgniter->run()
#12 C:\xampp\htdocs\Student_Management_Portal\system\Boot.php(67): CodeIgniter\Boot::runCodeIgniter(Object(CodeIgniter\CodeIgniter))
#13 C:\xampp\htdocs\Student_Management_Portal\index.php(56): CodeIgniter\Boot::bootWeb(Object(Config\Paths))
#14 {main}
CRITICAL - 2025-01-02 09:41:28 --> CodeIgniter\Database\Exceptions\DatabaseException: Column 'subject_id' cannot be null
[Method: POST, Route: courses/save_slide/15]
in SYSTEMPATH\Database\BaseConnection.php on line 688.
 1 SYSTEMPATH\Database\BaseBuilder.php(2340): CodeIgniter\Database\BaseConnection->query('INSERT INTO `slides` (`subject_id`, `topic`, `created_at`, `updated_at`) VALUES (:subject_id:, :topic:, :created_at:, :updated_at:)', [...], false)
 2 SYSTEMPATH\Model.php(394): CodeIgniter\Database\BaseBuilder->insert()
 3 SYSTEMPATH\BaseModel.php(840): CodeIgniter\Model->doInsert([...])
 4 SYSTEMPATH\Model.php(802): CodeIgniter\BaseModel->insert([...], true)
 5 APPPATH\Controllers\Courses.php(568): CodeIgniter\Model->insert([...])
 6 SYSTEMPATH\CodeIgniter.php(933): App\Controllers\Courses->save_slide('15')
 7 SYSTEMPATH\CodeIgniter.php(509): CodeIgniter\CodeIgniter->runController(Object(App\Controllers\Courses))
 8 SYSTEMPATH\CodeIgniter.php(355): CodeIgniter\CodeIgniter->handleRequest(null, Object(Config\Cache), false)
 9 SYSTEMPATH\Boot.php(325): CodeIgniter\CodeIgniter->run()
10 SYSTEMPATH\Boot.php(67): CodeIgniter\Boot::runCodeIgniter(Object(CodeIgniter\CodeIgniter))
11 FCPATH\index.php(56): CodeIgniter\Boot::bootWeb(Object(Config\Paths))
CRITICAL - 2025-01-02 09:41:28 --> [Caused by] CodeIgniter\Database\Exceptions\DatabaseException: Column 'subject_id' cannot be null
in SYSTEMPATH\Database\MySQLi\Connection.php on line 317.
 1 SYSTEMPATH\Database\BaseConnection.php(734): CodeIgniter\Database\MySQLi\Connection->execute('INSERT INTO `slides` (`subject_id`, `topic`, `created_at`, `updated_at`) VALUES (NULL, \'matrix\', \'2025-01-02 09:41:28\', \'2025-01-02 09:41:28\')')
 2 SYSTEMPATH\Database\BaseConnection.php(648): CodeIgniter\Database\BaseConnection->simpleQuery('INSERT INTO `slides` (`subject_id`, `topic`, `created_at`, `updated_at`) VALUES (NULL, \'matrix\', \'2025-01-02 09:41:28\', \'2025-01-02 09:41:28\')')
 3 SYSTEMPATH\Database\BaseBuilder.php(2340): CodeIgniter\Database\BaseConnection->query('INSERT INTO `slides` (`subject_id`, `topic`, `created_at`, `updated_at`) VALUES (:subject_id:, :topic:, :created_at:, :updated_at:)', [...], false)
 4 SYSTEMPATH\Model.php(394): CodeIgniter\Database\BaseBuilder->insert()
 5 SYSTEMPATH\BaseModel.php(840): CodeIgniter\Model->doInsert([...])
 6 SYSTEMPATH\Model.php(802): CodeIgniter\BaseModel->insert([...], true)
 7 APPPATH\Controllers\Courses.php(568): CodeIgniter\Model->insert([...])
 8 SYSTEMPATH\CodeIgniter.php(933): App\Controllers\Courses->save_slide('15')
 9 SYSTEMPATH\CodeIgniter.php(509): CodeIgniter\CodeIgniter->runController(Object(App\Controllers\Courses))
10 SYSTEMPATH\CodeIgniter.php(355): CodeIgniter\CodeIgniter->handleRequest(null, Object(Config\Cache), false)
11 SYSTEMPATH\Boot.php(325): CodeIgniter\CodeIgniter->run()
12 SYSTEMPATH\Boot.php(67): CodeIgniter\Boot::runCodeIgniter(Object(CodeIgniter\CodeIgniter))
13 FCPATH\index.php(56): CodeIgniter\Boot::bootWeb(Object(Config\Paths))
CRITICAL - 2025-01-02 09:41:28 --> [Caused by] mysqli_sql_exception: Column 'subject_id' cannot be null
in SYSTEMPATH\Database\MySQLi\Connection.php on line 312.
 1 SYSTEMPATH\Database\MySQLi\Connection.php(312): mysqli->query('INSERT INTO `slides` (`subject_id`, `topic`, `created_at`, `updated_at`) VALUES (NULL, \'matrix\', \'2025-01-02 09:41:28\', \'2025-01-02 09:41:28\')', 0)
 2 SYSTEMPATH\Database\BaseConnection.php(734): CodeIgniter\Database\MySQLi\Connection->execute('INSERT INTO `slides` (`subject_id`, `topic`, `created_at`, `updated_at`) VALUES (NULL, \'matrix\', \'2025-01-02 09:41:28\', \'2025-01-02 09:41:28\')')
 3 SYSTEMPATH\Database\BaseConnection.php(648): CodeIgniter\Database\BaseConnection->simpleQuery('INSERT INTO `slides` (`subject_id`, `topic`, `created_at`, `updated_at`) VALUES (NULL, \'matrix\', \'2025-01-02 09:41:28\', \'2025-01-02 09:41:28\')')
 4 SYSTEMPATH\Database\BaseBuilder.php(2340): CodeIgniter\Database\BaseConnection->query('INSERT INTO `slides` (`subject_id`, `topic`, `created_at`, `updated_at`) VALUES (:subject_id:, :topic:, :created_at:, :updated_at:)', [...], false)
 5 SYSTEMPATH\Model.php(394): CodeIgniter\Database\BaseBuilder->insert()
 6 SYSTEMPATH\BaseModel.php(840): CodeIgniter\Model->doInsert([...])
 7 SYSTEMPATH\Model.php(802): CodeIgniter\BaseModel->insert([...], true)
 8 APPPATH\Controllers\Courses.php(568): CodeIgniter\Model->insert([...])
 9 SYSTEMPATH\CodeIgniter.php(933): App\Controllers\Courses->save_slide('15')
10 SYSTEMPATH\CodeIgniter.php(509): CodeIgniter\CodeIgniter->runController(Object(App\Controllers\Courses))
11 SYSTEMPATH\CodeIgniter.php(355): CodeIgniter\CodeIgniter->handleRequest(null, Object(Config\Cache), false)
12 SYSTEMPATH\Boot.php(325): CodeIgniter\CodeIgniter->run()
13 SYSTEMPATH\Boot.php(67): CodeIgniter\Boot::runCodeIgniter(Object(CodeIgniter\CodeIgniter))
14 FCPATH\index.php(56): CodeIgniter\Boot::bootWeb(Object(Config\Paths))
CRITICAL - 2025-01-02 09:41:54 --> ErrorException: Trying to access array offset on value of type null
[Method: GET, Route: courses/view_slides/public/assests/Logo.png]
in APPPATH\Views\dashboard\courses\index_slides.php on line 6.
 1 APPPATH\Views\dashboard\courses\index_slides.php(6): CodeIgniter\Debug\Exceptions->errorHandler(2, 'Trying to access array offset on value of type null', 'C:\\xampp\\htdocs\\Student_Management_Portal\\app\\Views\\dashboard\\courses\\index_slides.php', 6)
 2 SYSTEMPATH\View\View.php(234): include('C:\\xampp\\htdocs\\Student_Management_Portal\\app\\Views\\dashboard\\courses\\index_slides.php')
 3 SYSTEMPATH\View\View.php(237): CodeIgniter\View\View->CodeIgniter\View\{closure}()
 4 SYSTEMPATH\Common.php(1171): CodeIgniter\View\View->render('dashboard/courses/index_slides', [], true)
 5 APPPATH\Controllers\Courses.php(537): view('dashboard/courses/index_slides', [...])
 6 SYSTEMPATH\CodeIgniter.php(933): App\Controllers\Courses->view_slides('public', 'assests', 'Logo.png')
 7 SYSTEMPATH\CodeIgniter.php(509): CodeIgniter\CodeIgniter->runController(Object(App\Controllers\Courses))
 8 SYSTEMPATH\CodeIgniter.php(355): CodeIgniter\CodeIgniter->handleRequest(null, Object(Config\Cache), false)
 9 SYSTEMPATH\Boot.php(325): CodeIgniter\CodeIgniter->run()
10 SYSTEMPATH\Boot.php(67): CodeIgniter\Boot::runCodeIgniter(Object(CodeIgniter\CodeIgniter))
11 FCPATH\index.php(56): CodeIgniter\Boot::bootWeb(Object(Config\Paths))
ERROR - 2025-01-02 09:42:45 --> mysqli_sql_exception: Column 'subject_id' cannot be null in C:\xampp\htdocs\Student_Management_Portal\system\Database\MySQLi\Connection.php:312
Stack trace:
#0 C:\xampp\htdocs\Student_Management_Portal\system\Database\MySQLi\Connection.php(312): mysqli->query('INSERT INTO `sl...', 0)
#1 C:\xampp\htdocs\Student_Management_Portal\system\Database\BaseConnection.php(734): CodeIgniter\Database\MySQLi\Connection->execute('INSERT INTO `sl...')
#2 C:\xampp\htdocs\Student_Management_Portal\system\Database\BaseConnection.php(648): CodeIgniter\Database\BaseConnection->simpleQuery('INSERT INTO `sl...')
#3 C:\xampp\htdocs\Student_Management_Portal\system\Database\BaseBuilder.php(2340): CodeIgniter\Database\BaseConnection->query('INSERT INTO `sl...', Array, false)
#4 C:\xampp\htdocs\Student_Management_Portal\system\Model.php(394): CodeIgniter\Database\BaseBuilder->insert()
#5 C:\xampp\htdocs\Student_Management_Portal\system\BaseModel.php(840): CodeIgniter\Model->doInsert(Array)
#6 C:\xampp\htdocs\Student_Management_Portal\system\Model.php(802): CodeIgniter\BaseModel->insert(Array, true)
#7 C:\xampp\htdocs\Student_Management_Portal\app\Controllers\Courses.php(568): CodeIgniter\Model->insert(Array)
#8 C:\xampp\htdocs\Student_Management_Portal\system\CodeIgniter.php(933): App\Controllers\Courses->save_slide('15')
#9 C:\xampp\htdocs\Student_Management_Portal\system\CodeIgniter.php(509): CodeIgniter\CodeIgniter->runController(Object(App\Controllers\Courses))
#10 C:\xampp\htdocs\Student_Management_Portal\system\CodeIgniter.php(355): CodeIgniter\CodeIgniter->handleRequest(NULL, Object(Config\Cache), false)
#11 C:\xampp\htdocs\Student_Management_Portal\system\Boot.php(325): CodeIgniter\CodeIgniter->run()
#12 C:\xampp\htdocs\Student_Management_Portal\system\Boot.php(67): CodeIgniter\Boot::runCodeIgniter(Object(CodeIgniter\CodeIgniter))
#13 C:\xampp\htdocs\Student_Management_Portal\index.php(56): CodeIgniter\Boot::bootWeb(Object(Config\Paths))
#14 {main}
CRITICAL - 2025-01-02 09:42:45 --> CodeIgniter\Database\Exceptions\DatabaseException: Column 'subject_id' cannot be null
[Method: POST, Route: courses/save_slide/15]
in SYSTEMPATH\Database\BaseConnection.php on line 688.
 1 SYSTEMPATH\Database\BaseBuilder.php(2340): CodeIgniter\Database\BaseConnection->query('INSERT INTO `slides` (`subject_id`, `topic`, `created_at`, `updated_at`) VALUES (:subject_id:, :topic:, :created_at:, :updated_at:)', [...], false)
 2 SYSTEMPATH\Model.php(394): CodeIgniter\Database\BaseBuilder->insert()
 3 SYSTEMPATH\BaseModel.php(840): CodeIgniter\Model->doInsert([...])
 4 SYSTEMPATH\Model.php(802): CodeIgniter\BaseModel->insert([...], true)
 5 APPPATH\Controllers\Courses.php(568): CodeIgniter\Model->insert([...])
 6 SYSTEMPATH\CodeIgniter.php(933): App\Controllers\Courses->save_slide('15')
 7 SYSTEMPATH\CodeIgniter.php(509): CodeIgniter\CodeIgniter->runController(Object(App\Controllers\Courses))
 8 SYSTEMPATH\CodeIgniter.php(355): CodeIgniter\CodeIgniter->handleRequest(null, Object(Config\Cache), false)
 9 SYSTEMPATH\Boot.php(325): CodeIgniter\CodeIgniter->run()
10 SYSTEMPATH\Boot.php(67): CodeIgniter\Boot::runCodeIgniter(Object(CodeIgniter\CodeIgniter))
11 FCPATH\index.php(56): CodeIgniter\Boot::bootWeb(Object(Config\Paths))
CRITICAL - 2025-01-02 09:42:45 --> [Caused by] CodeIgniter\Database\Exceptions\DatabaseException: Column 'subject_id' cannot be null
in SYSTEMPATH\Database\MySQLi\Connection.php on line 317.
 1 SYSTEMPATH\Database\BaseConnection.php(734): CodeIgniter\Database\MySQLi\Connection->execute('INSERT INTO `slides` (`subject_id`, `topic`, `created_at`, `updated_at`) VALUES (NULL, \'matrix\', \'2025-01-02 09:42:45\', \'2025-01-02 09:42:45\')')
 2 SYSTEMPATH\Database\BaseConnection.php(648): CodeIgniter\Database\BaseConnection->simpleQuery('INSERT INTO `slides` (`subject_id`, `topic`, `created_at`, `updated_at`) VALUES (NULL, \'matrix\', \'2025-01-02 09:42:45\', \'2025-01-02 09:42:45\')')
 3 SYSTEMPATH\Database\BaseBuilder.php(2340): CodeIgniter\Database\BaseConnection->query('INSERT INTO `slides` (`subject_id`, `topic`, `created_at`, `updated_at`) VALUES (:subject_id:, :topic:, :created_at:, :updated_at:)', [...], false)
 4 SYSTEMPATH\Model.php(394): CodeIgniter\Database\BaseBuilder->insert()
 5 SYSTEMPATH\BaseModel.php(840): CodeIgniter\Model->doInsert([...])
 6 SYSTEMPATH\Model.php(802): CodeIgniter\BaseModel->insert([...], true)
 7 APPPATH\Controllers\Courses.php(568): CodeIgniter\Model->insert([...])
 8 SYSTEMPATH\CodeIgniter.php(933): App\Controllers\Courses->save_slide('15')
 9 SYSTEMPATH\CodeIgniter.php(509): CodeIgniter\CodeIgniter->runController(Object(App\Controllers\Courses))
10 SYSTEMPATH\CodeIgniter.php(355): CodeIgniter\CodeIgniter->handleRequest(null, Object(Config\Cache), false)
11 SYSTEMPATH\Boot.php(325): CodeIgniter\CodeIgniter->run()
12 SYSTEMPATH\Boot.php(67): CodeIgniter\Boot::runCodeIgniter(Object(CodeIgniter\CodeIgniter))
13 FCPATH\index.php(56): CodeIgniter\Boot::bootWeb(Object(Config\Paths))
CRITICAL - 2025-01-02 09:42:45 --> [Caused by] mysqli_sql_exception: Column 'subject_id' cannot be null
in SYSTEMPATH\Database\MySQLi\Connection.php on line 312.
 1 SYSTEMPATH\Database\MySQLi\Connection.php(312): mysqli->query('INSERT INTO `slides` (`subject_id`, `topic`, `created_at`, `updated_at`) VALUES (NULL, \'matrix\', \'2025-01-02 09:42:45\', \'2025-01-02 09:42:45\')', 0)
 2 SYSTEMPATH\Database\BaseConnection.php(734): CodeIgniter\Database\MySQLi\Connection->execute('INSERT INTO `slides` (`subject_id`, `topic`, `created_at`, `updated_at`) VALUES (NULL, \'matrix\', \'2025-01-02 09:42:45\', \'2025-01-02 09:42:45\')')
 3 SYSTEMPATH\Database\BaseConnection.php(648): CodeIgniter\Database\BaseConnection->simpleQuery('INSERT INTO `slides` (`subject_id`, `topic`, `created_at`, `updated_at`) VALUES (NULL, \'matrix\', \'2025-01-02 09:42:45\', \'2025-01-02 09:42:45\')')
 4 SYSTEMPATH\Database\BaseBuilder.php(2340): CodeIgniter\Database\BaseConnection->query('INSERT INTO `slides` (`subject_id`, `topic`, `created_at`, `updated_at`) VALUES (:subject_id:, :topic:, :created_at:, :updated_at:)', [...], false)
 5 SYSTEMPATH\Model.php(394): CodeIgniter\Database\BaseBuilder->insert()
 6 SYSTEMPATH\BaseModel.php(840): CodeIgniter\Model->doInsert([...])
 7 SYSTEMPATH\Model.php(802): CodeIgniter\BaseModel->insert([...], true)
 8 APPPATH\Controllers\Courses.php(568): CodeIgniter\Model->insert([...])
 9 SYSTEMPATH\CodeIgniter.php(933): App\Controllers\Courses->save_slide('15')
10 SYSTEMPATH\CodeIgniter.php(509): CodeIgniter\CodeIgniter->runController(Object(App\Controllers\Courses))
11 SYSTEMPATH\CodeIgniter.php(355): CodeIgniter\CodeIgniter->handleRequest(null, Object(Config\Cache), false)
12 SYSTEMPATH\Boot.php(325): CodeIgniter\CodeIgniter->run()
13 SYSTEMPATH\Boot.php(67): CodeIgniter\Boot::runCodeIgniter(Object(CodeIgniter\CodeIgniter))
14 FCPATH\index.php(56): CodeIgniter\Boot::bootWeb(Object(Config\Paths))
INFO - 2025-01-02 09:44:15 --> Session: Class initialized using 'CodeIgniter\Session\Handlers\FileHandler' driver.
INFO - 2025-01-02 09:44:15 --> Session: Class initialized using 'CodeIgniter\Session\Handlers\FileHandler' driver.
CRITICAL - 2025-01-02 09:44:19 --> ErrorException: Trying to access array offset on value of type null
[Method: GET, Route: courses/department_syllabus/public/assests/Logo.png]
in APPPATH\Views\dashboard\courses\index_syllabus.php on line 6.
 1 APPPATH\Views\dashboard\courses\index_syllabus.php(6): CodeIgniter\Debug\Exceptions->errorHandler(2, 'Trying to access array offset on value of type null', 'C:\\xampp\\htdocs\\Student_Management_Portal\\app\\Views\\dashboard\\courses\\index_syllabus.php', 6)
 2 SYSTEMPATH\View\View.php(234): include('C:\\xampp\\htdocs\\Student_Management_Portal\\app\\Views\\dashboard\\courses\\index_syllabus.php')
 3 SYSTEMPATH\View\View.php(237): CodeIgniter\View\View->CodeIgniter\View\{closure}()
 4 SYSTEMPATH\Common.php(1171): CodeIgniter\View\View->render('dashboard/courses/index_syllabus', [], true)
 5 APPPATH\Controllers\Courses.php(78): view('dashboard/courses/index_syllabus', [...])
 6 SYSTEMPATH\CodeIgniter.php(933): App\Controllers\Courses->department_syllabus('public', 'assests', 'Logo.png')
 7 SYSTEMPATH\CodeIgniter.php(509): CodeIgniter\CodeIgniter->runController(Object(App\Controllers\Courses))
 8 SYSTEMPATH\CodeIgniter.php(355): CodeIgniter\CodeIgniter->handleRequest(null, Object(Config\Cache), false)
 9 SYSTEMPATH\Boot.php(325): CodeIgniter\CodeIgniter->run()
10 SYSTEMPATH\Boot.php(67): CodeIgniter\Boot::runCodeIgniter(Object(CodeIgniter\CodeIgniter))
11 FCPATH\index.php(56): CodeIgniter\Boot::bootWeb(Object(Config\Paths))
CRITICAL - 2025-01-02 09:44:21 --> ErrorException: Trying to access array offset on value of type null
[Method: GET, Route: courses/syllabus_subjects/2/public/assests/Logo.png]
in APPPATH\Views\dashboard\courses\index_subject.php on line 6.
 1 APPPATH\Views\dashboard\courses\index_subject.php(6): CodeIgniter\Debug\Exceptions->errorHandler(2, 'Trying to access array offset on value of type null', 'C:\\xampp\\htdocs\\Student_Management_Portal\\app\\Views\\dashboard\\courses\\index_subject.php', 6)
 2 SYSTEMPATH\View\View.php(234): include('C:\\xampp\\htdocs\\Student_Management_Portal\\app\\Views\\dashboard\\courses\\index_subject.php')
 3 SYSTEMPATH\View\View.php(237): CodeIgniter\View\View->CodeIgniter\View\{closure}()
 4 SYSTEMPATH\Common.php(1171): CodeIgniter\View\View->render('dashboard/courses/index_subject', [], true)
 5 APPPATH\Controllers\Courses.php(123): view('dashboard/courses/index_subject', [...])
 6 SYSTEMPATH\CodeIgniter.php(933): App\Controllers\Courses->syllabus_subjects('2', 'public', 'assests', 'Logo.png')
 7 SYSTEMPATH\CodeIgniter.php(509): CodeIgniter\CodeIgniter->runController(Object(App\Controllers\Courses))
 8 SYSTEMPATH\CodeIgniter.php(355): CodeIgniter\CodeIgniter->handleRequest(null, Object(Config\Cache), false)
 9 SYSTEMPATH\Boot.php(325): CodeIgniter\CodeIgniter->run()
10 SYSTEMPATH\Boot.php(67): CodeIgniter\Boot::runCodeIgniter(Object(CodeIgniter\CodeIgniter))
11 FCPATH\index.php(56): CodeIgniter\Boot::bootWeb(Object(Config\Paths))
CRITICAL - 2025-01-02 09:44:23 --> ErrorException: Trying to access array offset on value of type null
[Method: GET, Route: courses/view_slides/public/assests/Logo.png]
in APPPATH\Views\dashboard\courses\index_slides.php on line 6.
 1 APPPATH\Views\dashboard\courses\index_slides.php(6): CodeIgniter\Debug\Exceptions->errorHandler(2, 'Trying to access array offset on value of type null', 'C:\\xampp\\htdocs\\Student_Management_Portal\\app\\Views\\dashboard\\courses\\index_slides.php', 6)
 2 SYSTEMPATH\View\View.php(234): include('C:\\xampp\\htdocs\\Student_Management_Portal\\app\\Views\\dashboard\\courses\\index_slides.php')
 3 SYSTEMPATH\View\View.php(237): CodeIgniter\View\View->CodeIgniter\View\{closure}()
 4 SYSTEMPATH\Common.php(1171): CodeIgniter\View\View->render('dashboard/courses/index_slides', [], true)
 5 APPPATH\Controllers\Courses.php(537): view('dashboard/courses/index_slides', [...])
 6 SYSTEMPATH\CodeIgniter.php(933): App\Controllers\Courses->view_slides('public', 'assests', 'Logo.png')
 7 SYSTEMPATH\CodeIgniter.php(509): CodeIgniter\CodeIgniter->runController(Object(App\Controllers\Courses))
 8 SYSTEMPATH\CodeIgniter.php(355): CodeIgniter\CodeIgniter->handleRequest(null, Object(Config\Cache), false)
 9 SYSTEMPATH\Boot.php(325): CodeIgniter\CodeIgniter->run()
10 SYSTEMPATH\Boot.php(67): CodeIgniter\Boot::runCodeIgniter(Object(CodeIgniter\CodeIgniter))
11 FCPATH\index.php(56): CodeIgniter\Boot::bootWeb(Object(Config\Paths))
CRITICAL - 2025-01-02 09:48:04 --> ErrorException: Trying to access array offset on value of type null
[Method: GET, Route: courses/view_slides/public/assests/Logo.png]
in APPPATH\Views\dashboard\courses\index_slides.php on line 6.
 1 APPPATH\Views\dashboard\courses\index_slides.php(6): CodeIgniter\Debug\Exceptions->errorHandler(2, 'Trying to access array offset on value of type null', 'C:\\xampp\\htdocs\\Student_Management_Portal\\app\\Views\\dashboard\\courses\\index_slides.php', 6)
 2 SYSTEMPATH\View\View.php(234): include('C:\\xampp\\htdocs\\Student_Management_Portal\\app\\Views\\dashboard\\courses\\index_slides.php')
 3 SYSTEMPATH\View\View.php(237): CodeIgniter\View\View->CodeIgniter\View\{closure}()
 4 SYSTEMPATH\Common.php(1171): CodeIgniter\View\View->render('dashboard/courses/index_slides', [], true)
 5 APPPATH\Controllers\Courses.php(537): view('dashboard/courses/index_slides', [...])
 6 SYSTEMPATH\CodeIgniter.php(933): App\Controllers\Courses->view_slides('public', 'assests', 'Logo.png')
 7 SYSTEMPATH\CodeIgniter.php(509): CodeIgniter\CodeIgniter->runController(Object(App\Controllers\Courses))
 8 SYSTEMPATH\CodeIgniter.php(355): CodeIgniter\CodeIgniter->handleRequest(null, Object(Config\Cache), false)
 9 SYSTEMPATH\Boot.php(325): CodeIgniter\CodeIgniter->run()
10 SYSTEMPATH\Boot.php(67): CodeIgniter\Boot::runCodeIgniter(Object(CodeIgniter\CodeIgniter))
11 FCPATH\index.php(56): CodeIgniter\Boot::bootWeb(Object(Config\Paths))
INFO - 2025-01-02 09:48:09 --> Session: Class initialized using 'CodeIgniter\Session\Handlers\FileHandler' driver.
INFO - 2025-01-02 09:48:09 --> Session: Class initialized using 'CodeIgniter\Session\Handlers\FileHandler' driver.
CRITICAL - 2025-01-02 09:48:12 --> ErrorException: Trying to access array offset on value of type null
[Method: GET, Route: courses/department_syllabus/public/assests/Logo.png]
in APPPATH\Views\dashboard\courses\index_syllabus.php on line 6.
 1 APPPATH\Views\dashboard\courses\index_syllabus.php(6): CodeIgniter\Debug\Exceptions->errorHandler(2, 'Trying to access array offset on value of type null', 'C:\\xampp\\htdocs\\Student_Management_Portal\\app\\Views\\dashboard\\courses\\index_syllabus.php', 6)
 2 SYSTEMPATH\View\View.php(234): include('C:\\xampp\\htdocs\\Student_Management_Portal\\app\\Views\\dashboard\\courses\\index_syllabus.php')
 3 SYSTEMPATH\View\View.php(237): CodeIgniter\View\View->CodeIgniter\View\{closure}()
 4 SYSTEMPATH\Common.php(1171): CodeIgniter\View\View->render('dashboard/courses/index_syllabus', [], true)
 5 APPPATH\Controllers\Courses.php(78): view('dashboard/courses/index_syllabus', [...])
 6 SYSTEMPATH\CodeIgniter.php(933): App\Controllers\Courses->department_syllabus('public', 'assests', 'Logo.png')
 7 SYSTEMPATH\CodeIgniter.php(509): CodeIgniter\CodeIgniter->runController(Object(App\Controllers\Courses))
 8 SYSTEMPATH\CodeIgniter.php(355): CodeIgniter\CodeIgniter->handleRequest(null, Object(Config\Cache), false)
 9 SYSTEMPATH\Boot.php(325): CodeIgniter\CodeIgniter->run()
10 SYSTEMPATH\Boot.php(67): CodeIgniter\Boot::runCodeIgniter(Object(CodeIgniter\CodeIgniter))
11 FCPATH\index.php(56): CodeIgniter\Boot::bootWeb(Object(Config\Paths))
INFO - 2025-01-02 09:48:16 --> Session: Class initialized using 'CodeIgniter\Session\Handlers\FileHandler' driver.
INFO - 2025-01-02 09:48:16 --> Session: Class initialized using 'CodeIgniter\Session\Handlers\FileHandler' driver.
INFO - 2025-01-02 09:48:21 --> Session: Class initialized using 'CodeIgniter\Session\Handlers\FileHandler' driver.
CRITICAL - 2025-01-02 09:48:22 --> ErrorException: Trying to access array offset on value of type null
[Method: GET, Route: courses/department_syllabus/public/assests/Logo.png]
in APPPATH\Views\dashboard\courses\index_syllabus.php on line 6.
 1 APPPATH\Views\dashboard\courses\index_syllabus.php(6): CodeIgniter\Debug\Exceptions->errorHandler(2, 'Trying to access array offset on value of type null', 'C:\\xampp\\htdocs\\Student_Management_Portal\\app\\Views\\dashboard\\courses\\index_syllabus.php', 6)
 2 SYSTEMPATH\View\View.php(234): include('C:\\xampp\\htdocs\\Student_Management_Portal\\app\\Views\\dashboard\\courses\\index_syllabus.php')
 3 SYSTEMPATH\View\View.php(237): CodeIgniter\View\View->CodeIgniter\View\{closure}()
 4 SYSTEMPATH\Common.php(1171): CodeIgniter\View\View->render('dashboard/courses/index_syllabus', [], true)
 5 APPPATH\Controllers\Courses.php(78): view('dashboard/courses/index_syllabus', [...])
 6 SYSTEMPATH\CodeIgniter.php(933): App\Controllers\Courses->department_syllabus('public', 'assests', 'Logo.png')
 7 SYSTEMPATH\CodeIgniter.php(509): CodeIgniter\CodeIgniter->runController(Object(App\Controllers\Courses))
 8 SYSTEMPATH\CodeIgniter.php(355): CodeIgniter\CodeIgniter->handleRequest(null, Object(Config\Cache), false)
 9 SYSTEMPATH\Boot.php(325): CodeIgniter\CodeIgniter->run()
10 SYSTEMPATH\Boot.php(67): CodeIgniter\Boot::runCodeIgniter(Object(CodeIgniter\CodeIgniter))
11 FCPATH\index.php(56): CodeIgniter\Boot::bootWeb(Object(Config\Paths))
CRITICAL - 2025-01-02 09:48:28 --> ErrorException: Trying to access array offset on value of type null
[Method: GET, Route: courses/department_syllabus/public/assests/Logo.png]
in APPPATH\Views\dashboard\courses\index_syllabus.php on line 6.
 1 APPPATH\Views\dashboard\courses\index_syllabus.php(6): CodeIgniter\Debug\Exceptions->errorHandler(2, 'Trying to access array offset on value of type null', 'C:\\xampp\\htdocs\\Student_Management_Portal\\app\\Views\\dashboard\\courses\\index_syllabus.php', 6)
 2 SYSTEMPATH\View\View.php(234): include('C:\\xampp\\htdocs\\Student_Management_Portal\\app\\Views\\dashboard\\courses\\index_syllabus.php')
 3 SYSTEMPATH\View\View.php(237): CodeIgniter\View\View->CodeIgniter\View\{closure}()
 4 SYSTEMPATH\Common.php(1171): CodeIgniter\View\View->render('dashboard/courses/index_syllabus', [], true)
 5 APPPATH\Controllers\Courses.php(78): view('dashboard/courses/index_syllabus', [...])
 6 SYSTEMPATH\CodeIgniter.php(933): App\Controllers\Courses->department_syllabus('public', 'assests', 'Logo.png')
 7 SYSTEMPATH\CodeIgniter.php(509): CodeIgniter\CodeIgniter->runController(Object(App\Controllers\Courses))
 8 SYSTEMPATH\CodeIgniter.php(355): CodeIgniter\CodeIgniter->handleRequest(null, Object(Config\Cache), false)
 9 SYSTEMPATH\Boot.php(325): CodeIgniter\CodeIgniter->run()
10 SYSTEMPATH\Boot.php(67): CodeIgniter\Boot::runCodeIgniter(Object(CodeIgniter\CodeIgniter))
11 FCPATH\index.php(56): CodeIgniter\Boot::bootWeb(Object(Config\Paths))
INFO - 2025-01-02 09:48:30 --> Session: Class initialized using 'CodeIgniter\Session\Handlers\FileHandler' driver.
INFO - 2025-01-02 09:48:35 --> Session: Class initialized using 'CodeIgniter\Session\Handlers\FileHandler' driver.
CRITICAL - 2025-01-02 09:48:35 --> ErrorException: Trying to access array offset on value of type null
[Method: GET, Route: courses/department_syllabus/public/assests/Logo.png]
in APPPATH\Views\dashboard\courses\index_syllabus.php on line 6.
 1 APPPATH\Views\dashboard\courses\index_syllabus.php(6): CodeIgniter\Debug\Exceptions->errorHandler(2, 'Trying to access array offset on value of type null', 'C:\\xampp\\htdocs\\Student_Management_Portal\\app\\Views\\dashboard\\courses\\index_syllabus.php', 6)
 2 SYSTEMPATH\View\View.php(234): include('C:\\xampp\\htdocs\\Student_Management_Portal\\app\\Views\\dashboard\\courses\\index_syllabus.php')
 3 SYSTEMPATH\View\View.php(237): CodeIgniter\View\View->CodeIgniter\View\{closure}()
 4 SYSTEMPATH\Common.php(1171): CodeIgniter\View\View->render('dashboard/courses/index_syllabus', [], true)
 5 APPPATH\Controllers\Courses.php(78): view('dashboard/courses/index_syllabus', [...])
 6 SYSTEMPATH\CodeIgniter.php(933): App\Controllers\Courses->department_syllabus('public', 'assests', 'Logo.png')
 7 SYSTEMPATH\CodeIgniter.php(509): CodeIgniter\CodeIgniter->runController(Object(App\Controllers\Courses))
 8 SYSTEMPATH\CodeIgniter.php(355): CodeIgniter\CodeIgniter->handleRequest(null, Object(Config\Cache), false)
 9 SYSTEMPATH\Boot.php(325): CodeIgniter\CodeIgniter->run()
10 SYSTEMPATH\Boot.php(67): CodeIgniter\Boot::runCodeIgniter(Object(CodeIgniter\CodeIgniter))
11 FCPATH\index.php(56): CodeIgniter\Boot::bootWeb(Object(Config\Paths))
INFO - 2025-01-02 09:48:39 --> Session: Class initialized using 'CodeIgniter\Session\Handlers\FileHandler' driver.
CRITICAL - 2025-01-02 09:48:41 --> ErrorException: Trying to access array offset on value of type null
[Method: GET, Route: courses/department_syllabus/public/assests/Logo.png]
in APPPATH\Views\dashboard\courses\index_syllabus.php on line 6.
 1 APPPATH\Views\dashboard\courses\index_syllabus.php(6): CodeIgniter\Debug\Exceptions->errorHandler(2, 'Trying to access array offset on value of type null', 'C:\\xampp\\htdocs\\Student_Management_Portal\\app\\Views\\dashboard\\courses\\index_syllabus.php', 6)
 2 SYSTEMPATH\View\View.php(234): include('C:\\xampp\\htdocs\\Student_Management_Portal\\app\\Views\\dashboard\\courses\\index_syllabus.php')
 3 SYSTEMPATH\View\View.php(237): CodeIgniter\View\View->CodeIgniter\View\{closure}()
 4 SYSTEMPATH\Common.php(1171): CodeIgniter\View\View->render('dashboard/courses/index_syllabus', [], true)
 5 APPPATH\Controllers\Courses.php(78): view('dashboard/courses/index_syllabus', [...])
 6 SYSTEMPATH\CodeIgniter.php(933): App\Controllers\Courses->department_syllabus('public', 'assests', 'Logo.png')
 7 SYSTEMPATH\CodeIgniter.php(509): CodeIgniter\CodeIgniter->runController(Object(App\Controllers\Courses))
 8 SYSTEMPATH\CodeIgniter.php(355): CodeIgniter\CodeIgniter->handleRequest(null, Object(Config\Cache), false)
 9 SYSTEMPATH\Boot.php(325): CodeIgniter\CodeIgniter->run()
10 SYSTEMPATH\Boot.php(67): CodeIgniter\Boot::runCodeIgniter(Object(CodeIgniter\CodeIgniter))
11 FCPATH\index.php(56): CodeIgniter\Boot::bootWeb(Object(Config\Paths))
CRITICAL - 2025-01-02 09:48:43 --> ErrorException: Trying to access array offset on value of type null
[Method: GET, Route: courses/department_syllabus/public/assests/Logo.png]
in APPPATH\Views\dashboard\courses\index_syllabus.php on line 6.
 1 APPPATH\Views\dashboard\courses\index_syllabus.php(6): CodeIgniter\Debug\Exceptions->errorHandler(2, 'Trying to access array offset on value of type null', 'C:\\xampp\\htdocs\\Student_Management_Portal\\app\\Views\\dashboard\\courses\\index_syllabus.php', 6)
 2 SYSTEMPATH\View\View.php(234): include('C:\\xampp\\htdocs\\Student_Management_Portal\\app\\Views\\dashboard\\courses\\index_syllabus.php')
 3 SYSTEMPATH\View\View.php(237): CodeIgniter\View\View->CodeIgniter\View\{closure}()
 4 SYSTEMPATH\Common.php(1171): CodeIgniter\View\View->render('dashboard/courses/index_syllabus', [], true)
 5 APPPATH\Controllers\Courses.php(78): view('dashboard/courses/index_syllabus', [...])
 6 SYSTEMPATH\CodeIgniter.php(933): App\Controllers\Courses->department_syllabus('public', 'assests', 'Logo.png')
 7 SYSTEMPATH\CodeIgniter.php(509): CodeIgniter\CodeIgniter->runController(Object(App\Controllers\Courses))
 8 SYSTEMPATH\CodeIgniter.php(355): CodeIgniter\CodeIgniter->handleRequest(null, Object(Config\Cache), false)
 9 SYSTEMPATH\Boot.php(325): CodeIgniter\CodeIgniter->run()
10 SYSTEMPATH\Boot.php(67): CodeIgniter\Boot::runCodeIgniter(Object(CodeIgniter\CodeIgniter))
11 FCPATH\index.php(56): CodeIgniter\Boot::bootWeb(Object(Config\Paths))
CRITICAL - 2025-01-02 09:48:45 --> ErrorException: Trying to access array offset on value of type null
[Method: GET, Route: courses/syllabus_subjects/2/public/assests/Logo.png]
in APPPATH\Views\dashboard\courses\index_subject.php on line 6.
 1 APPPATH\Views\dashboard\courses\index_subject.php(6): CodeIgniter\Debug\Exceptions->errorHandler(2, 'Trying to access array offset on value of type null', 'C:\\xampp\\htdocs\\Student_Management_Portal\\app\\Views\\dashboard\\courses\\index_subject.php', 6)
 2 SYSTEMPATH\View\View.php(234): include('C:\\xampp\\htdocs\\Student_Management_Portal\\app\\Views\\dashboard\\courses\\index_subject.php')
 3 SYSTEMPATH\View\View.php(237): CodeIgniter\View\View->CodeIgniter\View\{closure}()
 4 SYSTEMPATH\Common.php(1171): CodeIgniter\View\View->render('dashboard/courses/index_subject', [], true)
 5 APPPATH\Controllers\Courses.php(123): view('dashboard/courses/index_subject', [...])
 6 SYSTEMPATH\CodeIgniter.php(933): App\Controllers\Courses->syllabus_subjects('2', 'public', 'assests', 'Logo.png')
 7 SYSTEMPATH\CodeIgniter.php(509): CodeIgniter\CodeIgniter->runController(Object(App\Controllers\Courses))
 8 SYSTEMPATH\CodeIgniter.php(355): CodeIgniter\CodeIgniter->handleRequest(null, Object(Config\Cache), false)
 9 SYSTEMPATH\Boot.php(325): CodeIgniter\CodeIgniter->run()
10 SYSTEMPATH\Boot.php(67): CodeIgniter\Boot::runCodeIgniter(Object(CodeIgniter\CodeIgniter))
11 FCPATH\index.php(56): CodeIgniter\Boot::bootWeb(Object(Config\Paths))
INFO - 2025-01-02 09:48:47 --> Session: Class initialized using 'CodeIgniter\Session\Handlers\FileHandler' driver.
INFO - 2025-01-02 09:48:47 --> Session: Class initialized using 'CodeIgniter\Session\Handlers\FileHandler' driver.
INFO - 2025-01-02 09:48:47 --> Session: Class initialized using 'CodeIgniter\Session\Handlers\FileHandler' driver.
CRITICAL - 2025-01-02 09:48:51 --> ErrorException: Trying to access array offset on value of type null
[Method: GET, Route: courses/syllabus_subjects/2/public/assests/Logo.png]
in APPPATH\Views\dashboard\courses\index_subject.php on line 6.
 1 APPPATH\Views\dashboard\courses\index_subject.php(6): CodeIgniter\Debug\Exceptions->errorHandler(2, 'Trying to access array offset on value of type null', 'C:\\xampp\\htdocs\\Student_Management_Portal\\app\\Views\\dashboard\\courses\\index_subject.php', 6)
 2 SYSTEMPATH\View\View.php(234): include('C:\\xampp\\htdocs\\Student_Management_Portal\\app\\Views\\dashboard\\courses\\index_subject.php')
 3 SYSTEMPATH\View\View.php(237): CodeIgniter\View\View->CodeIgniter\View\{closure}()
 4 SYSTEMPATH\Common.php(1171): CodeIgniter\View\View->render('dashboard/courses/index_subject', [], true)
 5 APPPATH\Controllers\Courses.php(123): view('dashboard/courses/index_subject', [...])
 6 SYSTEMPATH\CodeIgniter.php(933): App\Controllers\Courses->syllabus_subjects('2', 'public', 'assests', 'Logo.png')
 7 SYSTEMPATH\CodeIgniter.php(509): CodeIgniter\CodeIgniter->runController(Object(App\Controllers\Courses))
 8 SYSTEMPATH\CodeIgniter.php(355): CodeIgniter\CodeIgniter->handleRequest(null, Object(Config\Cache), false)
 9 SYSTEMPATH\Boot.php(325): CodeIgniter\CodeIgniter->run()
10 SYSTEMPATH\Boot.php(67): CodeIgniter\Boot::runCodeIgniter(Object(CodeIgniter\CodeIgniter))
11 FCPATH\index.php(56): CodeIgniter\Boot::bootWeb(Object(Config\Paths))
CRITICAL - 2025-01-02 09:48:52 --> ErrorException: Trying to access array offset on value of type null
[Method: GET, Route: courses/department_syllabus/public/assests/Logo.png]
in APPPATH\Views\dashboard\courses\index_syllabus.php on line 6.
 1 APPPATH\Views\dashboard\courses\index_syllabus.php(6): CodeIgniter\Debug\Exceptions->errorHandler(2, 'Trying to access array offset on value of type null', 'C:\\xampp\\htdocs\\Student_Management_Portal\\app\\Views\\dashboard\\courses\\index_syllabus.php', 6)
 2 SYSTEMPATH\View\View.php(234): include('C:\\xampp\\htdocs\\Student_Management_Portal\\app\\Views\\dashboard\\courses\\index_syllabus.php')
 3 SYSTEMPATH\View\View.php(237): CodeIgniter\View\View->CodeIgniter\View\{closure}()
 4 SYSTEMPATH\Common.php(1171): CodeIgniter\View\View->render('dashboard/courses/index_syllabus', [], true)
 5 APPPATH\Controllers\Courses.php(78): view('dashboard/courses/index_syllabus', [...])
 6 SYSTEMPATH\CodeIgniter.php(933): App\Controllers\Courses->department_syllabus('public', 'assests', 'Logo.png')
 7 SYSTEMPATH\CodeIgniter.php(509): CodeIgniter\CodeIgniter->runController(Object(App\Controllers\Courses))
 8 SYSTEMPATH\CodeIgniter.php(355): CodeIgniter\CodeIgniter->handleRequest(null, Object(Config\Cache), false)
 9 SYSTEMPATH\Boot.php(325): CodeIgniter\CodeIgniter->run()
10 SYSTEMPATH\Boot.php(67): CodeIgniter\Boot::runCodeIgniter(Object(CodeIgniter\CodeIgniter))
11 FCPATH\index.php(56): CodeIgniter\Boot::bootWeb(Object(Config\Paths))
CRITICAL - 2025-01-02 09:48:54 --> ErrorException: Trying to access array offset on value of type null
[Method: GET, Route: courses/department_syllabus/public/assests/Logo.png]
in APPPATH\Views\dashboard\courses\index_syllabus.php on line 6.
 1 APPPATH\Views\dashboard\courses\index_syllabus.php(6): CodeIgniter\Debug\Exceptions->errorHandler(2, 'Trying to access array offset on value of type null', 'C:\\xampp\\htdocs\\Student_Management_Portal\\app\\Views\\dashboard\\courses\\index_syllabus.php', 6)
 2 SYSTEMPATH\View\View.php(234): include('C:\\xampp\\htdocs\\Student_Management_Portal\\app\\Views\\dashboard\\courses\\index_syllabus.php')
 3 SYSTEMPATH\View\View.php(237): CodeIgniter\View\View->CodeIgniter\View\{closure}()
 4 SYSTEMPATH\Common.php(1171): CodeIgniter\View\View->render('dashboard/courses/index_syllabus', [], true)
 5 APPPATH\Controllers\Courses.php(78): view('dashboard/courses/index_syllabus', [...])
 6 SYSTEMPATH\CodeIgniter.php(933): App\Controllers\Courses->department_syllabus('public', 'assests', 'Logo.png')
 7 SYSTEMPATH\CodeIgniter.php(509): CodeIgniter\CodeIgniter->runController(Object(App\Controllers\Courses))
 8 SYSTEMPATH\CodeIgniter.php(355): CodeIgniter\CodeIgniter->handleRequest(null, Object(Config\Cache), false)
 9 SYSTEMPATH\Boot.php(325): CodeIgniter\CodeIgniter->run()
10 SYSTEMPATH\Boot.php(67): CodeIgniter\Boot::runCodeIgniter(Object(CodeIgniter\CodeIgniter))
11 FCPATH\index.php(56): CodeIgniter\Boot::bootWeb(Object(Config\Paths))
INFO - 2025-01-02 09:48:55 --> Session: Class initialized using 'CodeIgniter\Session\Handlers\FileHandler' driver.
CRITICAL - 2025-01-02 09:48:57 --> ErrorException: Trying to access array offset on value of type null
[Method: GET, Route: courses/department_syllabus/public/assests/Logo.png]
in APPPATH\Views\dashboard\courses\index_syllabus.php on line 6.
 1 APPPATH\Views\dashboard\courses\index_syllabus.php(6): CodeIgniter\Debug\Exceptions->errorHandler(2, 'Trying to access array offset on value of type null', 'C:\\xampp\\htdocs\\Student_Management_Portal\\app\\Views\\dashboard\\courses\\index_syllabus.php', 6)
 2 SYSTEMPATH\View\View.php(234): include('C:\\xampp\\htdocs\\Student_Management_Portal\\app\\Views\\dashboard\\courses\\index_syllabus.php')
 3 SYSTEMPATH\View\View.php(237): CodeIgniter\View\View->CodeIgniter\View\{closure}()
 4 SYSTEMPATH\Common.php(1171): CodeIgniter\View\View->render('dashboard/courses/index_syllabus', [], true)
 5 APPPATH\Controllers\Courses.php(78): view('dashboard/courses/index_syllabus', [...])
 6 SYSTEMPATH\CodeIgniter.php(933): App\Controllers\Courses->department_syllabus('public', 'assests', 'Logo.png')
 7 SYSTEMPATH\CodeIgniter.php(509): CodeIgniter\CodeIgniter->runController(Object(App\Controllers\Courses))
 8 SYSTEMPATH\CodeIgniter.php(355): CodeIgniter\CodeIgniter->handleRequest(null, Object(Config\Cache), false)
 9 SYSTEMPATH\Boot.php(325): CodeIgniter\CodeIgniter->run()
10 SYSTEMPATH\Boot.php(67): CodeIgniter\Boot::runCodeIgniter(Object(CodeIgniter\CodeIgniter))
11 FCPATH\index.php(56): CodeIgniter\Boot::bootWeb(Object(Config\Paths))
INFO - 2025-01-02 09:48:58 --> Session: Class initialized using 'CodeIgniter\Session\Handlers\FileHandler' driver.
CRITICAL - 2025-01-02 09:48:59 --> ErrorException: Trying to access array offset on value of type null
[Method: GET, Route: courses/department_syllabus/public/assests/Logo.png]
in APPPATH\Views\dashboard\courses\index_syllabus.php on line 6.
 1 APPPATH\Views\dashboard\courses\index_syllabus.php(6): CodeIgniter\Debug\Exceptions->errorHandler(2, 'Trying to access array offset on value of type null', 'C:\\xampp\\htdocs\\Student_Management_Portal\\app\\Views\\dashboard\\courses\\index_syllabus.php', 6)
 2 SYSTEMPATH\View\View.php(234): include('C:\\xampp\\htdocs\\Student_Management_Portal\\app\\Views\\dashboard\\courses\\index_syllabus.php')
 3 SYSTEMPATH\View\View.php(237): CodeIgniter\View\View->CodeIgniter\View\{closure}()
 4 SYSTEMPATH\Common.php(1171): CodeIgniter\View\View->render('dashboard/courses/index_syllabus', [], true)
 5 APPPATH\Controllers\Courses.php(78): view('dashboard/courses/index_syllabus', [...])
 6 SYSTEMPATH\CodeIgniter.php(933): App\Controllers\Courses->department_syllabus('public', 'assests', 'Logo.png')
 7 SYSTEMPATH\CodeIgniter.php(509): CodeIgniter\CodeIgniter->runController(Object(App\Controllers\Courses))
 8 SYSTEMPATH\CodeIgniter.php(355): CodeIgniter\CodeIgniter->handleRequest(null, Object(Config\Cache), false)
 9 SYSTEMPATH\Boot.php(325): CodeIgniter\CodeIgniter->run()
10 SYSTEMPATH\Boot.php(67): CodeIgniter\Boot::runCodeIgniter(Object(CodeIgniter\CodeIgniter))
11 FCPATH\index.php(56): CodeIgniter\Boot::bootWeb(Object(Config\Paths))
INFO - 2025-01-02 09:48:59 --> Session: Class initialized using 'CodeIgniter\Session\Handlers\FileHandler' driver.
CRITICAL - 2025-01-02 09:49:02 --> ErrorException: Trying to access array offset on value of type null
[Method: GET, Route: courses/department_syllabus/public/assests/Logo.png]
in APPPATH\Views\dashboard\courses\index_syllabus.php on line 6.
 1 APPPATH\Views\dashboard\courses\index_syllabus.php(6): CodeIgniter\Debug\Exceptions->errorHandler(2, 'Trying to access array offset on value of type null', 'C:\\xampp\\htdocs\\Student_Management_Portal\\app\\Views\\dashboard\\courses\\index_syllabus.php', 6)
 2 SYSTEMPATH\View\View.php(234): include('C:\\xampp\\htdocs\\Student_Management_Portal\\app\\Views\\dashboard\\courses\\index_syllabus.php')
 3 SYSTEMPATH\View\View.php(237): CodeIgniter\View\View->CodeIgniter\View\{closure}()
 4 SYSTEMPATH\Common.php(1171): CodeIgniter\View\View->render('dashboard/courses/index_syllabus', [], true)
 5 APPPATH\Controllers\Courses.php(78): view('dashboard/courses/index_syllabus', [...])
 6 SYSTEMPATH\CodeIgniter.php(933): App\Controllers\Courses->department_syllabus('public', 'assests', 'Logo.png')
 7 SYSTEMPATH\CodeIgniter.php(509): CodeIgniter\CodeIgniter->runController(Object(App\Controllers\Courses))
 8 SYSTEMPATH\CodeIgniter.php(355): CodeIgniter\CodeIgniter->handleRequest(null, Object(Config\Cache), false)
 9 SYSTEMPATH\Boot.php(325): CodeIgniter\CodeIgniter->run()
10 SYSTEMPATH\Boot.php(67): CodeIgniter\Boot::runCodeIgniter(Object(CodeIgniter\CodeIgniter))
11 FCPATH\index.php(56): CodeIgniter\Boot::bootWeb(Object(Config\Paths))
CRITICAL - 2025-01-02 09:49:09 --> ErrorException: Trying to access array offset on value of type null
[Method: GET, Route: courses/syllabus_subjects/2/public/assests/Logo.png]
in APPPATH\Views\dashboard\courses\index_subject.php on line 6.
 1 APPPATH\Views\dashboard\courses\index_subject.php(6): CodeIgniter\Debug\Exceptions->errorHandler(2, 'Trying to access array offset on value of type null', 'C:\\xampp\\htdocs\\Student_Management_Portal\\app\\Views\\dashboard\\courses\\index_subject.php', 6)
 2 SYSTEMPATH\View\View.php(234): include('C:\\xampp\\htdocs\\Student_Management_Portal\\app\\Views\\dashboard\\courses\\index_subject.php')
 3 SYSTEMPATH\View\View.php(237): CodeIgniter\View\View->CodeIgniter\View\{closure}()
 4 SYSTEMPATH\Common.php(1171): CodeIgniter\View\View->render('dashboard/courses/index_subject', [], true)
 5 APPPATH\Controllers\Courses.php(123): view('dashboard/courses/index_subject', [...])
 6 SYSTEMPATH\CodeIgniter.php(933): App\Controllers\Courses->syllabus_subjects('2', 'public', 'assests', 'Logo.png')
 7 SYSTEMPATH\CodeIgniter.php(509): CodeIgniter\CodeIgniter->runController(Object(App\Controllers\Courses))
 8 SYSTEMPATH\CodeIgniter.php(355): CodeIgniter\CodeIgniter->handleRequest(null, Object(Config\Cache), false)
 9 SYSTEMPATH\Boot.php(325): CodeIgniter\CodeIgniter->run()
10 SYSTEMPATH\Boot.php(67): CodeIgniter\Boot::runCodeIgniter(Object(CodeIgniter\CodeIgniter))
11 FCPATH\index.php(56): CodeIgniter\Boot::bootWeb(Object(Config\Paths))
CRITICAL - 2025-01-02 09:49:16 --> ErrorException: Trying to access array offset on value of type null
[Method: GET, Route: courses/add_subject/2/public/assests/Logo.png]
in APPPATH\Views\dashboard\courses\add_new_subject.php on line 42.
 1 APPPATH\Views\dashboard\courses\add_new_subject.php(42): CodeIgniter\Debug\Exceptions->errorHandler(2, 'Trying to access array offset on value of type null', 'C:\\xampp\\htdocs\\Student_Management_Portal\\app\\Views\\dashboard\\courses\\add_new_subject.php', 42)
 2 SYSTEMPATH\View\View.php(234): include('C:\\xampp\\htdocs\\Student_Management_Portal\\app\\Views\\dashboard\\courses\\add_new_subject.php')
 3 SYSTEMPATH\View\View.php(237): CodeIgniter\View\View->CodeIgniter\View\{closure}()
 4 SYSTEMPATH\Common.php(1171): CodeIgniter\View\View->render('dashboard/courses/add_new_subject', [], true)
 5 APPPATH\Controllers\Courses.php(417): view('dashboard/courses/add_new_subject', [...])
 6 SYSTEMPATH\CodeIgniter.php(933): App\Controllers\Courses->add_subject('2', 'public', 'assests', 'Logo.png')
 7 SYSTEMPATH\CodeIgniter.php(509): CodeIgniter\CodeIgniter->runController(Object(App\Controllers\Courses))
 8 SYSTEMPATH\CodeIgniter.php(355): CodeIgniter\CodeIgniter->handleRequest(null, Object(Config\Cache), false)
 9 SYSTEMPATH\Boot.php(325): CodeIgniter\CodeIgniter->run()
10 SYSTEMPATH\Boot.php(67): CodeIgniter\Boot::runCodeIgniter(Object(CodeIgniter\CodeIgniter))
11 FCPATH\index.php(56): CodeIgniter\Boot::bootWeb(Object(Config\Paths))
CRITICAL - 2025-01-02 09:49:17 --> ErrorException: Trying to access array offset on value of type null
[Method: GET, Route: courses/syllabus_subjects/2/public/assests/Logo.png]
in APPPATH\Views\dashboard\courses\index_subject.php on line 6.
 1 APPPATH\Views\dashboard\courses\index_subject.php(6): CodeIgniter\Debug\Exceptions->errorHandler(2, 'Trying to access array offset on value of type null', 'C:\\xampp\\htdocs\\Student_Management_Portal\\app\\Views\\dashboard\\courses\\index_subject.php', 6)
 2 SYSTEMPATH\View\View.php(234): include('C:\\xampp\\htdocs\\Student_Management_Portal\\app\\Views\\dashboard\\courses\\index_subject.php')
 3 SYSTEMPATH\View\View.php(237): CodeIgniter\View\View->CodeIgniter\View\{closure}()
 4 SYSTEMPATH\Common.php(1171): CodeIgniter\View\View->render('dashboard/courses/index_subject', [], true)
 5 APPPATH\Controllers\Courses.php(123): view('dashboard/courses/index_subject', [...])
 6 SYSTEMPATH\CodeIgniter.php(933): App\Controllers\Courses->syllabus_subjects('2', 'public', 'assests', 'Logo.png')
 7 SYSTEMPATH\CodeIgniter.php(509): CodeIgniter\CodeIgniter->runController(Object(App\Controllers\Courses))
 8 SYSTEMPATH\CodeIgniter.php(355): CodeIgniter\CodeIgniter->handleRequest(null, Object(Config\Cache), false)
 9 SYSTEMPATH\Boot.php(325): CodeIgniter\CodeIgniter->run()
10 SYSTEMPATH\Boot.php(67): CodeIgniter\Boot::runCodeIgniter(Object(CodeIgniter\CodeIgniter))
11 FCPATH\index.php(56): CodeIgniter\Boot::bootWeb(Object(Config\Paths))
CRITICAL - 2025-01-02 09:49:20 --> ErrorException: Trying to access array offset on value of type null
[Method: GET, Route: courses/view_slides/public/assests/Logo.png]
in APPPATH\Views\dashboard\courses\index_slides.php on line 6.
 1 APPPATH\Views\dashboard\courses\index_slides.php(6): CodeIgniter\Debug\Exceptions->errorHandler(2, 'Trying to access array offset on value of type null', 'C:\\xampp\\htdocs\\Student_Management_Portal\\app\\Views\\dashboard\\courses\\index_slides.php', 6)
 2 SYSTEMPATH\View\View.php(234): include('C:\\xampp\\htdocs\\Student_Management_Portal\\app\\Views\\dashboard\\courses\\index_slides.php')
 3 SYSTEMPATH\View\View.php(237): CodeIgniter\View\View->CodeIgniter\View\{closure}()
 4 SYSTEMPATH\Common.php(1171): CodeIgniter\View\View->render('dashboard/courses/index_slides', [], true)
 5 APPPATH\Controllers\Courses.php(537): view('dashboard/courses/index_slides', [...])
 6 SYSTEMPATH\CodeIgniter.php(933): App\Controllers\Courses->view_slides('public', 'assests', 'Logo.png')
 7 SYSTEMPATH\CodeIgniter.php(509): CodeIgniter\CodeIgniter->runController(Object(App\Controllers\Courses))
 8 SYSTEMPATH\CodeIgniter.php(355): CodeIgniter\CodeIgniter->handleRequest(null, Object(Config\Cache), false)
 9 SYSTEMPATH\Boot.php(325): CodeIgniter\CodeIgniter->run()
10 SYSTEMPATH\Boot.php(67): CodeIgniter\Boot::runCodeIgniter(Object(CodeIgniter\CodeIgniter))
11 FCPATH\index.php(56): CodeIgniter\Boot::bootWeb(Object(Config\Paths))
INFO - 2025-01-02 09:49:31 --> Session: Class initialized using 'CodeIgniter\Session\Handlers\FileHandler' driver.
INFO - 2025-01-02 09:49:31 --> Session: Class initialized using 'CodeIgniter\Session\Handlers\FileHandler' driver.
CRITICAL - 2025-01-02 09:49:34 --> ErrorException: Trying to access array offset on value of type null
[Method: GET, Route: courses/department_syllabus/public/assests/Logo.png]
in APPPATH\Views\dashboard\courses\index_syllabus.php on line 6.
 1 APPPATH\Views\dashboard\courses\index_syllabus.php(6): CodeIgniter\Debug\Exceptions->errorHandler(2, 'Trying to access array offset on value of type null', 'C:\\xampp\\htdocs\\Student_Management_Portal\\app\\Views\\dashboard\\courses\\index_syllabus.php', 6)
 2 SYSTEMPATH\View\View.php(234): include('C:\\xampp\\htdocs\\Student_Management_Portal\\app\\Views\\dashboard\\courses\\index_syllabus.php')
 3 SYSTEMPATH\View\View.php(237): CodeIgniter\View\View->CodeIgniter\View\{closure}()
 4 SYSTEMPATH\Common.php(1171): CodeIgniter\View\View->render('dashboard/courses/index_syllabus', [], true)
 5 APPPATH\Controllers\Courses.php(78): view('dashboard/courses/index_syllabus', [...])
 6 SYSTEMPATH\CodeIgniter.php(933): App\Controllers\Courses->department_syllabus('public', 'assests', 'Logo.png')
 7 SYSTEMPATH\CodeIgniter.php(509): CodeIgniter\CodeIgniter->runController(Object(App\Controllers\Courses))
 8 SYSTEMPATH\CodeIgniter.php(355): CodeIgniter\CodeIgniter->handleRequest(null, Object(Config\Cache), false)
 9 SYSTEMPATH\Boot.php(325): CodeIgniter\CodeIgniter->run()
10 SYSTEMPATH\Boot.php(67): CodeIgniter\Boot::runCodeIgniter(Object(CodeIgniter\CodeIgniter))
11 FCPATH\index.php(56): CodeIgniter\Boot::bootWeb(Object(Config\Paths))
CRITICAL - 2025-01-02 09:49:36 --> ErrorException: Trying to access array offset on value of type null
[Method: GET, Route: courses/syllabus_subjects/2/public/assests/Logo.png]
in APPPATH\Views\dashboard\courses\index_subject.php on line 6.
 1 APPPATH\Views\dashboard\courses\index_subject.php(6): CodeIgniter\Debug\Exceptions->errorHandler(2, 'Trying to access array offset on value of type null', 'C:\\xampp\\htdocs\\Student_Management_Portal\\app\\Views\\dashboard\\courses\\index_subject.php', 6)
 2 SYSTEMPATH\View\View.php(234): include('C:\\xampp\\htdocs\\Student_Management_Portal\\app\\Views\\dashboard\\courses\\index_subject.php')
 3 SYSTEMPATH\View\View.php(237): CodeIgniter\View\View->CodeIgniter\View\{closure}()
 4 SYSTEMPATH\Common.php(1171): CodeIgniter\View\View->render('dashboard/courses/index_subject', [], true)
 5 APPPATH\Controllers\Courses.php(123): view('dashboard/courses/index_subject', [...])
 6 SYSTEMPATH\CodeIgniter.php(933): App\Controllers\Courses->syllabus_subjects('2', 'public', 'assests', 'Logo.png')
 7 SYSTEMPATH\CodeIgniter.php(509): CodeIgniter\CodeIgniter->runController(Object(App\Controllers\Courses))
 8 SYSTEMPATH\CodeIgniter.php(355): CodeIgniter\CodeIgniter->handleRequest(null, Object(Config\Cache), false)
 9 SYSTEMPATH\Boot.php(325): CodeIgniter\CodeIgniter->run()
10 SYSTEMPATH\Boot.php(67): CodeIgniter\Boot::runCodeIgniter(Object(CodeIgniter\CodeIgniter))
11 FCPATH\index.php(56): CodeIgniter\Boot::bootWeb(Object(Config\Paths))
CRITICAL - 2025-01-02 09:49:39 --> ErrorException: Trying to access array offset on value of type null
[Method: GET, Route: courses/department_syllabus/public/assests/Logo.png]
in APPPATH\Views\dashboard\courses\index_syllabus.php on line 6.
 1 APPPATH\Views\dashboard\courses\index_syllabus.php(6): CodeIgniter\Debug\Exceptions->errorHandler(2, 'Trying to access array offset on value of type null', 'C:\\xampp\\htdocs\\Student_Management_Portal\\app\\Views\\dashboard\\courses\\index_syllabus.php', 6)
 2 SYSTEMPATH\View\View.php(234): include('C:\\xampp\\htdocs\\Student_Management_Portal\\app\\Views\\dashboard\\courses\\index_syllabus.php')
 3 SYSTEMPATH\View\View.php(237): CodeIgniter\View\View->CodeIgniter\View\{closure}()
 4 SYSTEMPATH\Common.php(1171): CodeIgniter\View\View->render('dashboard/courses/index_syllabus', [], true)
 5 APPPATH\Controllers\Courses.php(78): view('dashboard/courses/index_syllabus', [...])
 6 SYSTEMPATH\CodeIgniter.php(933): App\Controllers\Courses->department_syllabus('public', 'assests', 'Logo.png')
 7 SYSTEMPATH\CodeIgniter.php(509): CodeIgniter\CodeIgniter->runController(Object(App\Controllers\Courses))
 8 SYSTEMPATH\CodeIgniter.php(355): CodeIgniter\CodeIgniter->handleRequest(null, Object(Config\Cache), false)
 9 SYSTEMPATH\Boot.php(325): CodeIgniter\CodeIgniter->run()
10 SYSTEMPATH\Boot.php(67): CodeIgniter\Boot::runCodeIgniter(Object(CodeIgniter\CodeIgniter))
11 FCPATH\index.php(56): CodeIgniter\Boot::bootWeb(Object(Config\Paths))
INFO - 2025-01-02 09:49:44 --> Session: Class initialized using 'CodeIgniter\Session\Handlers\FileHandler' driver.
INFO - 2025-01-02 09:49:48 --> Session: Class initialized using 'CodeIgniter\Session\Handlers\FileHandler' driver.
CRITICAL - 2025-01-02 09:49:48 --> ErrorException: Trying to access array offset on value of type null
[Method: GET, Route: courses/department_syllabus/public/assests/Logo.png]
in APPPATH\Views\dashboard\courses\index_syllabus.php on line 6.
 1 APPPATH\Views\dashboard\courses\index_syllabus.php(6): CodeIgniter\Debug\Exceptions->errorHandler(2, 'Trying to access array offset on value of type null', 'C:\\xampp\\htdocs\\Student_Management_Portal\\app\\Views\\dashboard\\courses\\index_syllabus.php', 6)
 2 SYSTEMPATH\View\View.php(234): include('C:\\xampp\\htdocs\\Student_Management_Portal\\app\\Views\\dashboard\\courses\\index_syllabus.php')
 3 SYSTEMPATH\View\View.php(237): CodeIgniter\View\View->CodeIgniter\View\{closure}()
 4 SYSTEMPATH\Common.php(1171): CodeIgniter\View\View->render('dashboard/courses/index_syllabus', [], true)
 5 APPPATH\Controllers\Courses.php(78): view('dashboard/courses/index_syllabus', [...])
 6 SYSTEMPATH\CodeIgniter.php(933): App\Controllers\Courses->department_syllabus('public', 'assests', 'Logo.png')
 7 SYSTEMPATH\CodeIgniter.php(509): CodeIgniter\CodeIgniter->runController(Object(App\Controllers\Courses))
 8 SYSTEMPATH\CodeIgniter.php(355): CodeIgniter\CodeIgniter->handleRequest(null, Object(Config\Cache), false)
 9 SYSTEMPATH\Boot.php(325): CodeIgniter\CodeIgniter->run()
10 SYSTEMPATH\Boot.php(67): CodeIgniter\Boot::runCodeIgniter(Object(CodeIgniter\CodeIgniter))
11 FCPATH\index.php(56): CodeIgniter\Boot::bootWeb(Object(Config\Paths))
CRITICAL - 2025-01-02 09:49:52 --> ErrorException: Trying to access array offset on value of type null
[Method: GET, Route: courses/department_syllabus/public/assests/Logo.png]
in APPPATH\Views\dashboard\courses\index_syllabus.php on line 6.
 1 APPPATH\Views\dashboard\courses\index_syllabus.php(6): CodeIgniter\Debug\Exceptions->errorHandler(2, 'Trying to access array offset on value of type null', 'C:\\xampp\\htdocs\\Student_Management_Portal\\app\\Views\\dashboard\\courses\\index_syllabus.php', 6)
 2 SYSTEMPATH\View\View.php(234): include('C:\\xampp\\htdocs\\Student_Management_Portal\\app\\Views\\dashboard\\courses\\index_syllabus.php')
 3 SYSTEMPATH\View\View.php(237): CodeIgniter\View\View->CodeIgniter\View\{closure}()
 4 SYSTEMPATH\Common.php(1171): CodeIgniter\View\View->render('dashboard/courses/index_syllabus', [], true)
 5 APPPATH\Controllers\Courses.php(78): view('dashboard/courses/index_syllabus', [...])
 6 SYSTEMPATH\CodeIgniter.php(933): App\Controllers\Courses->department_syllabus('public', 'assests', 'Logo.png')
 7 SYSTEMPATH\CodeIgniter.php(509): CodeIgniter\CodeIgniter->runController(Object(App\Controllers\Courses))
 8 SYSTEMPATH\CodeIgniter.php(355): CodeIgniter\CodeIgniter->handleRequest(null, Object(Config\Cache), false)
 9 SYSTEMPATH\Boot.php(325): CodeIgniter\CodeIgniter->run()
10 SYSTEMPATH\Boot.php(67): CodeIgniter\Boot::runCodeIgniter(Object(CodeIgniter\CodeIgniter))
11 FCPATH\index.php(56): CodeIgniter\Boot::bootWeb(Object(Config\Paths))
CRITICAL - 2025-01-02 09:49:55 --> ErrorException: Trying to access array offset on value of type null
[Method: GET, Route: courses/syllabus_subjects/2/public/assests/Logo.png]
in APPPATH\Views\dashboard\courses\index_subject.php on line 6.
 1 APPPATH\Views\dashboard\courses\index_subject.php(6): CodeIgniter\Debug\Exceptions->errorHandler(2, 'Trying to access array offset on value of type null', 'C:\\xampp\\htdocs\\Student_Management_Portal\\app\\Views\\dashboard\\courses\\index_subject.php', 6)
 2 SYSTEMPATH\View\View.php(234): include('C:\\xampp\\htdocs\\Student_Management_Portal\\app\\Views\\dashboard\\courses\\index_subject.php')
 3 SYSTEMPATH\View\View.php(237): CodeIgniter\View\View->CodeIgniter\View\{closure}()
 4 SYSTEMPATH\Common.php(1171): CodeIgniter\View\View->render('dashboard/courses/index_subject', [], true)
 5 APPPATH\Controllers\Courses.php(123): view('dashboard/courses/index_subject', [...])
 6 SYSTEMPATH\CodeIgniter.php(933): App\Controllers\Courses->syllabus_subjects('2', 'public', 'assests', 'Logo.png')
 7 SYSTEMPATH\CodeIgniter.php(509): CodeIgniter\CodeIgniter->runController(Object(App\Controllers\Courses))
 8 SYSTEMPATH\CodeIgniter.php(355): CodeIgniter\CodeIgniter->handleRequest(null, Object(Config\Cache), false)
 9 SYSTEMPATH\Boot.php(325): CodeIgniter\CodeIgniter->run()
10 SYSTEMPATH\Boot.php(67): CodeIgniter\Boot::runCodeIgniter(Object(CodeIgniter\CodeIgniter))
11 FCPATH\index.php(56): CodeIgniter\Boot::bootWeb(Object(Config\Paths))
CRITICAL - 2025-01-02 09:50:00 --> ErrorException: Trying to access array offset on value of type null
[Method: GET, Route: courses/department_syllabus/public/assests/Logo.png]
in APPPATH\Views\dashboard\courses\index_syllabus.php on line 6.
 1 APPPATH\Views\dashboard\courses\index_syllabus.php(6): CodeIgniter\Debug\Exceptions->errorHandler(2, 'Trying to access array offset on value of type null', 'C:\\xampp\\htdocs\\Student_Management_Portal\\app\\Views\\dashboard\\courses\\index_syllabus.php', 6)
 2 SYSTEMPATH\View\View.php(234): include('C:\\xampp\\htdocs\\Student_Management_Portal\\app\\Views\\dashboard\\courses\\index_syllabus.php')
 3 SYSTEMPATH\View\View.php(237): CodeIgniter\View\View->CodeIgniter\View\{closure}()
 4 SYSTEMPATH\Common.php(1171): CodeIgniter\View\View->render('dashboard/courses/index_syllabus', [], true)
 5 APPPATH\Controllers\Courses.php(78): view('dashboard/courses/index_syllabus', [...])
 6 SYSTEMPATH\CodeIgniter.php(933): App\Controllers\Courses->department_syllabus('public', 'assests', 'Logo.png')
 7 SYSTEMPATH\CodeIgniter.php(509): CodeIgniter\CodeIgniter->runController(Object(App\Controllers\Courses))
 8 SYSTEMPATH\CodeIgniter.php(355): CodeIgniter\CodeIgniter->handleRequest(null, Object(Config\Cache), false)
 9 SYSTEMPATH\Boot.php(325): CodeIgniter\CodeIgniter->run()
10 SYSTEMPATH\Boot.php(67): CodeIgniter\Boot::runCodeIgniter(Object(CodeIgniter\CodeIgniter))
11 FCPATH\index.php(56): CodeIgniter\Boot::bootWeb(Object(Config\Paths))
INFO - 2025-01-02 09:50:05 --> Session: Class initialized using 'CodeIgniter\Session\Handlers\FileHandler' driver.
INFO - 2025-01-02 09:50:05 --> Session: Class initialized using 'CodeIgniter\Session\Handlers\FileHandler' driver.
INFO - 2025-01-02 09:50:05 --> Session: Class initialized using 'CodeIgniter\Session\Handlers\FileHandler' driver.
INFO - 2025-01-02 09:50:05 --> Session: Class initialized using 'CodeIgniter\Session\Handlers\FileHandler' driver.
INFO - 2025-01-02 09:50:13 --> Session: Class initialized using 'CodeIgniter\Session\Handlers\FileHandler' driver.
CRITICAL - 2025-01-02 09:50:13 --> ErrorException: Trying to access array offset on value of type null
[Method: GET, Route: courses/department_syllabus/public/assests/Logo.png]
in APPPATH\Views\dashboard\courses\index_syllabus.php on line 6.
 1 APPPATH\Views\dashboard\courses\index_syllabus.php(6): CodeIgniter\Debug\Exceptions->errorHandler(2, 'Trying to access array offset on value of type null', 'C:\\xampp\\htdocs\\Student_Management_Portal\\app\\Views\\dashboard\\courses\\index_syllabus.php', 6)
 2 SYSTEMPATH\View\View.php(234): include('C:\\xampp\\htdocs\\Student_Management_Portal\\app\\Views\\dashboard\\courses\\index_syllabus.php')
 3 SYSTEMPATH\View\View.php(237): CodeIgniter\View\View->CodeIgniter\View\{closure}()
 4 SYSTEMPATH\Common.php(1171): CodeIgniter\View\View->render('dashboard/courses/index_syllabus', [], true)
 5 APPPATH\Controllers\Courses.php(78): view('dashboard/courses/index_syllabus', [...])
 6 SYSTEMPATH\CodeIgniter.php(933): App\Controllers\Courses->department_syllabus('public', 'assests', 'Logo.png')
 7 SYSTEMPATH\CodeIgniter.php(509): CodeIgniter\CodeIgniter->runController(Object(App\Controllers\Courses))
 8 SYSTEMPATH\CodeIgniter.php(355): CodeIgniter\CodeIgniter->handleRequest(null, Object(Config\Cache), false)
 9 SYSTEMPATH\Boot.php(325): CodeIgniter\CodeIgniter->run()
10 SYSTEMPATH\Boot.php(67): CodeIgniter\Boot::runCodeIgniter(Object(CodeIgniter\CodeIgniter))
11 FCPATH\index.php(56): CodeIgniter\Boot::bootWeb(Object(Config\Paths))
INFO - 2025-01-02 09:51:11 --> Session: Class initialized using 'CodeIgniter\Session\Handlers\FileHandler' driver.
CRITICAL - 2025-01-02 09:51:11 --> ErrorException: Trying to access array offset on value of type null
[Method: GET, Route: courses/department_syllabus/public/assests/Logo.png]
in APPPATH\Views\dashboard\courses\index_syllabus.php on line 6.
 1 APPPATH\Views\dashboard\courses\index_syllabus.php(6): CodeIgniter\Debug\Exceptions->errorHandler(2, 'Trying to access array offset on value of type null', 'C:\\xampp\\htdocs\\Student_Management_Portal\\app\\Views\\dashboard\\courses\\index_syllabus.php', 6)
 2 SYSTEMPATH\View\View.php(234): include('C:\\xampp\\htdocs\\Student_Management_Portal\\app\\Views\\dashboard\\courses\\index_syllabus.php')
 3 SYSTEMPATH\View\View.php(237): CodeIgniter\View\View->CodeIgniter\View\{closure}()
 4 SYSTEMPATH\Common.php(1171): CodeIgniter\View\View->render('dashboard/courses/index_syllabus', [], true)
 5 APPPATH\Controllers\Courses.php(78): view('dashboard/courses/index_syllabus', [...])
 6 SYSTEMPATH\CodeIgniter.php(933): App\Controllers\Courses->department_syllabus('public', 'assests', 'Logo.png')
 7 SYSTEMPATH\CodeIgniter.php(509): CodeIgniter\CodeIgniter->runController(Object(App\Controllers\Courses))
 8 SYSTEMPATH\CodeIgniter.php(355): CodeIgniter\CodeIgniter->handleRequest(null, Object(Config\Cache), false)
 9 SYSTEMPATH\Boot.php(325): CodeIgniter\CodeIgniter->run()
10 SYSTEMPATH\Boot.php(67): CodeIgniter\Boot::runCodeIgniter(Object(CodeIgniter\CodeIgniter))
11 FCPATH\index.php(56): CodeIgniter\Boot::bootWeb(Object(Config\Paths))
CRITICAL - 2025-01-02 09:51:18 --> ErrorException: Trying to access array offset on value of type null
[Method: GET, Route: courses/syllabus_subjects/2/public/assests/Logo.png]
in APPPATH\Views\dashboard\courses\index_subject.php on line 6.
 1 APPPATH\Views\dashboard\courses\index_subject.php(6): CodeIgniter\Debug\Exceptions->errorHandler(2, 'Trying to access array offset on value of type null', 'C:\\xampp\\htdocs\\Student_Management_Portal\\app\\Views\\dashboard\\courses\\index_subject.php', 6)
 2 SYSTEMPATH\View\View.php(234): include('C:\\xampp\\htdocs\\Student_Management_Portal\\app\\Views\\dashboard\\courses\\index_subject.php')
 3 SYSTEMPATH\View\View.php(237): CodeIgniter\View\View->CodeIgniter\View\{closure}()
 4 SYSTEMPATH\Common.php(1171): CodeIgniter\View\View->render('dashboard/courses/index_subject', [], true)
 5 APPPATH\Controllers\Courses.php(123): view('dashboard/courses/index_subject', [...])
 6 SYSTEMPATH\CodeIgniter.php(933): App\Controllers\Courses->syllabus_subjects('2', 'public', 'assests', 'Logo.png')
 7 SYSTEMPATH\CodeIgniter.php(509): CodeIgniter\CodeIgniter->runController(Object(App\Controllers\Courses))
 8 SYSTEMPATH\CodeIgniter.php(355): CodeIgniter\CodeIgniter->handleRequest(null, Object(Config\Cache), false)
 9 SYSTEMPATH\Boot.php(325): CodeIgniter\CodeIgniter->run()
10 SYSTEMPATH\Boot.php(67): CodeIgniter\Boot::runCodeIgniter(Object(CodeIgniter\CodeIgniter))
11 FCPATH\index.php(56): CodeIgniter\Boot::bootWeb(Object(Config\Paths))
CRITICAL - 2025-01-02 09:51:22 --> ErrorException: Trying to access array offset on value of type null
[Method: GET, Route: courses/syllabus_subjects/2/public/assests/Logo.png]
in APPPATH\Views\dashboard\courses\index_subject.php on line 6.
 1 APPPATH\Views\dashboard\courses\index_subject.php(6): CodeIgniter\Debug\Exceptions->errorHandler(2, 'Trying to access array offset on value of type null', 'C:\\xampp\\htdocs\\Student_Management_Portal\\app\\Views\\dashboard\\courses\\index_subject.php', 6)
 2 SYSTEMPATH\View\View.php(234): include('C:\\xampp\\htdocs\\Student_Management_Portal\\app\\Views\\dashboard\\courses\\index_subject.php')
 3 SYSTEMPATH\View\View.php(237): CodeIgniter\View\View->CodeIgniter\View\{closure}()
 4 SYSTEMPATH\Common.php(1171): CodeIgniter\View\View->render('dashboard/courses/index_subject', [], true)
 5 APPPATH\Controllers\Courses.php(123): view('dashboard/courses/index_subject', [...])
 6 SYSTEMPATH\CodeIgniter.php(933): App\Controllers\Courses->syllabus_subjects('2', 'public', 'assests', 'Logo.png')
 7 SYSTEMPATH\CodeIgniter.php(509): CodeIgniter\CodeIgniter->runController(Object(App\Controllers\Courses))
 8 SYSTEMPATH\CodeIgniter.php(355): CodeIgniter\CodeIgniter->handleRequest(null, Object(Config\Cache), false)
 9 SYSTEMPATH\Boot.php(325): CodeIgniter\CodeIgniter->run()
10 SYSTEMPATH\Boot.php(67): CodeIgniter\Boot::runCodeIgniter(Object(CodeIgniter\CodeIgniter))
11 FCPATH\index.php(56): CodeIgniter\Boot::bootWeb(Object(Config\Paths))
CRITICAL - 2025-01-02 09:51:24 --> ErrorException: Trying to access array offset on value of type null
[Method: GET, Route: courses/view_slides/public/assests/Logo.png]
in APPPATH\Views\dashboard\courses\index_slides.php on line 6.
 1 APPPATH\Views\dashboard\courses\index_slides.php(6): CodeIgniter\Debug\Exceptions->errorHandler(2, 'Trying to access array offset on value of type null', 'C:\\xampp\\htdocs\\Student_Management_Portal\\app\\Views\\dashboard\\courses\\index_slides.php', 6)
 2 SYSTEMPATH\View\View.php(234): include('C:\\xampp\\htdocs\\Student_Management_Portal\\app\\Views\\dashboard\\courses\\index_slides.php')
 3 SYSTEMPATH\View\View.php(237): CodeIgniter\View\View->CodeIgniter\View\{closure}()
 4 SYSTEMPATH\Common.php(1171): CodeIgniter\View\View->render('dashboard/courses/index_slides', [], true)
 5 APPPATH\Controllers\Courses.php(537): view('dashboard/courses/index_slides', [...])
 6 SYSTEMPATH\CodeIgniter.php(933): App\Controllers\Courses->view_slides('public', 'assests', 'Logo.png')
 7 SYSTEMPATH\CodeIgniter.php(509): CodeIgniter\CodeIgniter->runController(Object(App\Controllers\Courses))
 8 SYSTEMPATH\CodeIgniter.php(355): CodeIgniter\CodeIgniter->handleRequest(null, Object(Config\Cache), false)
 9 SYSTEMPATH\Boot.php(325): CodeIgniter\CodeIgniter->run()
10 SYSTEMPATH\Boot.php(67): CodeIgniter\Boot::runCodeIgniter(Object(CodeIgniter\CodeIgniter))
11 FCPATH\index.php(56): CodeIgniter\Boot::bootWeb(Object(Config\Paths))
CRITICAL - 2025-01-02 09:51:27 --> ErrorException: Trying to access array offset on value of type null
[Method: GET, Route: courses/syllabus_subjects/2/public/assests/Logo.png]
in APPPATH\Views\dashboard\courses\index_subject.php on line 6.
 1 APPPATH\Views\dashboard\courses\index_subject.php(6): CodeIgniter\Debug\Exceptions->errorHandler(2, 'Trying to access array offset on value of type null', 'C:\\xampp\\htdocs\\Student_Management_Portal\\app\\Views\\dashboard\\courses\\index_subject.php', 6)
 2 SYSTEMPATH\View\View.php(234): include('C:\\xampp\\htdocs\\Student_Management_Portal\\app\\Views\\dashboard\\courses\\index_subject.php')
 3 SYSTEMPATH\View\View.php(237): CodeIgniter\View\View->CodeIgniter\View\{closure}()
 4 SYSTEMPATH\Common.php(1171): CodeIgniter\View\View->render('dashboard/courses/index_subject', [], true)
 5 APPPATH\Controllers\Courses.php(123): view('dashboard/courses/index_subject', [...])
 6 SYSTEMPATH\CodeIgniter.php(933): App\Controllers\Courses->syllabus_subjects('2', 'public', 'assests', 'Logo.png')
 7 SYSTEMPATH\CodeIgniter.php(509): CodeIgniter\CodeIgniter->runController(Object(App\Controllers\Courses))
 8 SYSTEMPATH\CodeIgniter.php(355): CodeIgniter\CodeIgniter->handleRequest(null, Object(Config\Cache), false)
 9 SYSTEMPATH\Boot.php(325): CodeIgniter\CodeIgniter->run()
10 SYSTEMPATH\Boot.php(67): CodeIgniter\Boot::runCodeIgniter(Object(CodeIgniter\CodeIgniter))
11 FCPATH\index.php(56): CodeIgniter\Boot::bootWeb(Object(Config\Paths))
CRITICAL - 2025-01-02 09:51:27 --> ErrorException: Trying to access array offset on value of type null
[Method: GET, Route: courses/syllabus_subjects/2/public/assests/Logo.png]
in APPPATH\Views\dashboard\courses\index_subject.php on line 6.
 1 APPPATH\Views\dashboard\courses\index_subject.php(6): CodeIgniter\Debug\Exceptions->errorHandler(2, 'Trying to access array offset on value of type null', 'C:\\xampp\\htdocs\\Student_Management_Portal\\app\\Views\\dashboard\\courses\\index_subject.php', 6)
 2 SYSTEMPATH\View\View.php(234): include('C:\\xampp\\htdocs\\Student_Management_Portal\\app\\Views\\dashboard\\courses\\index_subject.php')
 3 SYSTEMPATH\View\View.php(237): CodeIgniter\View\View->CodeIgniter\View\{closure}()
 4 SYSTEMPATH\Common.php(1171): CodeIgniter\View\View->render('dashboard/courses/index_subject', [], true)
 5 APPPATH\Controllers\Courses.php(123): view('dashboard/courses/index_subject', [...])
 6 SYSTEMPATH\CodeIgniter.php(933): App\Controllers\Courses->syllabus_subjects('2', 'public', 'assests', 'Logo.png')
 7 SYSTEMPATH\CodeIgniter.php(509): CodeIgniter\CodeIgniter->runController(Object(App\Controllers\Courses))
 8 SYSTEMPATH\CodeIgniter.php(355): CodeIgniter\CodeIgniter->handleRequest(null, Object(Config\Cache), false)
 9 SYSTEMPATH\Boot.php(325): CodeIgniter\CodeIgniter->run()
10 SYSTEMPATH\Boot.php(67): CodeIgniter\Boot::runCodeIgniter(Object(CodeIgniter\CodeIgniter))
11 FCPATH\index.php(56): CodeIgniter\Boot::bootWeb(Object(Config\Paths))
CRITICAL - 2025-01-02 09:51:30 --> ErrorException: Trying to access array offset on value of type null
[Method: GET, Route: courses/view_slides/public/assests/Logo.png]
in APPPATH\Views\dashboard\courses\index_slides.php on line 6.
 1 APPPATH\Views\dashboard\courses\index_slides.php(6): CodeIgniter\Debug\Exceptions->errorHandler(2, 'Trying to access array offset on value of type null', 'C:\\xampp\\htdocs\\Student_Management_Portal\\app\\Views\\dashboard\\courses\\index_slides.php', 6)
 2 SYSTEMPATH\View\View.php(234): include('C:\\xampp\\htdocs\\Student_Management_Portal\\app\\Views\\dashboard\\courses\\index_slides.php')
 3 SYSTEMPATH\View\View.php(237): CodeIgniter\View\View->CodeIgniter\View\{closure}()
 4 SYSTEMPATH\Common.php(1171): CodeIgniter\View\View->render('dashboard/courses/index_slides', [], true)
 5 APPPATH\Controllers\Courses.php(537): view('dashboard/courses/index_slides', [...])
 6 SYSTEMPATH\CodeIgniter.php(933): App\Controllers\Courses->view_slides('public', 'assests', 'Logo.png')
 7 SYSTEMPATH\CodeIgniter.php(509): CodeIgniter\CodeIgniter->runController(Object(App\Controllers\Courses))
 8 SYSTEMPATH\CodeIgniter.php(355): CodeIgniter\CodeIgniter->handleRequest(null, Object(Config\Cache), false)
 9 SYSTEMPATH\Boot.php(325): CodeIgniter\CodeIgniter->run()
10 SYSTEMPATH\Boot.php(67): CodeIgniter\Boot::runCodeIgniter(Object(CodeIgniter\CodeIgniter))
11 FCPATH\index.php(56): CodeIgniter\Boot::bootWeb(Object(Config\Paths))
CRITICAL - 2025-01-02 09:52:08 --> ErrorException: Trying to access array offset on value of type null
[Method: GET, Route: courses/view_slides/public/assests/Logo.png]
in APPPATH\Views\dashboard\courses\index_slides.php on line 6.
 1 APPPATH\Views\dashboard\courses\index_slides.php(6): CodeIgniter\Debug\Exceptions->errorHandler(2, 'Trying to access array offset on value of type null', 'C:\\xampp\\htdocs\\Student_Management_Portal\\app\\Views\\dashboard\\courses\\index_slides.php', 6)
 2 SYSTEMPATH\View\View.php(234): include('C:\\xampp\\htdocs\\Student_Management_Portal\\app\\Views\\dashboard\\courses\\index_slides.php')
 3 SYSTEMPATH\View\View.php(237): CodeIgniter\View\View->CodeIgniter\View\{closure}()
 4 SYSTEMPATH\Common.php(1171): CodeIgniter\View\View->render('dashboard/courses/index_slides', [], true)
 5 APPPATH\Controllers\Courses.php(537): view('dashboard/courses/index_slides', [...])
 6 SYSTEMPATH\CodeIgniter.php(933): App\Controllers\Courses->view_slides('public', 'assests', 'Logo.png')
 7 SYSTEMPATH\CodeIgniter.php(509): CodeIgniter\CodeIgniter->runController(Object(App\Controllers\Courses))
 8 SYSTEMPATH\CodeIgniter.php(355): CodeIgniter\CodeIgniter->handleRequest(null, Object(Config\Cache), false)
 9 SYSTEMPATH\Boot.php(325): CodeIgniter\CodeIgniter->run()
10 SYSTEMPATH\Boot.php(67): CodeIgniter\Boot::runCodeIgniter(Object(CodeIgniter\CodeIgniter))
11 FCPATH\index.php(56): CodeIgniter\Boot::bootWeb(Object(Config\Paths))
CRITICAL - 2025-01-02 09:52:09 --> ErrorException: Trying to access array offset on value of type null
[Method: GET, Route: courses/syllabus_subjects/2/public/assests/Logo.png]
in APPPATH\Views\dashboard\courses\index_subject.php on line 6.
 1 APPPATH\Views\dashboard\courses\index_subject.php(6): CodeIgniter\Debug\Exceptions->errorHandler(2, 'Trying to access array offset on value of type null', 'C:\\xampp\\htdocs\\Student_Management_Portal\\app\\Views\\dashboard\\courses\\index_subject.php', 6)
 2 SYSTEMPATH\View\View.php(234): include('C:\\xampp\\htdocs\\Student_Management_Portal\\app\\Views\\dashboard\\courses\\index_subject.php')
 3 SYSTEMPATH\View\View.php(237): CodeIgniter\View\View->CodeIgniter\View\{closure}()
 4 SYSTEMPATH\Common.php(1171): CodeIgniter\View\View->render('dashboard/courses/index_subject', [], true)
 5 APPPATH\Controllers\Courses.php(123): view('dashboard/courses/index_subject', [...])
 6 SYSTEMPATH\CodeIgniter.php(933): App\Controllers\Courses->syllabus_subjects('2', 'public', 'assests', 'Logo.png')
 7 SYSTEMPATH\CodeIgniter.php(509): CodeIgniter\CodeIgniter->runController(Object(App\Controllers\Courses))
 8 SYSTEMPATH\CodeIgniter.php(355): CodeIgniter\CodeIgniter->handleRequest(null, Object(Config\Cache), false)
 9 SYSTEMPATH\Boot.php(325): CodeIgniter\CodeIgniter->run()
10 SYSTEMPATH\Boot.php(67): CodeIgniter\Boot::runCodeIgniter(Object(CodeIgniter\CodeIgniter))
11 FCPATH\index.php(56): CodeIgniter\Boot::bootWeb(Object(Config\Paths))
CRITICAL - 2025-01-02 09:52:11 --> ErrorException: Trying to access array offset on value of type null
[Method: GET, Route: courses/department_syllabus/public/assests/Logo.png]
in APPPATH\Views\dashboard\courses\index_syllabus.php on line 6.
 1 APPPATH\Views\dashboard\courses\index_syllabus.php(6): CodeIgniter\Debug\Exceptions->errorHandler(2, 'Trying to access array offset on value of type null', 'C:\\xampp\\htdocs\\Student_Management_Portal\\app\\Views\\dashboard\\courses\\index_syllabus.php', 6)
 2 SYSTEMPATH\View\View.php(234): include('C:\\xampp\\htdocs\\Student_Management_Portal\\app\\Views\\dashboard\\courses\\index_syllabus.php')
 3 SYSTEMPATH\View\View.php(237): CodeIgniter\View\View->CodeIgniter\View\{closure}()
 4 SYSTEMPATH\Common.php(1171): CodeIgniter\View\View->render('dashboard/courses/index_syllabus', [], true)
 5 APPPATH\Controllers\Courses.php(78): view('dashboard/courses/index_syllabus', [...])
 6 SYSTEMPATH\CodeIgniter.php(933): App\Controllers\Courses->department_syllabus('public', 'assests', 'Logo.png')
 7 SYSTEMPATH\CodeIgniter.php(509): CodeIgniter\CodeIgniter->runController(Object(App\Controllers\Courses))
 8 SYSTEMPATH\CodeIgniter.php(355): CodeIgniter\CodeIgniter->handleRequest(null, Object(Config\Cache), false)
 9 SYSTEMPATH\Boot.php(325): CodeIgniter\CodeIgniter->run()
10 SYSTEMPATH\Boot.php(67): CodeIgniter\Boot::runCodeIgniter(Object(CodeIgniter\CodeIgniter))
11 FCPATH\index.php(56): CodeIgniter\Boot::bootWeb(Object(Config\Paths))
CRITICAL - 2025-01-02 09:52:12 --> ErrorException: Trying to access array offset on value of type null
[Method: GET, Route: courses/department_syllabus/public/assests/Logo.png]
in APPPATH\Views\dashboard\courses\index_syllabus.php on line 6.
 1 APPPATH\Views\dashboard\courses\index_syllabus.php(6): CodeIgniter\Debug\Exceptions->errorHandler(2, 'Trying to access array offset on value of type null', 'C:\\xampp\\htdocs\\Student_Management_Portal\\app\\Views\\dashboard\\courses\\index_syllabus.php', 6)
 2 SYSTEMPATH\View\View.php(234): include('C:\\xampp\\htdocs\\Student_Management_Portal\\app\\Views\\dashboard\\courses\\index_syllabus.php')
 3 SYSTEMPATH\View\View.php(237): CodeIgniter\View\View->CodeIgniter\View\{closure}()
 4 SYSTEMPATH\Common.php(1171): CodeIgniter\View\View->render('dashboard/courses/index_syllabus', [], true)
 5 APPPATH\Controllers\Courses.php(78): view('dashboard/courses/index_syllabus', [...])
 6 SYSTEMPATH\CodeIgniter.php(933): App\Controllers\Courses->department_syllabus('public', 'assests', 'Logo.png')
 7 SYSTEMPATH\CodeIgniter.php(509): CodeIgniter\CodeIgniter->runController(Object(App\Controllers\Courses))
 8 SYSTEMPATH\CodeIgniter.php(355): CodeIgniter\CodeIgniter->handleRequest(null, Object(Config\Cache), false)
 9 SYSTEMPATH\Boot.php(325): CodeIgniter\CodeIgniter->run()
10 SYSTEMPATH\Boot.php(67): CodeIgniter\Boot::runCodeIgniter(Object(CodeIgniter\CodeIgniter))
11 FCPATH\index.php(56): CodeIgniter\Boot::bootWeb(Object(Config\Paths))
INFO - 2025-01-02 09:52:13 --> Session: Class initialized using 'CodeIgniter\Session\Handlers\FileHandler' driver.
INFO - 2025-01-02 09:52:13 --> Session: Class initialized using 'CodeIgniter\Session\Handlers\FileHandler' driver.
CRITICAL - 2025-01-02 09:52:14 --> ErrorException: Trying to access array offset on value of type null
[Method: GET, Route: courses/department_syllabus/public/assests/Logo.png]
in APPPATH\Views\dashboard\courses\index_syllabus.php on line 6.
 1 APPPATH\Views\dashboard\courses\index_syllabus.php(6): CodeIgniter\Debug\Exceptions->errorHandler(2, 'Trying to access array offset on value of type null', 'C:\\xampp\\htdocs\\Student_Management_Portal\\app\\Views\\dashboard\\courses\\index_syllabus.php', 6)
 2 SYSTEMPATH\View\View.php(234): include('C:\\xampp\\htdocs\\Student_Management_Portal\\app\\Views\\dashboard\\courses\\index_syllabus.php')
 3 SYSTEMPATH\View\View.php(237): CodeIgniter\View\View->CodeIgniter\View\{closure}()
 4 SYSTEMPATH\Common.php(1171): CodeIgniter\View\View->render('dashboard/courses/index_syllabus', [], true)
 5 APPPATH\Controllers\Courses.php(78): view('dashboard/courses/index_syllabus', [...])
 6 SYSTEMPATH\CodeIgniter.php(933): App\Controllers\Courses->department_syllabus('public', 'assests', 'Logo.png')
 7 SYSTEMPATH\CodeIgniter.php(509): CodeIgniter\CodeIgniter->runController(Object(App\Controllers\Courses))
 8 SYSTEMPATH\CodeIgniter.php(355): CodeIgniter\CodeIgniter->handleRequest(null, Object(Config\Cache), false)
 9 SYSTEMPATH\Boot.php(325): CodeIgniter\CodeIgniter->run()
10 SYSTEMPATH\Boot.php(67): CodeIgniter\Boot::runCodeIgniter(Object(CodeIgniter\CodeIgniter))
11 FCPATH\index.php(56): CodeIgniter\Boot::bootWeb(Object(Config\Paths))
INFO - 2025-01-02 09:52:14 --> Session: Class initialized using 'CodeIgniter\Session\Handlers\FileHandler' driver.
CRITICAL - 2025-01-02 09:52:15 --> ErrorException: Trying to access array offset on value of type null
[Method: GET, Route: courses/department_syllabus/public/assests/Logo.png]
in APPPATH\Views\dashboard\courses\index_syllabus.php on line 6.
 1 APPPATH\Views\dashboard\courses\index_syllabus.php(6): CodeIgniter\Debug\Exceptions->errorHandler(2, 'Trying to access array offset on value of type null', 'C:\\xampp\\htdocs\\Student_Management_Portal\\app\\Views\\dashboard\\courses\\index_syllabus.php', 6)
 2 SYSTEMPATH\View\View.php(234): include('C:\\xampp\\htdocs\\Student_Management_Portal\\app\\Views\\dashboard\\courses\\index_syllabus.php')
 3 SYSTEMPATH\View\View.php(237): CodeIgniter\View\View->CodeIgniter\View\{closure}()
 4 SYSTEMPATH\Common.php(1171): CodeIgniter\View\View->render('dashboard/courses/index_syllabus', [], true)
 5 APPPATH\Controllers\Courses.php(78): view('dashboard/courses/index_syllabus', [...])
 6 SYSTEMPATH\CodeIgniter.php(933): App\Controllers\Courses->department_syllabus('public', 'assests', 'Logo.png')
 7 SYSTEMPATH\CodeIgniter.php(509): CodeIgniter\CodeIgniter->runController(Object(App\Controllers\Courses))
 8 SYSTEMPATH\CodeIgniter.php(355): CodeIgniter\CodeIgniter->handleRequest(null, Object(Config\Cache), false)
 9 SYSTEMPATH\Boot.php(325): CodeIgniter\CodeIgniter->run()
10 SYSTEMPATH\Boot.php(67): CodeIgniter\Boot::runCodeIgniter(Object(CodeIgniter\CodeIgniter))
11 FCPATH\index.php(56): CodeIgniter\Boot::bootWeb(Object(Config\Paths))
INFO - 2025-01-02 09:52:16 --> Session: Class initialized using 'CodeIgniter\Session\Handlers\FileHandler' driver.
INFO - 2025-01-02 09:52:19 --> Session: Class initialized using 'CodeIgniter\Session\Handlers\FileHandler' driver.
CRITICAL - 2025-01-02 09:52:22 --> ErrorException: Trying to access array offset on value of type null
[Method: GET, Route: courses/department_syllabus/public/assests/Logo.png]
in APPPATH\Views\dashboard\courses\index_syllabus.php on line 6.
 1 APPPATH\Views\dashboard\courses\index_syllabus.php(6): CodeIgniter\Debug\Exceptions->errorHandler(2, 'Trying to access array offset on value of type null', 'C:\\xampp\\htdocs\\Student_Management_Portal\\app\\Views\\dashboard\\courses\\index_syllabus.php', 6)
 2 SYSTEMPATH\View\View.php(234): include('C:\\xampp\\htdocs\\Student_Management_Portal\\app\\Views\\dashboard\\courses\\index_syllabus.php')
 3 SYSTEMPATH\View\View.php(237): CodeIgniter\View\View->CodeIgniter\View\{closure}()
 4 SYSTEMPATH\Common.php(1171): CodeIgniter\View\View->render('dashboard/courses/index_syllabus', [], true)
 5 APPPATH\Controllers\Courses.php(78): view('dashboard/courses/index_syllabus', [...])
 6 SYSTEMPATH\CodeIgniter.php(933): App\Controllers\Courses->department_syllabus('public', 'assests', 'Logo.png')
 7 SYSTEMPATH\CodeIgniter.php(509): CodeIgniter\CodeIgniter->runController(Object(App\Controllers\Courses))
 8 SYSTEMPATH\CodeIgniter.php(355): CodeIgniter\CodeIgniter->handleRequest(null, Object(Config\Cache), false)
 9 SYSTEMPATH\Boot.php(325): CodeIgniter\CodeIgniter->run()
10 SYSTEMPATH\Boot.php(67): CodeIgniter\Boot::runCodeIgniter(Object(CodeIgniter\CodeIgniter))
11 FCPATH\index.php(56): CodeIgniter\Boot::bootWeb(Object(Config\Paths))
INFO - 2025-01-02 09:52:26 --> Session: Class initialized using 'CodeIgniter\Session\Handlers\FileHandler' driver.
INFO - 2025-01-02 09:52:26 --> Session: Class initialized using 'CodeIgniter\Session\Handlers\FileHandler' driver.
INFO - 2025-01-02 09:52:33 --> Session: Class initialized using 'CodeIgniter\Session\Handlers\FileHandler' driver.
CRITICAL - 2025-01-02 09:52:33 --> ErrorException: Trying to access array offset on value of type null
[Method: GET, Route: courses/department_syllabus/public/assests/Logo.png]
in APPPATH\Views\dashboard\courses\index_syllabus.php on line 6.
 1 APPPATH\Views\dashboard\courses\index_syllabus.php(6): CodeIgniter\Debug\Exceptions->errorHandler(2, 'Trying to access array offset on value of type null', 'C:\\xampp\\htdocs\\Student_Management_Portal\\app\\Views\\dashboard\\courses\\index_syllabus.php', 6)
 2 SYSTEMPATH\View\View.php(234): include('C:\\xampp\\htdocs\\Student_Management_Portal\\app\\Views\\dashboard\\courses\\index_syllabus.php')
 3 SYSTEMPATH\View\View.php(237): CodeIgniter\View\View->CodeIgniter\View\{closure}()
 4 SYSTEMPATH\Common.php(1171): CodeIgniter\View\View->render('dashboard/courses/index_syllabus', [], true)
 5 APPPATH\Controllers\Courses.php(78): view('dashboard/courses/index_syllabus', [...])
 6 SYSTEMPATH\CodeIgniter.php(933): App\Controllers\Courses->department_syllabus('public', 'assests', 'Logo.png')
 7 SYSTEMPATH\CodeIgniter.php(509): CodeIgniter\CodeIgniter->runController(Object(App\Controllers\Courses))
 8 SYSTEMPATH\CodeIgniter.php(355): CodeIgniter\CodeIgniter->handleRequest(null, Object(Config\Cache), false)
 9 SYSTEMPATH\Boot.php(325): CodeIgniter\CodeIgniter->run()
10 SYSTEMPATH\Boot.php(67): CodeIgniter\Boot::runCodeIgniter(Object(CodeIgniter\CodeIgniter))
11 FCPATH\index.php(56): CodeIgniter\Boot::bootWeb(Object(Config\Paths))
INFO - 2025-01-02 09:52:39 --> Session: Class initialized using 'CodeIgniter\Session\Handlers\FileHandler' driver.
INFO - 2025-01-02 09:52:39 --> Session: Class initialized using 'CodeIgniter\Session\Handlers\FileHandler' driver.
CRITICAL - 2025-01-02 09:52:40 --> ErrorException: Trying to access array offset on value of type null
[Method: GET, Route: courses/department_syllabus/public/assests/Logo.png]
in APPPATH\Views\dashboard\courses\index_syllabus.php on line 6.
 1 APPPATH\Views\dashboard\courses\index_syllabus.php(6): CodeIgniter\Debug\Exceptions->errorHandler(2, 'Trying to access array offset on value of type null', 'C:\\xampp\\htdocs\\Student_Management_Portal\\app\\Views\\dashboard\\courses\\index_syllabus.php', 6)
 2 SYSTEMPATH\View\View.php(234): include('C:\\xampp\\htdocs\\Student_Management_Portal\\app\\Views\\dashboard\\courses\\index_syllabus.php')
 3 SYSTEMPATH\View\View.php(237): CodeIgniter\View\View->CodeIgniter\View\{closure}()
 4 SYSTEMPATH\Common.php(1171): CodeIgniter\View\View->render('dashboard/courses/index_syllabus', [], true)
 5 APPPATH\Controllers\Courses.php(78): view('dashboard/courses/index_syllabus', [...])
 6 SYSTEMPATH\CodeIgniter.php(933): App\Controllers\Courses->department_syllabus('public', 'assests', 'Logo.png')
 7 SYSTEMPATH\CodeIgniter.php(509): CodeIgniter\CodeIgniter->runController(Object(App\Controllers\Courses))
 8 SYSTEMPATH\CodeIgniter.php(355): CodeIgniter\CodeIgniter->handleRequest(null, Object(Config\Cache), false)
 9 SYSTEMPATH\Boot.php(325): CodeIgniter\CodeIgniter->run()
10 SYSTEMPATH\Boot.php(67): CodeIgniter\Boot::runCodeIgniter(Object(CodeIgniter\CodeIgniter))
11 FCPATH\index.php(56): CodeIgniter\Boot::bootWeb(Object(Config\Paths))
CRITICAL - 2025-01-02 09:53:32 --> ErrorException: Trying to access array offset on value of type null
[Method: GET, Route: courses/department_syllabus/public/assests/Logo.png]
in APPPATH\Views\dashboard\courses\index_syllabus.php on line 6.
 1 APPPATH\Views\dashboard\courses\index_syllabus.php(6): CodeIgniter\Debug\Exceptions->errorHandler(2, 'Trying to access array offset on value of type null', 'C:\\xampp\\htdocs\\Student_Management_Portal\\app\\Views\\dashboard\\courses\\index_syllabus.php', 6)
 2 SYSTEMPATH\View\View.php(234): include('C:\\xampp\\htdocs\\Student_Management_Portal\\app\\Views\\dashboard\\courses\\index_syllabus.php')
 3 SYSTEMPATH\View\View.php(237): CodeIgniter\View\View->CodeIgniter\View\{closure}()
 4 SYSTEMPATH\Common.php(1171): CodeIgniter\View\View->render('dashboard/courses/index_syllabus', [], true)
 5 APPPATH\Controllers\Courses.php(78): view('dashboard/courses/index_syllabus', [...])
 6 SYSTEMPATH\CodeIgniter.php(933): App\Controllers\Courses->department_syllabus('public', 'assests', 'Logo.png')
 7 SYSTEMPATH\CodeIgniter.php(509): CodeIgniter\CodeIgniter->runController(Object(App\Controllers\Courses))
 8 SYSTEMPATH\CodeIgniter.php(355): CodeIgniter\CodeIgniter->handleRequest(null, Object(Config\Cache), false)
 9 SYSTEMPATH\Boot.php(325): CodeIgniter\CodeIgniter->run()
10 SYSTEMPATH\Boot.php(67): CodeIgniter\Boot::runCodeIgniter(Object(CodeIgniter\CodeIgniter))
11 FCPATH\index.php(56): CodeIgniter\Boot::bootWeb(Object(Config\Paths))
INFO - 2025-01-02 09:53:39 --> Session: Class initialized using 'CodeIgniter\Session\Handlers\FileHandler' driver.
CRITICAL - 2025-01-02 09:53:40 --> ErrorException: Trying to access array offset on value of type null
[Method: GET, Route: courses/department_syllabus/public/assests/Logo.png]
in APPPATH\Views\dashboard\courses\index_syllabus.php on line 6.
 1 APPPATH\Views\dashboard\courses\index_syllabus.php(6): CodeIgniter\Debug\Exceptions->errorHandler(2, 'Trying to access array offset on value of type null', 'C:\\xampp\\htdocs\\Student_Management_Portal\\app\\Views\\dashboard\\courses\\index_syllabus.php', 6)
 2 SYSTEMPATH\View\View.php(234): include('C:\\xampp\\htdocs\\Student_Management_Portal\\app\\Views\\dashboard\\courses\\index_syllabus.php')
 3 SYSTEMPATH\View\View.php(237): CodeIgniter\View\View->CodeIgniter\View\{closure}()
 4 SYSTEMPATH\Common.php(1171): CodeIgniter\View\View->render('dashboard/courses/index_syllabus', [], true)
 5 APPPATH\Controllers\Courses.php(78): view('dashboard/courses/index_syllabus', [...])
 6 SYSTEMPATH\CodeIgniter.php(933): App\Controllers\Courses->department_syllabus('public', 'assests', 'Logo.png')
 7 SYSTEMPATH\CodeIgniter.php(509): CodeIgniter\CodeIgniter->runController(Object(App\Controllers\Courses))
 8 SYSTEMPATH\CodeIgniter.php(355): CodeIgniter\CodeIgniter->handleRequest(null, Object(Config\Cache), false)
 9 SYSTEMPATH\Boot.php(325): CodeIgniter\CodeIgniter->run()
10 SYSTEMPATH\Boot.php(67): CodeIgniter\Boot::runCodeIgniter(Object(CodeIgniter\CodeIgniter))
11 FCPATH\index.php(56): CodeIgniter\Boot::bootWeb(Object(Config\Paths))
INFO - 2025-01-02 09:53:42 --> Session: Class initialized using 'CodeIgniter\Session\Handlers\FileHandler' driver.
INFO - 2025-01-02 09:53:43 --> Session: Class initialized using 'CodeIgniter\Session\Handlers\FileHandler' driver.
INFO - 2025-01-02 09:55:00 --> Session: Class initialized using 'CodeIgniter\Session\Handlers\FileHandler' driver.
INFO - 2025-01-02 09:55:03 --> Session: Class initialized using 'CodeIgniter\Session\Handlers\FileHandler' driver.
CRITICAL - 2025-01-02 09:55:03 --> ErrorException: Trying to access array offset on value of type null
[Method: GET, Route: courses/department_syllabus/public/assests/Logo.png]
in APPPATH\Views\dashboard\courses\index_syllabus.php on line 6.
 1 APPPATH\Views\dashboard\courses\index_syllabus.php(6): CodeIgniter\Debug\Exceptions->errorHandler(2, 'Trying to access array offset on value of type null', 'C:\\xampp\\htdocs\\Student_Management_Portal\\app\\Views\\dashboard\\courses\\index_syllabus.php', 6)
 2 SYSTEMPATH\View\View.php(234): include('C:\\xampp\\htdocs\\Student_Management_Portal\\app\\Views\\dashboard\\courses\\index_syllabus.php')
 3 SYSTEMPATH\View\View.php(237): CodeIgniter\View\View->CodeIgniter\View\{closure}()
 4 SYSTEMPATH\Common.php(1171): CodeIgniter\View\View->render('dashboard/courses/index_syllabus', [], true)
 5 APPPATH\Controllers\Courses.php(78): view('dashboard/courses/index_syllabus', [...])
 6 SYSTEMPATH\CodeIgniter.php(933): App\Controllers\Courses->department_syllabus('public', 'assests', 'Logo.png')
 7 SYSTEMPATH\CodeIgniter.php(509): CodeIgniter\CodeIgniter->runController(Object(App\Controllers\Courses))
 8 SYSTEMPATH\CodeIgniter.php(355): CodeIgniter\CodeIgniter->handleRequest(null, Object(Config\Cache), false)
 9 SYSTEMPATH\Boot.php(325): CodeIgniter\CodeIgniter->run()
10 SYSTEMPATH\Boot.php(67): CodeIgniter\Boot::runCodeIgniter(Object(CodeIgniter\CodeIgniter))
11 FCPATH\index.php(56): CodeIgniter\Boot::bootWeb(Object(Config\Paths))
INFO - 2025-01-02 09:55:07 --> Session: Class initialized using 'CodeIgniter\Session\Handlers\FileHandler' driver.
INFO - 2025-01-02 09:55:11 --> Session: Class initialized using 'CodeIgniter\Session\Handlers\FileHandler' driver.
CRITICAL - 2025-01-02 09:55:11 --> ErrorException: Trying to access array offset on value of type null
[Method: GET, Route: courses/department_syllabus/public/assests/Logo.png]
in APPPATH\Views\dashboard\courses\index_syllabus.php on line 6.
 1 APPPATH\Views\dashboard\courses\index_syllabus.php(6): CodeIgniter\Debug\Exceptions->errorHandler(2, 'Trying to access array offset on value of type null', 'C:\\xampp\\htdocs\\Student_Management_Portal\\app\\Views\\dashboard\\courses\\index_syllabus.php', 6)
 2 SYSTEMPATH\View\View.php(234): include('C:\\xampp\\htdocs\\Student_Management_Portal\\app\\Views\\dashboard\\courses\\index_syllabus.php')
 3 SYSTEMPATH\View\View.php(237): CodeIgniter\View\View->CodeIgniter\View\{closure}()
 4 SYSTEMPATH\Common.php(1171): CodeIgniter\View\View->render('dashboard/courses/index_syllabus', [], true)
 5 APPPATH\Controllers\Courses.php(78): view('dashboard/courses/index_syllabus', [...])
 6 SYSTEMPATH\CodeIgniter.php(933): App\Controllers\Courses->department_syllabus('public', 'assests', 'Logo.png')
 7 SYSTEMPATH\CodeIgniter.php(509): CodeIgniter\CodeIgniter->runController(Object(App\Controllers\Courses))
 8 SYSTEMPATH\CodeIgniter.php(355): CodeIgniter\CodeIgniter->handleRequest(null, Object(Config\Cache), false)
 9 SYSTEMPATH\Boot.php(325): CodeIgniter\CodeIgniter->run()
10 SYSTEMPATH\Boot.php(67): CodeIgniter\Boot::runCodeIgniter(Object(CodeIgniter\CodeIgniter))
11 FCPATH\index.php(56): CodeIgniter\Boot::bootWeb(Object(Config\Paths))
INFO - 2025-01-02 09:55:14 --> Session: Class initialized using 'CodeIgniter\Session\Handlers\FileHandler' driver.
CRITICAL - 2025-01-02 09:55:15 --> ErrorException: Trying to access array offset on value of type null
[Method: GET, Route: courses/department_syllabus/public/assests/Logo.png]
in APPPATH\Views\dashboard\courses\index_syllabus.php on line 6.
 1 APPPATH\Views\dashboard\courses\index_syllabus.php(6): CodeIgniter\Debug\Exceptions->errorHandler(2, 'Trying to access array offset on value of type null', 'C:\\xampp\\htdocs\\Student_Management_Portal\\app\\Views\\dashboard\\courses\\index_syllabus.php', 6)
 2 SYSTEMPATH\View\View.php(234): include('C:\\xampp\\htdocs\\Student_Management_Portal\\app\\Views\\dashboard\\courses\\index_syllabus.php')
 3 SYSTEMPATH\View\View.php(237): CodeIgniter\View\View->CodeIgniter\View\{closure}()
 4 SYSTEMPATH\Common.php(1171): CodeIgniter\View\View->render('dashboard/courses/index_syllabus', [], true)
 5 APPPATH\Controllers\Courses.php(78): view('dashboard/courses/index_syllabus', [...])
 6 SYSTEMPATH\CodeIgniter.php(933): App\Controllers\Courses->department_syllabus('public', 'assests', 'Logo.png')
 7 SYSTEMPATH\CodeIgniter.php(509): CodeIgniter\CodeIgniter->runController(Object(App\Controllers\Courses))
 8 SYSTEMPATH\CodeIgniter.php(355): CodeIgniter\CodeIgniter->handleRequest(null, Object(Config\Cache), false)
 9 SYSTEMPATH\Boot.php(325): CodeIgniter\CodeIgniter->run()
10 SYSTEMPATH\Boot.php(67): CodeIgniter\Boot::runCodeIgniter(Object(CodeIgniter\CodeIgniter))
11 FCPATH\index.php(56): CodeIgniter\Boot::bootWeb(Object(Config\Paths))
INFO - 2025-01-02 09:55:15 --> Session: Class initialized using 'CodeIgniter\Session\Handlers\FileHandler' driver.
CRITICAL - 2025-01-02 09:55:16 --> ErrorException: Trying to access array offset on value of type null
[Method: GET, Route: courses/department_syllabus/public/assests/Logo.png]
in APPPATH\Views\dashboard\courses\index_syllabus.php on line 6.
 1 APPPATH\Views\dashboard\courses\index_syllabus.php(6): CodeIgniter\Debug\Exceptions->errorHandler(2, 'Trying to access array offset on value of type null', 'C:\\xampp\\htdocs\\Student_Management_Portal\\app\\Views\\dashboard\\courses\\index_syllabus.php', 6)
 2 SYSTEMPATH\View\View.php(234): include('C:\\xampp\\htdocs\\Student_Management_Portal\\app\\Views\\dashboard\\courses\\index_syllabus.php')
 3 SYSTEMPATH\View\View.php(237): CodeIgniter\View\View->CodeIgniter\View\{closure}()
 4 SYSTEMPATH\Common.php(1171): CodeIgniter\View\View->render('dashboard/courses/index_syllabus', [], true)
 5 APPPATH\Controllers\Courses.php(78): view('dashboard/courses/index_syllabus', [...])
 6 SYSTEMPATH\CodeIgniter.php(933): App\Controllers\Courses->department_syllabus('public', 'assests', 'Logo.png')
 7 SYSTEMPATH\CodeIgniter.php(509): CodeIgniter\CodeIgniter->runController(Object(App\Controllers\Courses))
 8 SYSTEMPATH\CodeIgniter.php(355): CodeIgniter\CodeIgniter->handleRequest(null, Object(Config\Cache), false)
 9 SYSTEMPATH\Boot.php(325): CodeIgniter\CodeIgniter->run()
10 SYSTEMPATH\Boot.php(67): CodeIgniter\Boot::runCodeIgniter(Object(CodeIgniter\CodeIgniter))
11 FCPATH\index.php(56): CodeIgniter\Boot::bootWeb(Object(Config\Paths))
CRITICAL - 2025-01-02 09:55:17 --> ErrorException: Trying to access array offset on value of type null
[Method: GET, Route: courses/department_syllabus/public/assests/Logo.png]
in APPPATH\Views\dashboard\courses\index_syllabus.php on line 6.
 1 APPPATH\Views\dashboard\courses\index_syllabus.php(6): CodeIgniter\Debug\Exceptions->errorHandler(2, 'Trying to access array offset on value of type null', 'C:\\xampp\\htdocs\\Student_Management_Portal\\app\\Views\\dashboard\\courses\\index_syllabus.php', 6)
 2 SYSTEMPATH\View\View.php(234): include('C:\\xampp\\htdocs\\Student_Management_Portal\\app\\Views\\dashboard\\courses\\index_syllabus.php')
 3 SYSTEMPATH\View\View.php(237): CodeIgniter\View\View->CodeIgniter\View\{closure}()
 4 SYSTEMPATH\Common.php(1171): CodeIgniter\View\View->render('dashboard/courses/index_syllabus', [], true)
 5 APPPATH\Controllers\Courses.php(78): view('dashboard/courses/index_syllabus', [...])
 6 SYSTEMPATH\CodeIgniter.php(933): App\Controllers\Courses->department_syllabus('public', 'assests', 'Logo.png')
 7 SYSTEMPATH\CodeIgniter.php(509): CodeIgniter\CodeIgniter->runController(Object(App\Controllers\Courses))
 8 SYSTEMPATH\CodeIgniter.php(355): CodeIgniter\CodeIgniter->handleRequest(null, Object(Config\Cache), false)
 9 SYSTEMPATH\Boot.php(325): CodeIgniter\CodeIgniter->run()
10 SYSTEMPATH\Boot.php(67): CodeIgniter\Boot::runCodeIgniter(Object(CodeIgniter\CodeIgniter))
11 FCPATH\index.php(56): CodeIgniter\Boot::bootWeb(Object(Config\Paths))
INFO - 2025-01-02 09:55:18 --> Session: Class initialized using 'CodeIgniter\Session\Handlers\FileHandler' driver.
CRITICAL - 2025-01-02 09:55:21 --> ErrorException: Trying to access array offset on value of type null
[Method: GET, Route: courses/department_syllabus/public/assests/Logo.png]
in APPPATH\Views\dashboard\courses\index_syllabus.php on line 6.
 1 APPPATH\Views\dashboard\courses\index_syllabus.php(6): CodeIgniter\Debug\Exceptions->errorHandler(2, 'Trying to access array offset on value of type null', 'C:\\xampp\\htdocs\\Student_Management_Portal\\app\\Views\\dashboard\\courses\\index_syllabus.php', 6)
 2 SYSTEMPATH\View\View.php(234): include('C:\\xampp\\htdocs\\Student_Management_Portal\\app\\Views\\dashboard\\courses\\index_syllabus.php')
 3 SYSTEMPATH\View\View.php(237): CodeIgniter\View\View->CodeIgniter\View\{closure}()
 4 SYSTEMPATH\Common.php(1171): CodeIgniter\View\View->render('dashboard/courses/index_syllabus', [], true)
 5 APPPATH\Controllers\Courses.php(78): view('dashboard/courses/index_syllabus', [...])
 6 SYSTEMPATH\CodeIgniter.php(933): App\Controllers\Courses->department_syllabus('public', 'assests', 'Logo.png')
 7 SYSTEMPATH\CodeIgniter.php(509): CodeIgniter\CodeIgniter->runController(Object(App\Controllers\Courses))
 8 SYSTEMPATH\CodeIgniter.php(355): CodeIgniter\CodeIgniter->handleRequest(null, Object(Config\Cache), false)
 9 SYSTEMPATH\Boot.php(325): CodeIgniter\CodeIgniter->run()
10 SYSTEMPATH\Boot.php(67): CodeIgniter\Boot::runCodeIgniter(Object(CodeIgniter\CodeIgniter))
11 FCPATH\index.php(56): CodeIgniter\Boot::bootWeb(Object(Config\Paths))
INFO - 2025-01-02 09:55:24 --> Session: Class initialized using 'CodeIgniter\Session\Handlers\FileHandler' driver.
INFO - 2025-01-02 09:55:24 --> Session: Class initialized using 'CodeIgniter\Session\Handlers\FileHandler' driver.
INFO - 2025-01-02 09:55:32 --> Session: Class initialized using 'CodeIgniter\Session\Handlers\FileHandler' driver.
CRITICAL - 2025-01-02 09:55:32 --> ErrorException: Trying to access array offset on value of type null
[Method: GET, Route: courses/department_syllabus/public/assests/Logo.png]
in APPPATH\Views\dashboard\courses\index_syllabus.php on line 6.
 1 APPPATH\Views\dashboard\courses\index_syllabus.php(6): CodeIgniter\Debug\Exceptions->errorHandler(2, 'Trying to access array offset on value of type null', 'C:\\xampp\\htdocs\\Student_Management_Portal\\app\\Views\\dashboard\\courses\\index_syllabus.php', 6)
 2 SYSTEMPATH\View\View.php(234): include('C:\\xampp\\htdocs\\Student_Management_Portal\\app\\Views\\dashboard\\courses\\index_syllabus.php')
 3 SYSTEMPATH\View\View.php(237): CodeIgniter\View\View->CodeIgniter\View\{closure}()
 4 SYSTEMPATH\Common.php(1171): CodeIgniter\View\View->render('dashboard/courses/index_syllabus', [], true)
 5 APPPATH\Controllers\Courses.php(78): view('dashboard/courses/index_syllabus', [...])
 6 SYSTEMPATH\CodeIgniter.php(933): App\Controllers\Courses->department_syllabus('public', 'assests', 'Logo.png')
 7 SYSTEMPATH\CodeIgniter.php(509): CodeIgniter\CodeIgniter->runController(Object(App\Controllers\Courses))
 8 SYSTEMPATH\CodeIgniter.php(355): CodeIgniter\CodeIgniter->handleRequest(null, Object(Config\Cache), false)
 9 SYSTEMPATH\Boot.php(325): CodeIgniter\CodeIgniter->run()
10 SYSTEMPATH\Boot.php(67): CodeIgniter\Boot::runCodeIgniter(Object(CodeIgniter\CodeIgniter))
11 FCPATH\index.php(56): CodeIgniter\Boot::bootWeb(Object(Config\Paths))
INFO - 2025-01-02 09:55:35 --> Session: Class initialized using 'CodeIgniter\Session\Handlers\FileHandler' driver.
CRITICAL - 2025-01-02 09:55:35 --> ErrorException: Trying to access array offset on value of type null
[Method: GET, Route: courses/department_syllabus/public/assests/Logo.png]
in APPPATH\Views\dashboard\courses\index_syllabus.php on line 6.
 1 APPPATH\Views\dashboard\courses\index_syllabus.php(6): CodeIgniter\Debug\Exceptions->errorHandler(2, 'Trying to access array offset on value of type null', 'C:\\xampp\\htdocs\\Student_Management_Portal\\app\\Views\\dashboard\\courses\\index_syllabus.php', 6)
 2 SYSTEMPATH\View\View.php(234): include('C:\\xampp\\htdocs\\Student_Management_Portal\\app\\Views\\dashboard\\courses\\index_syllabus.php')
 3 SYSTEMPATH\View\View.php(237): CodeIgniter\View\View->CodeIgniter\View\{closure}()
 4 SYSTEMPATH\Common.php(1171): CodeIgniter\View\View->render('dashboard/courses/index_syllabus', [], true)
 5 APPPATH\Controllers\Courses.php(78): view('dashboard/courses/index_syllabus', [...])
 6 SYSTEMPATH\CodeIgniter.php(933): App\Controllers\Courses->department_syllabus('public', 'assests', 'Logo.png')
 7 SYSTEMPATH\CodeIgniter.php(509): CodeIgniter\CodeIgniter->runController(Object(App\Controllers\Courses))
 8 SYSTEMPATH\CodeIgniter.php(355): CodeIgniter\CodeIgniter->handleRequest(null, Object(Config\Cache), false)
 9 SYSTEMPATH\Boot.php(325): CodeIgniter\CodeIgniter->run()
10 SYSTEMPATH\Boot.php(67): CodeIgniter\Boot::runCodeIgniter(Object(CodeIgniter\CodeIgniter))
11 FCPATH\index.php(56): CodeIgniter\Boot::bootWeb(Object(Config\Paths))
CRITICAL - 2025-01-02 09:55:38 --> ErrorException: Trying to access array offset on value of type null
[Method: GET, Route: courses/department_syllabus/public/assests/Logo.png]
in APPPATH\Views\dashboard\courses\index_syllabus.php on line 6.
 1 APPPATH\Views\dashboard\courses\index_syllabus.php(6): CodeIgniter\Debug\Exceptions->errorHandler(2, 'Trying to access array offset on value of type null', 'C:\\xampp\\htdocs\\Student_Management_Portal\\app\\Views\\dashboard\\courses\\index_syllabus.php', 6)
 2 SYSTEMPATH\View\View.php(234): include('C:\\xampp\\htdocs\\Student_Management_Portal\\app\\Views\\dashboard\\courses\\index_syllabus.php')
 3 SYSTEMPATH\View\View.php(237): CodeIgniter\View\View->CodeIgniter\View\{closure}()
 4 SYSTEMPATH\Common.php(1171): CodeIgniter\View\View->render('dashboard/courses/index_syllabus', [], true)
 5 APPPATH\Controllers\Courses.php(78): view('dashboard/courses/index_syllabus', [...])
 6 SYSTEMPATH\CodeIgniter.php(933): App\Controllers\Courses->department_syllabus('public', 'assests', 'Logo.png')
 7 SYSTEMPATH\CodeIgniter.php(509): CodeIgniter\CodeIgniter->runController(Object(App\Controllers\Courses))
 8 SYSTEMPATH\CodeIgniter.php(355): CodeIgniter\CodeIgniter->handleRequest(null, Object(Config\Cache), false)
 9 SYSTEMPATH\Boot.php(325): CodeIgniter\CodeIgniter->run()
10 SYSTEMPATH\Boot.php(67): CodeIgniter\Boot::runCodeIgniter(Object(CodeIgniter\CodeIgniter))
11 FCPATH\index.php(56): CodeIgniter\Boot::bootWeb(Object(Config\Paths))
INFO - 2025-01-02 09:55:39 --> Session: Class initialized using 'CodeIgniter\Session\Handlers\FileHandler' driver.
INFO - 2025-01-02 09:55:39 --> Session: Class initialized using 'CodeIgniter\Session\Handlers\FileHandler' driver.
INFO - 2025-01-02 09:55:40 --> Session: Class initialized using 'CodeIgniter\Session\Handlers\FileHandler' driver.
CRITICAL - 2025-01-02 09:55:43 --> ErrorException: Trying to access array offset on value of type null
[Method: GET, Route: courses/syllabus_subjects/2/public/assests/Logo.png]
in APPPATH\Views\dashboard\courses\index_subject.php on line 6.
 1 APPPATH\Views\dashboard\courses\index_subject.php(6): CodeIgniter\Debug\Exceptions->errorHandler(2, 'Trying to access array offset on value of type null', 'C:\\xampp\\htdocs\\Student_Management_Portal\\app\\Views\\dashboard\\courses\\index_subject.php', 6)
 2 SYSTEMPATH\View\View.php(234): include('C:\\xampp\\htdocs\\Student_Management_Portal\\app\\Views\\dashboard\\courses\\index_subject.php')
 3 SYSTEMPATH\View\View.php(237): CodeIgniter\View\View->CodeIgniter\View\{closure}()
 4 SYSTEMPATH\Common.php(1171): CodeIgniter\View\View->render('dashboard/courses/index_subject', [], true)
 5 APPPATH\Controllers\Courses.php(123): view('dashboard/courses/index_subject', [...])
 6 SYSTEMPATH\CodeIgniter.php(933): App\Controllers\Courses->syllabus_subjects('2', 'public', 'assests', 'Logo.png')
 7 SYSTEMPATH\CodeIgniter.php(509): CodeIgniter\CodeIgniter->runController(Object(App\Controllers\Courses))
 8 SYSTEMPATH\CodeIgniter.php(355): CodeIgniter\CodeIgniter->handleRequest(null, Object(Config\Cache), false)
 9 SYSTEMPATH\Boot.php(325): CodeIgniter\CodeIgniter->run()
10 SYSTEMPATH\Boot.php(67): CodeIgniter\Boot::runCodeIgniter(Object(CodeIgniter\CodeIgniter))
11 FCPATH\index.php(56): CodeIgniter\Boot::bootWeb(Object(Config\Paths))
CRITICAL - 2025-01-02 09:55:45 --> ErrorException: Trying to access array offset on value of type null
[Method: GET, Route: courses/view_slides/public/assests/Logo.png]
in APPPATH\Views\dashboard\courses\index_slides.php on line 6.
 1 APPPATH\Views\dashboard\courses\index_slides.php(6): CodeIgniter\Debug\Exceptions->errorHandler(2, 'Trying to access array offset on value of type null', 'C:\\xampp\\htdocs\\Student_Management_Portal\\app\\Views\\dashboard\\courses\\index_slides.php', 6)
 2 SYSTEMPATH\View\View.php(234): include('C:\\xampp\\htdocs\\Student_Management_Portal\\app\\Views\\dashboard\\courses\\index_slides.php')
 3 SYSTEMPATH\View\View.php(237): CodeIgniter\View\View->CodeIgniter\View\{closure}()
 4 SYSTEMPATH\Common.php(1171): CodeIgniter\View\View->render('dashboard/courses/index_slides', [], true)
 5 APPPATH\Controllers\Courses.php(537): view('dashboard/courses/index_slides', [...])
 6 SYSTEMPATH\CodeIgniter.php(933): App\Controllers\Courses->view_slides('public', 'assests', 'Logo.png')
 7 SYSTEMPATH\CodeIgniter.php(509): CodeIgniter\CodeIgniter->runController(Object(App\Controllers\Courses))
 8 SYSTEMPATH\CodeIgniter.php(355): CodeIgniter\CodeIgniter->handleRequest(null, Object(Config\Cache), false)
 9 SYSTEMPATH\Boot.php(325): CodeIgniter\CodeIgniter->run()
10 SYSTEMPATH\Boot.php(67): CodeIgniter\Boot::runCodeIgniter(Object(CodeIgniter\CodeIgniter))
11 FCPATH\index.php(56): CodeIgniter\Boot::bootWeb(Object(Config\Paths))
INFO - 2025-01-02 09:56:36 --> Session: Class initialized using 'CodeIgniter\Session\Handlers\FileHandler' driver.
INFO - 2025-01-02 09:56:36 --> Session: Class initialized using 'CodeIgniter\Session\Handlers\FileHandler' driver.
INFO - 2025-01-02 10:02:49 --> Session: Class initialized using 'CodeIgniter\Session\Handlers\FileHandler' driver.
CRITICAL - 2025-01-02 10:02:51 --> ErrorException: Trying to access array offset on value of type null
[Method: GET, Route: courses/department_syllabus/public/assests/Logo.png]
in APPPATH\Views\dashboard\courses\index_syllabus.php on line 6.
 1 APPPATH\Views\dashboard\courses\index_syllabus.php(6): CodeIgniter\Debug\Exceptions->errorHandler(2, 'Trying to access array offset on value of type null', 'C:\\xampp\\htdocs\\Student_Management_Portal\\app\\Views\\dashboard\\courses\\index_syllabus.php', 6)
 2 SYSTEMPATH\View\View.php(234): include('C:\\xampp\\htdocs\\Student_Management_Portal\\app\\Views\\dashboard\\courses\\index_syllabus.php')
 3 SYSTEMPATH\View\View.php(237): CodeIgniter\View\View->CodeIgniter\View\{closure}()
 4 SYSTEMPATH\Common.php(1171): CodeIgniter\View\View->render('dashboard/courses/index_syllabus', [], true)
 5 APPPATH\Controllers\Courses.php(78): view('dashboard/courses/index_syllabus', [...])
 6 SYSTEMPATH\CodeIgniter.php(933): App\Controllers\Courses->department_syllabus('public', 'assests', 'Logo.png')
 7 SYSTEMPATH\CodeIgniter.php(509): CodeIgniter\CodeIgniter->runController(Object(App\Controllers\Courses))
 8 SYSTEMPATH\CodeIgniter.php(355): CodeIgniter\CodeIgniter->handleRequest(null, Object(Config\Cache), false)
 9 SYSTEMPATH\Boot.php(325): CodeIgniter\CodeIgniter->run()
10 SYSTEMPATH\Boot.php(67): CodeIgniter\Boot::runCodeIgniter(Object(CodeIgniter\CodeIgniter))
11 FCPATH\index.php(56): CodeIgniter\Boot::bootWeb(Object(Config\Paths))
CRITICAL - 2025-01-02 10:02:52 --> ErrorException: Trying to access array offset on value of type null
[Method: GET, Route: courses/syllabus_subjects/2/public/assests/Logo.png]
in APPPATH\Views\dashboard\courses\index_subject.php on line 6.
 1 APPPATH\Views\dashboard\courses\index_subject.php(6): CodeIgniter\Debug\Exceptions->errorHandler(2, 'Trying to access array offset on value of type null', 'C:\\xampp\\htdocs\\Student_Management_Portal\\app\\Views\\dashboard\\courses\\index_subject.php', 6)
 2 SYSTEMPATH\View\View.php(234): include('C:\\xampp\\htdocs\\Student_Management_Portal\\app\\Views\\dashboard\\courses\\index_subject.php')
 3 SYSTEMPATH\View\View.php(237): CodeIgniter\View\View->CodeIgniter\View\{closure}()
 4 SYSTEMPATH\Common.php(1171): CodeIgniter\View\View->render('dashboard/courses/index_subject', [], true)
 5 APPPATH\Controllers\Courses.php(123): view('dashboard/courses/index_subject', [...])
 6 SYSTEMPATH\CodeIgniter.php(933): App\Controllers\Courses->syllabus_subjects('2', 'public', 'assests', 'Logo.png')
 7 SYSTEMPATH\CodeIgniter.php(509): CodeIgniter\CodeIgniter->runController(Object(App\Controllers\Courses))
 8 SYSTEMPATH\CodeIgniter.php(355): CodeIgniter\CodeIgniter->handleRequest(null, Object(Config\Cache), false)
 9 SYSTEMPATH\Boot.php(325): CodeIgniter\CodeIgniter->run()
10 SYSTEMPATH\Boot.php(67): CodeIgniter\Boot::runCodeIgniter(Object(CodeIgniter\CodeIgniter))
11 FCPATH\index.php(56): CodeIgniter\Boot::bootWeb(Object(Config\Paths))
CRITICAL - 2025-01-02 10:02:54 --> ErrorException: Trying to access array offset on value of type null
[Method: GET, Route: courses/view_slides/public/assests/Logo.png]
in APPPATH\Views\dashboard\courses\index_slides.php on line 6.
 1 APPPATH\Views\dashboard\courses\index_slides.php(6): CodeIgniter\Debug\Exceptions->errorHandler(2, 'Trying to access array offset on value of type null', 'C:\\xampp\\htdocs\\Student_Management_Portal\\app\\Views\\dashboard\\courses\\index_slides.php', 6)
 2 SYSTEMPATH\View\View.php(234): include('C:\\xampp\\htdocs\\Student_Management_Portal\\app\\Views\\dashboard\\courses\\index_slides.php')
 3 SYSTEMPATH\View\View.php(237): CodeIgniter\View\View->CodeIgniter\View\{closure}()
 4 SYSTEMPATH\Common.php(1171): CodeIgniter\View\View->render('dashboard/courses/index_slides', [], true)
 5 APPPATH\Controllers\Courses.php(537): view('dashboard/courses/index_slides', [...])
 6 SYSTEMPATH\CodeIgniter.php(933): App\Controllers\Courses->view_slides('public', 'assests', 'Logo.png')
 7 SYSTEMPATH\CodeIgniter.php(509): CodeIgniter\CodeIgniter->runController(Object(App\Controllers\Courses))
 8 SYSTEMPATH\CodeIgniter.php(355): CodeIgniter\CodeIgniter->handleRequest(null, Object(Config\Cache), false)
 9 SYSTEMPATH\Boot.php(325): CodeIgniter\CodeIgniter->run()
10 SYSTEMPATH\Boot.php(67): CodeIgniter\Boot::runCodeIgniter(Object(CodeIgniter\CodeIgniter))
11 FCPATH\index.php(56): CodeIgniter\Boot::bootWeb(Object(Config\Paths))
CRITICAL - 2025-01-02 10:03:02 --> ErrorException: Trying to access array offset on value of type null
[Method: GET, Route: courses/view_slides/public/assests/Logo.png]
in APPPATH\Views\dashboard\courses\index_slides.php on line 6.
 1 APPPATH\Views\dashboard\courses\index_slides.php(6): CodeIgniter\Debug\Exceptions->errorHandler(2, 'Trying to access array offset on value of type null', 'C:\\xampp\\htdocs\\Student_Management_Portal\\app\\Views\\dashboard\\courses\\index_slides.php', 6)
 2 SYSTEMPATH\View\View.php(234): include('C:\\xampp\\htdocs\\Student_Management_Portal\\app\\Views\\dashboard\\courses\\index_slides.php')
 3 SYSTEMPATH\View\View.php(237): CodeIgniter\View\View->CodeIgniter\View\{closure}()
 4 SYSTEMPATH\Common.php(1171): CodeIgniter\View\View->render('dashboard/courses/index_slides', [], true)
 5 APPPATH\Controllers\Courses.php(537): view('dashboard/courses/index_slides', [...])
 6 SYSTEMPATH\CodeIgniter.php(933): App\Controllers\Courses->view_slides('public', 'assests', 'Logo.png')
 7 SYSTEMPATH\CodeIgniter.php(509): CodeIgniter\CodeIgniter->runController(Object(App\Controllers\Courses))
 8 SYSTEMPATH\CodeIgniter.php(355): CodeIgniter\CodeIgniter->handleRequest(null, Object(Config\Cache), false)
 9 SYSTEMPATH\Boot.php(325): CodeIgniter\CodeIgniter->run()
10 SYSTEMPATH\Boot.php(67): CodeIgniter\Boot::runCodeIgniter(Object(CodeIgniter\CodeIgniter))
11 FCPATH\index.php(56): CodeIgniter\Boot::bootWeb(Object(Config\Paths))
CRITICAL - 2025-01-02 10:03:28 --> ErrorException: Trying to access array offset on value of type null
[Method: GET, Route: courses/view_slides/public/assests/Logo.png]
in APPPATH\Views\dashboard\courses\index_slides.php on line 6.
 1 APPPATH\Views\dashboard\courses\index_slides.php(6): CodeIgniter\Debug\Exceptions->errorHandler(2, 'Trying to access array offset on value of type null', 'C:\\xampp\\htdocs\\Student_Management_Portal\\app\\Views\\dashboard\\courses\\index_slides.php', 6)
 2 SYSTEMPATH\View\View.php(234): include('C:\\xampp\\htdocs\\Student_Management_Portal\\app\\Views\\dashboard\\courses\\index_slides.php')
 3 SYSTEMPATH\View\View.php(237): CodeIgniter\View\View->CodeIgniter\View\{closure}()
 4 SYSTEMPATH\Common.php(1171): CodeIgniter\View\View->render('dashboard/courses/index_slides', [], true)
 5 APPPATH\Controllers\Courses.php(537): view('dashboard/courses/index_slides', [...])
 6 SYSTEMPATH\CodeIgniter.php(933): App\Controllers\Courses->view_slides('public', 'assests', 'Logo.png')
 7 SYSTEMPATH\CodeIgniter.php(509): CodeIgniter\CodeIgniter->runController(Object(App\Controllers\Courses))
 8 SYSTEMPATH\CodeIgniter.php(355): CodeIgniter\CodeIgniter->handleRequest(null, Object(Config\Cache), false)
 9 SYSTEMPATH\Boot.php(325): CodeIgniter\CodeIgniter->run()
10 SYSTEMPATH\Boot.php(67): CodeIgniter\Boot::runCodeIgniter(Object(CodeIgniter\CodeIgniter))
11 FCPATH\index.php(56): CodeIgniter\Boot::bootWeb(Object(Config\Paths))
CRITICAL - 2025-01-02 10:04:57 --> ErrorException: Trying to access array offset on value of type null
[Method: GET, Route: courses/view_slides/public/assests/Logo.png]
in APPPATH\Views\dashboard\courses\index_slides.php on line 6.
 1 APPPATH\Views\dashboard\courses\index_slides.php(6): CodeIgniter\Debug\Exceptions->errorHandler(2, 'Trying to access array offset on value of type null', 'C:\\xampp\\htdocs\\Student_Management_Portal\\app\\Views\\dashboard\\courses\\index_slides.php', 6)
 2 SYSTEMPATH\View\View.php(234): include('C:\\xampp\\htdocs\\Student_Management_Portal\\app\\Views\\dashboard\\courses\\index_slides.php')
 3 SYSTEMPATH\View\View.php(237): CodeIgniter\View\View->CodeIgniter\View\{closure}()
 4 SYSTEMPATH\Common.php(1171): CodeIgniter\View\View->render('dashboard/courses/index_slides', [], true)
 5 APPPATH\Controllers\Courses.php(537): view('dashboard/courses/index_slides', [...])
 6 SYSTEMPATH\CodeIgniter.php(933): App\Controllers\Courses->view_slides('public', 'assests', 'Logo.png')
 7 SYSTEMPATH\CodeIgniter.php(509): CodeIgniter\CodeIgniter->runController(Object(App\Controllers\Courses))
 8 SYSTEMPATH\CodeIgniter.php(355): CodeIgniter\CodeIgniter->handleRequest(null, Object(Config\Cache), false)
 9 SYSTEMPATH\Boot.php(325): CodeIgniter\CodeIgniter->run()
10 SYSTEMPATH\Boot.php(67): CodeIgniter\Boot::runCodeIgniter(Object(CodeIgniter\CodeIgniter))
11 FCPATH\index.php(56): CodeIgniter\Boot::bootWeb(Object(Config\Paths))
CRITICAL - 2025-01-02 10:14:01 --> ErrorException: Trying to access array offset on value of type null
[Method: GET, Route: courses/view_slides/public/assests/Logo.png]
in APPPATH\Views\dashboard\courses\index_slides.php on line 6.
 1 APPPATH\Views\dashboard\courses\index_slides.php(6): CodeIgniter\Debug\Exceptions->errorHandler(2, 'Trying to access array offset on value of type null', 'C:\\xampp\\htdocs\\Student_Management_Portal\\app\\Views\\dashboard\\courses\\index_slides.php', 6)
 2 SYSTEMPATH\View\View.php(234): include('C:\\xampp\\htdocs\\Student_Management_Portal\\app\\Views\\dashboard\\courses\\index_slides.php')
 3 SYSTEMPATH\View\View.php(237): CodeIgniter\View\View->CodeIgniter\View\{closure}()
 4 SYSTEMPATH\Common.php(1171): CodeIgniter\View\View->render('dashboard/courses/index_slides', [], true)
 5 APPPATH\Controllers\Courses.php(537): view('dashboard/courses/index_slides', [...])
 6 SYSTEMPATH\CodeIgniter.php(933): App\Controllers\Courses->view_slides('public', 'assests', 'Logo.png')
 7 SYSTEMPATH\CodeIgniter.php(509): CodeIgniter\CodeIgniter->runController(Object(App\Controllers\Courses))
 8 SYSTEMPATH\CodeIgniter.php(355): CodeIgniter\CodeIgniter->handleRequest(null, Object(Config\Cache), false)
 9 SYSTEMPATH\Boot.php(325): CodeIgniter\CodeIgniter->run()
10 SYSTEMPATH\Boot.php(67): CodeIgniter\Boot::runCodeIgniter(Object(CodeIgniter\CodeIgniter))
11 FCPATH\index.php(56): CodeIgniter\Boot::bootWeb(Object(Config\Paths))
CRITICAL - 2025-01-02 10:14:16 --> ErrorException: Trying to access array offset on value of type null
[Method: GET, Route: courses/view_slides/public/assests/Logo.png]
in APPPATH\Views\dashboard\courses\index_slides.php on line 6.
 1 APPPATH\Views\dashboard\courses\index_slides.php(6): CodeIgniter\Debug\Exceptions->errorHandler(2, 'Trying to access array offset on value of type null', 'C:\\xampp\\htdocs\\Student_Management_Portal\\app\\Views\\dashboard\\courses\\index_slides.php', 6)
 2 SYSTEMPATH\View\View.php(234): include('C:\\xampp\\htdocs\\Student_Management_Portal\\app\\Views\\dashboard\\courses\\index_slides.php')
 3 SYSTEMPATH\View\View.php(237): CodeIgniter\View\View->CodeIgniter\View\{closure}()
 4 SYSTEMPATH\Common.php(1171): CodeIgniter\View\View->render('dashboard/courses/index_slides', [], true)
 5 APPPATH\Controllers\Courses.php(537): view('dashboard/courses/index_slides', [...])
 6 SYSTEMPATH\CodeIgniter.php(933): App\Controllers\Courses->view_slides('public', 'assests', 'Logo.png')
 7 SYSTEMPATH\CodeIgniter.php(509): CodeIgniter\CodeIgniter->runController(Object(App\Controllers\Courses))
 8 SYSTEMPATH\CodeIgniter.php(355): CodeIgniter\CodeIgniter->handleRequest(null, Object(Config\Cache), false)
 9 SYSTEMPATH\Boot.php(325): CodeIgniter\CodeIgniter->run()
10 SYSTEMPATH\Boot.php(67): CodeIgniter\Boot::runCodeIgniter(Object(CodeIgniter\CodeIgniter))
11 FCPATH\index.php(56): CodeIgniter\Boot::bootWeb(Object(Config\Paths))
CRITICAL - 2025-01-02 10:14:21 --> CodeIgniter\View\Exceptions\ViewException: Invalid file: "courses/edit_slide.php"
[Method: GET, Route: courses/edit_slide/2]
in SYSTEMPATH\Exceptions\FrameworkException.php on line 41.
 1 SYSTEMPATH\View\View.php(222): CodeIgniter\Exceptions\FrameworkException::forInvalidFile('courses/edit_slide.php')
 2 SYSTEMPATH\Common.php(1171): CodeIgniter\View\View->render('courses/edit_slide', [], true)
 3 APPPATH\Controllers\Courses.php(622): view('courses/edit_slide', [...])
 4 SYSTEMPATH\CodeIgniter.php(933): App\Controllers\Courses->edit_slide('2')
 5 SYSTEMPATH\CodeIgniter.php(509): CodeIgniter\CodeIgniter->runController(Object(App\Controllers\Courses))
 6 SYSTEMPATH\CodeIgniter.php(355): CodeIgniter\CodeIgniter->handleRequest(null, Object(Config\Cache), false)
 7 SYSTEMPATH\Boot.php(325): CodeIgniter\CodeIgniter->run()
 8 SYSTEMPATH\Boot.php(67): CodeIgniter\Boot::runCodeIgniter(Object(CodeIgniter\CodeIgniter))
 9 FCPATH\index.php(56): CodeIgniter\Boot::bootWeb(Object(Config\Paths))
CRITICAL - 2025-01-02 10:14:24 --> ErrorException: Trying to access array offset on value of type null
[Method: GET, Route: courses/view_slides/public/assests/Logo.png]
in APPPATH\Views\dashboard\courses\index_slides.php on line 6.
 1 APPPATH\Views\dashboard\courses\index_slides.php(6): CodeIgniter\Debug\Exceptions->errorHandler(2, 'Trying to access array offset on value of type null', 'C:\\xampp\\htdocs\\Student_Management_Portal\\app\\Views\\dashboard\\courses\\index_slides.php', 6)
 2 SYSTEMPATH\View\View.php(234): include('C:\\xampp\\htdocs\\Student_Management_Portal\\app\\Views\\dashboard\\courses\\index_slides.php')
 3 SYSTEMPATH\View\View.php(237): CodeIgniter\View\View->CodeIgniter\View\{closure}()
 4 SYSTEMPATH\Common.php(1171): CodeIgniter\View\View->render('dashboard/courses/index_slides', [], true)
 5 APPPATH\Controllers\Courses.php(537): view('dashboard/courses/index_slides', [...])
 6 SYSTEMPATH\CodeIgniter.php(933): App\Controllers\Courses->view_slides('public', 'assests', 'Logo.png')
 7 SYSTEMPATH\CodeIgniter.php(509): CodeIgniter\CodeIgniter->runController(Object(App\Controllers\Courses))
 8 SYSTEMPATH\CodeIgniter.php(355): CodeIgniter\CodeIgniter->handleRequest(null, Object(Config\Cache), false)
 9 SYSTEMPATH\Boot.php(325): CodeIgniter\CodeIgniter->run()
10 SYSTEMPATH\Boot.php(67): CodeIgniter\Boot::runCodeIgniter(Object(CodeIgniter\CodeIgniter))
11 FCPATH\index.php(56): CodeIgniter\Boot::bootWeb(Object(Config\Paths))
CRITICAL - 2025-01-02 10:14:25 --> ArgumentCountError: Too few arguments to function App\Controllers\Courses::download_slide(), 0 passed in C:\xampp\htdocs\Student_Management_Portal\system\CodeIgniter.php on line 933 and exactly 1 expected
[Method: GET, Route: courses/download_slide]
in APPPATH\Controllers\Courses.php on line 603.
 1 SYSTEMPATH\CodeIgniter.php(933): App\Controllers\Courses->download_slide()
 2 SYSTEMPATH\CodeIgniter.php(509): CodeIgniter\CodeIgniter->runController(Object(App\Controllers\Courses))
 3 SYSTEMPATH\CodeIgniter.php(355): CodeIgniter\CodeIgniter->handleRequest(null, Object(Config\Cache), false)
 4 SYSTEMPATH\Boot.php(325): CodeIgniter\CodeIgniter->run()
 5 SYSTEMPATH\Boot.php(67): CodeIgniter\Boot::runCodeIgniter(Object(CodeIgniter\CodeIgniter))
 6 FCPATH\index.php(56): CodeIgniter\Boot::bootWeb(Object(Config\Paths))
CRITICAL - 2025-01-02 10:14:39 --> CodeIgniter\View\Exceptions\ViewException: Invalid file: "courses/edit_slide.php"
[Method: GET, Route: courses/edit_slide/2]
in SYSTEMPATH\Exceptions\FrameworkException.php on line 41.
 1 SYSTEMPATH\View\View.php(222): CodeIgniter\Exceptions\FrameworkException::forInvalidFile('courses/edit_slide.php')
 2 SYSTEMPATH\Common.php(1171): CodeIgniter\View\View->render('courses/edit_slide', [], true)
 3 APPPATH\Controllers\Courses.php(622): view('courses/edit_slide', [...])
 4 SYSTEMPATH\CodeIgniter.php(933): App\Controllers\Courses->edit_slide('2')
 5 SYSTEMPATH\CodeIgniter.php(509): CodeIgniter\CodeIgniter->runController(Object(App\Controllers\Courses))
 6 SYSTEMPATH\CodeIgniter.php(355): CodeIgniter\CodeIgniter->handleRequest(null, Object(Config\Cache), false)
 7 SYSTEMPATH\Boot.php(325): CodeIgniter\CodeIgniter->run()
 8 SYSTEMPATH\Boot.php(67): CodeIgniter\Boot::runCodeIgniter(Object(CodeIgniter\CodeIgniter))
 9 FCPATH\index.php(56): CodeIgniter\Boot::bootWeb(Object(Config\Paths))
CRITICAL - 2025-01-02 10:14:40 --> ErrorException: Trying to access array offset on value of type null
[Method: GET, Route: courses/view_slides/public/assests/Logo.png]
in APPPATH\Views\dashboard\courses\index_slides.php on line 6.
 1 APPPATH\Views\dashboard\courses\index_slides.php(6): CodeIgniter\Debug\Exceptions->errorHandler(2, 'Trying to access array offset on value of type null', 'C:\\xampp\\htdocs\\Student_Management_Portal\\app\\Views\\dashboard\\courses\\index_slides.php', 6)
 2 SYSTEMPATH\View\View.php(234): include('C:\\xampp\\htdocs\\Student_Management_Portal\\app\\Views\\dashboard\\courses\\index_slides.php')
 3 SYSTEMPATH\View\View.php(237): CodeIgniter\View\View->CodeIgniter\View\{closure}()
 4 SYSTEMPATH\Common.php(1171): CodeIgniter\View\View->render('dashboard/courses/index_slides', [], true)
 5 APPPATH\Controllers\Courses.php(537): view('dashboard/courses/index_slides', [...])
 6 SYSTEMPATH\CodeIgniter.php(933): App\Controllers\Courses->view_slides('public', 'assests', 'Logo.png')
 7 SYSTEMPATH\CodeIgniter.php(509): CodeIgniter\CodeIgniter->runController(Object(App\Controllers\Courses))
 8 SYSTEMPATH\CodeIgniter.php(355): CodeIgniter\CodeIgniter->handleRequest(null, Object(Config\Cache), false)
 9 SYSTEMPATH\Boot.php(325): CodeIgniter\CodeIgniter->run()
10 SYSTEMPATH\Boot.php(67): CodeIgniter\Boot::runCodeIgniter(Object(CodeIgniter\CodeIgniter))
11 FCPATH\index.php(56): CodeIgniter\Boot::bootWeb(Object(Config\Paths))
CRITICAL - 2025-01-02 10:16:02 --> ErrorException: Trying to access array offset on value of type null
[Method: GET, Route: courses/view_slides/public/assests/Logo.png]
in APPPATH\Views\dashboard\courses\index_slides.php on line 6.
 1 APPPATH\Views\dashboard\courses\index_slides.php(6): CodeIgniter\Debug\Exceptions->errorHandler(2, 'Trying to access array offset on value of type null', 'C:\\xampp\\htdocs\\Student_Management_Portal\\app\\Views\\dashboard\\courses\\index_slides.php', 6)
 2 SYSTEMPATH\View\View.php(234): include('C:\\xampp\\htdocs\\Student_Management_Portal\\app\\Views\\dashboard\\courses\\index_slides.php')
 3 SYSTEMPATH\View\View.php(237): CodeIgniter\View\View->CodeIgniter\View\{closure}()
 4 SYSTEMPATH\Common.php(1171): CodeIgniter\View\View->render('dashboard/courses/index_slides', [], true)
 5 APPPATH\Controllers\Courses.php(537): view('dashboard/courses/index_slides', [...])
 6 SYSTEMPATH\CodeIgniter.php(933): App\Controllers\Courses->view_slides('public', 'assests', 'Logo.png')
 7 SYSTEMPATH\CodeIgniter.php(509): CodeIgniter\CodeIgniter->runController(Object(App\Controllers\Courses))
 8 SYSTEMPATH\CodeIgniter.php(355): CodeIgniter\CodeIgniter->handleRequest(null, Object(Config\Cache), false)
 9 SYSTEMPATH\Boot.php(325): CodeIgniter\CodeIgniter->run()
10 SYSTEMPATH\Boot.php(67): CodeIgniter\Boot::runCodeIgniter(Object(CodeIgniter\CodeIgniter))
11 FCPATH\index.php(56): CodeIgniter\Boot::bootWeb(Object(Config\Paths))
CRITICAL - 2025-01-02 10:16:28 --> ErrorException: Trying to access array offset on value of type null
[Method: GET, Route: courses/view_slides/public/assests/Logo.png]
in APPPATH\Views\dashboard\courses\index_slides.php on line 6.
 1 APPPATH\Views\dashboard\courses\index_slides.php(6): CodeIgniter\Debug\Exceptions->errorHandler(2, 'Trying to access array offset on value of type null', 'C:\\xampp\\htdocs\\Student_Management_Portal\\app\\Views\\dashboard\\courses\\index_slides.php', 6)
 2 SYSTEMPATH\View\View.php(234): include('C:\\xampp\\htdocs\\Student_Management_Portal\\app\\Views\\dashboard\\courses\\index_slides.php')
 3 SYSTEMPATH\View\View.php(237): CodeIgniter\View\View->CodeIgniter\View\{closure}()
 4 SYSTEMPATH\Common.php(1171): CodeIgniter\View\View->render('dashboard/courses/index_slides', [], true)
 5 APPPATH\Controllers\Courses.php(537): view('dashboard/courses/index_slides', [...])
 6 SYSTEMPATH\CodeIgniter.php(933): App\Controllers\Courses->view_slides('public', 'assests', 'Logo.png')
 7 SYSTEMPATH\CodeIgniter.php(509): CodeIgniter\CodeIgniter->runController(Object(App\Controllers\Courses))
 8 SYSTEMPATH\CodeIgniter.php(355): CodeIgniter\CodeIgniter->handleRequest(null, Object(Config\Cache), false)
 9 SYSTEMPATH\Boot.php(325): CodeIgniter\CodeIgniter->run()
10 SYSTEMPATH\Boot.php(67): CodeIgniter\Boot::runCodeIgniter(Object(CodeIgniter\CodeIgniter))
11 FCPATH\index.php(56): CodeIgniter\Boot::bootWeb(Object(Config\Paths))
CRITICAL - 2025-01-02 10:16:46 --> ErrorException: Trying to access array offset on value of type null
[Method: GET, Route: courses/view_slides/public/assests/Logo.png]
in APPPATH\Views\dashboard\courses\index_slides.php on line 6.
 1 APPPATH\Views\dashboard\courses\index_slides.php(6): CodeIgniter\Debug\Exceptions->errorHandler(2, 'Trying to access array offset on value of type null', 'C:\\xampp\\htdocs\\Student_Management_Portal\\app\\Views\\dashboard\\courses\\index_slides.php', 6)
 2 SYSTEMPATH\View\View.php(234): include('C:\\xampp\\htdocs\\Student_Management_Portal\\app\\Views\\dashboard\\courses\\index_slides.php')
 3 SYSTEMPATH\View\View.php(237): CodeIgniter\View\View->CodeIgniter\View\{closure}()
 4 SYSTEMPATH\Common.php(1171): CodeIgniter\View\View->render('dashboard/courses/index_slides', [], true)
 5 APPPATH\Controllers\Courses.php(537): view('dashboard/courses/index_slides', [...])
 6 SYSTEMPATH\CodeIgniter.php(933): App\Controllers\Courses->view_slides('public', 'assests', 'Logo.png')
 7 SYSTEMPATH\CodeIgniter.php(509): CodeIgniter\CodeIgniter->runController(Object(App\Controllers\Courses))
 8 SYSTEMPATH\CodeIgniter.php(355): CodeIgniter\CodeIgniter->handleRequest(null, Object(Config\Cache), false)
 9 SYSTEMPATH\Boot.php(325): CodeIgniter\CodeIgniter->run()
10 SYSTEMPATH\Boot.php(67): CodeIgniter\Boot::runCodeIgniter(Object(CodeIgniter\CodeIgniter))
11 FCPATH\index.php(56): CodeIgniter\Boot::bootWeb(Object(Config\Paths))
CRITICAL - 2025-01-02 10:17:06 --> ArgumentCountError: Too few arguments to function App\Controllers\Courses::download_slide(), 0 passed in C:\xampp\htdocs\Student_Management_Portal\system\CodeIgniter.php on line 933 and exactly 1 expected
[Method: GET, Route: courses/download_slide]
in APPPATH\Controllers\Courses.php on line 603.
 1 SYSTEMPATH\CodeIgniter.php(933): App\Controllers\Courses->download_slide()
 2 SYSTEMPATH\CodeIgniter.php(509): CodeIgniter\CodeIgniter->runController(Object(App\Controllers\Courses))
 3 SYSTEMPATH\CodeIgniter.php(355): CodeIgniter\CodeIgniter->handleRequest(null, Object(Config\Cache), false)
 4 SYSTEMPATH\Boot.php(325): CodeIgniter\CodeIgniter->run()
 5 SYSTEMPATH\Boot.php(67): CodeIgniter\Boot::runCodeIgniter(Object(CodeIgniter\CodeIgniter))
 6 FCPATH\index.php(56): CodeIgniter\Boot::bootWeb(Object(Config\Paths))
CRITICAL - 2025-01-02 10:17:32 --> CodeIgniter\View\Exceptions\ViewException: Invalid file: "courses/edit_slide.php"
[Method: GET, Route: courses/edit_slide/2]
in SYSTEMPATH\Exceptions\FrameworkException.php on line 41.
 1 SYSTEMPATH\View\View.php(222): CodeIgniter\Exceptions\FrameworkException::forInvalidFile('courses/edit_slide.php')
 2 SYSTEMPATH\Common.php(1171): CodeIgniter\View\View->render('courses/edit_slide', [], true)
 3 APPPATH\Controllers\Courses.php(622): view('courses/edit_slide', [...])
 4 SYSTEMPATH\CodeIgniter.php(933): App\Controllers\Courses->edit_slide('2')
 5 SYSTEMPATH\CodeIgniter.php(509): CodeIgniter\CodeIgniter->runController(Object(App\Controllers\Courses))
 6 SYSTEMPATH\CodeIgniter.php(355): CodeIgniter\CodeIgniter->handleRequest(null, Object(Config\Cache), false)
 7 SYSTEMPATH\Boot.php(325): CodeIgniter\CodeIgniter->run()
 8 SYSTEMPATH\Boot.php(67): CodeIgniter\Boot::runCodeIgniter(Object(CodeIgniter\CodeIgniter))
 9 FCPATH\index.php(56): CodeIgniter\Boot::bootWeb(Object(Config\Paths))
CRITICAL - 2025-01-02 10:17:35 --> ErrorException: Trying to access array offset on value of type null
[Method: GET, Route: courses/view_slides/public/assests/Logo.png]
in APPPATH\Views\dashboard\courses\index_slides.php on line 6.
 1 APPPATH\Views\dashboard\courses\index_slides.php(6): CodeIgniter\Debug\Exceptions->errorHandler(2, 'Trying to access array offset on value of type null', 'C:\\xampp\\htdocs\\Student_Management_Portal\\app\\Views\\dashboard\\courses\\index_slides.php', 6)
 2 SYSTEMPATH\View\View.php(234): include('C:\\xampp\\htdocs\\Student_Management_Portal\\app\\Views\\dashboard\\courses\\index_slides.php')
 3 SYSTEMPATH\View\View.php(237): CodeIgniter\View\View->CodeIgniter\View\{closure}()
 4 SYSTEMPATH\Common.php(1171): CodeIgniter\View\View->render('dashboard/courses/index_slides', [], true)
 5 APPPATH\Controllers\Courses.php(537): view('dashboard/courses/index_slides', [...])
 6 SYSTEMPATH\CodeIgniter.php(933): App\Controllers\Courses->view_slides('public', 'assests', 'Logo.png')
 7 SYSTEMPATH\CodeIgniter.php(509): CodeIgniter\CodeIgniter->runController(Object(App\Controllers\Courses))
 8 SYSTEMPATH\CodeIgniter.php(355): CodeIgniter\CodeIgniter->handleRequest(null, Object(Config\Cache), false)
 9 SYSTEMPATH\Boot.php(325): CodeIgniter\CodeIgniter->run()
10 SYSTEMPATH\Boot.php(67): CodeIgniter\Boot::runCodeIgniter(Object(CodeIgniter\CodeIgniter))
11 FCPATH\index.php(56): CodeIgniter\Boot::bootWeb(Object(Config\Paths))
CRITICAL - 2025-01-02 10:21:02 --> ErrorException: Trying to access array offset on value of type null
[Method: GET, Route: courses/view_slides/public/assests/Logo.png]
in APPPATH\Views\dashboard\courses\index_slides.php on line 6.
 1 APPPATH\Views\dashboard\courses\index_slides.php(6): CodeIgniter\Debug\Exceptions->errorHandler(2, 'Trying to access array offset on value of type null', 'C:\\xampp\\htdocs\\Student_Management_Portal\\app\\Views\\dashboard\\courses\\index_slides.php', 6)
 2 SYSTEMPATH\View\View.php(234): include('C:\\xampp\\htdocs\\Student_Management_Portal\\app\\Views\\dashboard\\courses\\index_slides.php')
 3 SYSTEMPATH\View\View.php(237): CodeIgniter\View\View->CodeIgniter\View\{closure}()
 4 SYSTEMPATH\Common.php(1171): CodeIgniter\View\View->render('dashboard/courses/index_slides', [], true)
 5 APPPATH\Controllers\Courses.php(537): view('dashboard/courses/index_slides', [...])
 6 SYSTEMPATH\CodeIgniter.php(933): App\Controllers\Courses->view_slides('public', 'assests', 'Logo.png')
 7 SYSTEMPATH\CodeIgniter.php(509): CodeIgniter\CodeIgniter->runController(Object(App\Controllers\Courses))
 8 SYSTEMPATH\CodeIgniter.php(355): CodeIgniter\CodeIgniter->handleRequest(null, Object(Config\Cache), false)
 9 SYSTEMPATH\Boot.php(325): CodeIgniter\CodeIgniter->run()
10 SYSTEMPATH\Boot.php(67): CodeIgniter\Boot::runCodeIgniter(Object(CodeIgniter\CodeIgniter))
11 FCPATH\index.php(56): CodeIgniter\Boot::bootWeb(Object(Config\Paths))
CRITICAL - 2025-01-02 10:21:59 --> ErrorException: Trying to access array offset on value of type null
[Method: GET, Route: courses/view_slides/public/assests/Logo.png]
in APPPATH\Views\dashboard\courses\index_slides.php on line 6.
 1 APPPATH\Views\dashboard\courses\index_slides.php(6): CodeIgniter\Debug\Exceptions->errorHandler(2, 'Trying to access array offset on value of type null', 'C:\\xampp\\htdocs\\Student_Management_Portal\\app\\Views\\dashboard\\courses\\index_slides.php', 6)
 2 SYSTEMPATH\View\View.php(234): include('C:\\xampp\\htdocs\\Student_Management_Portal\\app\\Views\\dashboard\\courses\\index_slides.php')
 3 SYSTEMPATH\View\View.php(237): CodeIgniter\View\View->CodeIgniter\View\{closure}()
 4 SYSTEMPATH\Common.php(1171): CodeIgniter\View\View->render('dashboard/courses/index_slides', [], true)
 5 APPPATH\Controllers\Courses.php(537): view('dashboard/courses/index_slides', [...])
 6 SYSTEMPATH\CodeIgniter.php(933): App\Controllers\Courses->view_slides('public', 'assests', 'Logo.png')
 7 SYSTEMPATH\CodeIgniter.php(509): CodeIgniter\CodeIgniter->runController(Object(App\Controllers\Courses))
 8 SYSTEMPATH\CodeIgniter.php(355): CodeIgniter\CodeIgniter->handleRequest(null, Object(Config\Cache), false)
 9 SYSTEMPATH\Boot.php(325): CodeIgniter\CodeIgniter->run()
10 SYSTEMPATH\Boot.php(67): CodeIgniter\Boot::runCodeIgniter(Object(CodeIgniter\CodeIgniter))
11 FCPATH\index.php(56): CodeIgniter\Boot::bootWeb(Object(Config\Paths))
CRITICAL - 2025-01-02 10:22:08 --> ErrorException: Trying to access array offset on value of type null
[Method: GET, Route: courses/view_slides/public/assests/Logo.png]
in APPPATH\Views\dashboard\courses\index_slides.php on line 6.
 1 APPPATH\Views\dashboard\courses\index_slides.php(6): CodeIgniter\Debug\Exceptions->errorHandler(2, 'Trying to access array offset on value of type null', 'C:\\xampp\\htdocs\\Student_Management_Portal\\app\\Views\\dashboard\\courses\\index_slides.php', 6)
 2 SYSTEMPATH\View\View.php(234): include('C:\\xampp\\htdocs\\Student_Management_Portal\\app\\Views\\dashboard\\courses\\index_slides.php')
 3 SYSTEMPATH\View\View.php(237): CodeIgniter\View\View->CodeIgniter\View\{closure}()
 4 SYSTEMPATH\Common.php(1171): CodeIgniter\View\View->render('dashboard/courses/index_slides', [], true)
 5 APPPATH\Controllers\Courses.php(537): view('dashboard/courses/index_slides', [...])
 6 SYSTEMPATH\CodeIgniter.php(933): App\Controllers\Courses->view_slides('public', 'assests', 'Logo.png')
 7 SYSTEMPATH\CodeIgniter.php(509): CodeIgniter\CodeIgniter->runController(Object(App\Controllers\Courses))
 8 SYSTEMPATH\CodeIgniter.php(355): CodeIgniter\CodeIgniter->handleRequest(null, Object(Config\Cache), false)
 9 SYSTEMPATH\Boot.php(325): CodeIgniter\CodeIgniter->run()
10 SYSTEMPATH\Boot.php(67): CodeIgniter\Boot::runCodeIgniter(Object(CodeIgniter\CodeIgniter))
11 FCPATH\index.php(56): CodeIgniter\Boot::bootWeb(Object(Config\Paths))
CRITICAL - 2025-01-02 10:47:12 --> ErrorException: Trying to access array offset on value of type null
[Method: GET, Route: courses/view_slides/public/assests/Logo.png]
in APPPATH\Views\dashboard\courses\index_slides.php on line 6.
 1 APPPATH\Views\dashboard\courses\index_slides.php(6): CodeIgniter\Debug\Exceptions->errorHandler(2, 'Trying to access array offset on value of type null', 'C:\\xampp\\htdocs\\Student_Management_Portal\\app\\Views\\dashboard\\courses\\index_slides.php', 6)
 2 SYSTEMPATH\View\View.php(234): include('C:\\xampp\\htdocs\\Student_Management_Portal\\app\\Views\\dashboard\\courses\\index_slides.php')
 3 SYSTEMPATH\View\View.php(237): CodeIgniter\View\View->CodeIgniter\View\{closure}()
 4 SYSTEMPATH\Common.php(1171): CodeIgniter\View\View->render('dashboard/courses/index_slides', [], true)
 5 APPPATH\Controllers\Courses.php(537): view('dashboard/courses/index_slides', [...])
 6 SYSTEMPATH\CodeIgniter.php(933): App\Controllers\Courses->view_slides('public', 'assests', 'Logo.png')
 7 SYSTEMPATH\CodeIgniter.php(509): CodeIgniter\CodeIgniter->runController(Object(App\Controllers\Courses))
 8 SYSTEMPATH\CodeIgniter.php(355): CodeIgniter\CodeIgniter->handleRequest(null, Object(Config\Cache), false)
 9 SYSTEMPATH\Boot.php(325): CodeIgniter\CodeIgniter->run()
10 SYSTEMPATH\Boot.php(67): CodeIgniter\Boot::runCodeIgniter(Object(CodeIgniter\CodeIgniter))
11 FCPATH\index.php(56): CodeIgniter\Boot::bootWeb(Object(Config\Paths))
CRITICAL - 2025-01-02 10:47:14 --> ArgumentCountError: Too few arguments to function App\Controllers\Courses::download_slide(), 0 passed in C:\xampp\htdocs\Student_Management_Portal\system\CodeIgniter.php on line 933 and exactly 1 expected
[Method: GET, Route: courses/download_slide]
in APPPATH\Controllers\Courses.php on line 603.
 1 SYSTEMPATH\CodeIgniter.php(933): App\Controllers\Courses->download_slide()
 2 SYSTEMPATH\CodeIgniter.php(509): CodeIgniter\CodeIgniter->runController(Object(App\Controllers\Courses))
 3 SYSTEMPATH\CodeIgniter.php(355): CodeIgniter\CodeIgniter->handleRequest(null, Object(Config\Cache), false)
 4 SYSTEMPATH\Boot.php(325): CodeIgniter\CodeIgniter->run()
 5 SYSTEMPATH\Boot.php(67): CodeIgniter\Boot::runCodeIgniter(Object(CodeIgniter\CodeIgniter))
 6 FCPATH\index.php(56): CodeIgniter\Boot::bootWeb(Object(Config\Paths))
CRITICAL - 2025-01-02 10:50:02 --> ErrorException: Trying to access array offset on value of type null
[Method: GET, Route: courses/view_slides/public/assests/Logo.png]
in APPPATH\Views\dashboard\courses\index_slides.php on line 6.
 1 APPPATH\Views\dashboard\courses\index_slides.php(6): CodeIgniter\Debug\Exceptions->errorHandler(2, 'Trying to access array offset on value of type null', 'C:\\xampp\\htdocs\\Student_Management_Portal\\app\\Views\\dashboard\\courses\\index_slides.php', 6)
 2 SYSTEMPATH\View\View.php(234): include('C:\\xampp\\htdocs\\Student_Management_Portal\\app\\Views\\dashboard\\courses\\index_slides.php')
 3 SYSTEMPATH\View\View.php(237): CodeIgniter\View\View->CodeIgniter\View\{closure}()
 4 SYSTEMPATH\Common.php(1171): CodeIgniter\View\View->render('dashboard/courses/index_slides', [], true)
 5 APPPATH\Controllers\Courses.php(537): view('dashboard/courses/index_slides', [...])
 6 SYSTEMPATH\CodeIgniter.php(933): App\Controllers\Courses->view_slides('public', 'assests', 'Logo.png')
 7 SYSTEMPATH\CodeIgniter.php(509): CodeIgniter\CodeIgniter->runController(Object(App\Controllers\Courses))
 8 SYSTEMPATH\CodeIgniter.php(355): CodeIgniter\CodeIgniter->handleRequest(null, Object(Config\Cache), false)
 9 SYSTEMPATH\Boot.php(325): CodeIgniter\CodeIgniter->run()
10 SYSTEMPATH\Boot.php(67): CodeIgniter\Boot::runCodeIgniter(Object(CodeIgniter\CodeIgniter))
11 FCPATH\index.php(56): CodeIgniter\Boot::bootWeb(Object(Config\Paths))
INFO - 2025-01-02 10:50:04 --> Session: Class initialized using 'CodeIgniter\Session\Handlers\FileHandler' driver.
CRITICAL - 2025-01-02 10:50:06 --> ErrorException: Trying to access array offset on value of type null
[Method: GET, Route: courses/department_syllabus/public/assests/Logo.png]
in APPPATH\Views\dashboard\courses\index_syllabus.php on line 6.
 1 APPPATH\Views\dashboard\courses\index_syllabus.php(6): CodeIgniter\Debug\Exceptions->errorHandler(2, 'Trying to access array offset on value of type null', 'C:\\xampp\\htdocs\\Student_Management_Portal\\app\\Views\\dashboard\\courses\\index_syllabus.php', 6)
 2 SYSTEMPATH\View\View.php(234): include('C:\\xampp\\htdocs\\Student_Management_Portal\\app\\Views\\dashboard\\courses\\index_syllabus.php')
 3 SYSTEMPATH\View\View.php(237): CodeIgniter\View\View->CodeIgniter\View\{closure}()
 4 SYSTEMPATH\Common.php(1171): CodeIgniter\View\View->render('dashboard/courses/index_syllabus', [], true)
 5 APPPATH\Controllers\Courses.php(78): view('dashboard/courses/index_syllabus', [...])
 6 SYSTEMPATH\CodeIgniter.php(933): App\Controllers\Courses->department_syllabus('public', 'assests', 'Logo.png')
 7 SYSTEMPATH\CodeIgniter.php(509): CodeIgniter\CodeIgniter->runController(Object(App\Controllers\Courses))
 8 SYSTEMPATH\CodeIgniter.php(355): CodeIgniter\CodeIgniter->handleRequest(null, Object(Config\Cache), false)
 9 SYSTEMPATH\Boot.php(325): CodeIgniter\CodeIgniter->run()
10 SYSTEMPATH\Boot.php(67): CodeIgniter\Boot::runCodeIgniter(Object(CodeIgniter\CodeIgniter))
11 FCPATH\index.php(56): CodeIgniter\Boot::bootWeb(Object(Config\Paths))
CRITICAL - 2025-01-02 10:50:12 --> ErrorException: Trying to access array offset on value of type null
[Method: GET, Route: courses/syllabus_subjects/2/public/assests/Logo.png]
in APPPATH\Views\dashboard\courses\index_subject.php on line 6.
 1 APPPATH\Views\dashboard\courses\index_subject.php(6): CodeIgniter\Debug\Exceptions->errorHandler(2, 'Trying to access array offset on value of type null', 'C:\\xampp\\htdocs\\Student_Management_Portal\\app\\Views\\dashboard\\courses\\index_subject.php', 6)
 2 SYSTEMPATH\View\View.php(234): include('C:\\xampp\\htdocs\\Student_Management_Portal\\app\\Views\\dashboard\\courses\\index_subject.php')
 3 SYSTEMPATH\View\View.php(237): CodeIgniter\View\View->CodeIgniter\View\{closure}()
 4 SYSTEMPATH\Common.php(1171): CodeIgniter\View\View->render('dashboard/courses/index_subject', [], true)
 5 APPPATH\Controllers\Courses.php(123): view('dashboard/courses/index_subject', [...])
 6 SYSTEMPATH\CodeIgniter.php(933): App\Controllers\Courses->syllabus_subjects('2', 'public', 'assests', 'Logo.png')
 7 SYSTEMPATH\CodeIgniter.php(509): CodeIgniter\CodeIgniter->runController(Object(App\Controllers\Courses))
 8 SYSTEMPATH\CodeIgniter.php(355): CodeIgniter\CodeIgniter->handleRequest(null, Object(Config\Cache), false)
 9 SYSTEMPATH\Boot.php(325): CodeIgniter\CodeIgniter->run()
10 SYSTEMPATH\Boot.php(67): CodeIgniter\Boot::runCodeIgniter(Object(CodeIgniter\CodeIgniter))
11 FCPATH\index.php(56): CodeIgniter\Boot::bootWeb(Object(Config\Paths))
CRITICAL - 2025-01-02 10:50:13 --> ErrorException: Trying to access array offset on value of type null
[Method: GET, Route: courses/view_slides/public/assests/Logo.png]
in APPPATH\Views\dashboard\courses\index_slides.php on line 6.
 1 APPPATH\Views\dashboard\courses\index_slides.php(6): CodeIgniter\Debug\Exceptions->errorHandler(2, 'Trying to access array offset on value of type null', 'C:\\xampp\\htdocs\\Student_Management_Portal\\app\\Views\\dashboard\\courses\\index_slides.php', 6)
 2 SYSTEMPATH\View\View.php(234): include('C:\\xampp\\htdocs\\Student_Management_Portal\\app\\Views\\dashboard\\courses\\index_slides.php')
 3 SYSTEMPATH\View\View.php(237): CodeIgniter\View\View->CodeIgniter\View\{closure}()
 4 SYSTEMPATH\Common.php(1171): CodeIgniter\View\View->render('dashboard/courses/index_slides', [], true)
 5 APPPATH\Controllers\Courses.php(537): view('dashboard/courses/index_slides', [...])
 6 SYSTEMPATH\CodeIgniter.php(933): App\Controllers\Courses->view_slides('public', 'assests', 'Logo.png')
 7 SYSTEMPATH\CodeIgniter.php(509): CodeIgniter\CodeIgniter->runController(Object(App\Controllers\Courses))
 8 SYSTEMPATH\CodeIgniter.php(355): CodeIgniter\CodeIgniter->handleRequest(null, Object(Config\Cache), false)
 9 SYSTEMPATH\Boot.php(325): CodeIgniter\CodeIgniter->run()
10 SYSTEMPATH\Boot.php(67): CodeIgniter\Boot::runCodeIgniter(Object(CodeIgniter\CodeIgniter))
11 FCPATH\index.php(56): CodeIgniter\Boot::bootWeb(Object(Config\Paths))
CRITICAL - 2025-01-02 10:50:16 --> ErrorException: Trying to access array offset on value of type null
[Method: GET, Route: courses/syllabus_subjects/2/public/assests/Logo.png]
in APPPATH\Views\dashboard\courses\index_subject.php on line 6.
 1 APPPATH\Views\dashboard\courses\index_subject.php(6): CodeIgniter\Debug\Exceptions->errorHandler(2, 'Trying to access array offset on value of type null', 'C:\\xampp\\htdocs\\Student_Management_Portal\\app\\Views\\dashboard\\courses\\index_subject.php', 6)
 2 SYSTEMPATH\View\View.php(234): include('C:\\xampp\\htdocs\\Student_Management_Portal\\app\\Views\\dashboard\\courses\\index_subject.php')
 3 SYSTEMPATH\View\View.php(237): CodeIgniter\View\View->CodeIgniter\View\{closure}()
 4 SYSTEMPATH\Common.php(1171): CodeIgniter\View\View->render('dashboard/courses/index_subject', [], true)
 5 APPPATH\Controllers\Courses.php(123): view('dashboard/courses/index_subject', [...])
 6 SYSTEMPATH\CodeIgniter.php(933): App\Controllers\Courses->syllabus_subjects('2', 'public', 'assests', 'Logo.png')
 7 SYSTEMPATH\CodeIgniter.php(509): CodeIgniter\CodeIgniter->runController(Object(App\Controllers\Courses))
 8 SYSTEMPATH\CodeIgniter.php(355): CodeIgniter\CodeIgniter->handleRequest(null, Object(Config\Cache), false)
 9 SYSTEMPATH\Boot.php(325): CodeIgniter\CodeIgniter->run()
10 SYSTEMPATH\Boot.php(67): CodeIgniter\Boot::runCodeIgniter(Object(CodeIgniter\CodeIgniter))
11 FCPATH\index.php(56): CodeIgniter\Boot::bootWeb(Object(Config\Paths))
CRITICAL - 2025-01-02 10:50:19 --> ErrorException: Trying to access array offset on value of type null
[Method: GET, Route: courses/view_slides/public/assests/Logo.png]
in APPPATH\Views\dashboard\courses\index_slides.php on line 6.
 1 APPPATH\Views\dashboard\courses\index_slides.php(6): CodeIgniter\Debug\Exceptions->errorHandler(2, 'Trying to access array offset on value of type null', 'C:\\xampp\\htdocs\\Student_Management_Portal\\app\\Views\\dashboard\\courses\\index_slides.php', 6)
 2 SYSTEMPATH\View\View.php(234): include('C:\\xampp\\htdocs\\Student_Management_Portal\\app\\Views\\dashboard\\courses\\index_slides.php')
 3 SYSTEMPATH\View\View.php(237): CodeIgniter\View\View->CodeIgniter\View\{closure}()
 4 SYSTEMPATH\Common.php(1171): CodeIgniter\View\View->render('dashboard/courses/index_slides', [], true)
 5 APPPATH\Controllers\Courses.php(537): view('dashboard/courses/index_slides', [...])
 6 SYSTEMPATH\CodeIgniter.php(933): App\Controllers\Courses->view_slides('public', 'assests', 'Logo.png')
 7 SYSTEMPATH\CodeIgniter.php(509): CodeIgniter\CodeIgniter->runController(Object(App\Controllers\Courses))
 8 SYSTEMPATH\CodeIgniter.php(355): CodeIgniter\CodeIgniter->handleRequest(null, Object(Config\Cache), false)
 9 SYSTEMPATH\Boot.php(325): CodeIgniter\CodeIgniter->run()
10 SYSTEMPATH\Boot.php(67): CodeIgniter\Boot::runCodeIgniter(Object(CodeIgniter\CodeIgniter))
11 FCPATH\index.php(56): CodeIgniter\Boot::bootWeb(Object(Config\Paths))
CRITICAL - 2025-01-02 10:50:29 --> ErrorException: Trying to access array offset on value of type null
[Method: GET, Route: courses/view_slides/public/assests/Logo.png]
in APPPATH\Views\dashboard\courses\index_slides.php on line 6.
 1 APPPATH\Views\dashboard\courses\index_slides.php(6): CodeIgniter\Debug\Exceptions->errorHandler(2, 'Trying to access array offset on value of type null', 'C:\\xampp\\htdocs\\Student_Management_Portal\\app\\Views\\dashboard\\courses\\index_slides.php', 6)
 2 SYSTEMPATH\View\View.php(234): include('C:\\xampp\\htdocs\\Student_Management_Portal\\app\\Views\\dashboard\\courses\\index_slides.php')
 3 SYSTEMPATH\View\View.php(237): CodeIgniter\View\View->CodeIgniter\View\{closure}()
 4 SYSTEMPATH\Common.php(1171): CodeIgniter\View\View->render('dashboard/courses/index_slides', [], true)
 5 APPPATH\Controllers\Courses.php(537): view('dashboard/courses/index_slides', [...])
 6 SYSTEMPATH\CodeIgniter.php(933): App\Controllers\Courses->view_slides('public', 'assests', 'Logo.png')
 7 SYSTEMPATH\CodeIgniter.php(509): CodeIgniter\CodeIgniter->runController(Object(App\Controllers\Courses))
 8 SYSTEMPATH\CodeIgniter.php(355): CodeIgniter\CodeIgniter->handleRequest(null, Object(Config\Cache), false)
 9 SYSTEMPATH\Boot.php(325): CodeIgniter\CodeIgniter->run()
10 SYSTEMPATH\Boot.php(67): CodeIgniter\Boot::runCodeIgniter(Object(CodeIgniter\CodeIgniter))
11 FCPATH\index.php(56): CodeIgniter\Boot::bootWeb(Object(Config\Paths))
CRITICAL - 2025-01-02 10:50:33 --> ArgumentCountError: Too few arguments to function App\Controllers\Courses::download_slide(), 0 passed in C:\xampp\htdocs\Student_Management_Portal\system\CodeIgniter.php on line 933 and exactly 1 expected
[Method: GET, Route: courses/download_slide]
in APPPATH\Controllers\Courses.php on line 603.
 1 SYSTEMPATH\CodeIgniter.php(933): App\Controllers\Courses->download_slide()
 2 SYSTEMPATH\CodeIgniter.php(509): CodeIgniter\CodeIgniter->runController(Object(App\Controllers\Courses))
 3 SYSTEMPATH\CodeIgniter.php(355): CodeIgniter\CodeIgniter->handleRequest(null, Object(Config\Cache), false)
 4 SYSTEMPATH\Boot.php(325): CodeIgniter\CodeIgniter->run()
 5 SYSTEMPATH\Boot.php(67): CodeIgniter\Boot::runCodeIgniter(Object(CodeIgniter\CodeIgniter))
 6 FCPATH\index.php(56): CodeIgniter\Boot::bootWeb(Object(Config\Paths))
CRITICAL - 2025-01-02 10:50:48 --> ErrorException: Trying to access array offset on value of type null
[Method: GET, Route: courses/view_slides/public/assests/Logo.png]
in APPPATH\Views\dashboard\courses\index_slides.php on line 6.
 1 APPPATH\Views\dashboard\courses\index_slides.php(6): CodeIgniter\Debug\Exceptions->errorHandler(2, 'Trying to access array offset on value of type null', 'C:\\xampp\\htdocs\\Student_Management_Portal\\app\\Views\\dashboard\\courses\\index_slides.php', 6)
 2 SYSTEMPATH\View\View.php(234): include('C:\\xampp\\htdocs\\Student_Management_Portal\\app\\Views\\dashboard\\courses\\index_slides.php')
 3 SYSTEMPATH\View\View.php(237): CodeIgniter\View\View->CodeIgniter\View\{closure}()
 4 SYSTEMPATH\Common.php(1171): CodeIgniter\View\View->render('dashboard/courses/index_slides', [], true)
 5 APPPATH\Controllers\Courses.php(537): view('dashboard/courses/index_slides', [...])
 6 SYSTEMPATH\CodeIgniter.php(933): App\Controllers\Courses->view_slides('public', 'assests', 'Logo.png')
 7 SYSTEMPATH\CodeIgniter.php(509): CodeIgniter\CodeIgniter->runController(Object(App\Controllers\Courses))
 8 SYSTEMPATH\CodeIgniter.php(355): CodeIgniter\CodeIgniter->handleRequest(null, Object(Config\Cache), false)
 9 SYSTEMPATH\Boot.php(325): CodeIgniter\CodeIgniter->run()
10 SYSTEMPATH\Boot.php(67): CodeIgniter\Boot::runCodeIgniter(Object(CodeIgniter\CodeIgniter))
11 FCPATH\index.php(56): CodeIgniter\Boot::bootWeb(Object(Config\Paths))
CRITICAL - 2025-01-02 10:50:49 --> ErrorException: Trying to access array offset on value of type null
[Method: GET, Route: courses/syllabus_subjects/2/public/assests/Logo.png]
in APPPATH\Views\dashboard\courses\index_subject.php on line 6.
 1 APPPATH\Views\dashboard\courses\index_subject.php(6): CodeIgniter\Debug\Exceptions->errorHandler(2, 'Trying to access array offset on value of type null', 'C:\\xampp\\htdocs\\Student_Management_Portal\\app\\Views\\dashboard\\courses\\index_subject.php', 6)
 2 SYSTEMPATH\View\View.php(234): include('C:\\xampp\\htdocs\\Student_Management_Portal\\app\\Views\\dashboard\\courses\\index_subject.php')
 3 SYSTEMPATH\View\View.php(237): CodeIgniter\View\View->CodeIgniter\View\{closure}()
 4 SYSTEMPATH\Common.php(1171): CodeIgniter\View\View->render('dashboard/courses/index_subject', [], true)
 5 APPPATH\Controllers\Courses.php(123): view('dashboard/courses/index_subject', [...])
 6 SYSTEMPATH\CodeIgniter.php(933): App\Controllers\Courses->syllabus_subjects('2', 'public', 'assests', 'Logo.png')
 7 SYSTEMPATH\CodeIgniter.php(509): CodeIgniter\CodeIgniter->runController(Object(App\Controllers\Courses))
 8 SYSTEMPATH\CodeIgniter.php(355): CodeIgniter\CodeIgniter->handleRequest(null, Object(Config\Cache), false)
 9 SYSTEMPATH\Boot.php(325): CodeIgniter\CodeIgniter->run()
10 SYSTEMPATH\Boot.php(67): CodeIgniter\Boot::runCodeIgniter(Object(CodeIgniter\CodeIgniter))
11 FCPATH\index.php(56): CodeIgniter\Boot::bootWeb(Object(Config\Paths))
CRITICAL - 2025-01-02 10:50:53 --> ErrorException: Trying to access array offset on value of type null
[Method: GET, Route: courses/view_slides/public/assests/Logo.png]
in APPPATH\Views\dashboard\courses\index_slides.php on line 6.
 1 APPPATH\Views\dashboard\courses\index_slides.php(6): CodeIgniter\Debug\Exceptions->errorHandler(2, 'Trying to access array offset on value of type null', 'C:\\xampp\\htdocs\\Student_Management_Portal\\app\\Views\\dashboard\\courses\\index_slides.php', 6)
 2 SYSTEMPATH\View\View.php(234): include('C:\\xampp\\htdocs\\Student_Management_Portal\\app\\Views\\dashboard\\courses\\index_slides.php')
 3 SYSTEMPATH\View\View.php(237): CodeIgniter\View\View->CodeIgniter\View\{closure}()
 4 SYSTEMPATH\Common.php(1171): CodeIgniter\View\View->render('dashboard/courses/index_slides', [], true)
 5 APPPATH\Controllers\Courses.php(537): view('dashboard/courses/index_slides', [...])
 6 SYSTEMPATH\CodeIgniter.php(933): App\Controllers\Courses->view_slides('public', 'assests', 'Logo.png')
 7 SYSTEMPATH\CodeIgniter.php(509): CodeIgniter\CodeIgniter->runController(Object(App\Controllers\Courses))
 8 SYSTEMPATH\CodeIgniter.php(355): CodeIgniter\CodeIgniter->handleRequest(null, Object(Config\Cache), false)
 9 SYSTEMPATH\Boot.php(325): CodeIgniter\CodeIgniter->run()
10 SYSTEMPATH\Boot.php(67): CodeIgniter\Boot::runCodeIgniter(Object(CodeIgniter\CodeIgniter))
11 FCPATH\index.php(56): CodeIgniter\Boot::bootWeb(Object(Config\Paths))
CRITICAL - 2025-01-02 10:51:01 --> ArgumentCountError: Too few arguments to function App\Controllers\Courses::download_slide(), 0 passed in C:\xampp\htdocs\Student_Management_Portal\system\CodeIgniter.php on line 933 and exactly 1 expected
[Method: GET, Route: courses/download_slide]
in APPPATH\Controllers\Courses.php on line 603.
 1 SYSTEMPATH\CodeIgniter.php(933): App\Controllers\Courses->download_slide()
 2 SYSTEMPATH\CodeIgniter.php(509): CodeIgniter\CodeIgniter->runController(Object(App\Controllers\Courses))
 3 SYSTEMPATH\CodeIgniter.php(355): CodeIgniter\CodeIgniter->handleRequest(null, Object(Config\Cache), false)
 4 SYSTEMPATH\Boot.php(325): CodeIgniter\CodeIgniter->run()
 5 SYSTEMPATH\Boot.php(67): CodeIgniter\Boot::runCodeIgniter(Object(CodeIgniter\CodeIgniter))
 6 FCPATH\index.php(56): CodeIgniter\Boot::bootWeb(Object(Config\Paths))
CRITICAL - 2025-01-02 10:51:39 --> ErrorException: Trying to access array offset on value of type null
[Method: GET, Route: courses/view_slides/public/assests/Logo.png]
in APPPATH\Views\dashboard\courses\index_slides.php on line 6.
 1 APPPATH\Views\dashboard\courses\index_slides.php(6): CodeIgniter\Debug\Exceptions->errorHandler(2, 'Trying to access array offset on value of type null', 'C:\\xampp\\htdocs\\Student_Management_Portal\\app\\Views\\dashboard\\courses\\index_slides.php', 6)
 2 SYSTEMPATH\View\View.php(234): include('C:\\xampp\\htdocs\\Student_Management_Portal\\app\\Views\\dashboard\\courses\\index_slides.php')
 3 SYSTEMPATH\View\View.php(237): CodeIgniter\View\View->CodeIgniter\View\{closure}()
 4 SYSTEMPATH\Common.php(1171): CodeIgniter\View\View->render('dashboard/courses/index_slides', [], true)
 5 APPPATH\Controllers\Courses.php(537): view('dashboard/courses/index_slides', [...])
 6 SYSTEMPATH\CodeIgniter.php(933): App\Controllers\Courses->view_slides('public', 'assests', 'Logo.png')
 7 SYSTEMPATH\CodeIgniter.php(509): CodeIgniter\CodeIgniter->runController(Object(App\Controllers\Courses))
 8 SYSTEMPATH\CodeIgniter.php(355): CodeIgniter\CodeIgniter->handleRequest(null, Object(Config\Cache), false)
 9 SYSTEMPATH\Boot.php(325): CodeIgniter\CodeIgniter->run()
10 SYSTEMPATH\Boot.php(67): CodeIgniter\Boot::runCodeIgniter(Object(CodeIgniter\CodeIgniter))
11 FCPATH\index.php(56): CodeIgniter\Boot::bootWeb(Object(Config\Paths))
CRITICAL - 2025-01-02 10:51:39 --> ErrorException: Trying to access array offset on value of type null
[Method: GET, Route: courses/view_slides/public/assests/Logo.png]
in APPPATH\Views\dashboard\courses\index_slides.php on line 6.
 1 APPPATH\Views\dashboard\courses\index_slides.php(6): CodeIgniter\Debug\Exceptions->errorHandler(2, 'Trying to access array offset on value of type null', 'C:\\xampp\\htdocs\\Student_Management_Portal\\app\\Views\\dashboard\\courses\\index_slides.php', 6)
 2 SYSTEMPATH\View\View.php(234): include('C:\\xampp\\htdocs\\Student_Management_Portal\\app\\Views\\dashboard\\courses\\index_slides.php')
 3 SYSTEMPATH\View\View.php(237): CodeIgniter\View\View->CodeIgniter\View\{closure}()
 4 SYSTEMPATH\Common.php(1171): CodeIgniter\View\View->render('dashboard/courses/index_slides', [], true)
 5 APPPATH\Controllers\Courses.php(537): view('dashboard/courses/index_slides', [...])
 6 SYSTEMPATH\CodeIgniter.php(933): App\Controllers\Courses->view_slides('public', 'assests', 'Logo.png')
 7 SYSTEMPATH\CodeIgniter.php(509): CodeIgniter\CodeIgniter->runController(Object(App\Controllers\Courses))
 8 SYSTEMPATH\CodeIgniter.php(355): CodeIgniter\CodeIgniter->handleRequest(null, Object(Config\Cache), false)
 9 SYSTEMPATH\Boot.php(325): CodeIgniter\CodeIgniter->run()
10 SYSTEMPATH\Boot.php(67): CodeIgniter\Boot::runCodeIgniter(Object(CodeIgniter\CodeIgniter))
11 FCPATH\index.php(56): CodeIgniter\Boot::bootWeb(Object(Config\Paths))
CRITICAL - 2025-01-02 10:51:43 --> ArgumentCountError: Too few arguments to function App\Controllers\Courses::download_slide(), 0 passed in C:\xampp\htdocs\Student_Management_Portal\system\CodeIgniter.php on line 933 and exactly 1 expected
[Method: GET, Route: courses/download_slide]
in APPPATH\Controllers\Courses.php on line 603.
 1 SYSTEMPATH\CodeIgniter.php(933): App\Controllers\Courses->download_slide()
 2 SYSTEMPATH\CodeIgniter.php(509): CodeIgniter\CodeIgniter->runController(Object(App\Controllers\Courses))
 3 SYSTEMPATH\CodeIgniter.php(355): CodeIgniter\CodeIgniter->handleRequest(null, Object(Config\Cache), false)
 4 SYSTEMPATH\Boot.php(325): CodeIgniter\CodeIgniter->run()
 5 SYSTEMPATH\Boot.php(67): CodeIgniter\Boot::runCodeIgniter(Object(CodeIgniter\CodeIgniter))
 6 FCPATH\index.php(56): CodeIgniter\Boot::bootWeb(Object(Config\Paths))
CRITICAL - 2025-01-02 10:52:22 --> CodeIgniter\View\Exceptions\ViewException: Invalid file: "courses/edit_slide.php"
[Method: GET, Route: courses/edit_slide/4]
in SYSTEMPATH\Exceptions\FrameworkException.php on line 41.
 1 SYSTEMPATH\View\View.php(222): CodeIgniter\Exceptions\FrameworkException::forInvalidFile('courses/edit_slide.php')
 2 SYSTEMPATH\Common.php(1171): CodeIgniter\View\View->render('courses/edit_slide', [], true)
 3 APPPATH\Controllers\Courses.php(624): view('courses/edit_slide', [...])
 4 SYSTEMPATH\CodeIgniter.php(933): App\Controllers\Courses->edit_slide('4')
 5 SYSTEMPATH\CodeIgniter.php(509): CodeIgniter\CodeIgniter->runController(Object(App\Controllers\Courses))
 6 SYSTEMPATH\CodeIgniter.php(355): CodeIgniter\CodeIgniter->handleRequest(null, Object(Config\Cache), false)
 7 SYSTEMPATH\Boot.php(325): CodeIgniter\CodeIgniter->run()
 8 SYSTEMPATH\Boot.php(67): CodeIgniter\Boot::runCodeIgniter(Object(CodeIgniter\CodeIgniter))
 9 FCPATH\index.php(56): CodeIgniter\Boot::bootWeb(Object(Config\Paths))
CRITICAL - 2025-01-02 10:52:25 --> ErrorException: Trying to access array offset on value of type null
[Method: GET, Route: courses/view_slides/public/assests/Logo.png]
in APPPATH\Views\dashboard\courses\index_slides.php on line 6.
 1 APPPATH\Views\dashboard\courses\index_slides.php(6): CodeIgniter\Debug\Exceptions->errorHandler(2, 'Trying to access array offset on value of type null', 'C:\\xampp\\htdocs\\Student_Management_Portal\\app\\Views\\dashboard\\courses\\index_slides.php', 6)
 2 SYSTEMPATH\View\View.php(234): include('C:\\xampp\\htdocs\\Student_Management_Portal\\app\\Views\\dashboard\\courses\\index_slides.php')
 3 SYSTEMPATH\View\View.php(237): CodeIgniter\View\View->CodeIgniter\View\{closure}()
 4 SYSTEMPATH\Common.php(1171): CodeIgniter\View\View->render('dashboard/courses/index_slides', [], true)
 5 APPPATH\Controllers\Courses.php(537): view('dashboard/courses/index_slides', [...])
 6 SYSTEMPATH\CodeIgniter.php(933): App\Controllers\Courses->view_slides('public', 'assests', 'Logo.png')
 7 SYSTEMPATH\CodeIgniter.php(509): CodeIgniter\CodeIgniter->runController(Object(App\Controllers\Courses))
 8 SYSTEMPATH\CodeIgniter.php(355): CodeIgniter\CodeIgniter->handleRequest(null, Object(Config\Cache), false)
 9 SYSTEMPATH\Boot.php(325): CodeIgniter\CodeIgniter->run()
10 SYSTEMPATH\Boot.php(67): CodeIgniter\Boot::runCodeIgniter(Object(CodeIgniter\CodeIgniter))
11 FCPATH\index.php(56): CodeIgniter\Boot::bootWeb(Object(Config\Paths))
CRITICAL - 2025-01-02 10:52:29 --> ArgumentCountError: Too few arguments to function App\Controllers\Courses::download_slide(), 0 passed in C:\xampp\htdocs\Student_Management_Portal\system\CodeIgniter.php on line 933 and exactly 1 expected
[Method: GET, Route: courses/download_slide]
in APPPATH\Controllers\Courses.php on line 603.
 1 SYSTEMPATH\CodeIgniter.php(933): App\Controllers\Courses->download_slide()
 2 SYSTEMPATH\CodeIgniter.php(509): CodeIgniter\CodeIgniter->runController(Object(App\Controllers\Courses))
 3 SYSTEMPATH\CodeIgniter.php(355): CodeIgniter\CodeIgniter->handleRequest(null, Object(Config\Cache), false)
 4 SYSTEMPATH\Boot.php(325): CodeIgniter\CodeIgniter->run()
 5 SYSTEMPATH\Boot.php(67): CodeIgniter\Boot::runCodeIgniter(Object(CodeIgniter\CodeIgniter))
 6 FCPATH\index.php(56): CodeIgniter\Boot::bootWeb(Object(Config\Paths))
CRITICAL - 2025-01-02 10:55:38 --> ErrorException: Trying to access array offset on value of type null
[Method: GET, Route: courses/view_slides/public/assests/Logo.png]
in APPPATH\Views\dashboard\courses\index_slides.php on line 6.
 1 APPPATH\Views\dashboard\courses\index_slides.php(6): CodeIgniter\Debug\Exceptions->errorHandler(2, 'Trying to access array offset on value of type null', 'C:\\xampp\\htdocs\\Student_Management_Portal\\app\\Views\\dashboard\\courses\\index_slides.php', 6)
 2 SYSTEMPATH\View\View.php(234): include('C:\\xampp\\htdocs\\Student_Management_Portal\\app\\Views\\dashboard\\courses\\index_slides.php')
 3 SYSTEMPATH\View\View.php(237): CodeIgniter\View\View->CodeIgniter\View\{closure}()
 4 SYSTEMPATH\Common.php(1171): CodeIgniter\View\View->render('dashboard/courses/index_slides', [], true)
 5 APPPATH\Controllers\Courses.php(537): view('dashboard/courses/index_slides', [...])
 6 SYSTEMPATH\CodeIgniter.php(933): App\Controllers\Courses->view_slides('public', 'assests', 'Logo.png')
 7 SYSTEMPATH\CodeIgniter.php(509): CodeIgniter\CodeIgniter->runController(Object(App\Controllers\Courses))
 8 SYSTEMPATH\CodeIgniter.php(355): CodeIgniter\CodeIgniter->handleRequest(null, Object(Config\Cache), false)
 9 SYSTEMPATH\Boot.php(325): CodeIgniter\CodeIgniter->run()
10 SYSTEMPATH\Boot.php(67): CodeIgniter\Boot::runCodeIgniter(Object(CodeIgniter\CodeIgniter))
11 FCPATH\index.php(56): CodeIgniter\Boot::bootWeb(Object(Config\Paths))
CRITICAL - 2025-01-02 10:55:46 --> ArgumentCountError: Too few arguments to function App\Controllers\Courses::download_slide(), 0 passed in C:\xampp\htdocs\Student_Management_Portal\system\CodeIgniter.php on line 933 and exactly 1 expected
[Method: GET, Route: courses/download_slide]
in APPPATH\Controllers\Courses.php on line 603.
 1 SYSTEMPATH\CodeIgniter.php(933): App\Controllers\Courses->download_slide()
 2 SYSTEMPATH\CodeIgniter.php(509): CodeIgniter\CodeIgniter->runController(Object(App\Controllers\Courses))
 3 SYSTEMPATH\CodeIgniter.php(355): CodeIgniter\CodeIgniter->handleRequest(null, Object(Config\Cache), false)
 4 SYSTEMPATH\Boot.php(325): CodeIgniter\CodeIgniter->run()
 5 SYSTEMPATH\Boot.php(67): CodeIgniter\Boot::runCodeIgniter(Object(CodeIgniter\CodeIgniter))
 6 FCPATH\index.php(56): CodeIgniter\Boot::bootWeb(Object(Config\Paths))
CRITICAL - 2025-01-02 10:58:56 --> ErrorException: Trying to access array offset on value of type null
[Method: GET, Route: courses/view_slides/public/assests/Logo.png]
in APPPATH\Views\dashboard\courses\index_slides.php on line 6.
 1 APPPATH\Views\dashboard\courses\index_slides.php(6): CodeIgniter\Debug\Exceptions->errorHandler(2, 'Trying to access array offset on value of type null', 'C:\\xampp\\htdocs\\Student_Management_Portal\\app\\Views\\dashboard\\courses\\index_slides.php', 6)
 2 SYSTEMPATH\View\View.php(234): include('C:\\xampp\\htdocs\\Student_Management_Portal\\app\\Views\\dashboard\\courses\\index_slides.php')
 3 SYSTEMPATH\View\View.php(237): CodeIgniter\View\View->CodeIgniter\View\{closure}()
 4 SYSTEMPATH\Common.php(1171): CodeIgniter\View\View->render('dashboard/courses/index_slides', [], true)
 5 APPPATH\Controllers\Courses.php(537): view('dashboard/courses/index_slides', [...])
 6 SYSTEMPATH\CodeIgniter.php(933): App\Controllers\Courses->view_slides('public', 'assests', 'Logo.png')
 7 SYSTEMPATH\CodeIgniter.php(509): CodeIgniter\CodeIgniter->runController(Object(App\Controllers\Courses))
 8 SYSTEMPATH\CodeIgniter.php(355): CodeIgniter\CodeIgniter->handleRequest(null, Object(Config\Cache), false)
 9 SYSTEMPATH\Boot.php(325): CodeIgniter\CodeIgniter->run()
10 SYSTEMPATH\Boot.php(67): CodeIgniter\Boot::runCodeIgniter(Object(CodeIgniter\CodeIgniter))
11 FCPATH\index.php(56): CodeIgniter\Boot::bootWeb(Object(Config\Paths))
CRITICAL - 2025-01-02 10:58:59 --> ArgumentCountError: Too few arguments to function App\Controllers\Courses::download_slide(), 0 passed in C:\xampp\htdocs\Student_Management_Portal\system\CodeIgniter.php on line 933 and exactly 1 expected
[Method: GET, Route: courses/download_slide]
in APPPATH\Controllers\Courses.php on line 603.
 1 SYSTEMPATH\CodeIgniter.php(933): App\Controllers\Courses->download_slide()
 2 SYSTEMPATH\CodeIgniter.php(509): CodeIgniter\CodeIgniter->runController(Object(App\Controllers\Courses))
 3 SYSTEMPATH\CodeIgniter.php(355): CodeIgniter\CodeIgniter->handleRequest(null, Object(Config\Cache), false)
 4 SYSTEMPATH\Boot.php(325): CodeIgniter\CodeIgniter->run()
 5 SYSTEMPATH\Boot.php(67): CodeIgniter\Boot::runCodeIgniter(Object(CodeIgniter\CodeIgniter))
 6 FCPATH\index.php(56): CodeIgniter\Boot::bootWeb(Object(Config\Paths))
CRITICAL - 2025-01-02 10:59:07 --> ErrorException: Trying to access array offset on value of type null
[Method: GET, Route: courses/view_slides/public/assests/Logo.png]
in APPPATH\Views\dashboard\courses\index_slides.php on line 6.
 1 APPPATH\Views\dashboard\courses\index_slides.php(6): CodeIgniter\Debug\Exceptions->errorHandler(2, 'Trying to access array offset on value of type null', 'C:\\xampp\\htdocs\\Student_Management_Portal\\app\\Views\\dashboard\\courses\\index_slides.php', 6)
 2 SYSTEMPATH\View\View.php(234): include('C:\\xampp\\htdocs\\Student_Management_Portal\\app\\Views\\dashboard\\courses\\index_slides.php')
 3 SYSTEMPATH\View\View.php(237): CodeIgniter\View\View->CodeIgniter\View\{closure}()
 4 SYSTEMPATH\Common.php(1171): CodeIgniter\View\View->render('dashboard/courses/index_slides', [], true)
 5 APPPATH\Controllers\Courses.php(537): view('dashboard/courses/index_slides', [...])
 6 SYSTEMPATH\CodeIgniter.php(933): App\Controllers\Courses->view_slides('public', 'assests', 'Logo.png')
 7 SYSTEMPATH\CodeIgniter.php(509): CodeIgniter\CodeIgniter->runController(Object(App\Controllers\Courses))
 8 SYSTEMPATH\CodeIgniter.php(355): CodeIgniter\CodeIgniter->handleRequest(null, Object(Config\Cache), false)
 9 SYSTEMPATH\Boot.php(325): CodeIgniter\CodeIgniter->run()
10 SYSTEMPATH\Boot.php(67): CodeIgniter\Boot::runCodeIgniter(Object(CodeIgniter\CodeIgniter))
11 FCPATH\index.php(56): CodeIgniter\Boot::bootWeb(Object(Config\Paths))
CRITICAL - 2025-01-02 10:59:15 --> ErrorException: Trying to access array offset on value of type null
[Method: GET, Route: courses/view_slides/public/assests/Logo.png]
in APPPATH\Views\dashboard\courses\index_slides.php on line 6.
 1 APPPATH\Views\dashboard\courses\index_slides.php(6): CodeIgniter\Debug\Exceptions->errorHandler(2, 'Trying to access array offset on value of type null', 'C:\\xampp\\htdocs\\Student_Management_Portal\\app\\Views\\dashboard\\courses\\index_slides.php', 6)
 2 SYSTEMPATH\View\View.php(234): include('C:\\xampp\\htdocs\\Student_Management_Portal\\app\\Views\\dashboard\\courses\\index_slides.php')
 3 SYSTEMPATH\View\View.php(237): CodeIgniter\View\View->CodeIgniter\View\{closure}()
 4 SYSTEMPATH\Common.php(1171): CodeIgniter\View\View->render('dashboard/courses/index_slides', [], true)
 5 APPPATH\Controllers\Courses.php(537): view('dashboard/courses/index_slides', [...])
 6 SYSTEMPATH\CodeIgniter.php(933): App\Controllers\Courses->view_slides('public', 'assests', 'Logo.png')
 7 SYSTEMPATH\CodeIgniter.php(509): CodeIgniter\CodeIgniter->runController(Object(App\Controllers\Courses))
 8 SYSTEMPATH\CodeIgniter.php(355): CodeIgniter\CodeIgniter->handleRequest(null, Object(Config\Cache), false)
 9 SYSTEMPATH\Boot.php(325): CodeIgniter\CodeIgniter->run()
10 SYSTEMPATH\Boot.php(67): CodeIgniter\Boot::runCodeIgniter(Object(CodeIgniter\CodeIgniter))
11 FCPATH\index.php(56): CodeIgniter\Boot::bootWeb(Object(Config\Paths))
CRITICAL - 2025-01-02 10:59:17 --> CodeIgniter\View\Exceptions\ViewException: Invalid file: "courses/edit_slide.php"
[Method: GET, Route: courses/edit_slide/5]
in SYSTEMPATH\Exceptions\FrameworkException.php on line 41.
 1 SYSTEMPATH\View\View.php(222): CodeIgniter\Exceptions\FrameworkException::forInvalidFile('courses/edit_slide.php')
 2 SYSTEMPATH\Common.php(1171): CodeIgniter\View\View->render('courses/edit_slide', [], true)
 3 APPPATH\Controllers\Courses.php(624): view('courses/edit_slide', [...])
 4 SYSTEMPATH\CodeIgniter.php(933): App\Controllers\Courses->edit_slide('5')
 5 SYSTEMPATH\CodeIgniter.php(509): CodeIgniter\CodeIgniter->runController(Object(App\Controllers\Courses))
 6 SYSTEMPATH\CodeIgniter.php(355): CodeIgniter\CodeIgniter->handleRequest(null, Object(Config\Cache), false)
 7 SYSTEMPATH\Boot.php(325): CodeIgniter\CodeIgniter->run()
 8 SYSTEMPATH\Boot.php(67): CodeIgniter\Boot::runCodeIgniter(Object(CodeIgniter\CodeIgniter))
 9 FCPATH\index.php(56): CodeIgniter\Boot::bootWeb(Object(Config\Paths))
CRITICAL - 2025-01-02 10:59:19 --> ErrorException: Trying to access array offset on value of type null
[Method: GET, Route: courses/view_slides/public/assests/Logo.png]
in APPPATH\Views\dashboard\courses\index_slides.php on line 6.
 1 APPPATH\Views\dashboard\courses\index_slides.php(6): CodeIgniter\Debug\Exceptions->errorHandler(2, 'Trying to access array offset on value of type null', 'C:\\xampp\\htdocs\\Student_Management_Portal\\app\\Views\\dashboard\\courses\\index_slides.php', 6)
 2 SYSTEMPATH\View\View.php(234): include('C:\\xampp\\htdocs\\Student_Management_Portal\\app\\Views\\dashboard\\courses\\index_slides.php')
 3 SYSTEMPATH\View\View.php(237): CodeIgniter\View\View->CodeIgniter\View\{closure}()
 4 SYSTEMPATH\Common.php(1171): CodeIgniter\View\View->render('dashboard/courses/index_slides', [], true)
 5 APPPATH\Controllers\Courses.php(537): view('dashboard/courses/index_slides', [...])
 6 SYSTEMPATH\CodeIgniter.php(933): App\Controllers\Courses->view_slides('public', 'assests', 'Logo.png')
 7 SYSTEMPATH\CodeIgniter.php(509): CodeIgniter\CodeIgniter->runController(Object(App\Controllers\Courses))
 8 SYSTEMPATH\CodeIgniter.php(355): CodeIgniter\CodeIgniter->handleRequest(null, Object(Config\Cache), false)
 9 SYSTEMPATH\Boot.php(325): CodeIgniter\CodeIgniter->run()
10 SYSTEMPATH\Boot.php(67): CodeIgniter\Boot::runCodeIgniter(Object(CodeIgniter\CodeIgniter))
11 FCPATH\index.php(56): CodeIgniter\Boot::bootWeb(Object(Config\Paths))
CRITICAL - 2025-01-02 10:59:28 --> ErrorException: Trying to access array offset on value of type null
[Method: GET, Route: courses/view_slides/public/assests/Logo.png]
in APPPATH\Views\dashboard\courses\index_slides.php on line 6.
 1 APPPATH\Views\dashboard\courses\index_slides.php(6): CodeIgniter\Debug\Exceptions->errorHandler(2, 'Trying to access array offset on value of type null', 'C:\\xampp\\htdocs\\Student_Management_Portal\\app\\Views\\dashboard\\courses\\index_slides.php', 6)
 2 SYSTEMPATH\View\View.php(234): include('C:\\xampp\\htdocs\\Student_Management_Portal\\app\\Views\\dashboard\\courses\\index_slides.php')
 3 SYSTEMPATH\View\View.php(237): CodeIgniter\View\View->CodeIgniter\View\{closure}()
 4 SYSTEMPATH\Common.php(1171): CodeIgniter\View\View->render('dashboard/courses/index_slides', [], true)
 5 APPPATH\Controllers\Courses.php(537): view('dashboard/courses/index_slides', [...])
 6 SYSTEMPATH\CodeIgniter.php(933): App\Controllers\Courses->view_slides('public', 'assests', 'Logo.png')
 7 SYSTEMPATH\CodeIgniter.php(509): CodeIgniter\CodeIgniter->runController(Object(App\Controllers\Courses))
 8 SYSTEMPATH\CodeIgniter.php(355): CodeIgniter\CodeIgniter->handleRequest(null, Object(Config\Cache), false)
 9 SYSTEMPATH\Boot.php(325): CodeIgniter\CodeIgniter->run()
10 SYSTEMPATH\Boot.php(67): CodeIgniter\Boot::runCodeIgniter(Object(CodeIgniter\CodeIgniter))
11 FCPATH\index.php(56): CodeIgniter\Boot::bootWeb(Object(Config\Paths))
CRITICAL - 2025-01-02 11:00:21 --> ErrorException: Trying to access array offset on value of type null
[Method: GET, Route: courses/view_slides/public/assests/Logo.png]
in APPPATH\Views\dashboard\courses\index_slides.php on line 6.
 1 APPPATH\Views\dashboard\courses\index_slides.php(6): CodeIgniter\Debug\Exceptions->errorHandler(2, 'Trying to access array offset on value of type null', 'C:\\xampp\\htdocs\\Student_Management_Portal\\app\\Views\\dashboard\\courses\\index_slides.php', 6)
 2 SYSTEMPATH\View\View.php(234): include('C:\\xampp\\htdocs\\Student_Management_Portal\\app\\Views\\dashboard\\courses\\index_slides.php')
 3 SYSTEMPATH\View\View.php(237): CodeIgniter\View\View->CodeIgniter\View\{closure}()
 4 SYSTEMPATH\Common.php(1171): CodeIgniter\View\View->render('dashboard/courses/index_slides', [], true)
 5 APPPATH\Controllers\Courses.php(537): view('dashboard/courses/index_slides', [...])
 6 SYSTEMPATH\CodeIgniter.php(933): App\Controllers\Courses->view_slides('public', 'assests', 'Logo.png')
 7 SYSTEMPATH\CodeIgniter.php(509): CodeIgniter\CodeIgniter->runController(Object(App\Controllers\Courses))
 8 SYSTEMPATH\CodeIgniter.php(355): CodeIgniter\CodeIgniter->handleRequest(null, Object(Config\Cache), false)
 9 SYSTEMPATH\Boot.php(325): CodeIgniter\CodeIgniter->run()
10 SYSTEMPATH\Boot.php(67): CodeIgniter\Boot::runCodeIgniter(Object(CodeIgniter\CodeIgniter))
11 FCPATH\index.php(56): CodeIgniter\Boot::bootWeb(Object(Config\Paths))
CRITICAL - 2025-01-02 11:04:31 --> ErrorException: Trying to access array offset on value of type null
[Method: GET, Route: courses/view_slides/public/assests/Logo.png]
in APPPATH\Views\dashboard\courses\index_slides.php on line 6.
 1 APPPATH\Views\dashboard\courses\index_slides.php(6): CodeIgniter\Debug\Exceptions->errorHandler(2, 'Trying to access array offset on value of type null', 'C:\\xampp\\htdocs\\Student_Management_Portal\\app\\Views\\dashboard\\courses\\index_slides.php', 6)
 2 SYSTEMPATH\View\View.php(234): include('C:\\xampp\\htdocs\\Student_Management_Portal\\app\\Views\\dashboard\\courses\\index_slides.php')
 3 SYSTEMPATH\View\View.php(237): CodeIgniter\View\View->CodeIgniter\View\{closure}()
 4 SYSTEMPATH\Common.php(1171): CodeIgniter\View\View->render('dashboard/courses/index_slides', [], true)
 5 APPPATH\Controllers\Courses.php(537): view('dashboard/courses/index_slides', [...])
 6 SYSTEMPATH\CodeIgniter.php(933): App\Controllers\Courses->view_slides('public', 'assests', 'Logo.png')
 7 SYSTEMPATH\CodeIgniter.php(509): CodeIgniter\CodeIgniter->runController(Object(App\Controllers\Courses))
 8 SYSTEMPATH\CodeIgniter.php(355): CodeIgniter\CodeIgniter->handleRequest(null, Object(Config\Cache), false)
 9 SYSTEMPATH\Boot.php(325): CodeIgniter\CodeIgniter->run()
10 SYSTEMPATH\Boot.php(67): CodeIgniter\Boot::runCodeIgniter(Object(CodeIgniter\CodeIgniter))
11 FCPATH\index.php(56): CodeIgniter\Boot::bootWeb(Object(Config\Paths))
INFO - 2025-01-02 11:04:36 --> Session: Class initialized using 'CodeIgniter\Session\Handlers\FileHandler' driver.
CRITICAL - 2025-01-02 11:04:40 --> ErrorException: Trying to access array offset on value of type null
[Method: GET, Route: courses/department_syllabus/public/assests/Logo.png]
in APPPATH\Views\dashboard\courses\index_syllabus.php on line 6.
 1 APPPATH\Views\dashboard\courses\index_syllabus.php(6): CodeIgniter\Debug\Exceptions->errorHandler(2, 'Trying to access array offset on value of type null', 'C:\\xampp\\htdocs\\Student_Management_Portal\\app\\Views\\dashboard\\courses\\index_syllabus.php', 6)
 2 SYSTEMPATH\View\View.php(234): include('C:\\xampp\\htdocs\\Student_Management_Portal\\app\\Views\\dashboard\\courses\\index_syllabus.php')
 3 SYSTEMPATH\View\View.php(237): CodeIgniter\View\View->CodeIgniter\View\{closure}()
 4 SYSTEMPATH\Common.php(1171): CodeIgniter\View\View->render('dashboard/courses/index_syllabus', [], true)
 5 APPPATH\Controllers\Courses.php(78): view('dashboard/courses/index_syllabus', [...])
 6 SYSTEMPATH\CodeIgniter.php(933): App\Controllers\Courses->department_syllabus('public', 'assests', 'Logo.png')
 7 SYSTEMPATH\CodeIgniter.php(509): CodeIgniter\CodeIgniter->runController(Object(App\Controllers\Courses))
 8 SYSTEMPATH\CodeIgniter.php(355): CodeIgniter\CodeIgniter->handleRequest(null, Object(Config\Cache), false)
 9 SYSTEMPATH\Boot.php(325): CodeIgniter\CodeIgniter->run()
10 SYSTEMPATH\Boot.php(67): CodeIgniter\Boot::runCodeIgniter(Object(CodeIgniter\CodeIgniter))
11 FCPATH\index.php(56): CodeIgniter\Boot::bootWeb(Object(Config\Paths))
CRITICAL - 2025-01-02 11:04:40 --> ErrorException: Trying to access array offset on value of type null
[Method: GET, Route: courses/department_syllabus/public/assests/Logo.png]
in APPPATH\Views\dashboard\courses\index_syllabus.php on line 6.
 1 APPPATH\Views\dashboard\courses\index_syllabus.php(6): CodeIgniter\Debug\Exceptions->errorHandler(2, 'Trying to access array offset on value of type null', 'C:\\xampp\\htdocs\\Student_Management_Portal\\app\\Views\\dashboard\\courses\\index_syllabus.php', 6)
 2 SYSTEMPATH\View\View.php(234): include('C:\\xampp\\htdocs\\Student_Management_Portal\\app\\Views\\dashboard\\courses\\index_syllabus.php')
 3 SYSTEMPATH\View\View.php(237): CodeIgniter\View\View->CodeIgniter\View\{closure}()
 4 SYSTEMPATH\Common.php(1171): CodeIgniter\View\View->render('dashboard/courses/index_syllabus', [], true)
 5 APPPATH\Controllers\Courses.php(78): view('dashboard/courses/index_syllabus', [...])
 6 SYSTEMPATH\CodeIgniter.php(933): App\Controllers\Courses->department_syllabus('public', 'assests', 'Logo.png')
 7 SYSTEMPATH\CodeIgniter.php(509): CodeIgniter\CodeIgniter->runController(Object(App\Controllers\Courses))
 8 SYSTEMPATH\CodeIgniter.php(355): CodeIgniter\CodeIgniter->handleRequest(null, Object(Config\Cache), false)
 9 SYSTEMPATH\Boot.php(325): CodeIgniter\CodeIgniter->run()
10 SYSTEMPATH\Boot.php(67): CodeIgniter\Boot::runCodeIgniter(Object(CodeIgniter\CodeIgniter))
11 FCPATH\index.php(56): CodeIgniter\Boot::bootWeb(Object(Config\Paths))
CRITICAL - 2025-01-02 11:04:43 --> ErrorException: Trying to access array offset on value of type null
[Method: GET, Route: courses/syllabus_subjects/2/public/assests/Logo.png]
in APPPATH\Views\dashboard\courses\index_subject.php on line 6.
 1 APPPATH\Views\dashboard\courses\index_subject.php(6): CodeIgniter\Debug\Exceptions->errorHandler(2, 'Trying to access array offset on value of type null', 'C:\\xampp\\htdocs\\Student_Management_Portal\\app\\Views\\dashboard\\courses\\index_subject.php', 6)
 2 SYSTEMPATH\View\View.php(234): include('C:\\xampp\\htdocs\\Student_Management_Portal\\app\\Views\\dashboard\\courses\\index_subject.php')
 3 SYSTEMPATH\View\View.php(237): CodeIgniter\View\View->CodeIgniter\View\{closure}()
 4 SYSTEMPATH\Common.php(1171): CodeIgniter\View\View->render('dashboard/courses/index_subject', [], true)
 5 APPPATH\Controllers\Courses.php(123): view('dashboard/courses/index_subject', [...])
 6 SYSTEMPATH\CodeIgniter.php(933): App\Controllers\Courses->syllabus_subjects('2', 'public', 'assests', 'Logo.png')
 7 SYSTEMPATH\CodeIgniter.php(509): CodeIgniter\CodeIgniter->runController(Object(App\Controllers\Courses))
 8 SYSTEMPATH\CodeIgniter.php(355): CodeIgniter\CodeIgniter->handleRequest(null, Object(Config\Cache), false)
 9 SYSTEMPATH\Boot.php(325): CodeIgniter\CodeIgniter->run()
10 SYSTEMPATH\Boot.php(67): CodeIgniter\Boot::runCodeIgniter(Object(CodeIgniter\CodeIgniter))
11 FCPATH\index.php(56): CodeIgniter\Boot::bootWeb(Object(Config\Paths))
CRITICAL - 2025-01-02 11:04:43 --> ErrorException: Trying to access array offset on value of type null
[Method: GET, Route: courses/syllabus_subjects/2/public/assests/Logo.png]
in APPPATH\Views\dashboard\courses\index_subject.php on line 6.
 1 APPPATH\Views\dashboard\courses\index_subject.php(6): CodeIgniter\Debug\Exceptions->errorHandler(2, 'Trying to access array offset on value of type null', 'C:\\xampp\\htdocs\\Student_Management_Portal\\app\\Views\\dashboard\\courses\\index_subject.php', 6)
 2 SYSTEMPATH\View\View.php(234): include('C:\\xampp\\htdocs\\Student_Management_Portal\\app\\Views\\dashboard\\courses\\index_subject.php')
 3 SYSTEMPATH\View\View.php(237): CodeIgniter\View\View->CodeIgniter\View\{closure}()
 4 SYSTEMPATH\Common.php(1171): CodeIgniter\View\View->render('dashboard/courses/index_subject', [], true)
 5 APPPATH\Controllers\Courses.php(123): view('dashboard/courses/index_subject', [...])
 6 SYSTEMPATH\CodeIgniter.php(933): App\Controllers\Courses->syllabus_subjects('2', 'public', 'assests', 'Logo.png')
 7 SYSTEMPATH\CodeIgniter.php(509): CodeIgniter\CodeIgniter->runController(Object(App\Controllers\Courses))
 8 SYSTEMPATH\CodeIgniter.php(355): CodeIgniter\CodeIgniter->handleRequest(null, Object(Config\Cache), false)
 9 SYSTEMPATH\Boot.php(325): CodeIgniter\CodeIgniter->run()
10 SYSTEMPATH\Boot.php(67): CodeIgniter\Boot::runCodeIgniter(Object(CodeIgniter\CodeIgniter))
11 FCPATH\index.php(56): CodeIgniter\Boot::bootWeb(Object(Config\Paths))
CRITICAL - 2025-01-02 11:04:44 --> ErrorException: Trying to access array offset on value of type null
[Method: GET, Route: courses/view_slides/public/assests/Logo.png]
in APPPATH\Views\dashboard\courses\index_slides.php on line 6.
 1 APPPATH\Views\dashboard\courses\index_slides.php(6): CodeIgniter\Debug\Exceptions->errorHandler(2, 'Trying to access array offset on value of type null', 'C:\\xampp\\htdocs\\Student_Management_Portal\\app\\Views\\dashboard\\courses\\index_slides.php', 6)
 2 SYSTEMPATH\View\View.php(234): include('C:\\xampp\\htdocs\\Student_Management_Portal\\app\\Views\\dashboard\\courses\\index_slides.php')
 3 SYSTEMPATH\View\View.php(237): CodeIgniter\View\View->CodeIgniter\View\{closure}()
 4 SYSTEMPATH\Common.php(1171): CodeIgniter\View\View->render('dashboard/courses/index_slides', [], true)
 5 APPPATH\Controllers\Courses.php(537): view('dashboard/courses/index_slides', [...])
 6 SYSTEMPATH\CodeIgniter.php(933): App\Controllers\Courses->view_slides('public', 'assests', 'Logo.png')
 7 SYSTEMPATH\CodeIgniter.php(509): CodeIgniter\CodeIgniter->runController(Object(App\Controllers\Courses))
 8 SYSTEMPATH\CodeIgniter.php(355): CodeIgniter\CodeIgniter->handleRequest(null, Object(Config\Cache), false)
 9 SYSTEMPATH\Boot.php(325): CodeIgniter\CodeIgniter->run()
10 SYSTEMPATH\Boot.php(67): CodeIgniter\Boot::runCodeIgniter(Object(CodeIgniter\CodeIgniter))
11 FCPATH\index.php(56): CodeIgniter\Boot::bootWeb(Object(Config\Paths))
CRITICAL - 2025-01-02 11:05:07 --> ErrorException: Trying to access array offset on value of type null
[Method: GET, Route: courses/view_slides/public/assests/Logo.png]
in APPPATH\Views\dashboard\courses\index_slides.php on line 6.
 1 APPPATH\Views\dashboard\courses\index_slides.php(6): CodeIgniter\Debug\Exceptions->errorHandler(2, 'Trying to access array offset on value of type null', 'C:\\xampp\\htdocs\\Student_Management_Portal\\app\\Views\\dashboard\\courses\\index_slides.php', 6)
 2 SYSTEMPATH\View\View.php(234): include('C:\\xampp\\htdocs\\Student_Management_Portal\\app\\Views\\dashboard\\courses\\index_slides.php')
 3 SYSTEMPATH\View\View.php(237): CodeIgniter\View\View->CodeIgniter\View\{closure}()
 4 SYSTEMPATH\Common.php(1171): CodeIgniter\View\View->render('dashboard/courses/index_slides', [], true)
 5 APPPATH\Controllers\Courses.php(537): view('dashboard/courses/index_slides', [...])
 6 SYSTEMPATH\CodeIgniter.php(933): App\Controllers\Courses->view_slides('public', 'assests', 'Logo.png')
 7 SYSTEMPATH\CodeIgniter.php(509): CodeIgniter\CodeIgniter->runController(Object(App\Controllers\Courses))
 8 SYSTEMPATH\CodeIgniter.php(355): CodeIgniter\CodeIgniter->handleRequest(null, Object(Config\Cache), false)
 9 SYSTEMPATH\Boot.php(325): CodeIgniter\CodeIgniter->run()
10 SYSTEMPATH\Boot.php(67): CodeIgniter\Boot::runCodeIgniter(Object(CodeIgniter\CodeIgniter))
11 FCPATH\index.php(56): CodeIgniter\Boot::bootWeb(Object(Config\Paths))
CRITICAL - 2025-01-02 11:05:09 --> ErrorException: Trying to access array offset on value of type null
[Method: GET, Route: courses/syllabus_subjects/2/public/assests/Logo.png]
in APPPATH\Views\dashboard\courses\index_subject.php on line 6.
 1 APPPATH\Views\dashboard\courses\index_subject.php(6): CodeIgniter\Debug\Exceptions->errorHandler(2, 'Trying to access array offset on value of type null', 'C:\\xampp\\htdocs\\Student_Management_Portal\\app\\Views\\dashboard\\courses\\index_subject.php', 6)
 2 SYSTEMPATH\View\View.php(234): include('C:\\xampp\\htdocs\\Student_Management_Portal\\app\\Views\\dashboard\\courses\\index_subject.php')
 3 SYSTEMPATH\View\View.php(237): CodeIgniter\View\View->CodeIgniter\View\{closure}()
 4 SYSTEMPATH\Common.php(1171): CodeIgniter\View\View->render('dashboard/courses/index_subject', [], true)
 5 APPPATH\Controllers\Courses.php(123): view('dashboard/courses/index_subject', [...])
 6 SYSTEMPATH\CodeIgniter.php(933): App\Controllers\Courses->syllabus_subjects('2', 'public', 'assests', 'Logo.png')
 7 SYSTEMPATH\CodeIgniter.php(509): CodeIgniter\CodeIgniter->runController(Object(App\Controllers\Courses))
 8 SYSTEMPATH\CodeIgniter.php(355): CodeIgniter\CodeIgniter->handleRequest(null, Object(Config\Cache), false)
 9 SYSTEMPATH\Boot.php(325): CodeIgniter\CodeIgniter->run()
10 SYSTEMPATH\Boot.php(67): CodeIgniter\Boot::runCodeIgniter(Object(CodeIgniter\CodeIgniter))
11 FCPATH\index.php(56): CodeIgniter\Boot::bootWeb(Object(Config\Paths))
CRITICAL - 2025-01-02 11:05:11 --> ErrorException: Trying to access array offset on value of type null
[Method: GET, Route: courses/view_slides/public/assests/Logo.png]
in APPPATH\Views\dashboard\courses\index_slides.php on line 6.
 1 APPPATH\Views\dashboard\courses\index_slides.php(6): CodeIgniter\Debug\Exceptions->errorHandler(2, 'Trying to access array offset on value of type null', 'C:\\xampp\\htdocs\\Student_Management_Portal\\app\\Views\\dashboard\\courses\\index_slides.php', 6)
 2 SYSTEMPATH\View\View.php(234): include('C:\\xampp\\htdocs\\Student_Management_Portal\\app\\Views\\dashboard\\courses\\index_slides.php')
 3 SYSTEMPATH\View\View.php(237): CodeIgniter\View\View->CodeIgniter\View\{closure}()
 4 SYSTEMPATH\Common.php(1171): CodeIgniter\View\View->render('dashboard/courses/index_slides', [], true)
 5 APPPATH\Controllers\Courses.php(537): view('dashboard/courses/index_slides', [...])
 6 SYSTEMPATH\CodeIgniter.php(933): App\Controllers\Courses->view_slides('public', 'assests', 'Logo.png')
 7 SYSTEMPATH\CodeIgniter.php(509): CodeIgniter\CodeIgniter->runController(Object(App\Controllers\Courses))
 8 SYSTEMPATH\CodeIgniter.php(355): CodeIgniter\CodeIgniter->handleRequest(null, Object(Config\Cache), false)
 9 SYSTEMPATH\Boot.php(325): CodeIgniter\CodeIgniter->run()
10 SYSTEMPATH\Boot.php(67): CodeIgniter\Boot::runCodeIgniter(Object(CodeIgniter\CodeIgniter))
11 FCPATH\index.php(56): CodeIgniter\Boot::bootWeb(Object(Config\Paths))
CRITICAL - 2025-01-02 11:05:17 --> ArgumentCountError: Too few arguments to function App\Controllers\Courses::download_slide(), 0 passed in C:\xampp\htdocs\Student_Management_Portal\system\CodeIgniter.php on line 933 and exactly 1 expected
[Method: GET, Route: courses/download_slide]
in APPPATH\Controllers\Courses.php on line 603.
 1 SYSTEMPATH\CodeIgniter.php(933): App\Controllers\Courses->download_slide()
 2 SYSTEMPATH\CodeIgniter.php(509): CodeIgniter\CodeIgniter->runController(Object(App\Controllers\Courses))
 3 SYSTEMPATH\CodeIgniter.php(355): CodeIgniter\CodeIgniter->handleRequest(null, Object(Config\Cache), false)
 4 SYSTEMPATH\Boot.php(325): CodeIgniter\CodeIgniter->run()
 5 SYSTEMPATH\Boot.php(67): CodeIgniter\Boot::runCodeIgniter(Object(CodeIgniter\CodeIgniter))
 6 FCPATH\index.php(56): CodeIgniter\Boot::bootWeb(Object(Config\Paths))
INFO - 2025-01-02 23:13:13 --> Session: Class initialized using 'CodeIgniter\Session\Handlers\FileHandler' driver.
INFO - 2025-01-02 23:13:41 --> Session: Class initialized using 'CodeIgniter\Session\Handlers\FileHandler' driver.
INFO - 2025-01-02 23:13:42 --> Session: Class initialized using 'CodeIgniter\Session\Handlers\FileHandler' driver.
INFO - 2025-01-02 23:13:44 --> Session: Class initialized using 'CodeIgniter\Session\Handlers\FileHandler' driver.
CRITICAL - 2025-01-02 23:13:48 --> ErrorException: Trying to access array offset on value of type null
[Method: GET, Route: courses/department_syllabus/public/assests/Logo.png]
in APPPATH\Views\dashboard\courses\index_syllabus.php on line 6.
 1 APPPATH\Views\dashboard\courses\index_syllabus.php(6): CodeIgniter\Debug\Exceptions->errorHandler(2, 'Trying to access array offset on value of type null', 'C:\\xampp\\htdocs\\Student_Management_Portal\\app\\Views\\dashboard\\courses\\index_syllabus.php', 6)
 2 SYSTEMPATH\View\View.php(234): include('C:\\xampp\\htdocs\\Student_Management_Portal\\app\\Views\\dashboard\\courses\\index_syllabus.php')
 3 SYSTEMPATH\View\View.php(237): CodeIgniter\View\View->CodeIgniter\View\{closure}()
 4 SYSTEMPATH\Common.php(1171): CodeIgniter\View\View->render('dashboard/courses/index_syllabus', [], true)
 5 APPPATH\Controllers\Courses.php(78): view('dashboard/courses/index_syllabus', [...])
 6 SYSTEMPATH\CodeIgniter.php(933): App\Controllers\Courses->department_syllabus('public', 'assests', 'Logo.png')
 7 SYSTEMPATH\CodeIgniter.php(509): CodeIgniter\CodeIgniter->runController(Object(App\Controllers\Courses))
 8 SYSTEMPATH\CodeIgniter.php(355): CodeIgniter\CodeIgniter->handleRequest(null, Object(Config\Cache), false)
 9 SYSTEMPATH\Boot.php(325): CodeIgniter\CodeIgniter->run()
10 SYSTEMPATH\Boot.php(67): CodeIgniter\Boot::runCodeIgniter(Object(CodeIgniter\CodeIgniter))
11 FCPATH\index.php(56): CodeIgniter\Boot::bootWeb(Object(Config\Paths))
CRITICAL - 2025-01-02 23:13:48 --> ErrorException: Trying to access array offset on value of type null
[Method: GET, Route: courses/department_syllabus/public/assests/Logo.png]
in APPPATH\Views\dashboard\courses\index_syllabus.php on line 6.
 1 APPPATH\Views\dashboard\courses\index_syllabus.php(6): CodeIgniter\Debug\Exceptions->errorHandler(2, 'Trying to access array offset on value of type null', 'C:\\xampp\\htdocs\\Student_Management_Portal\\app\\Views\\dashboard\\courses\\index_syllabus.php', 6)
 2 SYSTEMPATH\View\View.php(234): include('C:\\xampp\\htdocs\\Student_Management_Portal\\app\\Views\\dashboard\\courses\\index_syllabus.php')
 3 SYSTEMPATH\View\View.php(237): CodeIgniter\View\View->CodeIgniter\View\{closure}()
 4 SYSTEMPATH\Common.php(1171): CodeIgniter\View\View->render('dashboard/courses/index_syllabus', [], true)
 5 APPPATH\Controllers\Courses.php(78): view('dashboard/courses/index_syllabus', [...])
 6 SYSTEMPATH\CodeIgniter.php(933): App\Controllers\Courses->department_syllabus('public', 'assests', 'Logo.png')
 7 SYSTEMPATH\CodeIgniter.php(509): CodeIgniter\CodeIgniter->runController(Object(App\Controllers\Courses))
 8 SYSTEMPATH\CodeIgniter.php(355): CodeIgniter\CodeIgniter->handleRequest(null, Object(Config\Cache), false)
 9 SYSTEMPATH\Boot.php(325): CodeIgniter\CodeIgniter->run()
10 SYSTEMPATH\Boot.php(67): CodeIgniter\Boot::runCodeIgniter(Object(CodeIgniter\CodeIgniter))
11 FCPATH\index.php(56): CodeIgniter\Boot::bootWeb(Object(Config\Paths))
CRITICAL - 2025-01-02 23:13:50 --> ErrorException: Trying to access array offset on value of type null
[Method: GET, Route: courses/syllabus_subjects/2/public/assests/Logo.png]
in APPPATH\Views\dashboard\courses\index_subject.php on line 6.
 1 APPPATH\Views\dashboard\courses\index_subject.php(6): CodeIgniter\Debug\Exceptions->errorHandler(2, 'Trying to access array offset on value of type null', 'C:\\xampp\\htdocs\\Student_Management_Portal\\app\\Views\\dashboard\\courses\\index_subject.php', 6)
 2 SYSTEMPATH\View\View.php(234): include('C:\\xampp\\htdocs\\Student_Management_Portal\\app\\Views\\dashboard\\courses\\index_subject.php')
 3 SYSTEMPATH\View\View.php(237): CodeIgniter\View\View->CodeIgniter\View\{closure}()
 4 SYSTEMPATH\Common.php(1171): CodeIgniter\View\View->render('dashboard/courses/index_subject', [], true)
 5 APPPATH\Controllers\Courses.php(123): view('dashboard/courses/index_subject', [...])
 6 SYSTEMPATH\CodeIgniter.php(933): App\Controllers\Courses->syllabus_subjects('2', 'public', 'assests', 'Logo.png')
 7 SYSTEMPATH\CodeIgniter.php(509): CodeIgniter\CodeIgniter->runController(Object(App\Controllers\Courses))
 8 SYSTEMPATH\CodeIgniter.php(355): CodeIgniter\CodeIgniter->handleRequest(null, Object(Config\Cache), false)
 9 SYSTEMPATH\Boot.php(325): CodeIgniter\CodeIgniter->run()
10 SYSTEMPATH\Boot.php(67): CodeIgniter\Boot::runCodeIgniter(Object(CodeIgniter\CodeIgniter))
11 FCPATH\index.php(56): CodeIgniter\Boot::bootWeb(Object(Config\Paths))
CRITICAL - 2025-01-02 23:13:50 --> ErrorException: Trying to access array offset on value of type null
[Method: GET, Route: courses/syllabus_subjects/2/public/assests/Logo.png]
in APPPATH\Views\dashboard\courses\index_subject.php on line 6.
 1 APPPATH\Views\dashboard\courses\index_subject.php(6): CodeIgniter\Debug\Exceptions->errorHandler(2, 'Trying to access array offset on value of type null', 'C:\\xampp\\htdocs\\Student_Management_Portal\\app\\Views\\dashboard\\courses\\index_subject.php', 6)
 2 SYSTEMPATH\View\View.php(234): include('C:\\xampp\\htdocs\\Student_Management_Portal\\app\\Views\\dashboard\\courses\\index_subject.php')
 3 SYSTEMPATH\View\View.php(237): CodeIgniter\View\View->CodeIgniter\View\{closure}()
 4 SYSTEMPATH\Common.php(1171): CodeIgniter\View\View->render('dashboard/courses/index_subject', [], true)
 5 APPPATH\Controllers\Courses.php(123): view('dashboard/courses/index_subject', [...])
 6 SYSTEMPATH\CodeIgniter.php(933): App\Controllers\Courses->syllabus_subjects('2', 'public', 'assests', 'Logo.png')
 7 SYSTEMPATH\CodeIgniter.php(509): CodeIgniter\CodeIgniter->runController(Object(App\Controllers\Courses))
 8 SYSTEMPATH\CodeIgniter.php(355): CodeIgniter\CodeIgniter->handleRequest(null, Object(Config\Cache), false)
 9 SYSTEMPATH\Boot.php(325): CodeIgniter\CodeIgniter->run()
10 SYSTEMPATH\Boot.php(67): CodeIgniter\Boot::runCodeIgniter(Object(CodeIgniter\CodeIgniter))
11 FCPATH\index.php(56): CodeIgniter\Boot::bootWeb(Object(Config\Paths))
CRITICAL - 2025-01-02 23:13:52 --> ErrorException: Trying to access array offset on value of type null
[Method: GET, Route: courses/view_slides/public/assests/Logo.png]
in APPPATH\Views\dashboard\courses\index_slides.php on line 6.
 1 APPPATH\Views\dashboard\courses\index_slides.php(6): CodeIgniter\Debug\Exceptions->errorHandler(2, 'Trying to access array offset on value of type null', 'C:\\xampp\\htdocs\\Student_Management_Portal\\app\\Views\\dashboard\\courses\\index_slides.php', 6)
 2 SYSTEMPATH\View\View.php(234): include('C:\\xampp\\htdocs\\Student_Management_Portal\\app\\Views\\dashboard\\courses\\index_slides.php')
 3 SYSTEMPATH\View\View.php(237): CodeIgniter\View\View->CodeIgniter\View\{closure}()
 4 SYSTEMPATH\Common.php(1171): CodeIgniter\View\View->render('dashboard/courses/index_slides', [], true)
 5 APPPATH\Controllers\Courses.php(537): view('dashboard/courses/index_slides', [...])
 6 SYSTEMPATH\CodeIgniter.php(933): App\Controllers\Courses->view_slides('public', 'assests', 'Logo.png')
 7 SYSTEMPATH\CodeIgniter.php(509): CodeIgniter\CodeIgniter->runController(Object(App\Controllers\Courses))
 8 SYSTEMPATH\CodeIgniter.php(355): CodeIgniter\CodeIgniter->handleRequest(null, Object(Config\Cache), false)
 9 SYSTEMPATH\Boot.php(325): CodeIgniter\CodeIgniter->run()
10 SYSTEMPATH\Boot.php(67): CodeIgniter\Boot::runCodeIgniter(Object(CodeIgniter\CodeIgniter))
11 FCPATH\index.php(56): CodeIgniter\Boot::bootWeb(Object(Config\Paths))
CRITICAL - 2025-01-02 23:13:53 --> ErrorException: Trying to access array offset on value of type null
[Method: GET, Route: courses/view_slides/public/assests/Logo.png]
in APPPATH\Views\dashboard\courses\index_slides.php on line 6.
 1 APPPATH\Views\dashboard\courses\index_slides.php(6): CodeIgniter\Debug\Exceptions->errorHandler(2, 'Trying to access array offset on value of type null', 'C:\\xampp\\htdocs\\Student_Management_Portal\\app\\Views\\dashboard\\courses\\index_slides.php', 6)
 2 SYSTEMPATH\View\View.php(234): include('C:\\xampp\\htdocs\\Student_Management_Portal\\app\\Views\\dashboard\\courses\\index_slides.php')
 3 SYSTEMPATH\View\View.php(237): CodeIgniter\View\View->CodeIgniter\View\{closure}()
 4 SYSTEMPATH\Common.php(1171): CodeIgniter\View\View->render('dashboard/courses/index_slides', [], true)
 5 APPPATH\Controllers\Courses.php(537): view('dashboard/courses/index_slides', [...])
 6 SYSTEMPATH\CodeIgniter.php(933): App\Controllers\Courses->view_slides('public', 'assests', 'Logo.png')
 7 SYSTEMPATH\CodeIgniter.php(509): CodeIgniter\CodeIgniter->runController(Object(App\Controllers\Courses))
 8 SYSTEMPATH\CodeIgniter.php(355): CodeIgniter\CodeIgniter->handleRequest(null, Object(Config\Cache), false)
 9 SYSTEMPATH\Boot.php(325): CodeIgniter\CodeIgniter->run()
10 SYSTEMPATH\Boot.php(67): CodeIgniter\Boot::runCodeIgniter(Object(CodeIgniter\CodeIgniter))
11 FCPATH\index.php(56): CodeIgniter\Boot::bootWeb(Object(Config\Paths))
CRITICAL - 2025-01-02 23:13:55 --> ErrorException: Trying to access array offset on value of type null
[Method: GET, Route: courses/syllabus_subjects/2/public/assests/Logo.png]
in APPPATH\Views\dashboard\courses\index_subject.php on line 6.
 1 APPPATH\Views\dashboard\courses\index_subject.php(6): CodeIgniter\Debug\Exceptions->errorHandler(2, 'Trying to access array offset on value of type null', 'C:\\xampp\\htdocs\\Student_Management_Portal\\app\\Views\\dashboard\\courses\\index_subject.php', 6)
 2 SYSTEMPATH\View\View.php(234): include('C:\\xampp\\htdocs\\Student_Management_Portal\\app\\Views\\dashboard\\courses\\index_subject.php')
 3 SYSTEMPATH\View\View.php(237): CodeIgniter\View\View->CodeIgniter\View\{closure}()
 4 SYSTEMPATH\Common.php(1171): CodeIgniter\View\View->render('dashboard/courses/index_subject', [], true)
 5 APPPATH\Controllers\Courses.php(123): view('dashboard/courses/index_subject', [...])
 6 SYSTEMPATH\CodeIgniter.php(933): App\Controllers\Courses->syllabus_subjects('2', 'public', 'assests', 'Logo.png')
 7 SYSTEMPATH\CodeIgniter.php(509): CodeIgniter\CodeIgniter->runController(Object(App\Controllers\Courses))
 8 SYSTEMPATH\CodeIgniter.php(355): CodeIgniter\CodeIgniter->handleRequest(null, Object(Config\Cache), false)
 9 SYSTEMPATH\Boot.php(325): CodeIgniter\CodeIgniter->run()
10 SYSTEMPATH\Boot.php(67): CodeIgniter\Boot::runCodeIgniter(Object(CodeIgniter\CodeIgniter))
11 FCPATH\index.php(56): CodeIgniter\Boot::bootWeb(Object(Config\Paths))
CRITICAL - 2025-01-02 23:13:58 --> ErrorException: Trying to access array offset on value of type null
[Method: GET, Route: courses/view_slides/public/assests/Logo.png]
in APPPATH\Views\dashboard\courses\index_slides.php on line 6.
 1 APPPATH\Views\dashboard\courses\index_slides.php(6): CodeIgniter\Debug\Exceptions->errorHandler(2, 'Trying to access array offset on value of type null', 'C:\\xampp\\htdocs\\Student_Management_Portal\\app\\Views\\dashboard\\courses\\index_slides.php', 6)
 2 SYSTEMPATH\View\View.php(234): include('C:\\xampp\\htdocs\\Student_Management_Portal\\app\\Views\\dashboard\\courses\\index_slides.php')
 3 SYSTEMPATH\View\View.php(237): CodeIgniter\View\View->CodeIgniter\View\{closure}()
 4 SYSTEMPATH\Common.php(1171): CodeIgniter\View\View->render('dashboard/courses/index_slides', [], true)
 5 APPPATH\Controllers\Courses.php(537): view('dashboard/courses/index_slides', [...])
 6 SYSTEMPATH\CodeIgniter.php(933): App\Controllers\Courses->view_slides('public', 'assests', 'Logo.png')
 7 SYSTEMPATH\CodeIgniter.php(509): CodeIgniter\CodeIgniter->runController(Object(App\Controllers\Courses))
 8 SYSTEMPATH\CodeIgniter.php(355): CodeIgniter\CodeIgniter->handleRequest(null, Object(Config\Cache), false)
 9 SYSTEMPATH\Boot.php(325): CodeIgniter\CodeIgniter->run()
10 SYSTEMPATH\Boot.php(67): CodeIgniter\Boot::runCodeIgniter(Object(CodeIgniter\CodeIgniter))
11 FCPATH\index.php(56): CodeIgniter\Boot::bootWeb(Object(Config\Paths))
CRITICAL - 2025-01-02 23:14:00 --> ErrorException: Trying to access array offset on value of type null
[Method: GET, Route: courses/syllabus_subjects/2/public/assests/Logo.png]
in APPPATH\Views\dashboard\courses\index_subject.php on line 6.
 1 APPPATH\Views\dashboard\courses\index_subject.php(6): CodeIgniter\Debug\Exceptions->errorHandler(2, 'Trying to access array offset on value of type null', 'C:\\xampp\\htdocs\\Student_Management_Portal\\app\\Views\\dashboard\\courses\\index_subject.php', 6)
 2 SYSTEMPATH\View\View.php(234): include('C:\\xampp\\htdocs\\Student_Management_Portal\\app\\Views\\dashboard\\courses\\index_subject.php')
 3 SYSTEMPATH\View\View.php(237): CodeIgniter\View\View->CodeIgniter\View\{closure}()
 4 SYSTEMPATH\Common.php(1171): CodeIgniter\View\View->render('dashboard/courses/index_subject', [], true)
 5 APPPATH\Controllers\Courses.php(123): view('dashboard/courses/index_subject', [...])
 6 SYSTEMPATH\CodeIgniter.php(933): App\Controllers\Courses->syllabus_subjects('2', 'public', 'assests', 'Logo.png')
 7 SYSTEMPATH\CodeIgniter.php(509): CodeIgniter\CodeIgniter->runController(Object(App\Controllers\Courses))
 8 SYSTEMPATH\CodeIgniter.php(355): CodeIgniter\CodeIgniter->handleRequest(null, Object(Config\Cache), false)
 9 SYSTEMPATH\Boot.php(325): CodeIgniter\CodeIgniter->run()
10 SYSTEMPATH\Boot.php(67): CodeIgniter\Boot::runCodeIgniter(Object(CodeIgniter\CodeIgniter))
11 FCPATH\index.php(56): CodeIgniter\Boot::bootWeb(Object(Config\Paths))
CRITICAL - 2025-01-02 23:14:06 --> ErrorException: Trying to access array offset on value of type null
[Method: GET, Route: courses/view_slides/public/assests/Logo.png]
in APPPATH\Views\dashboard\courses\index_slides.php on line 6.
 1 APPPATH\Views\dashboard\courses\index_slides.php(6): CodeIgniter\Debug\Exceptions->errorHandler(2, 'Trying to access array offset on value of type null', 'C:\\xampp\\htdocs\\Student_Management_Portal\\app\\Views\\dashboard\\courses\\index_slides.php', 6)
 2 SYSTEMPATH\View\View.php(234): include('C:\\xampp\\htdocs\\Student_Management_Portal\\app\\Views\\dashboard\\courses\\index_slides.php')
 3 SYSTEMPATH\View\View.php(237): CodeIgniter\View\View->CodeIgniter\View\{closure}()
 4 SYSTEMPATH\Common.php(1171): CodeIgniter\View\View->render('dashboard/courses/index_slides', [], true)
 5 APPPATH\Controllers\Courses.php(537): view('dashboard/courses/index_slides', [...])
 6 SYSTEMPATH\CodeIgniter.php(933): App\Controllers\Courses->view_slides('public', 'assests', 'Logo.png')
 7 SYSTEMPATH\CodeIgniter.php(509): CodeIgniter\CodeIgniter->runController(Object(App\Controllers\Courses))
 8 SYSTEMPATH\CodeIgniter.php(355): CodeIgniter\CodeIgniter->handleRequest(null, Object(Config\Cache), false)
 9 SYSTEMPATH\Boot.php(325): CodeIgniter\CodeIgniter->run()
10 SYSTEMPATH\Boot.php(67): CodeIgniter\Boot::runCodeIgniter(Object(CodeIgniter\CodeIgniter))
11 FCPATH\index.php(56): CodeIgniter\Boot::bootWeb(Object(Config\Paths))
CRITICAL - 2025-01-02 23:14:09 --> ArgumentCountError: Too few arguments to function App\Controllers\Courses::download_slide(), 0 passed in C:\xampp\htdocs\Student_Management_Portal\system\CodeIgniter.php on line 933 and exactly 1 expected
[Method: GET, Route: courses/download_slide]
in APPPATH\Controllers\Courses.php on line 603.
 1 SYSTEMPATH\CodeIgniter.php(933): App\Controllers\Courses->download_slide()
 2 SYSTEMPATH\CodeIgniter.php(509): CodeIgniter\CodeIgniter->runController(Object(App\Controllers\Courses))
 3 SYSTEMPATH\CodeIgniter.php(355): CodeIgniter\CodeIgniter->handleRequest(null, Object(Config\Cache), false)
 4 SYSTEMPATH\Boot.php(325): CodeIgniter\CodeIgniter->run()
 5 SYSTEMPATH\Boot.php(67): CodeIgniter\Boot::runCodeIgniter(Object(CodeIgniter\CodeIgniter))
 6 FCPATH\index.php(56): CodeIgniter\Boot::bootWeb(Object(Config\Paths))
CRITICAL - 2025-01-02 23:16:46 --> ArgumentCountError: Too few arguments to function App\Controllers\Courses::download_slide(), 0 passed in C:\xampp\htdocs\Student_Management_Portal\system\CodeIgniter.php on line 933 and exactly 1 expected
[Method: GET, Route: courses/download_slide]
in APPPATH\Controllers\Courses.php on line 603.
 1 SYSTEMPATH\CodeIgniter.php(933): App\Controllers\Courses->download_slide()
 2 SYSTEMPATH\CodeIgniter.php(509): CodeIgniter\CodeIgniter->runController(Object(App\Controllers\Courses))
 3 SYSTEMPATH\CodeIgniter.php(355): CodeIgniter\CodeIgniter->handleRequest(null, Object(Config\Cache), false)
 4 SYSTEMPATH\Boot.php(325): CodeIgniter\CodeIgniter->run()
 5 SYSTEMPATH\Boot.php(67): CodeIgniter\Boot::runCodeIgniter(Object(CodeIgniter\CodeIgniter))
 6 FCPATH\index.php(56): CodeIgniter\Boot::bootWeb(Object(Config\Paths))
CRITICAL - 2025-01-02 23:20:41 --> ErrorException: Trying to access array offset on value of type null
[Method: GET, Route: courses/view_slides/public/assests/Logo.png]
in APPPATH\Views\dashboard\courses\index_slides.php on line 6.
 1 APPPATH\Views\dashboard\courses\index_slides.php(6): CodeIgniter\Debug\Exceptions->errorHandler(2, 'Trying to access array offset on value of type null', 'C:\\xampp\\htdocs\\Student_Management_Portal\\app\\Views\\dashboard\\courses\\index_slides.php', 6)
 2 SYSTEMPATH\View\View.php(234): include('C:\\xampp\\htdocs\\Student_Management_Portal\\app\\Views\\dashboard\\courses\\index_slides.php')
 3 SYSTEMPATH\View\View.php(237): CodeIgniter\View\View->CodeIgniter\View\{closure}()
 4 SYSTEMPATH\Common.php(1171): CodeIgniter\View\View->render('dashboard/courses/index_slides', [], true)
 5 APPPATH\Controllers\Courses.php(537): view('dashboard/courses/index_slides', [...])
 6 SYSTEMPATH\CodeIgniter.php(933): App\Controllers\Courses->view_slides('public', 'assests', 'Logo.png')
 7 SYSTEMPATH\CodeIgniter.php(509): CodeIgniter\CodeIgniter->runController(Object(App\Controllers\Courses))
 8 SYSTEMPATH\CodeIgniter.php(355): CodeIgniter\CodeIgniter->handleRequest(null, Object(Config\Cache), false)
 9 SYSTEMPATH\Boot.php(325): CodeIgniter\CodeIgniter->run()
10 SYSTEMPATH\Boot.php(67): CodeIgniter\Boot::runCodeIgniter(Object(CodeIgniter\CodeIgniter))
11 FCPATH\index.php(56): CodeIgniter\Boot::bootWeb(Object(Config\Paths))
CRITICAL - 2025-01-02 23:20:41 --> ErrorException: Trying to access array offset on value of type null
[Method: GET, Route: courses/view_slides/public/assests/Logo.png]
in APPPATH\Views\dashboard\courses\index_slides.php on line 6.
 1 APPPATH\Views\dashboard\courses\index_slides.php(6): CodeIgniter\Debug\Exceptions->errorHandler(2, 'Trying to access array offset on value of type null', 'C:\\xampp\\htdocs\\Student_Management_Portal\\app\\Views\\dashboard\\courses\\index_slides.php', 6)
 2 SYSTEMPATH\View\View.php(234): include('C:\\xampp\\htdocs\\Student_Management_Portal\\app\\Views\\dashboard\\courses\\index_slides.php')
 3 SYSTEMPATH\View\View.php(237): CodeIgniter\View\View->CodeIgniter\View\{closure}()
 4 SYSTEMPATH\Common.php(1171): CodeIgniter\View\View->render('dashboard/courses/index_slides', [], true)
 5 APPPATH\Controllers\Courses.php(537): view('dashboard/courses/index_slides', [...])
 6 SYSTEMPATH\CodeIgniter.php(933): App\Controllers\Courses->view_slides('public', 'assests', 'Logo.png')
 7 SYSTEMPATH\CodeIgniter.php(509): CodeIgniter\CodeIgniter->runController(Object(App\Controllers\Courses))
 8 SYSTEMPATH\CodeIgniter.php(355): CodeIgniter\CodeIgniter->handleRequest(null, Object(Config\Cache), false)
 9 SYSTEMPATH\Boot.php(325): CodeIgniter\CodeIgniter->run()
10 SYSTEMPATH\Boot.php(67): CodeIgniter\Boot::runCodeIgniter(Object(CodeIgniter\CodeIgniter))
11 FCPATH\index.php(56): CodeIgniter\Boot::bootWeb(Object(Config\Paths))
CRITICAL - 2025-01-02 23:20:43 --> ArgumentCountError: Too few arguments to function App\Controllers\Courses::download_slide(), 0 passed in C:\xampp\htdocs\Student_Management_Portal\system\CodeIgniter.php on line 933 and exactly 1 expected
[Method: GET, Route: courses/download_slide]
in APPPATH\Controllers\Courses.php on line 603.
 1 SYSTEMPATH\CodeIgniter.php(933): App\Controllers\Courses->download_slide()
 2 SYSTEMPATH\CodeIgniter.php(509): CodeIgniter\CodeIgniter->runController(Object(App\Controllers\Courses))
 3 SYSTEMPATH\CodeIgniter.php(355): CodeIgniter\CodeIgniter->handleRequest(null, Object(Config\Cache), false)
 4 SYSTEMPATH\Boot.php(325): CodeIgniter\CodeIgniter->run()
 5 SYSTEMPATH\Boot.php(67): CodeIgniter\Boot::runCodeIgniter(Object(CodeIgniter\CodeIgniter))
 6 FCPATH\index.php(56): CodeIgniter\Boot::bootWeb(Object(Config\Paths))
CRITICAL - 2025-01-02 23:22:14 --> ErrorException: Trying to access array offset on value of type null
[Method: GET, Route: courses/view_slides/public/assests/Logo.png]
in APPPATH\Views\dashboard\courses\index_slides.php on line 6.
 1 APPPATH\Views\dashboard\courses\index_slides.php(6): CodeIgniter\Debug\Exceptions->errorHandler(2, 'Trying to access array offset on value of type null', 'C:\\xampp\\htdocs\\Student_Management_Portal\\app\\Views\\dashboard\\courses\\index_slides.php', 6)
 2 SYSTEMPATH\View\View.php(234): include('C:\\xampp\\htdocs\\Student_Management_Portal\\app\\Views\\dashboard\\courses\\index_slides.php')
 3 SYSTEMPATH\View\View.php(237): CodeIgniter\View\View->CodeIgniter\View\{closure}()
 4 SYSTEMPATH\Common.php(1171): CodeIgniter\View\View->render('dashboard/courses/index_slides', [], true)
 5 APPPATH\Controllers\Courses.php(537): view('dashboard/courses/index_slides', [...])
 6 SYSTEMPATH\CodeIgniter.php(933): App\Controllers\Courses->view_slides('public', 'assests', 'Logo.png')
 7 SYSTEMPATH\CodeIgniter.php(509): CodeIgniter\CodeIgniter->runController(Object(App\Controllers\Courses))
 8 SYSTEMPATH\CodeIgniter.php(355): CodeIgniter\CodeIgniter->handleRequest(null, Object(Config\Cache), false)
 9 SYSTEMPATH\Boot.php(325): CodeIgniter\CodeIgniter->run()
10 SYSTEMPATH\Boot.php(67): CodeIgniter\Boot::runCodeIgniter(Object(CodeIgniter\CodeIgniter))
11 FCPATH\index.php(56): CodeIgniter\Boot::bootWeb(Object(Config\Paths))
CRITICAL - 2025-01-02 23:22:32 --> ErrorException: Trying to access array offset on value of type null
[Method: GET, Route: courses/view_slides/public/assests/Logo.png]
in APPPATH\Views\dashboard\courses\index_slides.php on line 6.
 1 APPPATH\Views\dashboard\courses\index_slides.php(6): CodeIgniter\Debug\Exceptions->errorHandler(2, 'Trying to access array offset on value of type null', 'C:\\xampp\\htdocs\\Student_Management_Portal\\app\\Views\\dashboard\\courses\\index_slides.php', 6)
 2 SYSTEMPATH\View\View.php(234): include('C:\\xampp\\htdocs\\Student_Management_Portal\\app\\Views\\dashboard\\courses\\index_slides.php')
 3 SYSTEMPATH\View\View.php(237): CodeIgniter\View\View->CodeIgniter\View\{closure}()
 4 SYSTEMPATH\Common.php(1171): CodeIgniter\View\View->render('dashboard/courses/index_slides', [], true)
 5 APPPATH\Controllers\Courses.php(537): view('dashboard/courses/index_slides', [...])
 6 SYSTEMPATH\CodeIgniter.php(933): App\Controllers\Courses->view_slides('public', 'assests', 'Logo.png')
 7 SYSTEMPATH\CodeIgniter.php(509): CodeIgniter\CodeIgniter->runController(Object(App\Controllers\Courses))
 8 SYSTEMPATH\CodeIgniter.php(355): CodeIgniter\CodeIgniter->handleRequest(null, Object(Config\Cache), false)
 9 SYSTEMPATH\Boot.php(325): CodeIgniter\CodeIgniter->run()
10 SYSTEMPATH\Boot.php(67): CodeIgniter\Boot::runCodeIgniter(Object(CodeIgniter\CodeIgniter))
11 FCPATH\index.php(56): CodeIgniter\Boot::bootWeb(Object(Config\Paths))
CRITICAL - 2025-01-02 23:22:38 --> ArgumentCountError: Too few arguments to function App\Controllers\Courses::download_slide(), 0 passed in C:\xampp\htdocs\Student_Management_Portal\system\CodeIgniter.php on line 933 and exactly 1 expected
[Method: GET, Route: courses/download_slide]
in APPPATH\Controllers\Courses.php on line 603.
 1 SYSTEMPATH\CodeIgniter.php(933): App\Controllers\Courses->download_slide()
 2 SYSTEMPATH\CodeIgniter.php(509): CodeIgniter\CodeIgniter->runController(Object(App\Controllers\Courses))
 3 SYSTEMPATH\CodeIgniter.php(355): CodeIgniter\CodeIgniter->handleRequest(null, Object(Config\Cache), false)
 4 SYSTEMPATH\Boot.php(325): CodeIgniter\CodeIgniter->run()
 5 SYSTEMPATH\Boot.php(67): CodeIgniter\Boot::runCodeIgniter(Object(CodeIgniter\CodeIgniter))
 6 FCPATH\index.php(56): CodeIgniter\Boot::bootWeb(Object(Config\Paths))
CRITICAL - 2025-01-02 23:27:26 --> ErrorException: Trying to access array offset on value of type null
[Method: GET, Route: courses/view_slides/public/assests/Logo.png]
in APPPATH\Views\dashboard\courses\index_slides.php on line 6.
 1 APPPATH\Views\dashboard\courses\index_slides.php(6): CodeIgniter\Debug\Exceptions->errorHandler(2, 'Trying to access array offset on value of type null', 'C:\\xampp\\htdocs\\Student_Management_Portal\\app\\Views\\dashboard\\courses\\index_slides.php', 6)
 2 SYSTEMPATH\View\View.php(234): include('C:\\xampp\\htdocs\\Student_Management_Portal\\app\\Views\\dashboard\\courses\\index_slides.php')
 3 SYSTEMPATH\View\View.php(237): CodeIgniter\View\View->CodeIgniter\View\{closure}()
 4 SYSTEMPATH\Common.php(1171): CodeIgniter\View\View->render('dashboard/courses/index_slides', [], true)
 5 APPPATH\Controllers\Courses.php(537): view('dashboard/courses/index_slides', [...])
 6 SYSTEMPATH\CodeIgniter.php(933): App\Controllers\Courses->view_slides('public', 'assests', 'Logo.png')
 7 SYSTEMPATH\CodeIgniter.php(509): CodeIgniter\CodeIgniter->runController(Object(App\Controllers\Courses))
 8 SYSTEMPATH\CodeIgniter.php(355): CodeIgniter\CodeIgniter->handleRequest(null, Object(Config\Cache), false)
 9 SYSTEMPATH\Boot.php(325): CodeIgniter\CodeIgniter->run()
10 SYSTEMPATH\Boot.php(67): CodeIgniter\Boot::runCodeIgniter(Object(CodeIgniter\CodeIgniter))
11 FCPATH\index.php(56): CodeIgniter\Boot::bootWeb(Object(Config\Paths))
CRITICAL - 2025-01-02 23:27:26 --> ErrorException: Trying to access array offset on value of type null
[Method: GET, Route: courses/view_slides/public/assests/Logo.png]
in APPPATH\Views\dashboard\courses\index_slides.php on line 6.
 1 APPPATH\Views\dashboard\courses\index_slides.php(6): CodeIgniter\Debug\Exceptions->errorHandler(2, 'Trying to access array offset on value of type null', 'C:\\xampp\\htdocs\\Student_Management_Portal\\app\\Views\\dashboard\\courses\\index_slides.php', 6)
 2 SYSTEMPATH\View\View.php(234): include('C:\\xampp\\htdocs\\Student_Management_Portal\\app\\Views\\dashboard\\courses\\index_slides.php')
 3 SYSTEMPATH\View\View.php(237): CodeIgniter\View\View->CodeIgniter\View\{closure}()
 4 SYSTEMPATH\Common.php(1171): CodeIgniter\View\View->render('dashboard/courses/index_slides', [], true)
 5 APPPATH\Controllers\Courses.php(537): view('dashboard/courses/index_slides', [...])
 6 SYSTEMPATH\CodeIgniter.php(933): App\Controllers\Courses->view_slides('public', 'assests', 'Logo.png')
 7 SYSTEMPATH\CodeIgniter.php(509): CodeIgniter\CodeIgniter->runController(Object(App\Controllers\Courses))
 8 SYSTEMPATH\CodeIgniter.php(355): CodeIgniter\CodeIgniter->handleRequest(null, Object(Config\Cache), false)
 9 SYSTEMPATH\Boot.php(325): CodeIgniter\CodeIgniter->run()
10 SYSTEMPATH\Boot.php(67): CodeIgniter\Boot::runCodeIgniter(Object(CodeIgniter\CodeIgniter))
11 FCPATH\index.php(56): CodeIgniter\Boot::bootWeb(Object(Config\Paths))
CRITICAL - 2025-01-02 23:27:28 --> ErrorException: Trying to access array offset on value of type null
[Method: GET, Route: courses/view_slides/public/assests/Logo.png]
in APPPATH\Views\dashboard\courses\index_slides.php on line 6.
 1 APPPATH\Views\dashboard\courses\index_slides.php(6): CodeIgniter\Debug\Exceptions->errorHandler(2, 'Trying to access array offset on value of type null', 'C:\\xampp\\htdocs\\Student_Management_Portal\\app\\Views\\dashboard\\courses\\index_slides.php', 6)
 2 SYSTEMPATH\View\View.php(234): include('C:\\xampp\\htdocs\\Student_Management_Portal\\app\\Views\\dashboard\\courses\\index_slides.php')
 3 SYSTEMPATH\View\View.php(237): CodeIgniter\View\View->CodeIgniter\View\{closure}()
 4 SYSTEMPATH\Common.php(1171): CodeIgniter\View\View->render('dashboard/courses/index_slides', [], true)
 5 APPPATH\Controllers\Courses.php(537): view('dashboard/courses/index_slides', [...])
 6 SYSTEMPATH\CodeIgniter.php(933): App\Controllers\Courses->view_slides('public', 'assests', 'Logo.png')
 7 SYSTEMPATH\CodeIgniter.php(509): CodeIgniter\CodeIgniter->runController(Object(App\Controllers\Courses))
 8 SYSTEMPATH\CodeIgniter.php(355): CodeIgniter\CodeIgniter->handleRequest(null, Object(Config\Cache), false)
 9 SYSTEMPATH\Boot.php(325): CodeIgniter\CodeIgniter->run()
10 SYSTEMPATH\Boot.php(67): CodeIgniter\Boot::runCodeIgniter(Object(CodeIgniter\CodeIgniter))
11 FCPATH\index.php(56): CodeIgniter\Boot::bootWeb(Object(Config\Paths))
CRITICAL - 2025-01-02 23:27:35 --> ErrorException: Trying to access array offset on value of type null
[Method: GET, Route: courses/view_slides/public/assests/Logo.png]
in APPPATH\Views\dashboard\courses\index_slides.php on line 6.
 1 APPPATH\Views\dashboard\courses\index_slides.php(6): CodeIgniter\Debug\Exceptions->errorHandler(2, 'Trying to access array offset on value of type null', 'C:\\xampp\\htdocs\\Student_Management_Portal\\app\\Views\\dashboard\\courses\\index_slides.php', 6)
 2 SYSTEMPATH\View\View.php(234): include('C:\\xampp\\htdocs\\Student_Management_Portal\\app\\Views\\dashboard\\courses\\index_slides.php')
 3 SYSTEMPATH\View\View.php(237): CodeIgniter\View\View->CodeIgniter\View\{closure}()
 4 SYSTEMPATH\Common.php(1171): CodeIgniter\View\View->render('dashboard/courses/index_slides', [], true)
 5 APPPATH\Controllers\Courses.php(537): view('dashboard/courses/index_slides', [...])
 6 SYSTEMPATH\CodeIgniter.php(933): App\Controllers\Courses->view_slides('public', 'assests', 'Logo.png')
 7 SYSTEMPATH\CodeIgniter.php(509): CodeIgniter\CodeIgniter->runController(Object(App\Controllers\Courses))
 8 SYSTEMPATH\CodeIgniter.php(355): CodeIgniter\CodeIgniter->handleRequest(null, Object(Config\Cache), false)
 9 SYSTEMPATH\Boot.php(325): CodeIgniter\CodeIgniter->run()
10 SYSTEMPATH\Boot.php(67): CodeIgniter\Boot::runCodeIgniter(Object(CodeIgniter\CodeIgniter))
11 FCPATH\index.php(56): CodeIgniter\Boot::bootWeb(Object(Config\Paths))
CRITICAL - 2025-01-02 23:27:37 --> ArgumentCountError: Too few arguments to function App\Controllers\Courses::download_slide(), 0 passed in C:\xampp\htdocs\Student_Management_Portal\system\CodeIgniter.php on line 933 and exactly 1 expected
[Method: GET, Route: courses/download_slide]
in APPPATH\Controllers\Courses.php on line 603.
 1 SYSTEMPATH\CodeIgniter.php(933): App\Controllers\Courses->download_slide()
 2 SYSTEMPATH\CodeIgniter.php(509): CodeIgniter\CodeIgniter->runController(Object(App\Controllers\Courses))
 3 SYSTEMPATH\CodeIgniter.php(355): CodeIgniter\CodeIgniter->handleRequest(null, Object(Config\Cache), false)
 4 SYSTEMPATH\Boot.php(325): CodeIgniter\CodeIgniter->run()
 5 SYSTEMPATH\Boot.php(67): CodeIgniter\Boot::runCodeIgniter(Object(CodeIgniter\CodeIgniter))
 6 FCPATH\index.php(56): CodeIgniter\Boot::bootWeb(Object(Config\Paths))
ERROR - 2025-01-02 23:30:00 --> Error connecting to the database: mysqli_sql_exception: No connection could be made because the target machine actively refused it in C:\xampp\htdocs\Student_Management_Portal\system\Database\MySQLi\Connection.php:186
Stack trace:
#0 C:\xampp\htdocs\Student_Management_Portal\system\Database\MySQLi\Connection.php(186): mysqli->real_connect('localhost', 'root', Object(SensitiveParameterValue), 'student_managem...', 3306, '', 0)
#1 C:\xampp\htdocs\Student_Management_Portal\system\Database\BaseConnection.php(421): CodeIgniter\Database\MySQLi\Connection->connect(false)
#2 C:\xampp\htdocs\Student_Management_Portal\system\Database\BaseConnection.php(616): CodeIgniter\Database\BaseConnection->initialize()
#3 C:\xampp\htdocs\Student_Management_Portal\system\Database\BaseBuilder.php(1644): CodeIgniter\Database\BaseConnection->query('SELECT *\nFROM `...', Array, false)
#4 C:\xampp\htdocs\Student_Management_Portal\system\Model.php(210): CodeIgniter\Database\BaseBuilder->get()
#5 C:\xampp\htdocs\Student_Management_Portal\system\BaseModel.php(610): CodeIgniter\Model->doFind(true, '15')
#6 C:\xampp\htdocs\Student_Management_Portal\app\Controllers\Courses.php(529): CodeIgniter\BaseModel->find('15')
#7 C:\xampp\htdocs\Student_Management_Portal\system\CodeIgniter.php(933): App\Controllers\Courses->view_slides('15')
#8 C:\xampp\htdocs\Student_Management_Portal\system\CodeIgniter.php(509): CodeIgniter\CodeIgniter->runController(Object(App\Controllers\Courses))
#9 C:\xampp\htdocs\Student_Management_Portal\system\CodeIgniter.php(355): CodeIgniter\CodeIgniter->handleRequest(NULL, Object(Config\Cache), false)
#10 C:\xampp\htdocs\Student_Management_Portal\system\Boot.php(325): CodeIgniter\CodeIgniter->run()
#11 C:\xampp\htdocs\Student_Management_Portal\system\Boot.php(67): CodeIgniter\Boot::runCodeIgniter(Object(CodeIgniter\CodeIgniter))
#12 C:\xampp\htdocs\Student_Management_Portal\index.php(56): CodeIgniter\Boot::bootWeb(Object(Config\Paths))
#13 {main}

Next CodeIgniter\Database\Exceptions\DatabaseException: No connection could be made because the target machine actively refused it in C:\xampp\htdocs\Student_Management_Portal\system\Database\MySQLi\Connection.php:231
Stack trace:
#0 C:\xampp\htdocs\Student_Management_Portal\system\Database\BaseConnection.php(421): CodeIgniter\Database\MySQLi\Connection->connect(false)
#1 C:\xampp\htdocs\Student_Management_Portal\system\Database\BaseConnection.php(616): CodeIgniter\Database\BaseConnection->initialize()
#2 C:\xampp\htdocs\Student_Management_Portal\system\Database\BaseBuilder.php(1644): CodeIgniter\Database\BaseConnection->query('SELECT *\nFROM `...', Array, false)
#3 C:\xampp\htdocs\Student_Management_Portal\system\Model.php(210): CodeIgniter\Database\BaseBuilder->get()
#4 C:\xampp\htdocs\Student_Management_Portal\system\BaseModel.php(610): CodeIgniter\Model->doFind(true, '15')
#5 C:\xampp\htdocs\Student_Management_Portal\app\Controllers\Courses.php(529): CodeIgniter\BaseModel->find('15')
#6 C:\xampp\htdocs\Student_Management_Portal\system\CodeIgniter.php(933): App\Controllers\Courses->view_slides('15')
#7 C:\xampp\htdocs\Student_Management_Portal\system\CodeIgniter.php(509): CodeIgniter\CodeIgniter->runController(Object(App\Controllers\Courses))
#8 C:\xampp\htdocs\Student_Management_Portal\system\CodeIgniter.php(355): CodeIgniter\CodeIgniter->handleRequest(NULL, Object(Config\Cache), false)
#9 C:\xampp\htdocs\Student_Management_Portal\system\Boot.php(325): CodeIgniter\CodeIgniter->run()
#10 C:\xampp\htdocs\Student_Management_Portal\system\Boot.php(67): CodeIgniter\Boot::runCodeIgniter(Object(CodeIgniter\CodeIgniter))
#11 C:\xampp\htdocs\Student_Management_Portal\index.php(56): CodeIgniter\Boot::bootWeb(Object(Config\Paths))
#12 {main}
CRITICAL - 2025-01-02 23:30:00 --> CodeIgniter\Database\Exceptions\DatabaseException: Unable to connect to the database.
Main connection [MySQLi]: No connection could be made because the target machine actively refused it
[Method: GET, Route: courses/view_slides/15]
in SYSTEMPATH\Database\BaseConnection.php on line 467.
 1 SYSTEMPATH\Database\BaseConnection.php(616): CodeIgniter\Database\BaseConnection->initialize()
 2 SYSTEMPATH\Database\BaseBuilder.php(1644): CodeIgniter\Database\BaseConnection->query('SELECT *
FROM `subject`
WHERE `subject`.`subject_id` = :subject.subject_id:', [...], false)
 3 SYSTEMPATH\Model.php(210): CodeIgniter\Database\BaseBuilder->get()
 4 SYSTEMPATH\BaseModel.php(610): CodeIgniter\Model->doFind(true, '15')
 5 APPPATH\Controllers\Courses.php(529): CodeIgniter\BaseModel->find('15')
 6 SYSTEMPATH\CodeIgniter.php(933): App\Controllers\Courses->view_slides('15')
 7 SYSTEMPATH\CodeIgniter.php(509): CodeIgniter\CodeIgniter->runController(Object(App\Controllers\Courses))
 8 SYSTEMPATH\CodeIgniter.php(355): CodeIgniter\CodeIgniter->handleRequest(null, Object(Config\Cache), false)
 9 SYSTEMPATH\Boot.php(325): CodeIgniter\CodeIgniter->run()
10 SYSTEMPATH\Boot.php(67): CodeIgniter\Boot::runCodeIgniter(Object(CodeIgniter\CodeIgniter))
11 FCPATH\index.php(56): CodeIgniter\Boot::bootWeb(Object(Config\Paths))
ERROR - 2025-01-02 23:30:11 --> Error connecting to the database: mysqli_sql_exception: No connection could be made because the target machine actively refused it in C:\xampp\htdocs\Student_Management_Portal\system\Database\MySQLi\Connection.php:186
Stack trace:
#0 C:\xampp\htdocs\Student_Management_Portal\system\Database\MySQLi\Connection.php(186): mysqli->real_connect('localhost', 'root', Object(SensitiveParameterValue), 'student_managem...', 3306, '', 0)
#1 C:\xampp\htdocs\Student_Management_Portal\system\Database\BaseConnection.php(421): CodeIgniter\Database\MySQLi\Connection->connect(false)
#2 C:\xampp\htdocs\Student_Management_Portal\system\Database\BaseConnection.php(616): CodeIgniter\Database\BaseConnection->initialize()
#3 C:\xampp\htdocs\Student_Management_Portal\system\Database\BaseBuilder.php(1644): CodeIgniter\Database\BaseConnection->query('SELECT *\nFROM `...', Array, false)
#4 C:\xampp\htdocs\Student_Management_Portal\system\Model.php(210): CodeIgniter\Database\BaseBuilder->get()
#5 C:\xampp\htdocs\Student_Management_Portal\system\BaseModel.php(610): CodeIgniter\Model->doFind(true, '15')
#6 C:\xampp\htdocs\Student_Management_Portal\app\Models\SubjectModel.php(39): CodeIgniter\BaseModel->find('15')
#7 C:\xampp\htdocs\Student_Management_Portal\app\Controllers\Courses.php(547): App\Models\SubjectModel->getSubjectById('15')
#8 C:\xampp\htdocs\Student_Management_Portal\system\CodeIgniter.php(933): App\Controllers\Courses->add_slide('15')
#9 C:\xampp\htdocs\Student_Management_Portal\system\CodeIgniter.php(509): CodeIgniter\CodeIgniter->runController(Object(App\Controllers\Courses))
#10 C:\xampp\htdocs\Student_Management_Portal\system\CodeIgniter.php(355): CodeIgniter\CodeIgniter->handleRequest(NULL, Object(Config\Cache), false)
#11 C:\xampp\htdocs\Student_Management_Portal\system\Boot.php(325): CodeIgniter\CodeIgniter->run()
#12 C:\xampp\htdocs\Student_Management_Portal\system\Boot.php(67): CodeIgniter\Boot::runCodeIgniter(Object(CodeIgniter\CodeIgniter))
#13 C:\xampp\htdocs\Student_Management_Portal\index.php(56): CodeIgniter\Boot::bootWeb(Object(Config\Paths))
#14 {main}

Next CodeIgniter\Database\Exceptions\DatabaseException: No connection could be made because the target machine actively refused it in C:\xampp\htdocs\Student_Management_Portal\system\Database\MySQLi\Connection.php:231
Stack trace:
#0 C:\xampp\htdocs\Student_Management_Portal\system\Database\BaseConnection.php(421): CodeIgniter\Database\MySQLi\Connection->connect(false)
#1 C:\xampp\htdocs\Student_Management_Portal\system\Database\BaseConnection.php(616): CodeIgniter\Database\BaseConnection->initialize()
#2 C:\xampp\htdocs\Student_Management_Portal\system\Database\BaseBuilder.php(1644): CodeIgniter\Database\BaseConnection->query('SELECT *\nFROM `...', Array, false)
#3 C:\xampp\htdocs\Student_Management_Portal\system\Model.php(210): CodeIgniter\Database\BaseBuilder->get()
#4 C:\xampp\htdocs\Student_Management_Portal\system\BaseModel.php(610): CodeIgniter\Model->doFind(true, '15')
#5 C:\xampp\htdocs\Student_Management_Portal\app\Models\SubjectModel.php(39): CodeIgniter\BaseModel->find('15')
#6 C:\xampp\htdocs\Student_Management_Portal\app\Controllers\Courses.php(547): App\Models\SubjectModel->getSubjectById('15')
#7 C:\xampp\htdocs\Student_Management_Portal\system\CodeIgniter.php(933): App\Controllers\Courses->add_slide('15')
#8 C:\xampp\htdocs\Student_Management_Portal\system\CodeIgniter.php(509): CodeIgniter\CodeIgniter->runController(Object(App\Controllers\Courses))
#9 C:\xampp\htdocs\Student_Management_Portal\system\CodeIgniter.php(355): CodeIgniter\CodeIgniter->handleRequest(NULL, Object(Config\Cache), false)
#10 C:\xampp\htdocs\Student_Management_Portal\system\Boot.php(325): CodeIgniter\CodeIgniter->run()
#11 C:\xampp\htdocs\Student_Management_Portal\system\Boot.php(67): CodeIgniter\Boot::runCodeIgniter(Object(CodeIgniter\CodeIgniter))
#12 C:\xampp\htdocs\Student_Management_Portal\index.php(56): CodeIgniter\Boot::bootWeb(Object(Config\Paths))
#13 {main}
CRITICAL - 2025-01-02 23:30:11 --> CodeIgniter\Database\Exceptions\DatabaseException: Unable to connect to the database.
Main connection [MySQLi]: No connection could be made because the target machine actively refused it
[Method: GET, Route: courses/add_slide/15]
in SYSTEMPATH\Database\BaseConnection.php on line 467.
 1 SYSTEMPATH\Database\BaseConnection.php(616): CodeIgniter\Database\BaseConnection->initialize()
 2 SYSTEMPATH\Database\BaseBuilder.php(1644): CodeIgniter\Database\BaseConnection->query('SELECT *
FROM `subject`
WHERE `subject`.`subject_id` = :subject.subject_id:', [...], false)
 3 SYSTEMPATH\Model.php(210): CodeIgniter\Database\BaseBuilder->get()
 4 SYSTEMPATH\BaseModel.php(610): CodeIgniter\Model->doFind(true, '15')
 5 APPPATH\Models\SubjectModel.php(39): CodeIgniter\BaseModel->find('15')
 6 APPPATH\Controllers\Courses.php(547): App\Models\SubjectModel->getSubjectById('15')
 7 SYSTEMPATH\CodeIgniter.php(933): App\Controllers\Courses->add_slide('15')
 8 SYSTEMPATH\CodeIgniter.php(509): CodeIgniter\CodeIgniter->runController(Object(App\Controllers\Courses))
 9 SYSTEMPATH\CodeIgniter.php(355): CodeIgniter\CodeIgniter->handleRequest(null, Object(Config\Cache), false)
10 SYSTEMPATH\Boot.php(325): CodeIgniter\CodeIgniter->run()
11 SYSTEMPATH\Boot.php(67): CodeIgniter\Boot::runCodeIgniter(Object(CodeIgniter\CodeIgniter))
12 FCPATH\index.php(56): CodeIgniter\Boot::bootWeb(Object(Config\Paths))
ERROR - 2025-01-02 23:30:36 --> Error connecting to the database: mysqli_sql_exception: No connection could be made because the target machine actively refused it in C:\xampp\htdocs\Student_Management_Portal\system\Database\MySQLi\Connection.php:186
Stack trace:
#0 C:\xampp\htdocs\Student_Management_Portal\system\Database\MySQLi\Connection.php(186): mysqli->real_connect('localhost', 'root', Object(SensitiveParameterValue), 'student_managem...', 3306, '', 0)
#1 C:\xampp\htdocs\Student_Management_Portal\system\Database\BaseConnection.php(421): CodeIgniter\Database\MySQLi\Connection->connect(false)
#2 C:\xampp\htdocs\Student_Management_Portal\system\Database\BaseConnection.php(616): CodeIgniter\Database\BaseConnection->initialize()
#3 C:\xampp\htdocs\Student_Management_Portal\system\Database\BaseBuilder.php(1644): CodeIgniter\Database\BaseConnection->query('SELECT *\nFROM `...', Array, false)
#4 C:\xampp\htdocs\Student_Management_Portal\system\Model.php(210): CodeIgniter\Database\BaseBuilder->get()
#5 C:\xampp\htdocs\Student_Management_Portal\system\BaseModel.php(610): CodeIgniter\Model->doFind(true, '15')
#6 C:\xampp\htdocs\Student_Management_Portal\app\Models\SubjectModel.php(39): CodeIgniter\BaseModel->find('15')
#7 C:\xampp\htdocs\Student_Management_Portal\app\Controllers\Courses.php(547): App\Models\SubjectModel->getSubjectById('15')
#8 C:\xampp\htdocs\Student_Management_Portal\system\CodeIgniter.php(933): App\Controllers\Courses->add_slide('15')
#9 C:\xampp\htdocs\Student_Management_Portal\system\CodeIgniter.php(509): CodeIgniter\CodeIgniter->runController(Object(App\Controllers\Courses))
#10 C:\xampp\htdocs\Student_Management_Portal\system\CodeIgniter.php(355): CodeIgniter\CodeIgniter->handleRequest(NULL, Object(Config\Cache), false)
#11 C:\xampp\htdocs\Student_Management_Portal\system\Boot.php(325): CodeIgniter\CodeIgniter->run()
#12 C:\xampp\htdocs\Student_Management_Portal\system\Boot.php(67): CodeIgniter\Boot::runCodeIgniter(Object(CodeIgniter\CodeIgniter))
#13 C:\xampp\htdocs\Student_Management_Portal\index.php(56): CodeIgniter\Boot::bootWeb(Object(Config\Paths))
#14 {main}

Next CodeIgniter\Database\Exceptions\DatabaseException: No connection could be made because the target machine actively refused it in C:\xampp\htdocs\Student_Management_Portal\system\Database\MySQLi\Connection.php:231
Stack trace:
#0 C:\xampp\htdocs\Student_Management_Portal\system\Database\BaseConnection.php(421): CodeIgniter\Database\MySQLi\Connection->connect(false)
#1 C:\xampp\htdocs\Student_Management_Portal\system\Database\BaseConnection.php(616): CodeIgniter\Database\BaseConnection->initialize()
#2 C:\xampp\htdocs\Student_Management_Portal\system\Database\BaseBuilder.php(1644): CodeIgniter\Database\BaseConnection->query('SELECT *\nFROM `...', Array, false)
#3 C:\xampp\htdocs\Student_Management_Portal\system\Model.php(210): CodeIgniter\Database\BaseBuilder->get()
#4 C:\xampp\htdocs\Student_Management_Portal\system\BaseModel.php(610): CodeIgniter\Model->doFind(true, '15')
#5 C:\xampp\htdocs\Student_Management_Portal\app\Models\SubjectModel.php(39): CodeIgniter\BaseModel->find('15')
#6 C:\xampp\htdocs\Student_Management_Portal\app\Controllers\Courses.php(547): App\Models\SubjectModel->getSubjectById('15')
#7 C:\xampp\htdocs\Student_Management_Portal\system\CodeIgniter.php(933): App\Controllers\Courses->add_slide('15')
#8 C:\xampp\htdocs\Student_Management_Portal\system\CodeIgniter.php(509): CodeIgniter\CodeIgniter->runController(Object(App\Controllers\Courses))
#9 C:\xampp\htdocs\Student_Management_Portal\system\CodeIgniter.php(355): CodeIgniter\CodeIgniter->handleRequest(NULL, Object(Config\Cache), false)
#10 C:\xampp\htdocs\Student_Management_Portal\system\Boot.php(325): CodeIgniter\CodeIgniter->run()
#11 C:\xampp\htdocs\Student_Management_Portal\system\Boot.php(67): CodeIgniter\Boot::runCodeIgniter(Object(CodeIgniter\CodeIgniter))
#12 C:\xampp\htdocs\Student_Management_Portal\index.php(56): CodeIgniter\Boot::bootWeb(Object(Config\Paths))
#13 {main}
CRITICAL - 2025-01-02 23:30:36 --> CodeIgniter\Database\Exceptions\DatabaseException: Unable to connect to the database.
Main connection [MySQLi]: No connection could be made because the target machine actively refused it
[Method: GET, Route: courses/add_slide/15]
in SYSTEMPATH\Database\BaseConnection.php on line 467.
 1 SYSTEMPATH\Database\BaseConnection.php(616): CodeIgniter\Database\BaseConnection->initialize()
 2 SYSTEMPATH\Database\BaseBuilder.php(1644): CodeIgniter\Database\BaseConnection->query('SELECT *
FROM `subject`
WHERE `subject`.`subject_id` = :subject.subject_id:', [...], false)
 3 SYSTEMPATH\Model.php(210): CodeIgniter\Database\BaseBuilder->get()
 4 SYSTEMPATH\BaseModel.php(610): CodeIgniter\Model->doFind(true, '15')
 5 APPPATH\Models\SubjectModel.php(39): CodeIgniter\BaseModel->find('15')
 6 APPPATH\Controllers\Courses.php(547): App\Models\SubjectModel->getSubjectById('15')
 7 SYSTEMPATH\CodeIgniter.php(933): App\Controllers\Courses->add_slide('15')
 8 SYSTEMPATH\CodeIgniter.php(509): CodeIgniter\CodeIgniter->runController(Object(App\Controllers\Courses))
 9 SYSTEMPATH\CodeIgniter.php(355): CodeIgniter\CodeIgniter->handleRequest(null, Object(Config\Cache), false)
10 SYSTEMPATH\Boot.php(325): CodeIgniter\CodeIgniter->run()
11 SYSTEMPATH\Boot.php(67): CodeIgniter\Boot::runCodeIgniter(Object(CodeIgniter\CodeIgniter))
12 FCPATH\index.php(56): CodeIgniter\Boot::bootWeb(Object(Config\Paths))
ERROR - 2025-01-02 23:30:45 --> Error connecting to the database: mysqli_sql_exception: Host 'localhost' is not allowed to connect to this MariaDB server in C:\xampp\htdocs\Student_Management_Portal\system\Database\MySQLi\Connection.php:186
Stack trace:
#0 C:\xampp\htdocs\Student_Management_Portal\system\Database\MySQLi\Connection.php(186): mysqli->real_connect('localhost', 'root', Object(SensitiveParameterValue), 'student_managem...', 3306, '', 0)
#1 C:\xampp\htdocs\Student_Management_Portal\system\Database\BaseConnection.php(421): CodeIgniter\Database\MySQLi\Connection->connect(false)
#2 C:\xampp\htdocs\Student_Management_Portal\system\Database\BaseConnection.php(616): CodeIgniter\Database\BaseConnection->initialize()
#3 C:\xampp\htdocs\Student_Management_Portal\system\Database\BaseBuilder.php(1644): CodeIgniter\Database\BaseConnection->query('SELECT *\nFROM `...', Array, false)
#4 C:\xampp\htdocs\Student_Management_Portal\system\Model.php(210): CodeIgniter\Database\BaseBuilder->get()
#5 C:\xampp\htdocs\Student_Management_Portal\system\BaseModel.php(610): CodeIgniter\Model->doFind(true, '15')
#6 C:\xampp\htdocs\Student_Management_Portal\app\Models\SubjectModel.php(39): CodeIgniter\BaseModel->find('15')
#7 C:\xampp\htdocs\Student_Management_Portal\app\Controllers\Courses.php(547): App\Models\SubjectModel->getSubjectById('15')
#8 C:\xampp\htdocs\Student_Management_Portal\system\CodeIgniter.php(933): App\Controllers\Courses->add_slide('15')
#9 C:\xampp\htdocs\Student_Management_Portal\system\CodeIgniter.php(509): CodeIgniter\CodeIgniter->runController(Object(App\Controllers\Courses))
#10 C:\xampp\htdocs\Student_Management_Portal\system\CodeIgniter.php(355): CodeIgniter\CodeIgniter->handleRequest(NULL, Object(Config\Cache), false)
#11 C:\xampp\htdocs\Student_Management_Portal\system\Boot.php(325): CodeIgniter\CodeIgniter->run()
#12 C:\xampp\htdocs\Student_Management_Portal\system\Boot.php(67): CodeIgniter\Boot::runCodeIgniter(Object(CodeIgniter\CodeIgniter))
#13 C:\xampp\htdocs\Student_Management_Portal\index.php(56): CodeIgniter\Boot::bootWeb(Object(Config\Paths))
#14 {main}

Next CodeIgniter\Database\Exceptions\DatabaseException: Host 'localhost' is not allowed to connect to this MariaDB server in C:\xampp\htdocs\Student_Management_Portal\system\Database\MySQLi\Connection.php:231
Stack trace:
#0 C:\xampp\htdocs\Student_Management_Portal\system\Database\BaseConnection.php(421): CodeIgniter\Database\MySQLi\Connection->connect(false)
#1 C:\xampp\htdocs\Student_Management_Portal\system\Database\BaseConnection.php(616): CodeIgniter\Database\BaseConnection->initialize()
#2 C:\xampp\htdocs\Student_Management_Portal\system\Database\BaseBuilder.php(1644): CodeIgniter\Database\BaseConnection->query('SELECT *\nFROM `...', Array, false)
#3 C:\xampp\htdocs\Student_Management_Portal\system\Model.php(210): CodeIgniter\Database\BaseBuilder->get()
#4 C:\xampp\htdocs\Student_Management_Portal\system\BaseModel.php(610): CodeIgniter\Model->doFind(true, '15')
#5 C:\xampp\htdocs\Student_Management_Portal\app\Models\SubjectModel.php(39): CodeIgniter\BaseModel->find('15')
#6 C:\xampp\htdocs\Student_Management_Portal\app\Controllers\Courses.php(547): App\Models\SubjectModel->getSubjectById('15')
#7 C:\xampp\htdocs\Student_Management_Portal\system\CodeIgniter.php(933): App\Controllers\Courses->add_slide('15')
#8 C:\xampp\htdocs\Student_Management_Portal\system\CodeIgniter.php(509): CodeIgniter\CodeIgniter->runController(Object(App\Controllers\Courses))
#9 C:\xampp\htdocs\Student_Management_Portal\system\CodeIgniter.php(355): CodeIgniter\CodeIgniter->handleRequest(NULL, Object(Config\Cache), false)
#10 C:\xampp\htdocs\Student_Management_Portal\system\Boot.php(325): CodeIgniter\CodeIgniter->run()
#11 C:\xampp\htdocs\Student_Management_Portal\system\Boot.php(67): CodeIgniter\Boot::runCodeIgniter(Object(CodeIgniter\CodeIgniter))
#12 C:\xampp\htdocs\Student_Management_Portal\index.php(56): CodeIgniter\Boot::bootWeb(Object(Config\Paths))
#13 {main}
CRITICAL - 2025-01-02 23:30:45 --> CodeIgniter\Database\Exceptions\DatabaseException: Unable to connect to the database.
Main connection [MySQLi]: Host 'localhost' is not allowed to connect to this MariaDB server
[Method: GET, Route: courses/add_slide/15]
in SYSTEMPATH\Database\BaseConnection.php on line 467.
 1 SYSTEMPATH\Database\BaseConnection.php(616): CodeIgniter\Database\BaseConnection->initialize()
 2 SYSTEMPATH\Database\BaseBuilder.php(1644): CodeIgniter\Database\BaseConnection->query('SELECT *
FROM `subject`
WHERE `subject`.`subject_id` = :subject.subject_id:', [...], false)
 3 SYSTEMPATH\Model.php(210): CodeIgniter\Database\BaseBuilder->get()
 4 SYSTEMPATH\BaseModel.php(610): CodeIgniter\Model->doFind(true, '15')
 5 APPPATH\Models\SubjectModel.php(39): CodeIgniter\BaseModel->find('15')
 6 APPPATH\Controllers\Courses.php(547): App\Models\SubjectModel->getSubjectById('15')
 7 SYSTEMPATH\CodeIgniter.php(933): App\Controllers\Courses->add_slide('15')
 8 SYSTEMPATH\CodeIgniter.php(509): CodeIgniter\CodeIgniter->runController(Object(App\Controllers\Courses))
 9 SYSTEMPATH\CodeIgniter.php(355): CodeIgniter\CodeIgniter->handleRequest(null, Object(Config\Cache), false)
10 SYSTEMPATH\Boot.php(325): CodeIgniter\CodeIgniter->run()
11 SYSTEMPATH\Boot.php(67): CodeIgniter\Boot::runCodeIgniter(Object(CodeIgniter\CodeIgniter))
12 FCPATH\index.php(56): CodeIgniter\Boot::bootWeb(Object(Config\Paths))
ERROR - 2025-01-02 23:30:46 --> Error connecting to the database: mysqli_sql_exception: Host 'localhost' is not allowed to connect to this MariaDB server in C:\xampp\htdocs\Student_Management_Portal\system\Database\MySQLi\Connection.php:186
Stack trace:
#0 C:\xampp\htdocs\Student_Management_Portal\system\Database\MySQLi\Connection.php(186): mysqli->real_connect('localhost', 'root', Object(SensitiveParameterValue), 'student_managem...', 3306, '', 0)
#1 C:\xampp\htdocs\Student_Management_Portal\system\Database\BaseConnection.php(421): CodeIgniter\Database\MySQLi\Connection->connect(false)
#2 C:\xampp\htdocs\Student_Management_Portal\system\Database\BaseConnection.php(616): CodeIgniter\Database\BaseConnection->initialize()
#3 C:\xampp\htdocs\Student_Management_Portal\system\Database\BaseBuilder.php(1644): CodeIgniter\Database\BaseConnection->query('SELECT *\nFROM `...', Array, false)
#4 C:\xampp\htdocs\Student_Management_Portal\system\Model.php(210): CodeIgniter\Database\BaseBuilder->get()
#5 C:\xampp\htdocs\Student_Management_Portal\system\BaseModel.php(610): CodeIgniter\Model->doFind(true, '15')
#6 C:\xampp\htdocs\Student_Management_Portal\app\Models\SubjectModel.php(39): CodeIgniter\BaseModel->find('15')
#7 C:\xampp\htdocs\Student_Management_Portal\app\Controllers\Courses.php(547): App\Models\SubjectModel->getSubjectById('15')
#8 C:\xampp\htdocs\Student_Management_Portal\system\CodeIgniter.php(933): App\Controllers\Courses->add_slide('15')
#9 C:\xampp\htdocs\Student_Management_Portal\system\CodeIgniter.php(509): CodeIgniter\CodeIgniter->runController(Object(App\Controllers\Courses))
#10 C:\xampp\htdocs\Student_Management_Portal\system\CodeIgniter.php(355): CodeIgniter\CodeIgniter->handleRequest(NULL, Object(Config\Cache), false)
#11 C:\xampp\htdocs\Student_Management_Portal\system\Boot.php(325): CodeIgniter\CodeIgniter->run()
#12 C:\xampp\htdocs\Student_Management_Portal\system\Boot.php(67): CodeIgniter\Boot::runCodeIgniter(Object(CodeIgniter\CodeIgniter))
#13 C:\xampp\htdocs\Student_Management_Portal\index.php(56): CodeIgniter\Boot::bootWeb(Object(Config\Paths))
#14 {main}

Next CodeIgniter\Database\Exceptions\DatabaseException: Host 'localhost' is not allowed to connect to this MariaDB server in C:\xampp\htdocs\Student_Management_Portal\system\Database\MySQLi\Connection.php:231
Stack trace:
#0 C:\xampp\htdocs\Student_Management_Portal\system\Database\BaseConnection.php(421): CodeIgniter\Database\MySQLi\Connection->connect(false)
#1 C:\xampp\htdocs\Student_Management_Portal\system\Database\BaseConnection.php(616): CodeIgniter\Database\BaseConnection->initialize()
#2 C:\xampp\htdocs\Student_Management_Portal\system\Database\BaseBuilder.php(1644): CodeIgniter\Database\BaseConnection->query('SELECT *\nFROM `...', Array, false)
#3 C:\xampp\htdocs\Student_Management_Portal\system\Model.php(210): CodeIgniter\Database\BaseBuilder->get()
#4 C:\xampp\htdocs\Student_Management_Portal\system\BaseModel.php(610): CodeIgniter\Model->doFind(true, '15')
#5 C:\xampp\htdocs\Student_Management_Portal\app\Models\SubjectModel.php(39): CodeIgniter\BaseModel->find('15')
#6 C:\xampp\htdocs\Student_Management_Portal\app\Controllers\Courses.php(547): App\Models\SubjectModel->getSubjectById('15')
#7 C:\xampp\htdocs\Student_Management_Portal\system\CodeIgniter.php(933): App\Controllers\Courses->add_slide('15')
#8 C:\xampp\htdocs\Student_Management_Portal\system\CodeIgniter.php(509): CodeIgniter\CodeIgniter->runController(Object(App\Controllers\Courses))
#9 C:\xampp\htdocs\Student_Management_Portal\system\CodeIgniter.php(355): CodeIgniter\CodeIgniter->handleRequest(NULL, Object(Config\Cache), false)
#10 C:\xampp\htdocs\Student_Management_Portal\system\Boot.php(325): CodeIgniter\CodeIgniter->run()
#11 C:\xampp\htdocs\Student_Management_Portal\system\Boot.php(67): CodeIgniter\Boot::runCodeIgniter(Object(CodeIgniter\CodeIgniter))
#12 C:\xampp\htdocs\Student_Management_Portal\index.php(56): CodeIgniter\Boot::bootWeb(Object(Config\Paths))
#13 {main}
CRITICAL - 2025-01-02 23:30:46 --> CodeIgniter\Database\Exceptions\DatabaseException: Unable to connect to the database.
Main connection [MySQLi]: Host 'localhost' is not allowed to connect to this MariaDB server
[Method: GET, Route: courses/add_slide/15]
in SYSTEMPATH\Database\BaseConnection.php on line 467.
 1 SYSTEMPATH\Database\BaseConnection.php(616): CodeIgniter\Database\BaseConnection->initialize()
 2 SYSTEMPATH\Database\BaseBuilder.php(1644): CodeIgniter\Database\BaseConnection->query('SELECT *
FROM `subject`
WHERE `subject`.`subject_id` = :subject.subject_id:', [...], false)
 3 SYSTEMPATH\Model.php(210): CodeIgniter\Database\BaseBuilder->get()
 4 SYSTEMPATH\BaseModel.php(610): CodeIgniter\Model->doFind(true, '15')
 5 APPPATH\Models\SubjectModel.php(39): CodeIgniter\BaseModel->find('15')
 6 APPPATH\Controllers\Courses.php(547): App\Models\SubjectModel->getSubjectById('15')
 7 SYSTEMPATH\CodeIgniter.php(933): App\Controllers\Courses->add_slide('15')
 8 SYSTEMPATH\CodeIgniter.php(509): CodeIgniter\CodeIgniter->runController(Object(App\Controllers\Courses))
 9 SYSTEMPATH\CodeIgniter.php(355): CodeIgniter\CodeIgniter->handleRequest(null, Object(Config\Cache), false)
10 SYSTEMPATH\Boot.php(325): CodeIgniter\CodeIgniter->run()
11 SYSTEMPATH\Boot.php(67): CodeIgniter\Boot::runCodeIgniter(Object(CodeIgniter\CodeIgniter))
12 FCPATH\index.php(56): CodeIgniter\Boot::bootWeb(Object(Config\Paths))
ERROR - 2025-01-02 23:31:01 --> Error connecting to the database: mysqli_sql_exception: Host 'localhost' is not allowed to connect to this MariaDB server in C:\xampp\htdocs\Student_Management_Portal\system\Database\MySQLi\Connection.php:186
Stack trace:
#0 C:\xampp\htdocs\Student_Management_Portal\system\Database\MySQLi\Connection.php(186): mysqli->real_connect('localhost', 'root', Object(SensitiveParameterValue), 'student_managem...', 3306, '', 0)
#1 C:\xampp\htdocs\Student_Management_Portal\system\Database\BaseConnection.php(421): CodeIgniter\Database\MySQLi\Connection->connect(false)
#2 C:\xampp\htdocs\Student_Management_Portal\system\Database\BaseConnection.php(616): CodeIgniter\Database\BaseConnection->initialize()
#3 C:\xampp\htdocs\Student_Management_Portal\system\Database\BaseBuilder.php(1644): CodeIgniter\Database\BaseConnection->query('SELECT *\nFROM `...', Array, false)
#4 C:\xampp\htdocs\Student_Management_Portal\system\Model.php(210): CodeIgniter\Database\BaseBuilder->get()
#5 C:\xampp\htdocs\Student_Management_Portal\system\BaseModel.php(610): CodeIgniter\Model->doFind(true, '15')
#6 C:\xampp\htdocs\Student_Management_Portal\app\Models\SubjectModel.php(39): CodeIgniter\BaseModel->find('15')
#7 C:\xampp\htdocs\Student_Management_Portal\app\Controllers\Courses.php(547): App\Models\SubjectModel->getSubjectById('15')
#8 C:\xampp\htdocs\Student_Management_Portal\system\CodeIgniter.php(933): App\Controllers\Courses->add_slide('15')
#9 C:\xampp\htdocs\Student_Management_Portal\system\CodeIgniter.php(509): CodeIgniter\CodeIgniter->runController(Object(App\Controllers\Courses))
#10 C:\xampp\htdocs\Student_Management_Portal\system\CodeIgniter.php(355): CodeIgniter\CodeIgniter->handleRequest(NULL, Object(Config\Cache), false)
#11 C:\xampp\htdocs\Student_Management_Portal\system\Boot.php(325): CodeIgniter\CodeIgniter->run()
#12 C:\xampp\htdocs\Student_Management_Portal\system\Boot.php(67): CodeIgniter\Boot::runCodeIgniter(Object(CodeIgniter\CodeIgniter))
#13 C:\xampp\htdocs\Student_Management_Portal\index.php(56): CodeIgniter\Boot::bootWeb(Object(Config\Paths))
#14 {main}

Next CodeIgniter\Database\Exceptions\DatabaseException: Host 'localhost' is not allowed to connect to this MariaDB server in C:\xampp\htdocs\Student_Management_Portal\system\Database\MySQLi\Connection.php:231
Stack trace:
#0 C:\xampp\htdocs\Student_Management_Portal\system\Database\BaseConnection.php(421): CodeIgniter\Database\MySQLi\Connection->connect(false)
#1 C:\xampp\htdocs\Student_Management_Portal\system\Database\BaseConnection.php(616): CodeIgniter\Database\BaseConnection->initialize()
#2 C:\xampp\htdocs\Student_Management_Portal\system\Database\BaseBuilder.php(1644): CodeIgniter\Database\BaseConnection->query('SELECT *\nFROM `...', Array, false)
#3 C:\xampp\htdocs\Student_Management_Portal\system\Model.php(210): CodeIgniter\Database\BaseBuilder->get()
#4 C:\xampp\htdocs\Student_Management_Portal\system\BaseModel.php(610): CodeIgniter\Model->doFind(true, '15')
#5 C:\xampp\htdocs\Student_Management_Portal\app\Models\SubjectModel.php(39): CodeIgniter\BaseModel->find('15')
#6 C:\xampp\htdocs\Student_Management_Portal\app\Controllers\Courses.php(547): App\Models\SubjectModel->getSubjectById('15')
#7 C:\xampp\htdocs\Student_Management_Portal\system\CodeIgniter.php(933): App\Controllers\Courses->add_slide('15')
#8 C:\xampp\htdocs\Student_Management_Portal\system\CodeIgniter.php(509): CodeIgniter\CodeIgniter->runController(Object(App\Controllers\Courses))
#9 C:\xampp\htdocs\Student_Management_Portal\system\CodeIgniter.php(355): CodeIgniter\CodeIgniter->handleRequest(NULL, Object(Config\Cache), false)
#10 C:\xampp\htdocs\Student_Management_Portal\system\Boot.php(325): CodeIgniter\CodeIgniter->run()
#11 C:\xampp\htdocs\Student_Management_Portal\system\Boot.php(67): CodeIgniter\Boot::runCodeIgniter(Object(CodeIgniter\CodeIgniter))
#12 C:\xampp\htdocs\Student_Management_Portal\index.php(56): CodeIgniter\Boot::bootWeb(Object(Config\Paths))
#13 {main}
CRITICAL - 2025-01-02 23:31:01 --> CodeIgniter\Database\Exceptions\DatabaseException: Unable to connect to the database.
Main connection [MySQLi]: Host 'localhost' is not allowed to connect to this MariaDB server
[Method: GET, Route: courses/add_slide/15]
in SYSTEMPATH\Database\BaseConnection.php on line 467.
 1 SYSTEMPATH\Database\BaseConnection.php(616): CodeIgniter\Database\BaseConnection->initialize()
 2 SYSTEMPATH\Database\BaseBuilder.php(1644): CodeIgniter\Database\BaseConnection->query('SELECT *
FROM `subject`
WHERE `subject`.`subject_id` = :subject.subject_id:', [...], false)
 3 SYSTEMPATH\Model.php(210): CodeIgniter\Database\BaseBuilder->get()
 4 SYSTEMPATH\BaseModel.php(610): CodeIgniter\Model->doFind(true, '15')
 5 APPPATH\Models\SubjectModel.php(39): CodeIgniter\BaseModel->find('15')
 6 APPPATH\Controllers\Courses.php(547): App\Models\SubjectModel->getSubjectById('15')
 7 SYSTEMPATH\CodeIgniter.php(933): App\Controllers\Courses->add_slide('15')
 8 SYSTEMPATH\CodeIgniter.php(509): CodeIgniter\CodeIgniter->runController(Object(App\Controllers\Courses))
 9 SYSTEMPATH\CodeIgniter.php(355): CodeIgniter\CodeIgniter->handleRequest(null, Object(Config\Cache), false)
10 SYSTEMPATH\Boot.php(325): CodeIgniter\CodeIgniter->run()
11 SYSTEMPATH\Boot.php(67): CodeIgniter\Boot::runCodeIgniter(Object(CodeIgniter\CodeIgniter))
12 FCPATH\index.php(56): CodeIgniter\Boot::bootWeb(Object(Config\Paths))
ERROR - 2025-01-02 23:33:48 --> Error connecting to the database: mysqli_sql_exception: Host 'localhost' is not allowed to connect to this MariaDB server in C:\xampp\htdocs\Student_Management_Portal\system\Database\MySQLi\Connection.php:186
Stack trace:
#0 C:\xampp\htdocs\Student_Management_Portal\system\Database\MySQLi\Connection.php(186): mysqli->real_connect('localhost', 'root', Object(SensitiveParameterValue), 'student_managem...', 3306, '', 0)
#1 C:\xampp\htdocs\Student_Management_Portal\system\Database\BaseConnection.php(421): CodeIgniter\Database\MySQLi\Connection->connect(false)
#2 C:\xampp\htdocs\Student_Management_Portal\system\Database\BaseConnection.php(616): CodeIgniter\Database\BaseConnection->initialize()
#3 C:\xampp\htdocs\Student_Management_Portal\system\Database\BaseBuilder.php(1644): CodeIgniter\Database\BaseConnection->query('SELECT *\nFROM `...', Array, false)
#4 C:\xampp\htdocs\Student_Management_Portal\system\Model.php(210): CodeIgniter\Database\BaseBuilder->get()
#5 C:\xampp\htdocs\Student_Management_Portal\system\BaseModel.php(610): CodeIgniter\Model->doFind(true, '2')
#6 C:\xampp\htdocs\Student_Management_Portal\app\Controllers\Courses.php(94): CodeIgniter\BaseModel->find('2')
#7 C:\xampp\htdocs\Student_Management_Portal\system\CodeIgniter.php(933): App\Controllers\Courses->syllabus_subjects('2', '2')
#8 C:\xampp\htdocs\Student_Management_Portal\system\CodeIgniter.php(509): CodeIgniter\CodeIgniter->runController(Object(App\Controllers\Courses))
#9 C:\xampp\htdocs\Student_Management_Portal\system\CodeIgniter.php(355): CodeIgniter\CodeIgniter->handleRequest(NULL, Object(Config\Cache), false)
#10 C:\xampp\htdocs\Student_Management_Portal\system\Boot.php(325): CodeIgniter\CodeIgniter->run()
#11 C:\xampp\htdocs\Student_Management_Portal\system\Boot.php(67): CodeIgniter\Boot::runCodeIgniter(Object(CodeIgniter\CodeIgniter))
#12 C:\xampp\htdocs\Student_Management_Portal\index.php(56): CodeIgniter\Boot::bootWeb(Object(Config\Paths))
#13 {main}

Next CodeIgniter\Database\Exceptions\DatabaseException: Host 'localhost' is not allowed to connect to this MariaDB server in C:\xampp\htdocs\Student_Management_Portal\system\Database\MySQLi\Connection.php:231
Stack trace:
#0 C:\xampp\htdocs\Student_Management_Portal\system\Database\BaseConnection.php(421): CodeIgniter\Database\MySQLi\Connection->connect(false)
#1 C:\xampp\htdocs\Student_Management_Portal\system\Database\BaseConnection.php(616): CodeIgniter\Database\BaseConnection->initialize()
#2 C:\xampp\htdocs\Student_Management_Portal\system\Database\BaseBuilder.php(1644): CodeIgniter\Database\BaseConnection->query('SELECT *\nFROM `...', Array, false)
#3 C:\xampp\htdocs\Student_Management_Portal\system\Model.php(210): CodeIgniter\Database\BaseBuilder->get()
#4 C:\xampp\htdocs\Student_Management_Portal\system\BaseModel.php(610): CodeIgniter\Model->doFind(true, '2')
#5 C:\xampp\htdocs\Student_Management_Portal\app\Controllers\Courses.php(94): CodeIgniter\BaseModel->find('2')
#6 C:\xampp\htdocs\Student_Management_Portal\system\CodeIgniter.php(933): App\Controllers\Courses->syllabus_subjects('2', '2')
#7 C:\xampp\htdocs\Student_Management_Portal\system\CodeIgniter.php(509): CodeIgniter\CodeIgniter->runController(Object(App\Controllers\Courses))
#8 C:\xampp\htdocs\Student_Management_Portal\system\CodeIgniter.php(355): CodeIgniter\CodeIgniter->handleRequest(NULL, Object(Config\Cache), false)
#9 C:\xampp\htdocs\Student_Management_Portal\system\Boot.php(325): CodeIgniter\CodeIgniter->run()
#10 C:\xampp\htdocs\Student_Management_Portal\system\Boot.php(67): CodeIgniter\Boot::runCodeIgniter(Object(CodeIgniter\CodeIgniter))
#11 C:\xampp\htdocs\Student_Management_Portal\index.php(56): CodeIgniter\Boot::bootWeb(Object(Config\Paths))
#12 {main}
CRITICAL - 2025-01-02 23:33:48 --> CodeIgniter\Database\Exceptions\DatabaseException: Unable to connect to the database.
Main connection [MySQLi]: Host 'localhost' is not allowed to connect to this MariaDB server
[Method: GET, Route: courses/syllabus_subjects/2/2]
in SYSTEMPATH\Database\BaseConnection.php on line 467.
 1 SYSTEMPATH\Database\BaseConnection.php(616): CodeIgniter\Database\BaseConnection->initialize()
 2 SYSTEMPATH\Database\BaseBuilder.php(1644): CodeIgniter\Database\BaseConnection->query('SELECT *
FROM `department`
WHERE `department`.`department_id` = :department.department_id:', [...], false)
 3 SYSTEMPATH\Model.php(210): CodeIgniter\Database\BaseBuilder->get()
 4 SYSTEMPATH\BaseModel.php(610): CodeIgniter\Model->doFind(true, '2')
 5 APPPATH\Controllers\Courses.php(94): CodeIgniter\BaseModel->find('2')
 6 SYSTEMPATH\CodeIgniter.php(933): App\Controllers\Courses->syllabus_subjects('2', '2')
 7 SYSTEMPATH\CodeIgniter.php(509): CodeIgniter\CodeIgniter->runController(Object(App\Controllers\Courses))
 8 SYSTEMPATH\CodeIgniter.php(355): CodeIgniter\CodeIgniter->handleRequest(null, Object(Config\Cache), false)
 9 SYSTEMPATH\Boot.php(325): CodeIgniter\CodeIgniter->run()
10 SYSTEMPATH\Boot.php(67): CodeIgniter\Boot::runCodeIgniter(Object(CodeIgniter\CodeIgniter))
11 FCPATH\index.php(56): CodeIgniter\Boot::bootWeb(Object(Config\Paths))
ERROR - 2025-01-02 23:33:49 --> Error connecting to the database: mysqli_sql_exception: Host 'localhost' is not allowed to connect to this MariaDB server in C:\xampp\htdocs\Student_Management_Portal\system\Database\MySQLi\Connection.php:186
Stack trace:
#0 C:\xampp\htdocs\Student_Management_Portal\system\Database\MySQLi\Connection.php(186): mysqli->real_connect('localhost', 'root', Object(SensitiveParameterValue), 'student_managem...', 3306, '', 0)
#1 C:\xampp\htdocs\Student_Management_Portal\system\Database\BaseConnection.php(421): CodeIgniter\Database\MySQLi\Connection->connect(false)
#2 C:\xampp\htdocs\Student_Management_Portal\system\Database\BaseConnection.php(616): CodeIgniter\Database\BaseConnection->initialize()
#3 C:\xampp\htdocs\Student_Management_Portal\system\Database\BaseBuilder.php(1644): CodeIgniter\Database\BaseConnection->query('SELECT *\nFROM `...', Array, false)
#4 C:\xampp\htdocs\Student_Management_Portal\system\Model.php(210): CodeIgniter\Database\BaseBuilder->get()
#5 C:\xampp\htdocs\Student_Management_Portal\system\BaseModel.php(610): CodeIgniter\Model->doFind(true, '2')
#6 C:\xampp\htdocs\Student_Management_Portal\app\Controllers\Courses.php(63): CodeIgniter\BaseModel->find('2')
#7 C:\xampp\htdocs\Student_Management_Portal\system\CodeIgniter.php(933): App\Controllers\Courses->department_syllabus('2')
#8 C:\xampp\htdocs\Student_Management_Portal\system\CodeIgniter.php(509): CodeIgniter\CodeIgniter->runController(Object(App\Controllers\Courses))
#9 C:\xampp\htdocs\Student_Management_Portal\system\CodeIgniter.php(355): CodeIgniter\CodeIgniter->handleRequest(NULL, Object(Config\Cache), false)
#10 C:\xampp\htdocs\Student_Management_Portal\system\Boot.php(325): CodeIgniter\CodeIgniter->run()
#11 C:\xampp\htdocs\Student_Management_Portal\system\Boot.php(67): CodeIgniter\Boot::runCodeIgniter(Object(CodeIgniter\CodeIgniter))
#12 C:\xampp\htdocs\Student_Management_Portal\index.php(56): CodeIgniter\Boot::bootWeb(Object(Config\Paths))
#13 {main}

Next CodeIgniter\Database\Exceptions\DatabaseException: Host 'localhost' is not allowed to connect to this MariaDB server in C:\xampp\htdocs\Student_Management_Portal\system\Database\MySQLi\Connection.php:231
Stack trace:
#0 C:\xampp\htdocs\Student_Management_Portal\system\Database\BaseConnection.php(421): CodeIgniter\Database\MySQLi\Connection->connect(false)
#1 C:\xampp\htdocs\Student_Management_Portal\system\Database\BaseConnection.php(616): CodeIgniter\Database\BaseConnection->initialize()
#2 C:\xampp\htdocs\Student_Management_Portal\system\Database\BaseBuilder.php(1644): CodeIgniter\Database\BaseConnection->query('SELECT *\nFROM `...', Array, false)
#3 C:\xampp\htdocs\Student_Management_Portal\system\Model.php(210): CodeIgniter\Database\BaseBuilder->get()
#4 C:\xampp\htdocs\Student_Management_Portal\system\BaseModel.php(610): CodeIgniter\Model->doFind(true, '2')
#5 C:\xampp\htdocs\Student_Management_Portal\app\Controllers\Courses.php(63): CodeIgniter\BaseModel->find('2')
#6 C:\xampp\htdocs\Student_Management_Portal\system\CodeIgniter.php(933): App\Controllers\Courses->department_syllabus('2')
#7 C:\xampp\htdocs\Student_Management_Portal\system\CodeIgniter.php(509): CodeIgniter\CodeIgniter->runController(Object(App\Controllers\Courses))
#8 C:\xampp\htdocs\Student_Management_Portal\system\CodeIgniter.php(355): CodeIgniter\CodeIgniter->handleRequest(NULL, Object(Config\Cache), false)
#9 C:\xampp\htdocs\Student_Management_Portal\system\Boot.php(325): CodeIgniter\CodeIgniter->run()
#10 C:\xampp\htdocs\Student_Management_Portal\system\Boot.php(67): CodeIgniter\Boot::runCodeIgniter(Object(CodeIgniter\CodeIgniter))
#11 C:\xampp\htdocs\Student_Management_Portal\index.php(56): CodeIgniter\Boot::bootWeb(Object(Config\Paths))
#12 {main}
CRITICAL - 2025-01-02 23:33:49 --> CodeIgniter\Database\Exceptions\DatabaseException: Unable to connect to the database.
Main connection [MySQLi]: Host 'localhost' is not allowed to connect to this MariaDB server
[Method: GET, Route: courses/department_syllabus/2]
in SYSTEMPATH\Database\BaseConnection.php on line 467.
 1 SYSTEMPATH\Database\BaseConnection.php(616): CodeIgniter\Database\BaseConnection->initialize()
 2 SYSTEMPATH\Database\BaseBuilder.php(1644): CodeIgniter\Database\BaseConnection->query('SELECT *
FROM `department`
WHERE `department`.`department_id` = :department.department_id:', [...], false)
 3 SYSTEMPATH\Model.php(210): CodeIgniter\Database\BaseBuilder->get()
 4 SYSTEMPATH\BaseModel.php(610): CodeIgniter\Model->doFind(true, '2')
 5 APPPATH\Controllers\Courses.php(63): CodeIgniter\BaseModel->find('2')
 6 SYSTEMPATH\CodeIgniter.php(933): App\Controllers\Courses->department_syllabus('2')
 7 SYSTEMPATH\CodeIgniter.php(509): CodeIgniter\CodeIgniter->runController(Object(App\Controllers\Courses))
 8 SYSTEMPATH\CodeIgniter.php(355): CodeIgniter\CodeIgniter->handleRequest(null, Object(Config\Cache), false)
 9 SYSTEMPATH\Boot.php(325): CodeIgniter\CodeIgniter->run()
10 SYSTEMPATH\Boot.php(67): CodeIgniter\Boot::runCodeIgniter(Object(CodeIgniter\CodeIgniter))
11 FCPATH\index.php(56): CodeIgniter\Boot::bootWeb(Object(Config\Paths))
ERROR - 2025-01-02 23:33:50 --> Error connecting to the database: mysqli_sql_exception: Host 'localhost' is not allowed to connect to this MariaDB server in C:\xampp\htdocs\Student_Management_Portal\system\Database\MySQLi\Connection.php:186
Stack trace:
#0 C:\xampp\htdocs\Student_Management_Portal\system\Database\MySQLi\Connection.php(186): mysqli->real_connect('localhost', 'root', Object(SensitiveParameterValue), 'student_managem...', 3306, '', 0)
#1 C:\xampp\htdocs\Student_Management_Portal\system\Database\BaseConnection.php(421): CodeIgniter\Database\MySQLi\Connection->connect(false)
#2 C:\xampp\htdocs\Student_Management_Portal\system\Database\BaseConnection.php(616): CodeIgniter\Database\BaseConnection->initialize()
#3 C:\xampp\htdocs\Student_Management_Portal\system\Database\BaseBuilder.php(1644): CodeIgniter\Database\BaseConnection->query('SELECT *\nFROM `...', Array, false)
#4 C:\xampp\htdocs\Student_Management_Portal\system\Model.php(286): CodeIgniter\Database\BaseBuilder->get()
#5 C:\xampp\htdocs\Student_Management_Portal\system\BaseModel.php(676): CodeIgniter\Model->doFindAll(0, 0)
#6 C:\xampp\htdocs\Student_Management_Portal\app\Controllers\Courses.php(45): CodeIgniter\BaseModel->findAll()
#7 C:\xampp\htdocs\Student_Management_Portal\system\CodeIgniter.php(933): App\Controllers\Courses->index()
#8 C:\xampp\htdocs\Student_Management_Portal\system\CodeIgniter.php(509): CodeIgniter\CodeIgniter->runController(Object(App\Controllers\Courses))
#9 C:\xampp\htdocs\Student_Management_Portal\system\CodeIgniter.php(355): CodeIgniter\CodeIgniter->handleRequest(NULL, Object(Config\Cache), false)
#10 C:\xampp\htdocs\Student_Management_Portal\system\Boot.php(325): CodeIgniter\CodeIgniter->run()
#11 C:\xampp\htdocs\Student_Management_Portal\system\Boot.php(67): CodeIgniter\Boot::runCodeIgniter(Object(CodeIgniter\CodeIgniter))
#12 C:\xampp\htdocs\Student_Management_Portal\index.php(56): CodeIgniter\Boot::bootWeb(Object(Config\Paths))
#13 {main}

Next CodeIgniter\Database\Exceptions\DatabaseException: Host 'localhost' is not allowed to connect to this MariaDB server in C:\xampp\htdocs\Student_Management_Portal\system\Database\MySQLi\Connection.php:231
Stack trace:
#0 C:\xampp\htdocs\Student_Management_Portal\system\Database\BaseConnection.php(421): CodeIgniter\Database\MySQLi\Connection->connect(false)
#1 C:\xampp\htdocs\Student_Management_Portal\system\Database\BaseConnection.php(616): CodeIgniter\Database\BaseConnection->initialize()
#2 C:\xampp\htdocs\Student_Management_Portal\system\Database\BaseBuilder.php(1644): CodeIgniter\Database\BaseConnection->query('SELECT *\nFROM `...', Array, false)
#3 C:\xampp\htdocs\Student_Management_Portal\system\Model.php(286): CodeIgniter\Database\BaseBuilder->get()
#4 C:\xampp\htdocs\Student_Management_Portal\system\BaseModel.php(676): CodeIgniter\Model->doFindAll(0, 0)
#5 C:\xampp\htdocs\Student_Management_Portal\app\Controllers\Courses.php(45): CodeIgniter\BaseModel->findAll()
#6 C:\xampp\htdocs\Student_Management_Portal\system\CodeIgniter.php(933): App\Controllers\Courses->index()
#7 C:\xampp\htdocs\Student_Management_Portal\system\CodeIgniter.php(509): CodeIgniter\CodeIgniter->runController(Object(App\Controllers\Courses))
#8 C:\xampp\htdocs\Student_Management_Portal\system\CodeIgniter.php(355): CodeIgniter\CodeIgniter->handleRequest(NULL, Object(Config\Cache), false)
#9 C:\xampp\htdocs\Student_Management_Portal\system\Boot.php(325): CodeIgniter\CodeIgniter->run()
#10 C:\xampp\htdocs\Student_Management_Portal\system\Boot.php(67): CodeIgniter\Boot::runCodeIgniter(Object(CodeIgniter\CodeIgniter))
#11 C:\xampp\htdocs\Student_Management_Portal\index.php(56): CodeIgniter\Boot::bootWeb(Object(Config\Paths))
#12 {main}
CRITICAL - 2025-01-02 23:33:50 --> CodeIgniter\Database\Exceptions\DatabaseException: Unable to connect to the database.
Main connection [MySQLi]: Host 'localhost' is not allowed to connect to this MariaDB server
[Method: GET, Route: courses]
in SYSTEMPATH\Database\BaseConnection.php on line 467.
 1 SYSTEMPATH\Database\BaseConnection.php(616): CodeIgniter\Database\BaseConnection->initialize()
 2 SYSTEMPATH\Database\BaseBuilder.php(1644): CodeIgniter\Database\BaseConnection->query('SELECT *
FROM `department`', [], false)
 3 SYSTEMPATH\Model.php(286): CodeIgniter\Database\BaseBuilder->get()
 4 SYSTEMPATH\BaseModel.php(676): CodeIgniter\Model->doFindAll(0, 0)
 5 APPPATH\Controllers\Courses.php(45): CodeIgniter\BaseModel->findAll()
 6 SYSTEMPATH\CodeIgniter.php(933): App\Controllers\Courses->index()
 7 SYSTEMPATH\CodeIgniter.php(509): CodeIgniter\CodeIgniter->runController(Object(App\Controllers\Courses))
 8 SYSTEMPATH\CodeIgniter.php(355): CodeIgniter\CodeIgniter->handleRequest(null, Object(Config\Cache), false)
 9 SYSTEMPATH\Boot.php(325): CodeIgniter\CodeIgniter->run()
10 SYSTEMPATH\Boot.php(67): CodeIgniter\Boot::runCodeIgniter(Object(CodeIgniter\CodeIgniter))
11 FCPATH\index.php(56): CodeIgniter\Boot::bootWeb(Object(Config\Paths))
INFO - 2025-01-02 23:33:51 --> Session: Class initialized using 'CodeIgniter\Session\Handlers\FileHandler' driver.
INFO - 2025-01-02 23:33:53 --> Session: Class initialized using 'CodeIgniter\Session\Handlers\FileHandler' driver.
ERROR - 2025-01-02 23:33:53 --> Error connecting to the database: mysqli_sql_exception: Host 'localhost' is not allowed to connect to this MariaDB server in C:\xampp\htdocs\Student_Management_Portal\system\Database\MySQLi\Connection.php:186
Stack trace:
#0 C:\xampp\htdocs\Student_Management_Portal\system\Database\MySQLi\Connection.php(186): mysqli->real_connect('localhost', 'root', Object(SensitiveParameterValue), 'student_managem...', 3306, '', 0)
#1 C:\xampp\htdocs\Student_Management_Portal\system\Database\BaseConnection.php(421): CodeIgniter\Database\MySQLi\Connection->connect(false)
#2 C:\xampp\htdocs\Student_Management_Portal\system\Database\BaseConnection.php(616): CodeIgniter\Database\BaseConnection->initialize()
#3 C:\xampp\htdocs\Student_Management_Portal\system\Database\BaseBuilder.php(1644): CodeIgniter\Database\BaseConnection->query('SELECT *\nFROM `...', Array, false)
#4 C:\xampp\htdocs\Student_Management_Portal\system\Model.php(286): CodeIgniter\Database\BaseBuilder->get()
#5 C:\xampp\htdocs\Student_Management_Portal\system\BaseModel.php(676): CodeIgniter\Model->doFindAll(0, 0)
#6 C:\xampp\htdocs\Student_Management_Portal\app\Controllers\Users.php(24): CodeIgniter\BaseModel->findAll()
#7 C:\xampp\htdocs\Student_Management_Portal\system\CodeIgniter.php(933): App\Controllers\Users->index()
#8 C:\xampp\htdocs\Student_Management_Portal\system\CodeIgniter.php(509): CodeIgniter\CodeIgniter->runController(Object(App\Controllers\Users))
#9 C:\xampp\htdocs\Student_Management_Portal\system\CodeIgniter.php(355): CodeIgniter\CodeIgniter->handleRequest(NULL, Object(Config\Cache), false)
#10 C:\xampp\htdocs\Student_Management_Portal\system\Boot.php(325): CodeIgniter\CodeIgniter->run()
#11 C:\xampp\htdocs\Student_Management_Portal\system\Boot.php(67): CodeIgniter\Boot::runCodeIgniter(Object(CodeIgniter\CodeIgniter))
#12 C:\xampp\htdocs\Student_Management_Portal\index.php(56): CodeIgniter\Boot::bootWeb(Object(Config\Paths))
#13 {main}

Next CodeIgniter\Database\Exceptions\DatabaseException: Host 'localhost' is not allowed to connect to this MariaDB server in C:\xampp\htdocs\Student_Management_Portal\system\Database\MySQLi\Connection.php:231
Stack trace:
#0 C:\xampp\htdocs\Student_Management_Portal\system\Database\BaseConnection.php(421): CodeIgniter\Database\MySQLi\Connection->connect(false)
#1 C:\xampp\htdocs\Student_Management_Portal\system\Database\BaseConnection.php(616): CodeIgniter\Database\BaseConnection->initialize()
#2 C:\xampp\htdocs\Student_Management_Portal\system\Database\BaseBuilder.php(1644): CodeIgniter\Database\BaseConnection->query('SELECT *\nFROM `...', Array, false)
#3 C:\xampp\htdocs\Student_Management_Portal\system\Model.php(286): CodeIgniter\Database\BaseBuilder->get()
#4 C:\xampp\htdocs\Student_Management_Portal\system\BaseModel.php(676): CodeIgniter\Model->doFindAll(0, 0)
#5 C:\xampp\htdocs\Student_Management_Portal\app\Controllers\Users.php(24): CodeIgniter\BaseModel->findAll()
#6 C:\xampp\htdocs\Student_Management_Portal\system\CodeIgniter.php(933): App\Controllers\Users->index()
#7 C:\xampp\htdocs\Student_Management_Portal\system\CodeIgniter.php(509): CodeIgniter\CodeIgniter->runController(Object(App\Controllers\Users))
#8 C:\xampp\htdocs\Student_Management_Portal\system\CodeIgniter.php(355): CodeIgniter\CodeIgniter->handleRequest(NULL, Object(Config\Cache), false)
#9 C:\xampp\htdocs\Student_Management_Portal\system\Boot.php(325): CodeIgniter\CodeIgniter->run()
#10 C:\xampp\htdocs\Student_Management_Portal\system\Boot.php(67): CodeIgniter\Boot::runCodeIgniter(Object(CodeIgniter\CodeIgniter))
#11 C:\xampp\htdocs\Student_Management_Portal\index.php(56): CodeIgniter\Boot::bootWeb(Object(Config\Paths))
#12 {main}
CRITICAL - 2025-01-02 23:33:53 --> CodeIgniter\Database\Exceptions\DatabaseException: Unable to connect to the database.
Main connection [MySQLi]: Host 'localhost' is not allowed to connect to this MariaDB server
[Method: GET, Route: users]
in SYSTEMPATH\Database\BaseConnection.php on line 467.
 1 SYSTEMPATH\Database\BaseConnection.php(616): CodeIgniter\Database\BaseConnection->initialize()
 2 SYSTEMPATH\Database\BaseBuilder.php(1644): CodeIgniter\Database\BaseConnection->query('SELECT *
FROM `user`', [], false)
 3 SYSTEMPATH\Model.php(286): CodeIgniter\Database\BaseBuilder->get()
 4 SYSTEMPATH\BaseModel.php(676): CodeIgniter\Model->doFindAll(0, 0)
 5 APPPATH\Controllers\Users.php(24): CodeIgniter\BaseModel->findAll()
 6 SYSTEMPATH\CodeIgniter.php(933): App\Controllers\Users->index()
 7 SYSTEMPATH\CodeIgniter.php(509): CodeIgniter\CodeIgniter->runController(Object(App\Controllers\Users))
 8 SYSTEMPATH\CodeIgniter.php(355): CodeIgniter\CodeIgniter->handleRequest(null, Object(Config\Cache), false)
 9 SYSTEMPATH\Boot.php(325): CodeIgniter\CodeIgniter->run()
10 SYSTEMPATH\Boot.php(67): CodeIgniter\Boot::runCodeIgniter(Object(CodeIgniter\CodeIgniter))
11 FCPATH\index.php(56): CodeIgniter\Boot::bootWeb(Object(Config\Paths))
INFO - 2025-01-02 23:33:55 --> Session: Class initialized using 'CodeIgniter\Session\Handlers\FileHandler' driver.
INFO - 2025-01-02 23:49:20 --> Session: Class initialized using 'CodeIgniter\Session\Handlers\FileHandler' driver.
INFO - 2025-01-02 23:49:45 --> Session: Class initialized using 'CodeIgniter\Session\Handlers\FileHandler' driver.
INFO - 2025-01-02 23:49:45 --> Session: Class initialized using 'CodeIgniter\Session\Handlers\FileHandler' driver.
INFO - 2025-01-02 23:49:46 --> Session: Class initialized using 'CodeIgniter\Session\Handlers\FileHandler' driver.
CRITICAL - 2025-01-02 23:49:49 --> ErrorException: Trying to access array offset on value of type null
[Method: GET, Route: courses/department_syllabus/public/assests/Logo.png]
in APPPATH\Views\dashboard\courses\index_syllabus.php on line 6.
 1 APPPATH\Views\dashboard\courses\index_syllabus.php(6): CodeIgniter\Debug\Exceptions->errorHandler(2, 'Trying to access array offset on value of type null', 'C:\\xampp\\htdocs\\Student_Management_Portal\\app\\Views\\dashboard\\courses\\index_syllabus.php', 6)
 2 SYSTEMPATH\View\View.php(234): include('C:\\xampp\\htdocs\\Student_Management_Portal\\app\\Views\\dashboard\\courses\\index_syllabus.php')
 3 SYSTEMPATH\View\View.php(237): CodeIgniter\View\View->CodeIgniter\View\{closure}()
 4 SYSTEMPATH\Common.php(1171): CodeIgniter\View\View->render('dashboard/courses/index_syllabus', [], true)
 5 APPPATH\Controllers\Courses.php(78): view('dashboard/courses/index_syllabus', [...])
 6 SYSTEMPATH\CodeIgniter.php(933): App\Controllers\Courses->department_syllabus('public', 'assests', 'Logo.png')
 7 SYSTEMPATH\CodeIgniter.php(509): CodeIgniter\CodeIgniter->runController(Object(App\Controllers\Courses))
 8 SYSTEMPATH\CodeIgniter.php(355): CodeIgniter\CodeIgniter->handleRequest(null, Object(Config\Cache), false)
 9 SYSTEMPATH\Boot.php(325): CodeIgniter\CodeIgniter->run()
10 SYSTEMPATH\Boot.php(67): CodeIgniter\Boot::runCodeIgniter(Object(CodeIgniter\CodeIgniter))
11 FCPATH\index.php(56): CodeIgniter\Boot::bootWeb(Object(Config\Paths))
CRITICAL - 2025-01-02 23:49:49 --> ErrorException: Trying to access array offset on value of type null
[Method: GET, Route: courses/department_syllabus/public/assests/Logo.png]
in APPPATH\Views\dashboard\courses\index_syllabus.php on line 6.
 1 APPPATH\Views\dashboard\courses\index_syllabus.php(6): CodeIgniter\Debug\Exceptions->errorHandler(2, 'Trying to access array offset on value of type null', 'C:\\xampp\\htdocs\\Student_Management_Portal\\app\\Views\\dashboard\\courses\\index_syllabus.php', 6)
 2 SYSTEMPATH\View\View.php(234): include('C:\\xampp\\htdocs\\Student_Management_Portal\\app\\Views\\dashboard\\courses\\index_syllabus.php')
 3 SYSTEMPATH\View\View.php(237): CodeIgniter\View\View->CodeIgniter\View\{closure}()
 4 SYSTEMPATH\Common.php(1171): CodeIgniter\View\View->render('dashboard/courses/index_syllabus', [], true)
 5 APPPATH\Controllers\Courses.php(78): view('dashboard/courses/index_syllabus', [...])
 6 SYSTEMPATH\CodeIgniter.php(933): App\Controllers\Courses->department_syllabus('public', 'assests', 'Logo.png')
 7 SYSTEMPATH\CodeIgniter.php(509): CodeIgniter\CodeIgniter->runController(Object(App\Controllers\Courses))
 8 SYSTEMPATH\CodeIgniter.php(355): CodeIgniter\CodeIgniter->handleRequest(null, Object(Config\Cache), false)
 9 SYSTEMPATH\Boot.php(325): CodeIgniter\CodeIgniter->run()
10 SYSTEMPATH\Boot.php(67): CodeIgniter\Boot::runCodeIgniter(Object(CodeIgniter\CodeIgniter))
11 FCPATH\index.php(56): CodeIgniter\Boot::bootWeb(Object(Config\Paths))
CRITICAL - 2025-01-02 23:49:50 --> ErrorException: Trying to access array offset on value of type null
[Method: GET, Route: courses/syllabus_subjects/2/public/assests/Logo.png]
in APPPATH\Views\dashboard\courses\index_subject.php on line 6.
 1 APPPATH\Views\dashboard\courses\index_subject.php(6): CodeIgniter\Debug\Exceptions->errorHandler(2, 'Trying to access array offset on value of type null', 'C:\\xampp\\htdocs\\Student_Management_Portal\\app\\Views\\dashboard\\courses\\index_subject.php', 6)
 2 SYSTEMPATH\View\View.php(234): include('C:\\xampp\\htdocs\\Student_Management_Portal\\app\\Views\\dashboard\\courses\\index_subject.php')
 3 SYSTEMPATH\View\View.php(237): CodeIgniter\View\View->CodeIgniter\View\{closure}()
 4 SYSTEMPATH\Common.php(1171): CodeIgniter\View\View->render('dashboard/courses/index_subject', [], true)
 5 APPPATH\Controllers\Courses.php(123): view('dashboard/courses/index_subject', [...])
 6 SYSTEMPATH\CodeIgniter.php(933): App\Controllers\Courses->syllabus_subjects('2', 'public', 'assests', 'Logo.png')
 7 SYSTEMPATH\CodeIgniter.php(509): CodeIgniter\CodeIgniter->runController(Object(App\Controllers\Courses))
 8 SYSTEMPATH\CodeIgniter.php(355): CodeIgniter\CodeIgniter->handleRequest(null, Object(Config\Cache), false)
 9 SYSTEMPATH\Boot.php(325): CodeIgniter\CodeIgniter->run()
10 SYSTEMPATH\Boot.php(67): CodeIgniter\Boot::runCodeIgniter(Object(CodeIgniter\CodeIgniter))
11 FCPATH\index.php(56): CodeIgniter\Boot::bootWeb(Object(Config\Paths))
CRITICAL - 2025-01-02 23:49:50 --> ErrorException: Trying to access array offset on value of type null
[Method: GET, Route: courses/syllabus_subjects/2/public/assests/Logo.png]
in APPPATH\Views\dashboard\courses\index_subject.php on line 6.
 1 APPPATH\Views\dashboard\courses\index_subject.php(6): CodeIgniter\Debug\Exceptions->errorHandler(2, 'Trying to access array offset on value of type null', 'C:\\xampp\\htdocs\\Student_Management_Portal\\app\\Views\\dashboard\\courses\\index_subject.php', 6)
 2 SYSTEMPATH\View\View.php(234): include('C:\\xampp\\htdocs\\Student_Management_Portal\\app\\Views\\dashboard\\courses\\index_subject.php')
 3 SYSTEMPATH\View\View.php(237): CodeIgniter\View\View->CodeIgniter\View\{closure}()
 4 SYSTEMPATH\Common.php(1171): CodeIgniter\View\View->render('dashboard/courses/index_subject', [], true)
 5 APPPATH\Controllers\Courses.php(123): view('dashboard/courses/index_subject', [...])
 6 SYSTEMPATH\CodeIgniter.php(933): App\Controllers\Courses->syllabus_subjects('2', 'public', 'assests', 'Logo.png')
 7 SYSTEMPATH\CodeIgniter.php(509): CodeIgniter\CodeIgniter->runController(Object(App\Controllers\Courses))
 8 SYSTEMPATH\CodeIgniter.php(355): CodeIgniter\CodeIgniter->handleRequest(null, Object(Config\Cache), false)
 9 SYSTEMPATH\Boot.php(325): CodeIgniter\CodeIgniter->run()
10 SYSTEMPATH\Boot.php(67): CodeIgniter\Boot::runCodeIgniter(Object(CodeIgniter\CodeIgniter))
11 FCPATH\index.php(56): CodeIgniter\Boot::bootWeb(Object(Config\Paths))
CRITICAL - 2025-01-02 23:49:52 --> ErrorException: Trying to access array offset on value of type null
[Method: GET, Route: courses/view_slides/public/assests/Logo.png]
in APPPATH\Views\dashboard\courses\index_slides.php on line 6.
 1 APPPATH\Views\dashboard\courses\index_slides.php(6): CodeIgniter\Debug\Exceptions->errorHandler(2, 'Trying to access array offset on value of type null', 'C:\\xampp\\htdocs\\Student_Management_Portal\\app\\Views\\dashboard\\courses\\index_slides.php', 6)
 2 SYSTEMPATH\View\View.php(234): include('C:\\xampp\\htdocs\\Student_Management_Portal\\app\\Views\\dashboard\\courses\\index_slides.php')
 3 SYSTEMPATH\View\View.php(237): CodeIgniter\View\View->CodeIgniter\View\{closure}()
 4 SYSTEMPATH\Common.php(1171): CodeIgniter\View\View->render('dashboard/courses/index_slides', [], true)
 5 APPPATH\Controllers\Courses.php(537): view('dashboard/courses/index_slides', [...])
 6 SYSTEMPATH\CodeIgniter.php(933): App\Controllers\Courses->view_slides('public', 'assests', 'Logo.png')
 7 SYSTEMPATH\CodeIgniter.php(509): CodeIgniter\CodeIgniter->runController(Object(App\Controllers\Courses))
 8 SYSTEMPATH\CodeIgniter.php(355): CodeIgniter\CodeIgniter->handleRequest(null, Object(Config\Cache), false)
 9 SYSTEMPATH\Boot.php(325): CodeIgniter\CodeIgniter->run()
10 SYSTEMPATH\Boot.php(67): CodeIgniter\Boot::runCodeIgniter(Object(CodeIgniter\CodeIgniter))
11 FCPATH\index.php(56): CodeIgniter\Boot::bootWeb(Object(Config\Paths))
CRITICAL - 2025-01-02 23:49:52 --> ErrorException: Trying to access array offset on value of type null
[Method: GET, Route: courses/view_slides/public/assests/Logo.png]
in APPPATH\Views\dashboard\courses\index_slides.php on line 6.
 1 APPPATH\Views\dashboard\courses\index_slides.php(6): CodeIgniter\Debug\Exceptions->errorHandler(2, 'Trying to access array offset on value of type null', 'C:\\xampp\\htdocs\\Student_Management_Portal\\app\\Views\\dashboard\\courses\\index_slides.php', 6)
 2 SYSTEMPATH\View\View.php(234): include('C:\\xampp\\htdocs\\Student_Management_Portal\\app\\Views\\dashboard\\courses\\index_slides.php')
 3 SYSTEMPATH\View\View.php(237): CodeIgniter\View\View->CodeIgniter\View\{closure}()
 4 SYSTEMPATH\Common.php(1171): CodeIgniter\View\View->render('dashboard/courses/index_slides', [], true)
 5 APPPATH\Controllers\Courses.php(537): view('dashboard/courses/index_slides', [...])
 6 SYSTEMPATH\CodeIgniter.php(933): App\Controllers\Courses->view_slides('public', 'assests', 'Logo.png')
 7 SYSTEMPATH\CodeIgniter.php(509): CodeIgniter\CodeIgniter->runController(Object(App\Controllers\Courses))
 8 SYSTEMPATH\CodeIgniter.php(355): CodeIgniter\CodeIgniter->handleRequest(null, Object(Config\Cache), false)
 9 SYSTEMPATH\Boot.php(325): CodeIgniter\CodeIgniter->run()
10 SYSTEMPATH\Boot.php(67): CodeIgniter\Boot::runCodeIgniter(Object(CodeIgniter\CodeIgniter))
11 FCPATH\index.php(56): CodeIgniter\Boot::bootWeb(Object(Config\Paths))
CRITICAL - 2025-01-02 23:49:54 --> ErrorException: Trying to access array offset on value of type null
[Method: GET, Route: courses/syllabus_subjects/2/public/assests/Logo.png]
in APPPATH\Views\dashboard\courses\index_subject.php on line 6.
 1 APPPATH\Views\dashboard\courses\index_subject.php(6): CodeIgniter\Debug\Exceptions->errorHandler(2, 'Trying to access array offset on value of type null', 'C:\\xampp\\htdocs\\Student_Management_Portal\\app\\Views\\dashboard\\courses\\index_subject.php', 6)
 2 SYSTEMPATH\View\View.php(234): include('C:\\xampp\\htdocs\\Student_Management_Portal\\app\\Views\\dashboard\\courses\\index_subject.php')
 3 SYSTEMPATH\View\View.php(237): CodeIgniter\View\View->CodeIgniter\View\{closure}()
 4 SYSTEMPATH\Common.php(1171): CodeIgniter\View\View->render('dashboard/courses/index_subject', [], true)
 5 APPPATH\Controllers\Courses.php(123): view('dashboard/courses/index_subject', [...])
 6 SYSTEMPATH\CodeIgniter.php(933): App\Controllers\Courses->syllabus_subjects('2', 'public', 'assests', 'Logo.png')
 7 SYSTEMPATH\CodeIgniter.php(509): CodeIgniter\CodeIgniter->runController(Object(App\Controllers\Courses))
 8 SYSTEMPATH\CodeIgniter.php(355): CodeIgniter\CodeIgniter->handleRequest(null, Object(Config\Cache), false)
 9 SYSTEMPATH\Boot.php(325): CodeIgniter\CodeIgniter->run()
10 SYSTEMPATH\Boot.php(67): CodeIgniter\Boot::runCodeIgniter(Object(CodeIgniter\CodeIgniter))
11 FCPATH\index.php(56): CodeIgniter\Boot::bootWeb(Object(Config\Paths))
CRITICAL - 2025-01-02 23:49:57 --> ErrorException: Trying to access array offset on value of type null
[Method: GET, Route: courses/view_slides/public/assests/Logo.png]
in APPPATH\Views\dashboard\courses\index_slides.php on line 6.
 1 APPPATH\Views\dashboard\courses\index_slides.php(6): CodeIgniter\Debug\Exceptions->errorHandler(2, 'Trying to access array offset on value of type null', 'C:\\xampp\\htdocs\\Student_Management_Portal\\app\\Views\\dashboard\\courses\\index_slides.php', 6)
 2 SYSTEMPATH\View\View.php(234): include('C:\\xampp\\htdocs\\Student_Management_Portal\\app\\Views\\dashboard\\courses\\index_slides.php')
 3 SYSTEMPATH\View\View.php(237): CodeIgniter\View\View->CodeIgniter\View\{closure}()
 4 SYSTEMPATH\Common.php(1171): CodeIgniter\View\View->render('dashboard/courses/index_slides', [], true)
 5 APPPATH\Controllers\Courses.php(537): view('dashboard/courses/index_slides', [...])
 6 SYSTEMPATH\CodeIgniter.php(933): App\Controllers\Courses->view_slides('public', 'assests', 'Logo.png')
 7 SYSTEMPATH\CodeIgniter.php(509): CodeIgniter\CodeIgniter->runController(Object(App\Controllers\Courses))
 8 SYSTEMPATH\CodeIgniter.php(355): CodeIgniter\CodeIgniter->handleRequest(null, Object(Config\Cache), false)
 9 SYSTEMPATH\Boot.php(325): CodeIgniter\CodeIgniter->run()
10 SYSTEMPATH\Boot.php(67): CodeIgniter\Boot::runCodeIgniter(Object(CodeIgniter\CodeIgniter))
11 FCPATH\index.php(56): CodeIgniter\Boot::bootWeb(Object(Config\Paths))
CRITICAL - 2025-01-02 23:49:59 --> ArgumentCountError: Too few arguments to function App\Controllers\Courses::download_slide(), 0 passed in C:\xampp\htdocs\Student_Management_Portal\system\CodeIgniter.php on line 933 and exactly 1 expected
[Method: GET, Route: courses/download_slide]
in APPPATH\Controllers\Courses.php on line 603.
 1 SYSTEMPATH\CodeIgniter.php(933): App\Controllers\Courses->download_slide()
 2 SYSTEMPATH\CodeIgniter.php(509): CodeIgniter\CodeIgniter->runController(Object(App\Controllers\Courses))
 3 SYSTEMPATH\CodeIgniter.php(355): CodeIgniter\CodeIgniter->handleRequest(null, Object(Config\Cache), false)
 4 SYSTEMPATH\Boot.php(325): CodeIgniter\CodeIgniter->run()
 5 SYSTEMPATH\Boot.php(67): CodeIgniter\Boot::runCodeIgniter(Object(CodeIgniter\CodeIgniter))
 6 FCPATH\index.php(56): CodeIgniter\Boot::bootWeb(Object(Config\Paths))
