CRITICAL - 2025-01-01 00:08:31 --> ErrorException: Trying to access array offset on value of type null
[Method: GET, Route: courses/department_syllabus/public/assests/Logo.png]
in APPPATH\Views\dashboard\courses\index_syllabus.php on line 6.
 1 APPPATH\Views\dashboard\courses\index_syllabus.php(6): CodeIgniter\Debug\Exceptions->errorHandler(2, 'Trying to access array offset on value of type null', 'C:\\xampp\\htdocs\\Student_Management_Portal\\app\\Views\\dashboard\\courses\\index_syllabus.php', 6)
 2 SYSTEMPATH\View\View.php(234): include('C:\\xampp\\htdocs\\Student_Management_Portal\\app\\Views\\dashboard\\courses\\index_syllabus.php')
 3 SYSTEMPATH\View\View.php(237): CodeIgniter\View\View->CodeIgniter\View\{closure}()
 4 SYSTEMPATH\Common.php(1171): CodeIgniter\View\View->render('dashboard/courses/index_syllabus', [], true)
 5 APPPATH\Controllers\Courses.php(54): view('dashboard/courses/index_syllabus', [...])
 6 SYSTEMPATH\CodeIgniter.php(933): App\Controllers\Courses->department_syllabus('public', 'assests', 'Logo.png')
 7 SYSTEMPATH\CodeIgniter.php(509): CodeIgniter\CodeIgniter->runController(Object(App\Controllers\Courses))
 8 SYSTEMPATH\CodeIgniter.php(355): CodeIgniter\CodeIgniter->handleRequest(null, Object(Config\Cache), false)
 9 SYSTEMPATH\Boot.php(325): CodeIgniter\CodeIgniter->run()
10 SYSTEMPATH\Boot.php(67): CodeIgniter\Boot::runCodeIgniter(Object(CodeIgniter\CodeIgniter))
11 FCPATH\index.php(56): CodeIgniter\Boot::bootWeb(Object(Config\Paths))
INFO - 2025-01-01 00:08:32 --> Session: Class initialized using 'CodeIgniter\Session\Handlers\FileHandler' driver.
INFO - 2025-01-01 00:08:33 --> Session: Class initialized using 'CodeIgniter\Session\Handlers\FileHandler' driver.
CRITICAL - 2025-01-01 00:08:34 --> ErrorException: Trying to access array offset on value of type null
[Method: GET, Route: courses/department_syllabus/public/assests/Logo.png]
in APPPATH\Views\dashboard\courses\index_syllabus.php on line 6.
 1 APPPATH\Views\dashboard\courses\index_syllabus.php(6): CodeIgniter\Debug\Exceptions->errorHandler(2, 'Trying to access array offset on value of type null', 'C:\\xampp\\htdocs\\Student_Management_Portal\\app\\Views\\dashboard\\courses\\index_syllabus.php', 6)
 2 SYSTEMPATH\View\View.php(234): include('C:\\xampp\\htdocs\\Student_Management_Portal\\app\\Views\\dashboard\\courses\\index_syllabus.php')
 3 SYSTEMPATH\View\View.php(237): CodeIgniter\View\View->CodeIgniter\View\{closure}()
 4 SYSTEMPATH\Common.php(1171): CodeIgniter\View\View->render('dashboard/courses/index_syllabus', [], true)
 5 APPPATH\Controllers\Courses.php(54): view('dashboard/courses/index_syllabus', [...])
 6 SYSTEMPATH\CodeIgniter.php(933): App\Controllers\Courses->department_syllabus('public', 'assests', 'Logo.png')
 7 SYSTEMPATH\CodeIgniter.php(509): CodeIgniter\CodeIgniter->runController(Object(App\Controllers\Courses))
 8 SYSTEMPATH\CodeIgniter.php(355): CodeIgniter\CodeIgniter->handleRequest(null, Object(Config\Cache), false)
 9 SYSTEMPATH\Boot.php(325): CodeIgniter\CodeIgniter->run()
10 SYSTEMPATH\Boot.php(67): CodeIgniter\Boot::runCodeIgniter(Object(CodeIgniter\CodeIgniter))
11 FCPATH\index.php(56): CodeIgniter\Boot::bootWeb(Object(Config\Paths))
CRITICAL - 2025-01-01 00:08:43 --> ErrorException: Trying to access array offset on value of type null
[Method: GET, Route: courses/department_syllabus/public/assests/Logo.png]
in APPPATH\Views\dashboard\courses\index_syllabus.php on line 6.
 1 APPPATH\Views\dashboard\courses\index_syllabus.php(6): CodeIgniter\Debug\Exceptions->errorHandler(2, 'Trying to access array offset on value of type null', 'C:\\xampp\\htdocs\\Student_Management_Portal\\app\\Views\\dashboard\\courses\\index_syllabus.php', 6)
 2 SYSTEMPATH\View\View.php(234): include('C:\\xampp\\htdocs\\Student_Management_Portal\\app\\Views\\dashboard\\courses\\index_syllabus.php')
 3 SYSTEMPATH\View\View.php(237): CodeIgniter\View\View->CodeIgniter\View\{closure}()
 4 SYSTEMPATH\Common.php(1171): CodeIgniter\View\View->render('dashboard/courses/index_syllabus', [], true)
 5 APPPATH\Controllers\Courses.php(54): view('dashboard/courses/index_syllabus', [...])
 6 SYSTEMPATH\CodeIgniter.php(933): App\Controllers\Courses->department_syllabus('public', 'assests', 'Logo.png')
 7 SYSTEMPATH\CodeIgniter.php(509): CodeIgniter\CodeIgniter->runController(Object(App\Controllers\Courses))
 8 SYSTEMPATH\CodeIgniter.php(355): CodeIgniter\CodeIgniter->handleRequest(null, Object(Config\Cache), false)
 9 SYSTEMPATH\Boot.php(325): CodeIgniter\CodeIgniter->run()
10 SYSTEMPATH\Boot.php(67): CodeIgniter\Boot::runCodeIgniter(Object(CodeIgniter\CodeIgniter))
11 FCPATH\index.php(56): CodeIgniter\Boot::bootWeb(Object(Config\Paths))
INFO - 2025-01-01 00:08:47 --> Session: Class initialized using 'CodeIgniter\Session\Handlers\FileHandler' driver.
CRITICAL - 2025-01-01 00:08:47 --> ErrorException: Trying to access array offset on value of type null
[Method: GET, Route: courses/department_syllabus/public/assests/Logo.png]
in APPPATH\Views\dashboard\courses\index_syllabus.php on line 6.
 1 APPPATH\Views\dashboard\courses\index_syllabus.php(6): CodeIgniter\Debug\Exceptions->errorHandler(2, 'Trying to access array offset on value of type null', 'C:\\xampp\\htdocs\\Student_Management_Portal\\app\\Views\\dashboard\\courses\\index_syllabus.php', 6)
 2 SYSTEMPATH\View\View.php(234): include('C:\\xampp\\htdocs\\Student_Management_Portal\\app\\Views\\dashboard\\courses\\index_syllabus.php')
 3 SYSTEMPATH\View\View.php(237): CodeIgniter\View\View->CodeIgniter\View\{closure}()
 4 SYSTEMPATH\Common.php(1171): CodeIgniter\View\View->render('dashboard/courses/index_syllabus', [], true)
 5 APPPATH\Controllers\Courses.php(54): view('dashboard/courses/index_syllabus', [...])
 6 SYSTEMPATH\CodeIgniter.php(933): App\Controllers\Courses->department_syllabus('public', 'assests', 'Logo.png')
 7 SYSTEMPATH\CodeIgniter.php(509): CodeIgniter\CodeIgniter->runController(Object(App\Controllers\Courses))
 8 SYSTEMPATH\CodeIgniter.php(355): CodeIgniter\CodeIgniter->handleRequest(null, Object(Config\Cache), false)
 9 SYSTEMPATH\Boot.php(325): CodeIgniter\CodeIgniter->run()
10 SYSTEMPATH\Boot.php(67): CodeIgniter\Boot::runCodeIgniter(Object(CodeIgniter\CodeIgniter))
11 FCPATH\index.php(56): CodeIgniter\Boot::bootWeb(Object(Config\Paths))
INFO - 2025-01-01 00:10:18 --> Session: Class initialized using 'CodeIgniter\Session\Handlers\FileHandler' driver.
INFO - 2025-01-01 00:10:18 --> Session: Class initialized using 'CodeIgniter\Session\Handlers\FileHandler' driver.
INFO - 2025-01-01 00:10:25 --> Session: Class initialized using 'CodeIgniter\Session\Handlers\FileHandler' driver.
CRITICAL - 2025-01-01 00:10:25 --> ErrorException: Trying to access array offset on value of type null
[Method: GET, Route: courses/department_syllabus/public/assests/Logo.png]
in APPPATH\Views\dashboard\courses\index_syllabus.php on line 6.
 1 APPPATH\Views\dashboard\courses\index_syllabus.php(6): CodeIgniter\Debug\Exceptions->errorHandler(2, 'Trying to access array offset on value of type null', 'C:\\xampp\\htdocs\\Student_Management_Portal\\app\\Views\\dashboard\\courses\\index_syllabus.php', 6)
 2 SYSTEMPATH\View\View.php(234): include('C:\\xampp\\htdocs\\Student_Management_Portal\\app\\Views\\dashboard\\courses\\index_syllabus.php')
 3 SYSTEMPATH\View\View.php(237): CodeIgniter\View\View->CodeIgniter\View\{closure}()
 4 SYSTEMPATH\Common.php(1171): CodeIgniter\View\View->render('dashboard/courses/index_syllabus', [], true)
 5 APPPATH\Controllers\Courses.php(54): view('dashboard/courses/index_syllabus', [...])
 6 SYSTEMPATH\CodeIgniter.php(933): App\Controllers\Courses->department_syllabus('public', 'assests', 'Logo.png')
 7 SYSTEMPATH\CodeIgniter.php(509): CodeIgniter\CodeIgniter->runController(Object(App\Controllers\Courses))
 8 SYSTEMPATH\CodeIgniter.php(355): CodeIgniter\CodeIgniter->handleRequest(null, Object(Config\Cache), false)
 9 SYSTEMPATH\Boot.php(325): CodeIgniter\CodeIgniter->run()
10 SYSTEMPATH\Boot.php(67): CodeIgniter\Boot::runCodeIgniter(Object(CodeIgniter\CodeIgniter))
11 FCPATH\index.php(56): CodeIgniter\Boot::bootWeb(Object(Config\Paths))
INFO - 2025-01-01 02:10:12 --> Session: Class initialized using 'CodeIgniter\Session\Handlers\FileHandler' driver.
INFO - 2025-01-01 02:11:27 --> Session: Class initialized using 'CodeIgniter\Session\Handlers\FileHandler' driver.
INFO - 2025-01-01 02:11:28 --> Session: Class initialized using 'CodeIgniter\Session\Handlers\FileHandler' driver.
INFO - 2025-01-01 02:11:32 --> Session: Class initialized using 'CodeIgniter\Session\Handlers\FileHandler' driver.
CRITICAL - 2025-01-01 02:11:35 --> ErrorException: Trying to access array offset on value of type null
[Method: GET, Route: courses/department_syllabus/public/assests/Logo.png]
in APPPATH\Views\dashboard\courses\index_syllabus.php on line 6.
 1 APPPATH\Views\dashboard\courses\index_syllabus.php(6): CodeIgniter\Debug\Exceptions->errorHandler(2, 'Trying to access array offset on value of type null', 'C:\\xampp\\htdocs\\Student_Management_Portal\\app\\Views\\dashboard\\courses\\index_syllabus.php', 6)
 2 SYSTEMPATH\View\View.php(234): include('C:\\xampp\\htdocs\\Student_Management_Portal\\app\\Views\\dashboard\\courses\\index_syllabus.php')
 3 SYSTEMPATH\View\View.php(237): CodeIgniter\View\View->CodeIgniter\View\{closure}()
 4 SYSTEMPATH\Common.php(1171): CodeIgniter\View\View->render('dashboard/courses/index_syllabus', [], true)
 5 APPPATH\Controllers\Courses.php(54): view('dashboard/courses/index_syllabus', [...])
 6 SYSTEMPATH\CodeIgniter.php(933): App\Controllers\Courses->department_syllabus('public', 'assests', 'Logo.png')
 7 SYSTEMPATH\CodeIgniter.php(509): CodeIgniter\CodeIgniter->runController(Object(App\Controllers\Courses))
 8 SYSTEMPATH\CodeIgniter.php(355): CodeIgniter\CodeIgniter->handleRequest(null, Object(Config\Cache), false)
 9 SYSTEMPATH\Boot.php(325): CodeIgniter\CodeIgniter->run()
10 SYSTEMPATH\Boot.php(67): CodeIgniter\Boot::runCodeIgniter(Object(CodeIgniter\CodeIgniter))
11 FCPATH\index.php(56): CodeIgniter\Boot::bootWeb(Object(Config\Paths))
CRITICAL - 2025-01-01 02:11:35 --> ErrorException: Trying to access array offset on value of type null
[Method: GET, Route: courses/department_syllabus/public/assests/Logo.png]
in APPPATH\Views\dashboard\courses\index_syllabus.php on line 6.
 1 APPPATH\Views\dashboard\courses\index_syllabus.php(6): CodeIgniter\Debug\Exceptions->errorHandler(2, 'Trying to access array offset on value of type null', 'C:\\xampp\\htdocs\\Student_Management_Portal\\app\\Views\\dashboard\\courses\\index_syllabus.php', 6)
 2 SYSTEMPATH\View\View.php(234): include('C:\\xampp\\htdocs\\Student_Management_Portal\\app\\Views\\dashboard\\courses\\index_syllabus.php')
 3 SYSTEMPATH\View\View.php(237): CodeIgniter\View\View->CodeIgniter\View\{closure}()
 4 SYSTEMPATH\Common.php(1171): CodeIgniter\View\View->render('dashboard/courses/index_syllabus', [], true)
 5 APPPATH\Controllers\Courses.php(54): view('dashboard/courses/index_syllabus', [...])
 6 SYSTEMPATH\CodeIgniter.php(933): App\Controllers\Courses->department_syllabus('public', 'assests', 'Logo.png')
 7 SYSTEMPATH\CodeIgniter.php(509): CodeIgniter\CodeIgniter->runController(Object(App\Controllers\Courses))
 8 SYSTEMPATH\CodeIgniter.php(355): CodeIgniter\CodeIgniter->handleRequest(null, Object(Config\Cache), false)
 9 SYSTEMPATH\Boot.php(325): CodeIgniter\CodeIgniter->run()
10 SYSTEMPATH\Boot.php(67): CodeIgniter\Boot::runCodeIgniter(Object(CodeIgniter\CodeIgniter))
11 FCPATH\index.php(56): CodeIgniter\Boot::bootWeb(Object(Config\Paths))
INFO - 2025-01-01 02:11:38 --> Session: Class initialized using 'CodeIgniter\Session\Handlers\FileHandler' driver.
INFO - 2025-01-01 02:11:38 --> Session: Class initialized using 'CodeIgniter\Session\Handlers\FileHandler' driver.
CRITICAL - 2025-01-01 02:11:40 --> ErrorException: Trying to access array offset on value of type null
[Method: GET, Route: courses/department_syllabus/public/assests/Logo.png]
in APPPATH\Views\dashboard\courses\index_syllabus.php on line 6.
 1 APPPATH\Views\dashboard\courses\index_syllabus.php(6): CodeIgniter\Debug\Exceptions->errorHandler(2, 'Trying to access array offset on value of type null', 'C:\\xampp\\htdocs\\Student_Management_Portal\\app\\Views\\dashboard\\courses\\index_syllabus.php', 6)
 2 SYSTEMPATH\View\View.php(234): include('C:\\xampp\\htdocs\\Student_Management_Portal\\app\\Views\\dashboard\\courses\\index_syllabus.php')
 3 SYSTEMPATH\View\View.php(237): CodeIgniter\View\View->CodeIgniter\View\{closure}()
 4 SYSTEMPATH\Common.php(1171): CodeIgniter\View\View->render('dashboard/courses/index_syllabus', [], true)
 5 APPPATH\Controllers\Courses.php(54): view('dashboard/courses/index_syllabus', [...])
 6 SYSTEMPATH\CodeIgniter.php(933): App\Controllers\Courses->department_syllabus('public', 'assests', 'Logo.png')
 7 SYSTEMPATH\CodeIgniter.php(509): CodeIgniter\CodeIgniter->runController(Object(App\Controllers\Courses))
 8 SYSTEMPATH\CodeIgniter.php(355): CodeIgniter\CodeIgniter->handleRequest(null, Object(Config\Cache), false)
 9 SYSTEMPATH\Boot.php(325): CodeIgniter\CodeIgniter->run()
10 SYSTEMPATH\Boot.php(67): CodeIgniter\Boot::runCodeIgniter(Object(CodeIgniter\CodeIgniter))
11 FCPATH\index.php(56): CodeIgniter\Boot::bootWeb(Object(Config\Paths))
CRITICAL - 2025-01-01 02:11:45 --> ErrorException: Trying to access array offset on value of type null
[Method: GET, Route: courses/syllabus_subjects/2/public/assests/Logo.png]
in APPPATH\Views\dashboard\courses\index_subject.php on line 6.
 1 APPPATH\Views\dashboard\courses\index_subject.php(6): CodeIgniter\Debug\Exceptions->errorHandler(2, 'Trying to access array offset on value of type null', 'C:\\xampp\\htdocs\\Student_Management_Portal\\app\\Views\\dashboard\\courses\\index_subject.php', 6)
 2 SYSTEMPATH\View\View.php(234): include('C:\\xampp\\htdocs\\Student_Management_Portal\\app\\Views\\dashboard\\courses\\index_subject.php')
 3 SYSTEMPATH\View\View.php(237): CodeIgniter\View\View->CodeIgniter\View\{closure}()
 4 SYSTEMPATH\Common.php(1171): CodeIgniter\View\View->render('dashboard/courses/index_subject', [], true)
 5 APPPATH\Controllers\Courses.php(85): view('dashboard/courses/index_subject', [...])
 6 SYSTEMPATH\CodeIgniter.php(933): App\Controllers\Courses->syllabus_subjects('2', 'public', 'assests', 'Logo.png')
 7 SYSTEMPATH\CodeIgniter.php(509): CodeIgniter\CodeIgniter->runController(Object(App\Controllers\Courses))
 8 SYSTEMPATH\CodeIgniter.php(355): CodeIgniter\CodeIgniter->handleRequest(null, Object(Config\Cache), false)
 9 SYSTEMPATH\Boot.php(325): CodeIgniter\CodeIgniter->run()
10 SYSTEMPATH\Boot.php(67): CodeIgniter\Boot::runCodeIgniter(Object(CodeIgniter\CodeIgniter))
11 FCPATH\index.php(56): CodeIgniter\Boot::bootWeb(Object(Config\Paths))
CRITICAL - 2025-01-01 02:11:45 --> ErrorException: Trying to access array offset on value of type null
[Method: GET, Route: courses/syllabus_subjects/2/public/assests/Logo.png]
in APPPATH\Views\dashboard\courses\index_subject.php on line 6.
 1 APPPATH\Views\dashboard\courses\index_subject.php(6): CodeIgniter\Debug\Exceptions->errorHandler(2, 'Trying to access array offset on value of type null', 'C:\\xampp\\htdocs\\Student_Management_Portal\\app\\Views\\dashboard\\courses\\index_subject.php', 6)
 2 SYSTEMPATH\View\View.php(234): include('C:\\xampp\\htdocs\\Student_Management_Portal\\app\\Views\\dashboard\\courses\\index_subject.php')
 3 SYSTEMPATH\View\View.php(237): CodeIgniter\View\View->CodeIgniter\View\{closure}()
 4 SYSTEMPATH\Common.php(1171): CodeIgniter\View\View->render('dashboard/courses/index_subject', [], true)
 5 APPPATH\Controllers\Courses.php(85): view('dashboard/courses/index_subject', [...])
 6 SYSTEMPATH\CodeIgniter.php(933): App\Controllers\Courses->syllabus_subjects('2', 'public', 'assests', 'Logo.png')
 7 SYSTEMPATH\CodeIgniter.php(509): CodeIgniter\CodeIgniter->runController(Object(App\Controllers\Courses))
 8 SYSTEMPATH\CodeIgniter.php(355): CodeIgniter\CodeIgniter->handleRequest(null, Object(Config\Cache), false)
 9 SYSTEMPATH\Boot.php(325): CodeIgniter\CodeIgniter->run()
10 SYSTEMPATH\Boot.php(67): CodeIgniter\Boot::runCodeIgniter(Object(CodeIgniter\CodeIgniter))
11 FCPATH\index.php(56): CodeIgniter\Boot::bootWeb(Object(Config\Paths))
CRITICAL - 2025-01-01 02:14:38 --> ErrorException: Trying to access array offset on value of type null
[Method: GET, Route: courses/syllabus_subjects/2/public/assests/Logo.png]
in APPPATH\Views\dashboard\courses\index_subject.php on line 6.
 1 APPPATH\Views\dashboard\courses\index_subject.php(6): CodeIgniter\Debug\Exceptions->errorHandler(2, 'Trying to access array offset on value of type null', 'C:\\xampp\\htdocs\\Student_Management_Portal\\app\\Views\\dashboard\\courses\\index_subject.php', 6)
 2 SYSTEMPATH\View\View.php(234): include('C:\\xampp\\htdocs\\Student_Management_Portal\\app\\Views\\dashboard\\courses\\index_subject.php')
 3 SYSTEMPATH\View\View.php(237): CodeIgniter\View\View->CodeIgniter\View\{closure}()
 4 SYSTEMPATH\Common.php(1171): CodeIgniter\View\View->render('dashboard/courses/index_subject', [], true)
 5 APPPATH\Controllers\Courses.php(85): view('dashboard/courses/index_subject', [...])
 6 SYSTEMPATH\CodeIgniter.php(933): App\Controllers\Courses->syllabus_subjects('2', 'public', 'assests', 'Logo.png')
 7 SYSTEMPATH\CodeIgniter.php(509): CodeIgniter\CodeIgniter->runController(Object(App\Controllers\Courses))
 8 SYSTEMPATH\CodeIgniter.php(355): CodeIgniter\CodeIgniter->handleRequest(null, Object(Config\Cache), false)
 9 SYSTEMPATH\Boot.php(325): CodeIgniter\CodeIgniter->run()
10 SYSTEMPATH\Boot.php(67): CodeIgniter\Boot::runCodeIgniter(Object(CodeIgniter\CodeIgniter))
11 FCPATH\index.php(56): CodeIgniter\Boot::bootWeb(Object(Config\Paths))
CRITICAL - 2025-01-01 02:39:00 --> ErrorException: Trying to access array offset on value of type null
[Method: GET, Route: courses/syllabus_subjects/2/public/assests/Logo.png]
in APPPATH\Views\dashboard\courses\index_subject.php on line 6.
 1 APPPATH\Views\dashboard\courses\index_subject.php(6): CodeIgniter\Debug\Exceptions->errorHandler(2, 'Trying to access array offset on value of type null', 'C:\\xampp\\htdocs\\Student_Management_Portal\\app\\Views\\dashboard\\courses\\index_subject.php', 6)
 2 SYSTEMPATH\View\View.php(234): include('C:\\xampp\\htdocs\\Student_Management_Portal\\app\\Views\\dashboard\\courses\\index_subject.php')
 3 SYSTEMPATH\View\View.php(237): CodeIgniter\View\View->CodeIgniter\View\{closure}()
 4 SYSTEMPATH\Common.php(1171): CodeIgniter\View\View->render('dashboard/courses/index_subject', [], true)
 5 APPPATH\Controllers\Courses.php(85): view('dashboard/courses/index_subject', [...])
 6 SYSTEMPATH\CodeIgniter.php(933): App\Controllers\Courses->syllabus_subjects('2', 'public', 'assests', 'Logo.png')
 7 SYSTEMPATH\CodeIgniter.php(509): CodeIgniter\CodeIgniter->runController(Object(App\Controllers\Courses))
 8 SYSTEMPATH\CodeIgniter.php(355): CodeIgniter\CodeIgniter->handleRequest(null, Object(Config\Cache), false)
 9 SYSTEMPATH\Boot.php(325): CodeIgniter\CodeIgniter->run()
10 SYSTEMPATH\Boot.php(67): CodeIgniter\Boot::runCodeIgniter(Object(CodeIgniter\CodeIgniter))
11 FCPATH\index.php(56): CodeIgniter\Boot::bootWeb(Object(Config\Paths))
CRITICAL - 2025-01-01 02:39:00 --> ErrorException: Trying to access array offset on value of type null
[Method: GET, Route: courses/syllabus_subjects/2/public/assests/Logo.png]
in APPPATH\Views\dashboard\courses\index_subject.php on line 6.
 1 APPPATH\Views\dashboard\courses\index_subject.php(6): CodeIgniter\Debug\Exceptions->errorHandler(2, 'Trying to access array offset on value of type null', 'C:\\xampp\\htdocs\\Student_Management_Portal\\app\\Views\\dashboard\\courses\\index_subject.php', 6)
 2 SYSTEMPATH\View\View.php(234): include('C:\\xampp\\htdocs\\Student_Management_Portal\\app\\Views\\dashboard\\courses\\index_subject.php')
 3 SYSTEMPATH\View\View.php(237): CodeIgniter\View\View->CodeIgniter\View\{closure}()
 4 SYSTEMPATH\Common.php(1171): CodeIgniter\View\View->render('dashboard/courses/index_subject', [], true)
 5 APPPATH\Controllers\Courses.php(85): view('dashboard/courses/index_subject', [...])
 6 SYSTEMPATH\CodeIgniter.php(933): App\Controllers\Courses->syllabus_subjects('2', 'public', 'assests', 'Logo.png')
 7 SYSTEMPATH\CodeIgniter.php(509): CodeIgniter\CodeIgniter->runController(Object(App\Controllers\Courses))
 8 SYSTEMPATH\CodeIgniter.php(355): CodeIgniter\CodeIgniter->handleRequest(null, Object(Config\Cache), false)
 9 SYSTEMPATH\Boot.php(325): CodeIgniter\CodeIgniter->run()
10 SYSTEMPATH\Boot.php(67): CodeIgniter\Boot::runCodeIgniter(Object(CodeIgniter\CodeIgniter))
11 FCPATH\index.php(56): CodeIgniter\Boot::bootWeb(Object(Config\Paths))
CRITICAL - 2025-01-01 02:39:02 --> ErrorException: Undefined property: App\Controllers\Courses::$departmentModel
[Method: GET, Route: courses/add_subject/2/2]
in APPPATH\Controllers\Courses.php on line 368.
 1 APPPATH\Controllers\Courses.php(368): CodeIgniter\Debug\Exceptions->errorHandler(2, 'Undefined property: App\\Controllers\\Courses::$departmentModel', 'C:\\xampp\\htdocs\\Student_Management_Portal\\app\\Controllers\\Courses.php', 368)
 2 SYSTEMPATH\CodeIgniter.php(933): App\Controllers\Courses->add_subject('2', '2')
 3 SYSTEMPATH\CodeIgniter.php(509): CodeIgniter\CodeIgniter->runController(Object(App\Controllers\Courses))
 4 SYSTEMPATH\CodeIgniter.php(355): CodeIgniter\CodeIgniter->handleRequest(null, Object(Config\Cache), false)
 5 SYSTEMPATH\Boot.php(325): CodeIgniter\CodeIgniter->run()
 6 SYSTEMPATH\Boot.php(67): CodeIgniter\Boot::runCodeIgniter(Object(CodeIgniter\CodeIgniter))
 7 FCPATH\index.php(56): CodeIgniter\Boot::bootWeb(Object(Config\Paths))
CRITICAL - 2025-01-01 02:40:18 --> ErrorException: Trying to access array offset on value of type null
[Method: GET, Route: courses/syllabus_subjects/2/public/assests/Logo.png]
in APPPATH\Views\dashboard\courses\index_subject.php on line 6.
 1 APPPATH\Views\dashboard\courses\index_subject.php(6): CodeIgniter\Debug\Exceptions->errorHandler(2, 'Trying to access array offset on value of type null', 'C:\\xampp\\htdocs\\Student_Management_Portal\\app\\Views\\dashboard\\courses\\index_subject.php', 6)
 2 SYSTEMPATH\View\View.php(234): include('C:\\xampp\\htdocs\\Student_Management_Portal\\app\\Views\\dashboard\\courses\\index_subject.php')
 3 SYSTEMPATH\View\View.php(237): CodeIgniter\View\View->CodeIgniter\View\{closure}()
 4 SYSTEMPATH\Common.php(1171): CodeIgniter\View\View->render('dashboard/courses/index_subject', [], true)
 5 APPPATH\Controllers\Courses.php(85): view('dashboard/courses/index_subject', [...])
 6 SYSTEMPATH\CodeIgniter.php(933): App\Controllers\Courses->syllabus_subjects('2', 'public', 'assests', 'Logo.png')
 7 SYSTEMPATH\CodeIgniter.php(509): CodeIgniter\CodeIgniter->runController(Object(App\Controllers\Courses))
 8 SYSTEMPATH\CodeIgniter.php(355): CodeIgniter\CodeIgniter->handleRequest(null, Object(Config\Cache), false)
 9 SYSTEMPATH\Boot.php(325): CodeIgniter\CodeIgniter->run()
10 SYSTEMPATH\Boot.php(67): CodeIgniter\Boot::runCodeIgniter(Object(CodeIgniter\CodeIgniter))
11 FCPATH\index.php(56): CodeIgniter\Boot::bootWeb(Object(Config\Paths))
CRITICAL - 2025-01-01 02:40:20 --> ErrorException: Undefined property: App\Controllers\Courses::$departmentModel
[Method: GET, Route: courses/add_subject/2/2]
in APPPATH\Controllers\Courses.php on line 368.
 1 APPPATH\Controllers\Courses.php(368): CodeIgniter\Debug\Exceptions->errorHandler(2, 'Undefined property: App\\Controllers\\Courses::$departmentModel', 'C:\\xampp\\htdocs\\Student_Management_Portal\\app\\Controllers\\Courses.php', 368)
 2 SYSTEMPATH\CodeIgniter.php(933): App\Controllers\Courses->add_subject('2', '2')
 3 SYSTEMPATH\CodeIgniter.php(509): CodeIgniter\CodeIgniter->runController(Object(App\Controllers\Courses))
 4 SYSTEMPATH\CodeIgniter.php(355): CodeIgniter\CodeIgniter->handleRequest(null, Object(Config\Cache), false)
 5 SYSTEMPATH\Boot.php(325): CodeIgniter\CodeIgniter->run()
 6 SYSTEMPATH\Boot.php(67): CodeIgniter\Boot::runCodeIgniter(Object(CodeIgniter\CodeIgniter))
 7 FCPATH\index.php(56): CodeIgniter\Boot::bootWeb(Object(Config\Paths))
CRITICAL - 2025-01-01 02:40:30 --> ErrorException: Trying to access array offset on value of type null
[Method: GET, Route: courses/syllabus_subjects/2/public/assests/Logo.png]
in APPPATH\Views\dashboard\courses\index_subject.php on line 6.
 1 APPPATH\Views\dashboard\courses\index_subject.php(6): CodeIgniter\Debug\Exceptions->errorHandler(2, 'Trying to access array offset on value of type null', 'C:\\xampp\\htdocs\\Student_Management_Portal\\app\\Views\\dashboard\\courses\\index_subject.php', 6)
 2 SYSTEMPATH\View\View.php(234): include('C:\\xampp\\htdocs\\Student_Management_Portal\\app\\Views\\dashboard\\courses\\index_subject.php')
 3 SYSTEMPATH\View\View.php(237): CodeIgniter\View\View->CodeIgniter\View\{closure}()
 4 SYSTEMPATH\Common.php(1171): CodeIgniter\View\View->render('dashboard/courses/index_subject', [], true)
 5 APPPATH\Controllers\Courses.php(85): view('dashboard/courses/index_subject', [...])
 6 SYSTEMPATH\CodeIgniter.php(933): App\Controllers\Courses->syllabus_subjects('2', 'public', 'assests', 'Logo.png')
 7 SYSTEMPATH\CodeIgniter.php(509): CodeIgniter\CodeIgniter->runController(Object(App\Controllers\Courses))
 8 SYSTEMPATH\CodeIgniter.php(355): CodeIgniter\CodeIgniter->handleRequest(null, Object(Config\Cache), false)
 9 SYSTEMPATH\Boot.php(325): CodeIgniter\CodeIgniter->run()
10 SYSTEMPATH\Boot.php(67): CodeIgniter\Boot::runCodeIgniter(Object(CodeIgniter\CodeIgniter))
11 FCPATH\index.php(56): CodeIgniter\Boot::bootWeb(Object(Config\Paths))
CRITICAL - 2025-01-01 02:40:31 --> ErrorException: Trying to access array offset on value of type null
[Method: GET, Route: courses/department_syllabus/public/assests/Logo.png]
in APPPATH\Views\dashboard\courses\index_syllabus.php on line 6.
 1 APPPATH\Views\dashboard\courses\index_syllabus.php(6): CodeIgniter\Debug\Exceptions->errorHandler(2, 'Trying to access array offset on value of type null', 'C:\\xampp\\htdocs\\Student_Management_Portal\\app\\Views\\dashboard\\courses\\index_syllabus.php', 6)
 2 SYSTEMPATH\View\View.php(234): include('C:\\xampp\\htdocs\\Student_Management_Portal\\app\\Views\\dashboard\\courses\\index_syllabus.php')
 3 SYSTEMPATH\View\View.php(237): CodeIgniter\View\View->CodeIgniter\View\{closure}()
 4 SYSTEMPATH\Common.php(1171): CodeIgniter\View\View->render('dashboard/courses/index_syllabus', [], true)
 5 APPPATH\Controllers\Courses.php(54): view('dashboard/courses/index_syllabus', [...])
 6 SYSTEMPATH\CodeIgniter.php(933): App\Controllers\Courses->department_syllabus('public', 'assests', 'Logo.png')
 7 SYSTEMPATH\CodeIgniter.php(509): CodeIgniter\CodeIgniter->runController(Object(App\Controllers\Courses))
 8 SYSTEMPATH\CodeIgniter.php(355): CodeIgniter\CodeIgniter->handleRequest(null, Object(Config\Cache), false)
 9 SYSTEMPATH\Boot.php(325): CodeIgniter\CodeIgniter->run()
10 SYSTEMPATH\Boot.php(67): CodeIgniter\Boot::runCodeIgniter(Object(CodeIgniter\CodeIgniter))
11 FCPATH\index.php(56): CodeIgniter\Boot::bootWeb(Object(Config\Paths))
CRITICAL - 2025-01-01 02:40:31 --> ErrorException: Trying to access array offset on value of type null
[Method: GET, Route: courses/department_syllabus/public/assests/Logo.png]
in APPPATH\Views\dashboard\courses\index_syllabus.php on line 6.
 1 APPPATH\Views\dashboard\courses\index_syllabus.php(6): CodeIgniter\Debug\Exceptions->errorHandler(2, 'Trying to access array offset on value of type null', 'C:\\xampp\\htdocs\\Student_Management_Portal\\app\\Views\\dashboard\\courses\\index_syllabus.php', 6)
 2 SYSTEMPATH\View\View.php(234): include('C:\\xampp\\htdocs\\Student_Management_Portal\\app\\Views\\dashboard\\courses\\index_syllabus.php')
 3 SYSTEMPATH\View\View.php(237): CodeIgniter\View\View->CodeIgniter\View\{closure}()
 4 SYSTEMPATH\Common.php(1171): CodeIgniter\View\View->render('dashboard/courses/index_syllabus', [], true)
 5 APPPATH\Controllers\Courses.php(54): view('dashboard/courses/index_syllabus', [...])
 6 SYSTEMPATH\CodeIgniter.php(933): App\Controllers\Courses->department_syllabus('public', 'assests', 'Logo.png')
 7 SYSTEMPATH\CodeIgniter.php(509): CodeIgniter\CodeIgniter->runController(Object(App\Controllers\Courses))
 8 SYSTEMPATH\CodeIgniter.php(355): CodeIgniter\CodeIgniter->handleRequest(null, Object(Config\Cache), false)
 9 SYSTEMPATH\Boot.php(325): CodeIgniter\CodeIgniter->run()
10 SYSTEMPATH\Boot.php(67): CodeIgniter\Boot::runCodeIgniter(Object(CodeIgniter\CodeIgniter))
11 FCPATH\index.php(56): CodeIgniter\Boot::bootWeb(Object(Config\Paths))
INFO - 2025-01-01 02:40:33 --> Session: Class initialized using 'CodeIgniter\Session\Handlers\FileHandler' driver.
INFO - 2025-01-01 02:40:33 --> Session: Class initialized using 'CodeIgniter\Session\Handlers\FileHandler' driver.
INFO - 2025-01-01 02:40:33 --> Session: Class initialized using 'CodeIgniter\Session\Handlers\FileHandler' driver.
INFO - 2025-01-01 02:40:34 --> Session: Class initialized using 'CodeIgniter\Session\Handlers\FileHandler' driver.
CRITICAL - 2025-01-01 02:40:35 --> ErrorException: Trying to access array offset on value of type null
[Method: GET, Route: courses/department_syllabus/public/assests/Logo.png]
in APPPATH\Views\dashboard\courses\index_syllabus.php on line 6.
 1 APPPATH\Views\dashboard\courses\index_syllabus.php(6): CodeIgniter\Debug\Exceptions->errorHandler(2, 'Trying to access array offset on value of type null', 'C:\\xampp\\htdocs\\Student_Management_Portal\\app\\Views\\dashboard\\courses\\index_syllabus.php', 6)
 2 SYSTEMPATH\View\View.php(234): include('C:\\xampp\\htdocs\\Student_Management_Portal\\app\\Views\\dashboard\\courses\\index_syllabus.php')
 3 SYSTEMPATH\View\View.php(237): CodeIgniter\View\View->CodeIgniter\View\{closure}()
 4 SYSTEMPATH\Common.php(1171): CodeIgniter\View\View->render('dashboard/courses/index_syllabus', [], true)
 5 APPPATH\Controllers\Courses.php(54): view('dashboard/courses/index_syllabus', [...])
 6 SYSTEMPATH\CodeIgniter.php(933): App\Controllers\Courses->department_syllabus('public', 'assests', 'Logo.png')
 7 SYSTEMPATH\CodeIgniter.php(509): CodeIgniter\CodeIgniter->runController(Object(App\Controllers\Courses))
 8 SYSTEMPATH\CodeIgniter.php(355): CodeIgniter\CodeIgniter->handleRequest(null, Object(Config\Cache), false)
 9 SYSTEMPATH\Boot.php(325): CodeIgniter\CodeIgniter->run()
10 SYSTEMPATH\Boot.php(67): CodeIgniter\Boot::runCodeIgniter(Object(CodeIgniter\CodeIgniter))
11 FCPATH\index.php(56): CodeIgniter\Boot::bootWeb(Object(Config\Paths))
CRITICAL - 2025-01-01 02:40:36 --> ErrorException: Trying to access array offset on value of type null
[Method: GET, Route: courses/syllabus_subjects/2/public/assests/Logo.png]
in APPPATH\Views\dashboard\courses\index_subject.php on line 6.
 1 APPPATH\Views\dashboard\courses\index_subject.php(6): CodeIgniter\Debug\Exceptions->errorHandler(2, 'Trying to access array offset on value of type null', 'C:\\xampp\\htdocs\\Student_Management_Portal\\app\\Views\\dashboard\\courses\\index_subject.php', 6)
 2 SYSTEMPATH\View\View.php(234): include('C:\\xampp\\htdocs\\Student_Management_Portal\\app\\Views\\dashboard\\courses\\index_subject.php')
 3 SYSTEMPATH\View\View.php(237): CodeIgniter\View\View->CodeIgniter\View\{closure}()
 4 SYSTEMPATH\Common.php(1171): CodeIgniter\View\View->render('dashboard/courses/index_subject', [], true)
 5 APPPATH\Controllers\Courses.php(85): view('dashboard/courses/index_subject', [...])
 6 SYSTEMPATH\CodeIgniter.php(933): App\Controllers\Courses->syllabus_subjects('2', 'public', 'assests', 'Logo.png')
 7 SYSTEMPATH\CodeIgniter.php(509): CodeIgniter\CodeIgniter->runController(Object(App\Controllers\Courses))
 8 SYSTEMPATH\CodeIgniter.php(355): CodeIgniter\CodeIgniter->handleRequest(null, Object(Config\Cache), false)
 9 SYSTEMPATH\Boot.php(325): CodeIgniter\CodeIgniter->run()
10 SYSTEMPATH\Boot.php(67): CodeIgniter\Boot::runCodeIgniter(Object(CodeIgniter\CodeIgniter))
11 FCPATH\index.php(56): CodeIgniter\Boot::bootWeb(Object(Config\Paths))
CRITICAL - 2025-01-01 02:40:39 --> ErrorException: Undefined property: App\Controllers\Courses::$departmentModel
[Method: GET, Route: courses/add_subject/2/2]
in APPPATH\Controllers\Courses.php on line 368.
 1 APPPATH\Controllers\Courses.php(368): CodeIgniter\Debug\Exceptions->errorHandler(2, 'Undefined property: App\\Controllers\\Courses::$departmentModel', 'C:\\xampp\\htdocs\\Student_Management_Portal\\app\\Controllers\\Courses.php', 368)
 2 SYSTEMPATH\CodeIgniter.php(933): App\Controllers\Courses->add_subject('2', '2')
 3 SYSTEMPATH\CodeIgniter.php(509): CodeIgniter\CodeIgniter->runController(Object(App\Controllers\Courses))
 4 SYSTEMPATH\CodeIgniter.php(355): CodeIgniter\CodeIgniter->handleRequest(null, Object(Config\Cache), false)
 5 SYSTEMPATH\Boot.php(325): CodeIgniter\CodeIgniter->run()
 6 SYSTEMPATH\Boot.php(67): CodeIgniter\Boot::runCodeIgniter(Object(CodeIgniter\CodeIgniter))
 7 FCPATH\index.php(56): CodeIgniter\Boot::bootWeb(Object(Config\Paths))
CRITICAL - 2025-01-01 02:44:48 --> ErrorException: Trying to access array offset on value of type null
[Method: GET, Route: courses/syllabus_subjects/2/public/assests/Logo.png]
in APPPATH\Views\dashboard\courses\index_subject.php on line 6.
 1 APPPATH\Views\dashboard\courses\index_subject.php(6): CodeIgniter\Debug\Exceptions->errorHandler(2, 'Trying to access array offset on value of type null', 'C:\\xampp\\htdocs\\Student_Management_Portal\\app\\Views\\dashboard\\courses\\index_subject.php', 6)
 2 SYSTEMPATH\View\View.php(234): include('C:\\xampp\\htdocs\\Student_Management_Portal\\app\\Views\\dashboard\\courses\\index_subject.php')
 3 SYSTEMPATH\View\View.php(237): CodeIgniter\View\View->CodeIgniter\View\{closure}()
 4 SYSTEMPATH\Common.php(1171): CodeIgniter\View\View->render('dashboard/courses/index_subject', [], true)
 5 APPPATH\Controllers\Courses.php(85): view('dashboard/courses/index_subject', [...])
 6 SYSTEMPATH\CodeIgniter.php(933): App\Controllers\Courses->syllabus_subjects('2', 'public', 'assests', 'Logo.png')
 7 SYSTEMPATH\CodeIgniter.php(509): CodeIgniter\CodeIgniter->runController(Object(App\Controllers\Courses))
 8 SYSTEMPATH\CodeIgniter.php(355): CodeIgniter\CodeIgniter->handleRequest(null, Object(Config\Cache), false)
 9 SYSTEMPATH\Boot.php(325): CodeIgniter\CodeIgniter->run()
10 SYSTEMPATH\Boot.php(67): CodeIgniter\Boot::runCodeIgniter(Object(CodeIgniter\CodeIgniter))
11 FCPATH\index.php(56): CodeIgniter\Boot::bootWeb(Object(Config\Paths))
CRITICAL - 2025-01-01 02:44:50 --> ErrorException: Trying to access array offset on value of type null
[Method: GET, Route: courses/department_syllabus/public/assests/Logo.png]
in APPPATH\Views\dashboard\courses\index_syllabus.php on line 6.
 1 APPPATH\Views\dashboard\courses\index_syllabus.php(6): CodeIgniter\Debug\Exceptions->errorHandler(2, 'Trying to access array offset on value of type null', 'C:\\xampp\\htdocs\\Student_Management_Portal\\app\\Views\\dashboard\\courses\\index_syllabus.php', 6)
 2 SYSTEMPATH\View\View.php(234): include('C:\\xampp\\htdocs\\Student_Management_Portal\\app\\Views\\dashboard\\courses\\index_syllabus.php')
 3 SYSTEMPATH\View\View.php(237): CodeIgniter\View\View->CodeIgniter\View\{closure}()
 4 SYSTEMPATH\Common.php(1171): CodeIgniter\View\View->render('dashboard/courses/index_syllabus', [], true)
 5 APPPATH\Controllers\Courses.php(54): view('dashboard/courses/index_syllabus', [...])
 6 SYSTEMPATH\CodeIgniter.php(933): App\Controllers\Courses->department_syllabus('public', 'assests', 'Logo.png')
 7 SYSTEMPATH\CodeIgniter.php(509): CodeIgniter\CodeIgniter->runController(Object(App\Controllers\Courses))
 8 SYSTEMPATH\CodeIgniter.php(355): CodeIgniter\CodeIgniter->handleRequest(null, Object(Config\Cache), false)
 9 SYSTEMPATH\Boot.php(325): CodeIgniter\CodeIgniter->run()
10 SYSTEMPATH\Boot.php(67): CodeIgniter\Boot::runCodeIgniter(Object(CodeIgniter\CodeIgniter))
11 FCPATH\index.php(56): CodeIgniter\Boot::bootWeb(Object(Config\Paths))
INFO - 2025-01-01 02:44:52 --> Session: Class initialized using 'CodeIgniter\Session\Handlers\FileHandler' driver.
INFO - 2025-01-01 02:44:52 --> Session: Class initialized using 'CodeIgniter\Session\Handlers\FileHandler' driver.
CRITICAL - 2025-01-01 02:44:54 --> ErrorException: Trying to access array offset on value of type null
[Method: GET, Route: courses/department_syllabus/public/assests/Logo.png]
in APPPATH\Views\dashboard\courses\index_syllabus.php on line 6.
 1 APPPATH\Views\dashboard\courses\index_syllabus.php(6): CodeIgniter\Debug\Exceptions->errorHandler(2, 'Trying to access array offset on value of type null', 'C:\\xampp\\htdocs\\Student_Management_Portal\\app\\Views\\dashboard\\courses\\index_syllabus.php', 6)
 2 SYSTEMPATH\View\View.php(234): include('C:\\xampp\\htdocs\\Student_Management_Portal\\app\\Views\\dashboard\\courses\\index_syllabus.php')
 3 SYSTEMPATH\View\View.php(237): CodeIgniter\View\View->CodeIgniter\View\{closure}()
 4 SYSTEMPATH\Common.php(1171): CodeIgniter\View\View->render('dashboard/courses/index_syllabus', [], true)
 5 APPPATH\Controllers\Courses.php(54): view('dashboard/courses/index_syllabus', [...])
 6 SYSTEMPATH\CodeIgniter.php(933): App\Controllers\Courses->department_syllabus('public', 'assests', 'Logo.png')
 7 SYSTEMPATH\CodeIgniter.php(509): CodeIgniter\CodeIgniter->runController(Object(App\Controllers\Courses))
 8 SYSTEMPATH\CodeIgniter.php(355): CodeIgniter\CodeIgniter->handleRequest(null, Object(Config\Cache), false)
 9 SYSTEMPATH\Boot.php(325): CodeIgniter\CodeIgniter->run()
10 SYSTEMPATH\Boot.php(67): CodeIgniter\Boot::runCodeIgniter(Object(CodeIgniter\CodeIgniter))
11 FCPATH\index.php(56): CodeIgniter\Boot::bootWeb(Object(Config\Paths))
CRITICAL - 2025-01-01 02:44:56 --> ErrorException: Trying to access array offset on value of type null
[Method: GET, Route: courses/syllabus_subjects/2/public/assests/Logo.png]
in APPPATH\Views\dashboard\courses\index_subject.php on line 6.
 1 APPPATH\Views\dashboard\courses\index_subject.php(6): CodeIgniter\Debug\Exceptions->errorHandler(2, 'Trying to access array offset on value of type null', 'C:\\xampp\\htdocs\\Student_Management_Portal\\app\\Views\\dashboard\\courses\\index_subject.php', 6)
 2 SYSTEMPATH\View\View.php(234): include('C:\\xampp\\htdocs\\Student_Management_Portal\\app\\Views\\dashboard\\courses\\index_subject.php')
 3 SYSTEMPATH\View\View.php(237): CodeIgniter\View\View->CodeIgniter\View\{closure}()
 4 SYSTEMPATH\Common.php(1171): CodeIgniter\View\View->render('dashboard/courses/index_subject', [], true)
 5 APPPATH\Controllers\Courses.php(85): view('dashboard/courses/index_subject', [...])
 6 SYSTEMPATH\CodeIgniter.php(933): App\Controllers\Courses->syllabus_subjects('2', 'public', 'assests', 'Logo.png')
 7 SYSTEMPATH\CodeIgniter.php(509): CodeIgniter\CodeIgniter->runController(Object(App\Controllers\Courses))
 8 SYSTEMPATH\CodeIgniter.php(355): CodeIgniter\CodeIgniter->handleRequest(null, Object(Config\Cache), false)
 9 SYSTEMPATH\Boot.php(325): CodeIgniter\CodeIgniter->run()
10 SYSTEMPATH\Boot.php(67): CodeIgniter\Boot::runCodeIgniter(Object(CodeIgniter\CodeIgniter))
11 FCPATH\index.php(56): CodeIgniter\Boot::bootWeb(Object(Config\Paths))
CRITICAL - 2025-01-01 02:44:57 --> ErrorException: Undefined property: App\Controllers\Courses::$departmentModel
[Method: GET, Route: courses/add_subject/2/2]
in APPPATH\Controllers\Courses.php on line 368.
 1 APPPATH\Controllers\Courses.php(368): CodeIgniter\Debug\Exceptions->errorHandler(2, 'Undefined property: App\\Controllers\\Courses::$departmentModel', 'C:\\xampp\\htdocs\\Student_Management_Portal\\app\\Controllers\\Courses.php', 368)
 2 SYSTEMPATH\CodeIgniter.php(933): App\Controllers\Courses->add_subject('2', '2')
 3 SYSTEMPATH\CodeIgniter.php(509): CodeIgniter\CodeIgniter->runController(Object(App\Controllers\Courses))
 4 SYSTEMPATH\CodeIgniter.php(355): CodeIgniter\CodeIgniter->handleRequest(null, Object(Config\Cache), false)
 5 SYSTEMPATH\Boot.php(325): CodeIgniter\CodeIgniter->run()
 6 SYSTEMPATH\Boot.php(67): CodeIgniter\Boot::runCodeIgniter(Object(CodeIgniter\CodeIgniter))
 7 FCPATH\index.php(56): CodeIgniter\Boot::bootWeb(Object(Config\Paths))
CRITICAL - 2025-01-01 02:54:51 --> ErrorException: Trying to access array offset on value of type null
[Method: GET, Route: courses/syllabus_subjects/2/public/assests/Logo.png]
in APPPATH\Views\dashboard\courses\index_subject.php on line 6.
 1 APPPATH\Views\dashboard\courses\index_subject.php(6): CodeIgniter\Debug\Exceptions->errorHandler(2, 'Trying to access array offset on value of type null', 'C:\\xampp\\htdocs\\Student_Management_Portal\\app\\Views\\dashboard\\courses\\index_subject.php', 6)
 2 SYSTEMPATH\View\View.php(234): include('C:\\xampp\\htdocs\\Student_Management_Portal\\app\\Views\\dashboard\\courses\\index_subject.php')
 3 SYSTEMPATH\View\View.php(237): CodeIgniter\View\View->CodeIgniter\View\{closure}()
 4 SYSTEMPATH\Common.php(1171): CodeIgniter\View\View->render('dashboard/courses/index_subject', [], true)
 5 APPPATH\Controllers\Courses.php(105): view('dashboard/courses/index_subject', [...])
 6 SYSTEMPATH\CodeIgniter.php(933): App\Controllers\Courses->syllabus_subjects('2', 'public', 'assests', 'Logo.png')
 7 SYSTEMPATH\CodeIgniter.php(509): CodeIgniter\CodeIgniter->runController(Object(App\Controllers\Courses))
 8 SYSTEMPATH\CodeIgniter.php(355): CodeIgniter\CodeIgniter->handleRequest(null, Object(Config\Cache), false)
 9 SYSTEMPATH\Boot.php(325): CodeIgniter\CodeIgniter->run()
10 SYSTEMPATH\Boot.php(67): CodeIgniter\Boot::runCodeIgniter(Object(CodeIgniter\CodeIgniter))
11 FCPATH\index.php(56): CodeIgniter\Boot::bootWeb(Object(Config\Paths))
CRITICAL - 2025-01-01 02:54:53 --> ErrorException: Trying to access array offset on value of type null
[Method: GET, Route: courses/syllabus_subjects/2/public/assests/Logo.png]
in APPPATH\Views\dashboard\courses\index_subject.php on line 6.
 1 APPPATH\Views\dashboard\courses\index_subject.php(6): CodeIgniter\Debug\Exceptions->errorHandler(2, 'Trying to access array offset on value of type null', 'C:\\xampp\\htdocs\\Student_Management_Portal\\app\\Views\\dashboard\\courses\\index_subject.php', 6)
 2 SYSTEMPATH\View\View.php(234): include('C:\\xampp\\htdocs\\Student_Management_Portal\\app\\Views\\dashboard\\courses\\index_subject.php')
 3 SYSTEMPATH\View\View.php(237): CodeIgniter\View\View->CodeIgniter\View\{closure}()
 4 SYSTEMPATH\Common.php(1171): CodeIgniter\View\View->render('dashboard/courses/index_subject', [], true)
 5 APPPATH\Controllers\Courses.php(105): view('dashboard/courses/index_subject', [...])
 6 SYSTEMPATH\CodeIgniter.php(933): App\Controllers\Courses->syllabus_subjects('2', 'public', 'assests', 'Logo.png')
 7 SYSTEMPATH\CodeIgniter.php(509): CodeIgniter\CodeIgniter->runController(Object(App\Controllers\Courses))
 8 SYSTEMPATH\CodeIgniter.php(355): CodeIgniter\CodeIgniter->handleRequest(null, Object(Config\Cache), false)
 9 SYSTEMPATH\Boot.php(325): CodeIgniter\CodeIgniter->run()
10 SYSTEMPATH\Boot.php(67): CodeIgniter\Boot::runCodeIgniter(Object(CodeIgniter\CodeIgniter))
11 FCPATH\index.php(56): CodeIgniter\Boot::bootWeb(Object(Config\Paths))
CRITICAL - 2025-01-01 02:54:54 --> CodeIgniter\View\Exceptions\ViewException: Invalid file: "courses/add_new_subject.php"
[Method: GET, Route: courses/add_subject/2/2]
in SYSTEMPATH\Exceptions\FrameworkException.php on line 41.
 1 SYSTEMPATH\View\View.php(222): CodeIgniter\Exceptions\FrameworkException::forInvalidFile('courses/add_new_subject.php')
 2 SYSTEMPATH\Common.php(1171): CodeIgniter\View\View->render('courses/add_new_subject', [], true)
 3 APPPATH\Controllers\Courses.php(397): view('courses/add_new_subject', [...])
 4 SYSTEMPATH\CodeIgniter.php(933): App\Controllers\Courses->add_subject('2', '2')
 5 SYSTEMPATH\CodeIgniter.php(509): CodeIgniter\CodeIgniter->runController(Object(App\Controllers\Courses))
 6 SYSTEMPATH\CodeIgniter.php(355): CodeIgniter\CodeIgniter->handleRequest(null, Object(Config\Cache), false)
 7 SYSTEMPATH\Boot.php(325): CodeIgniter\CodeIgniter->run()
 8 SYSTEMPATH\Boot.php(67): CodeIgniter\Boot::runCodeIgniter(Object(CodeIgniter\CodeIgniter))
 9 FCPATH\index.php(56): CodeIgniter\Boot::bootWeb(Object(Config\Paths))
CRITICAL - 2025-01-01 03:00:14 --> ErrorException: Trying to access array offset on value of type null
[Method: GET, Route: courses/syllabus_subjects/2/public/assests/Logo.png]
in APPPATH\Views\dashboard\courses\index_subject.php on line 6.
 1 APPPATH\Views\dashboard\courses\index_subject.php(6): CodeIgniter\Debug\Exceptions->errorHandler(2, 'Trying to access array offset on value of type null', 'C:\\xampp\\htdocs\\Student_Management_Portal\\app\\Views\\dashboard\\courses\\index_subject.php', 6)
 2 SYSTEMPATH\View\View.php(234): include('C:\\xampp\\htdocs\\Student_Management_Portal\\app\\Views\\dashboard\\courses\\index_subject.php')
 3 SYSTEMPATH\View\View.php(237): CodeIgniter\View\View->CodeIgniter\View\{closure}()
 4 SYSTEMPATH\Common.php(1171): CodeIgniter\View\View->render('dashboard/courses/index_subject', [], true)
 5 APPPATH\Controllers\Courses.php(105): view('dashboard/courses/index_subject', [...])
 6 SYSTEMPATH\CodeIgniter.php(933): App\Controllers\Courses->syllabus_subjects('2', 'public', 'assests', 'Logo.png')
 7 SYSTEMPATH\CodeIgniter.php(509): CodeIgniter\CodeIgniter->runController(Object(App\Controllers\Courses))
 8 SYSTEMPATH\CodeIgniter.php(355): CodeIgniter\CodeIgniter->handleRequest(null, Object(Config\Cache), false)
 9 SYSTEMPATH\Boot.php(325): CodeIgniter\CodeIgniter->run()
10 SYSTEMPATH\Boot.php(67): CodeIgniter\Boot::runCodeIgniter(Object(CodeIgniter\CodeIgniter))
11 FCPATH\index.php(56): CodeIgniter\Boot::bootWeb(Object(Config\Paths))
CRITICAL - 2025-01-01 03:00:16 --> ErrorException: Trying to access array offset on value of type null
[Method: GET, Route: courses/syllabus_subjects/2/public/assests/Logo.png]
in APPPATH\Views\dashboard\courses\index_subject.php on line 6.
 1 APPPATH\Views\dashboard\courses\index_subject.php(6): CodeIgniter\Debug\Exceptions->errorHandler(2, 'Trying to access array offset on value of type null', 'C:\\xampp\\htdocs\\Student_Management_Portal\\app\\Views\\dashboard\\courses\\index_subject.php', 6)
 2 SYSTEMPATH\View\View.php(234): include('C:\\xampp\\htdocs\\Student_Management_Portal\\app\\Views\\dashboard\\courses\\index_subject.php')
 3 SYSTEMPATH\View\View.php(237): CodeIgniter\View\View->CodeIgniter\View\{closure}()
 4 SYSTEMPATH\Common.php(1171): CodeIgniter\View\View->render('dashboard/courses/index_subject', [], true)
 5 APPPATH\Controllers\Courses.php(105): view('dashboard/courses/index_subject', [...])
 6 SYSTEMPATH\CodeIgniter.php(933): App\Controllers\Courses->syllabus_subjects('2', 'public', 'assests', 'Logo.png')
 7 SYSTEMPATH\CodeIgniter.php(509): CodeIgniter\CodeIgniter->runController(Object(App\Controllers\Courses))
 8 SYSTEMPATH\CodeIgniter.php(355): CodeIgniter\CodeIgniter->handleRequest(null, Object(Config\Cache), false)
 9 SYSTEMPATH\Boot.php(325): CodeIgniter\CodeIgniter->run()
10 SYSTEMPATH\Boot.php(67): CodeIgniter\Boot::runCodeIgniter(Object(CodeIgniter\CodeIgniter))
11 FCPATH\index.php(56): CodeIgniter\Boot::bootWeb(Object(Config\Paths))
CRITICAL - 2025-01-01 03:00:17 --> ErrorException: Trying to access array offset on value of type null
[Method: GET, Route: courses/syllabus_subjects/2/public/assests/Logo.png]
in APPPATH\Views\dashboard\courses\index_subject.php on line 6.
 1 APPPATH\Views\dashboard\courses\index_subject.php(6): CodeIgniter\Debug\Exceptions->errorHandler(2, 'Trying to access array offset on value of type null', 'C:\\xampp\\htdocs\\Student_Management_Portal\\app\\Views\\dashboard\\courses\\index_subject.php', 6)
 2 SYSTEMPATH\View\View.php(234): include('C:\\xampp\\htdocs\\Student_Management_Portal\\app\\Views\\dashboard\\courses\\index_subject.php')
 3 SYSTEMPATH\View\View.php(237): CodeIgniter\View\View->CodeIgniter\View\{closure}()
 4 SYSTEMPATH\Common.php(1171): CodeIgniter\View\View->render('dashboard/courses/index_subject', [], true)
 5 APPPATH\Controllers\Courses.php(105): view('dashboard/courses/index_subject', [...])
 6 SYSTEMPATH\CodeIgniter.php(933): App\Controllers\Courses->syllabus_subjects('2', 'public', 'assests', 'Logo.png')
 7 SYSTEMPATH\CodeIgniter.php(509): CodeIgniter\CodeIgniter->runController(Object(App\Controllers\Courses))
 8 SYSTEMPATH\CodeIgniter.php(355): CodeIgniter\CodeIgniter->handleRequest(null, Object(Config\Cache), false)
 9 SYSTEMPATH\Boot.php(325): CodeIgniter\CodeIgniter->run()
10 SYSTEMPATH\Boot.php(67): CodeIgniter\Boot::runCodeIgniter(Object(CodeIgniter\CodeIgniter))
11 FCPATH\index.php(56): CodeIgniter\Boot::bootWeb(Object(Config\Paths))
CRITICAL - 2025-01-01 03:00:18 --> ErrorException: Trying to access array offset on value of type null
[Method: GET, Route: courses/add_subject/2/public/assests/Logo.png]
in APPPATH\Views\dashboard\courses\add_new_subject.php on line 42.
 1 APPPATH\Views\dashboard\courses\add_new_subject.php(42): CodeIgniter\Debug\Exceptions->errorHandler(2, 'Trying to access array offset on value of type null', 'C:\\xampp\\htdocs\\Student_Management_Portal\\app\\Views\\dashboard\\courses\\add_new_subject.php', 42)
 2 SYSTEMPATH\View\View.php(234): include('C:\\xampp\\htdocs\\Student_Management_Portal\\app\\Views\\dashboard\\courses\\add_new_subject.php')
 3 SYSTEMPATH\View\View.php(237): CodeIgniter\View\View->CodeIgniter\View\{closure}()
 4 SYSTEMPATH\Common.php(1171): CodeIgniter\View\View->render('dashboard/courses/add_new_subject', [], true)
 5 APPPATH\Controllers\Courses.php(397): view('dashboard/courses/add_new_subject', [...])
 6 SYSTEMPATH\CodeIgniter.php(933): App\Controllers\Courses->add_subject('2', 'public', 'assests', 'Logo.png')
 7 SYSTEMPATH\CodeIgniter.php(509): CodeIgniter\CodeIgniter->runController(Object(App\Controllers\Courses))
 8 SYSTEMPATH\CodeIgniter.php(355): CodeIgniter\CodeIgniter->handleRequest(null, Object(Config\Cache), false)
 9 SYSTEMPATH\Boot.php(325): CodeIgniter\CodeIgniter->run()
10 SYSTEMPATH\Boot.php(67): CodeIgniter\Boot::runCodeIgniter(Object(CodeIgniter\CodeIgniter))
11 FCPATH\index.php(56): CodeIgniter\Boot::bootWeb(Object(Config\Paths))
CRITICAL - 2025-01-01 03:00:18 --> ErrorException: Trying to access array offset on value of type null
[Method: GET, Route: courses/add_subject/2/public/assests/Logo.png]
in APPPATH\Views\dashboard\courses\add_new_subject.php on line 42.
 1 APPPATH\Views\dashboard\courses\add_new_subject.php(42): CodeIgniter\Debug\Exceptions->errorHandler(2, 'Trying to access array offset on value of type null', 'C:\\xampp\\htdocs\\Student_Management_Portal\\app\\Views\\dashboard\\courses\\add_new_subject.php', 42)
 2 SYSTEMPATH\View\View.php(234): include('C:\\xampp\\htdocs\\Student_Management_Portal\\app\\Views\\dashboard\\courses\\add_new_subject.php')
 3 SYSTEMPATH\View\View.php(237): CodeIgniter\View\View->CodeIgniter\View\{closure}()
 4 SYSTEMPATH\Common.php(1171): CodeIgniter\View\View->render('dashboard/courses/add_new_subject', [], true)
 5 APPPATH\Controllers\Courses.php(397): view('dashboard/courses/add_new_subject', [...])
 6 SYSTEMPATH\CodeIgniter.php(933): App\Controllers\Courses->add_subject('2', 'public', 'assests', 'Logo.png')
 7 SYSTEMPATH\CodeIgniter.php(509): CodeIgniter\CodeIgniter->runController(Object(App\Controllers\Courses))
 8 SYSTEMPATH\CodeIgniter.php(355): CodeIgniter\CodeIgniter->handleRequest(null, Object(Config\Cache), false)
 9 SYSTEMPATH\Boot.php(325): CodeIgniter\CodeIgniter->run()
10 SYSTEMPATH\Boot.php(67): CodeIgniter\Boot::runCodeIgniter(Object(CodeIgniter\CodeIgniter))
11 FCPATH\index.php(56): CodeIgniter\Boot::bootWeb(Object(Config\Paths))
CRITICAL - 2025-01-01 03:00:36 --> ErrorException: Trying to access array offset on value of type null
[Method: GET, Route: courses/syllabus_subjects/2/public/assests/Logo.png]
in APPPATH\Views\dashboard\courses\index_subject.php on line 6.
 1 APPPATH\Views\dashboard\courses\index_subject.php(6): CodeIgniter\Debug\Exceptions->errorHandler(2, 'Trying to access array offset on value of type null', 'C:\\xampp\\htdocs\\Student_Management_Portal\\app\\Views\\dashboard\\courses\\index_subject.php', 6)
 2 SYSTEMPATH\View\View.php(234): include('C:\\xampp\\htdocs\\Student_Management_Portal\\app\\Views\\dashboard\\courses\\index_subject.php')
 3 SYSTEMPATH\View\View.php(237): CodeIgniter\View\View->CodeIgniter\View\{closure}()
 4 SYSTEMPATH\Common.php(1171): CodeIgniter\View\View->render('dashboard/courses/index_subject', [], true)
 5 APPPATH\Controllers\Courses.php(105): view('dashboard/courses/index_subject', [...])
 6 SYSTEMPATH\CodeIgniter.php(933): App\Controllers\Courses->syllabus_subjects('2', 'public', 'assests', 'Logo.png')
 7 SYSTEMPATH\CodeIgniter.php(509): CodeIgniter\CodeIgniter->runController(Object(App\Controllers\Courses))
 8 SYSTEMPATH\CodeIgniter.php(355): CodeIgniter\CodeIgniter->handleRequest(null, Object(Config\Cache), false)
 9 SYSTEMPATH\Boot.php(325): CodeIgniter\CodeIgniter->run()
10 SYSTEMPATH\Boot.php(67): CodeIgniter\Boot::runCodeIgniter(Object(CodeIgniter\CodeIgniter))
11 FCPATH\index.php(56): CodeIgniter\Boot::bootWeb(Object(Config\Paths))
CRITICAL - 2025-01-01 03:00:37 --> ErrorException: Trying to access array offset on value of type null
[Method: GET, Route: courses/department_syllabus/public/assests/Logo.png]
in APPPATH\Views\dashboard\courses\index_syllabus.php on line 6.
 1 APPPATH\Views\dashboard\courses\index_syllabus.php(6): CodeIgniter\Debug\Exceptions->errorHandler(2, 'Trying to access array offset on value of type null', 'C:\\xampp\\htdocs\\Student_Management_Portal\\app\\Views\\dashboard\\courses\\index_syllabus.php', 6)
 2 SYSTEMPATH\View\View.php(234): include('C:\\xampp\\htdocs\\Student_Management_Portal\\app\\Views\\dashboard\\courses\\index_syllabus.php')
 3 SYSTEMPATH\View\View.php(237): CodeIgniter\View\View->CodeIgniter\View\{closure}()
 4 SYSTEMPATH\Common.php(1171): CodeIgniter\View\View->render('dashboard/courses/index_syllabus', [], true)
 5 APPPATH\Controllers\Courses.php(74): view('dashboard/courses/index_syllabus', [...])
 6 SYSTEMPATH\CodeIgniter.php(933): App\Controllers\Courses->department_syllabus('public', 'assests', 'Logo.png')
 7 SYSTEMPATH\CodeIgniter.php(509): CodeIgniter\CodeIgniter->runController(Object(App\Controllers\Courses))
 8 SYSTEMPATH\CodeIgniter.php(355): CodeIgniter\CodeIgniter->handleRequest(null, Object(Config\Cache), false)
 9 SYSTEMPATH\Boot.php(325): CodeIgniter\CodeIgniter->run()
10 SYSTEMPATH\Boot.php(67): CodeIgniter\Boot::runCodeIgniter(Object(CodeIgniter\CodeIgniter))
11 FCPATH\index.php(56): CodeIgniter\Boot::bootWeb(Object(Config\Paths))
INFO - 2025-01-01 03:00:38 --> Session: Class initialized using 'CodeIgniter\Session\Handlers\FileHandler' driver.
CRITICAL - 2025-01-01 03:00:40 --> ErrorException: Trying to access array offset on value of type null
[Method: GET, Route: courses/department_syllabus/public/assests/Logo.png]
in APPPATH\Views\dashboard\courses\index_syllabus.php on line 6.
 1 APPPATH\Views\dashboard\courses\index_syllabus.php(6): CodeIgniter\Debug\Exceptions->errorHandler(2, 'Trying to access array offset on value of type null', 'C:\\xampp\\htdocs\\Student_Management_Portal\\app\\Views\\dashboard\\courses\\index_syllabus.php', 6)
 2 SYSTEMPATH\View\View.php(234): include('C:\\xampp\\htdocs\\Student_Management_Portal\\app\\Views\\dashboard\\courses\\index_syllabus.php')
 3 SYSTEMPATH\View\View.php(237): CodeIgniter\View\View->CodeIgniter\View\{closure}()
 4 SYSTEMPATH\Common.php(1171): CodeIgniter\View\View->render('dashboard/courses/index_syllabus', [], true)
 5 APPPATH\Controllers\Courses.php(74): view('dashboard/courses/index_syllabus', [...])
 6 SYSTEMPATH\CodeIgniter.php(933): App\Controllers\Courses->department_syllabus('public', 'assests', 'Logo.png')
 7 SYSTEMPATH\CodeIgniter.php(509): CodeIgniter\CodeIgniter->runController(Object(App\Controllers\Courses))
 8 SYSTEMPATH\CodeIgniter.php(355): CodeIgniter\CodeIgniter->handleRequest(null, Object(Config\Cache), false)
 9 SYSTEMPATH\Boot.php(325): CodeIgniter\CodeIgniter->run()
10 SYSTEMPATH\Boot.php(67): CodeIgniter\Boot::runCodeIgniter(Object(CodeIgniter\CodeIgniter))
11 FCPATH\index.php(56): CodeIgniter\Boot::bootWeb(Object(Config\Paths))
INFO - 2025-01-01 03:00:41 --> Session: Class initialized using 'CodeIgniter\Session\Handlers\FileHandler' driver.
INFO - 2025-01-01 03:00:42 --> Session: Class initialized using 'CodeIgniter\Session\Handlers\FileHandler' driver.
CRITICAL - 2025-01-01 03:00:44 --> ErrorException: Trying to access array offset on value of type null
[Method: GET, Route: courses/department_syllabus/public/assests/Logo.png]
in APPPATH\Views\dashboard\courses\index_syllabus.php on line 6.
 1 APPPATH\Views\dashboard\courses\index_syllabus.php(6): CodeIgniter\Debug\Exceptions->errorHandler(2, 'Trying to access array offset on value of type null', 'C:\\xampp\\htdocs\\Student_Management_Portal\\app\\Views\\dashboard\\courses\\index_syllabus.php', 6)
 2 SYSTEMPATH\View\View.php(234): include('C:\\xampp\\htdocs\\Student_Management_Portal\\app\\Views\\dashboard\\courses\\index_syllabus.php')
 3 SYSTEMPATH\View\View.php(237): CodeIgniter\View\View->CodeIgniter\View\{closure}()
 4 SYSTEMPATH\Common.php(1171): CodeIgniter\View\View->render('dashboard/courses/index_syllabus', [], true)
 5 APPPATH\Controllers\Courses.php(74): view('dashboard/courses/index_syllabus', [...])
 6 SYSTEMPATH\CodeIgniter.php(933): App\Controllers\Courses->department_syllabus('public', 'assests', 'Logo.png')
 7 SYSTEMPATH\CodeIgniter.php(509): CodeIgniter\CodeIgniter->runController(Object(App\Controllers\Courses))
 8 SYSTEMPATH\CodeIgniter.php(355): CodeIgniter\CodeIgniter->handleRequest(null, Object(Config\Cache), false)
 9 SYSTEMPATH\Boot.php(325): CodeIgniter\CodeIgniter->run()
10 SYSTEMPATH\Boot.php(67): CodeIgniter\Boot::runCodeIgniter(Object(CodeIgniter\CodeIgniter))
11 FCPATH\index.php(56): CodeIgniter\Boot::bootWeb(Object(Config\Paths))
CRITICAL - 2025-01-01 03:00:45 --> ErrorException: Trying to access array offset on value of type null
[Method: GET, Route: courses/syllabus_subjects/2/public/assests/Logo.png]
in APPPATH\Views\dashboard\courses\index_subject.php on line 6.
 1 APPPATH\Views\dashboard\courses\index_subject.php(6): CodeIgniter\Debug\Exceptions->errorHandler(2, 'Trying to access array offset on value of type null', 'C:\\xampp\\htdocs\\Student_Management_Portal\\app\\Views\\dashboard\\courses\\index_subject.php', 6)
 2 SYSTEMPATH\View\View.php(234): include('C:\\xampp\\htdocs\\Student_Management_Portal\\app\\Views\\dashboard\\courses\\index_subject.php')
 3 SYSTEMPATH\View\View.php(237): CodeIgniter\View\View->CodeIgniter\View\{closure}()
 4 SYSTEMPATH\Common.php(1171): CodeIgniter\View\View->render('dashboard/courses/index_subject', [], true)
 5 APPPATH\Controllers\Courses.php(105): view('dashboard/courses/index_subject', [...])
 6 SYSTEMPATH\CodeIgniter.php(933): App\Controllers\Courses->syllabus_subjects('2', 'public', 'assests', 'Logo.png')
 7 SYSTEMPATH\CodeIgniter.php(509): CodeIgniter\CodeIgniter->runController(Object(App\Controllers\Courses))
 8 SYSTEMPATH\CodeIgniter.php(355): CodeIgniter\CodeIgniter->handleRequest(null, Object(Config\Cache), false)
 9 SYSTEMPATH\Boot.php(325): CodeIgniter\CodeIgniter->run()
10 SYSTEMPATH\Boot.php(67): CodeIgniter\Boot::runCodeIgniter(Object(CodeIgniter\CodeIgniter))
11 FCPATH\index.php(56): CodeIgniter\Boot::bootWeb(Object(Config\Paths))
CRITICAL - 2025-01-01 03:02:30 --> ErrorException: Trying to access array offset on value of type null
[Method: GET, Route: courses/add_subject/2/public/assests/Logo.png]
in APPPATH\Views\dashboard\courses\add_new_subject.php on line 42.
 1 APPPATH\Views\dashboard\courses\add_new_subject.php(42): CodeIgniter\Debug\Exceptions->errorHandler(2, 'Trying to access array offset on value of type null', 'C:\\xampp\\htdocs\\Student_Management_Portal\\app\\Views\\dashboard\\courses\\add_new_subject.php', 42)
 2 SYSTEMPATH\View\View.php(234): include('C:\\xampp\\htdocs\\Student_Management_Portal\\app\\Views\\dashboard\\courses\\add_new_subject.php')
 3 SYSTEMPATH\View\View.php(237): CodeIgniter\View\View->CodeIgniter\View\{closure}()
 4 SYSTEMPATH\Common.php(1171): CodeIgniter\View\View->render('dashboard/courses/add_new_subject', [], true)
 5 APPPATH\Controllers\Courses.php(397): view('dashboard/courses/add_new_subject', [...])
 6 SYSTEMPATH\CodeIgniter.php(933): App\Controllers\Courses->add_subject('2', 'public', 'assests', 'Logo.png')
 7 SYSTEMPATH\CodeIgniter.php(509): CodeIgniter\CodeIgniter->runController(Object(App\Controllers\Courses))
 8 SYSTEMPATH\CodeIgniter.php(355): CodeIgniter\CodeIgniter->handleRequest(null, Object(Config\Cache), false)
 9 SYSTEMPATH\Boot.php(325): CodeIgniter\CodeIgniter->run()
10 SYSTEMPATH\Boot.php(67): CodeIgniter\Boot::runCodeIgniter(Object(CodeIgniter\CodeIgniter))
11 FCPATH\index.php(56): CodeIgniter\Boot::bootWeb(Object(Config\Paths))
CRITICAL - 2025-01-01 03:02:37 --> ErrorException: Trying to access array offset on value of type null
[Method: GET, Route: courses/syllabus_subjects/2/public/assests/Logo.png]
in APPPATH\Views\dashboard\courses\index_subject.php on line 6.
 1 APPPATH\Views\dashboard\courses\index_subject.php(6): CodeIgniter\Debug\Exceptions->errorHandler(2, 'Trying to access array offset on value of type null', 'C:\\xampp\\htdocs\\Student_Management_Portal\\app\\Views\\dashboard\\courses\\index_subject.php', 6)
 2 SYSTEMPATH\View\View.php(234): include('C:\\xampp\\htdocs\\Student_Management_Portal\\app\\Views\\dashboard\\courses\\index_subject.php')
 3 SYSTEMPATH\View\View.php(237): CodeIgniter\View\View->CodeIgniter\View\{closure}()
 4 SYSTEMPATH\Common.php(1171): CodeIgniter\View\View->render('dashboard/courses/index_subject', [], true)
 5 APPPATH\Controllers\Courses.php(105): view('dashboard/courses/index_subject', [...])
 6 SYSTEMPATH\CodeIgniter.php(933): App\Controllers\Courses->syllabus_subjects('2', 'public', 'assests', 'Logo.png')
 7 SYSTEMPATH\CodeIgniter.php(509): CodeIgniter\CodeIgniter->runController(Object(App\Controllers\Courses))
 8 SYSTEMPATH\CodeIgniter.php(355): CodeIgniter\CodeIgniter->handleRequest(null, Object(Config\Cache), false)
 9 SYSTEMPATH\Boot.php(325): CodeIgniter\CodeIgniter->run()
10 SYSTEMPATH\Boot.php(67): CodeIgniter\Boot::runCodeIgniter(Object(CodeIgniter\CodeIgniter))
11 FCPATH\index.php(56): CodeIgniter\Boot::bootWeb(Object(Config\Paths))
CRITICAL - 2025-01-01 03:02:41 --> ErrorException: Trying to access array offset on value of type null
[Method: GET, Route: courses/add_subject/2/public/assests/Logo.png]
in APPPATH\Views\dashboard\courses\add_new_subject.php on line 42.
 1 APPPATH\Views\dashboard\courses\add_new_subject.php(42): CodeIgniter\Debug\Exceptions->errorHandler(2, 'Trying to access array offset on value of type null', 'C:\\xampp\\htdocs\\Student_Management_Portal\\app\\Views\\dashboard\\courses\\add_new_subject.php', 42)
 2 SYSTEMPATH\View\View.php(234): include('C:\\xampp\\htdocs\\Student_Management_Portal\\app\\Views\\dashboard\\courses\\add_new_subject.php')
 3 SYSTEMPATH\View\View.php(237): CodeIgniter\View\View->CodeIgniter\View\{closure}()
 4 SYSTEMPATH\Common.php(1171): CodeIgniter\View\View->render('dashboard/courses/add_new_subject', [], true)
 5 APPPATH\Controllers\Courses.php(397): view('dashboard/courses/add_new_subject', [...])
 6 SYSTEMPATH\CodeIgniter.php(933): App\Controllers\Courses->add_subject('2', 'public', 'assests', 'Logo.png')
 7 SYSTEMPATH\CodeIgniter.php(509): CodeIgniter\CodeIgniter->runController(Object(App\Controllers\Courses))
 8 SYSTEMPATH\CodeIgniter.php(355): CodeIgniter\CodeIgniter->handleRequest(null, Object(Config\Cache), false)
 9 SYSTEMPATH\Boot.php(325): CodeIgniter\CodeIgniter->run()
10 SYSTEMPATH\Boot.php(67): CodeIgniter\Boot::runCodeIgniter(Object(CodeIgniter\CodeIgniter))
11 FCPATH\index.php(56): CodeIgniter\Boot::bootWeb(Object(Config\Paths))
INFO - 2025-01-01 03:03:10 --> Session: Class initialized using 'CodeIgniter\Session\Handlers\FileHandler' driver.
CRITICAL - 2025-01-01 03:03:10 --> ErrorException: Trying to access array offset on value of type null
[Method: GET, Route: courses/syllabus_subjects/2/public/assests/Logo.png]
in APPPATH\Views\dashboard\courses\index_subject.php on line 6.
 1 APPPATH\Views\dashboard\courses\index_subject.php(6): CodeIgniter\Debug\Exceptions->errorHandler(2, 'Trying to access array offset on value of type null', 'C:\\xampp\\htdocs\\Student_Management_Portal\\app\\Views\\dashboard\\courses\\index_subject.php', 6)
 2 SYSTEMPATH\View\View.php(234): include('C:\\xampp\\htdocs\\Student_Management_Portal\\app\\Views\\dashboard\\courses\\index_subject.php')
 3 SYSTEMPATH\View\View.php(237): CodeIgniter\View\View->CodeIgniter\View\{closure}()
 4 SYSTEMPATH\Common.php(1171): CodeIgniter\View\View->render('dashboard/courses/index_subject', [], true)
 5 APPPATH\Controllers\Courses.php(105): view('dashboard/courses/index_subject', [...])
 6 SYSTEMPATH\CodeIgniter.php(933): App\Controllers\Courses->syllabus_subjects('2', 'public', 'assests', 'Logo.png')
 7 SYSTEMPATH\CodeIgniter.php(509): CodeIgniter\CodeIgniter->runController(Object(App\Controllers\Courses))
 8 SYSTEMPATH\CodeIgniter.php(355): CodeIgniter\CodeIgniter->handleRequest(null, Object(Config\Cache), false)
 9 SYSTEMPATH\Boot.php(325): CodeIgniter\CodeIgniter->run()
10 SYSTEMPATH\Boot.php(67): CodeIgniter\Boot::runCodeIgniter(Object(CodeIgniter\CodeIgniter))
11 FCPATH\index.php(56): CodeIgniter\Boot::bootWeb(Object(Config\Paths))
CRITICAL - 2025-01-01 03:03:25 --> ErrorException: Trying to access array offset on value of type null
[Method: GET, Route: courses/syllabus_subjects/2/public/assests/Logo.png]
in APPPATH\Views\dashboard\courses\index_subject.php on line 6.
 1 APPPATH\Views\dashboard\courses\index_subject.php(6): CodeIgniter\Debug\Exceptions->errorHandler(2, 'Trying to access array offset on value of type null', 'C:\\xampp\\htdocs\\Student_Management_Portal\\app\\Views\\dashboard\\courses\\index_subject.php', 6)
 2 SYSTEMPATH\View\View.php(234): include('C:\\xampp\\htdocs\\Student_Management_Portal\\app\\Views\\dashboard\\courses\\index_subject.php')
 3 SYSTEMPATH\View\View.php(237): CodeIgniter\View\View->CodeIgniter\View\{closure}()
 4 SYSTEMPATH\Common.php(1171): CodeIgniter\View\View->render('dashboard/courses/index_subject', [], true)
 5 APPPATH\Controllers\Courses.php(105): view('dashboard/courses/index_subject', [...])
 6 SYSTEMPATH\CodeIgniter.php(933): App\Controllers\Courses->syllabus_subjects('2', 'public', 'assests', 'Logo.png')
 7 SYSTEMPATH\CodeIgniter.php(509): CodeIgniter\CodeIgniter->runController(Object(App\Controllers\Courses))
 8 SYSTEMPATH\CodeIgniter.php(355): CodeIgniter\CodeIgniter->handleRequest(null, Object(Config\Cache), false)
 9 SYSTEMPATH\Boot.php(325): CodeIgniter\CodeIgniter->run()
10 SYSTEMPATH\Boot.php(67): CodeIgniter\Boot::runCodeIgniter(Object(CodeIgniter\CodeIgniter))
11 FCPATH\index.php(56): CodeIgniter\Boot::bootWeb(Object(Config\Paths))
CRITICAL - 2025-01-01 03:13:06 --> ErrorException: Trying to access array offset on value of type null
[Method: GET, Route: courses/add_subject/2/public/assests/Logo.png]
in APPPATH\Views\dashboard\courses\add_new_subject.php on line 42.
 1 APPPATH\Views\dashboard\courses\add_new_subject.php(42): CodeIgniter\Debug\Exceptions->errorHandler(2, 'Trying to access array offset on value of type null', 'C:\\xampp\\htdocs\\Student_Management_Portal\\app\\Views\\dashboard\\courses\\add_new_subject.php', 42)
 2 SYSTEMPATH\View\View.php(234): include('C:\\xampp\\htdocs\\Student_Management_Portal\\app\\Views\\dashboard\\courses\\add_new_subject.php')
 3 SYSTEMPATH\View\View.php(237): CodeIgniter\View\View->CodeIgniter\View\{closure}()
 4 SYSTEMPATH\Common.php(1171): CodeIgniter\View\View->render('dashboard/courses/add_new_subject', [], true)
 5 APPPATH\Controllers\Courses.php(397): view('dashboard/courses/add_new_subject', [...])
 6 SYSTEMPATH\CodeIgniter.php(933): App\Controllers\Courses->add_subject('2', 'public', 'assests', 'Logo.png')
 7 SYSTEMPATH\CodeIgniter.php(509): CodeIgniter\CodeIgniter->runController(Object(App\Controllers\Courses))
 8 SYSTEMPATH\CodeIgniter.php(355): CodeIgniter\CodeIgniter->handleRequest(null, Object(Config\Cache), false)
 9 SYSTEMPATH\Boot.php(325): CodeIgniter\CodeIgniter->run()
10 SYSTEMPATH\Boot.php(67): CodeIgniter\Boot::runCodeIgniter(Object(CodeIgniter\CodeIgniter))
11 FCPATH\index.php(56): CodeIgniter\Boot::bootWeb(Object(Config\Paths))
CRITICAL - 2025-01-01 03:13:08 --> ErrorException: Trying to access array offset on value of type null
[Method: GET, Route: courses/syllabus_subjects/2/public/assests/Logo.png]
in APPPATH\Views\dashboard\courses\index_subject.php on line 6.
 1 APPPATH\Views\dashboard\courses\index_subject.php(6): CodeIgniter\Debug\Exceptions->errorHandler(2, 'Trying to access array offset on value of type null', 'C:\\xampp\\htdocs\\Student_Management_Portal\\app\\Views\\dashboard\\courses\\index_subject.php', 6)
 2 SYSTEMPATH\View\View.php(234): include('C:\\xampp\\htdocs\\Student_Management_Portal\\app\\Views\\dashboard\\courses\\index_subject.php')
 3 SYSTEMPATH\View\View.php(237): CodeIgniter\View\View->CodeIgniter\View\{closure}()
 4 SYSTEMPATH\Common.php(1171): CodeIgniter\View\View->render('dashboard/courses/index_subject', [], true)
 5 APPPATH\Controllers\Courses.php(105): view('dashboard/courses/index_subject', [...])
 6 SYSTEMPATH\CodeIgniter.php(933): App\Controllers\Courses->syllabus_subjects('2', 'public', 'assests', 'Logo.png')
 7 SYSTEMPATH\CodeIgniter.php(509): CodeIgniter\CodeIgniter->runController(Object(App\Controllers\Courses))
 8 SYSTEMPATH\CodeIgniter.php(355): CodeIgniter\CodeIgniter->handleRequest(null, Object(Config\Cache), false)
 9 SYSTEMPATH\Boot.php(325): CodeIgniter\CodeIgniter->run()
10 SYSTEMPATH\Boot.php(67): CodeIgniter\Boot::runCodeIgniter(Object(CodeIgniter\CodeIgniter))
11 FCPATH\index.php(56): CodeIgniter\Boot::bootWeb(Object(Config\Paths))
CRITICAL - 2025-01-01 03:19:21 --> ErrorException: Trying to access array offset on value of type null
[Method: GET, Route: courses/syllabus_subjects/2/public/assests/Logo.png]
in APPPATH\Views\dashboard\courses\index_subject.php on line 6.
 1 APPPATH\Views\dashboard\courses\index_subject.php(6): CodeIgniter\Debug\Exceptions->errorHandler(2, 'Trying to access array offset on value of type null', 'C:\\xampp\\htdocs\\Student_Management_Portal\\app\\Views\\dashboard\\courses\\index_subject.php', 6)
 2 SYSTEMPATH\View\View.php(234): include('C:\\xampp\\htdocs\\Student_Management_Portal\\app\\Views\\dashboard\\courses\\index_subject.php')
 3 SYSTEMPATH\View\View.php(237): CodeIgniter\View\View->CodeIgniter\View\{closure}()
 4 SYSTEMPATH\Common.php(1171): CodeIgniter\View\View->render('dashboard/courses/index_subject', [], true)
 5 APPPATH\Controllers\Courses.php(119): view('dashboard/courses/index_subject', [...])
 6 SYSTEMPATH\CodeIgniter.php(933): App\Controllers\Courses->syllabus_subjects('2', 'public', 'assests', 'Logo.png')
 7 SYSTEMPATH\CodeIgniter.php(509): CodeIgniter\CodeIgniter->runController(Object(App\Controllers\Courses))
 8 SYSTEMPATH\CodeIgniter.php(355): CodeIgniter\CodeIgniter->handleRequest(null, Object(Config\Cache), false)
 9 SYSTEMPATH\Boot.php(325): CodeIgniter\CodeIgniter->run()
10 SYSTEMPATH\Boot.php(67): CodeIgniter\Boot::runCodeIgniter(Object(CodeIgniter\CodeIgniter))
11 FCPATH\index.php(56): CodeIgniter\Boot::bootWeb(Object(Config\Paths))
CRITICAL - 2025-01-01 03:19:33 --> ErrorException: Trying to access array offset on value of type null
[Method: GET, Route: courses/syllabus_subjects/2/public/assests/Logo.png]
in APPPATH\Views\dashboard\courses\index_subject.php on line 6.
 1 APPPATH\Views\dashboard\courses\index_subject.php(6): CodeIgniter\Debug\Exceptions->errorHandler(2, 'Trying to access array offset on value of type null', 'C:\\xampp\\htdocs\\Student_Management_Portal\\app\\Views\\dashboard\\courses\\index_subject.php', 6)
 2 SYSTEMPATH\View\View.php(234): include('C:\\xampp\\htdocs\\Student_Management_Portal\\app\\Views\\dashboard\\courses\\index_subject.php')
 3 SYSTEMPATH\View\View.php(237): CodeIgniter\View\View->CodeIgniter\View\{closure}()
 4 SYSTEMPATH\Common.php(1171): CodeIgniter\View\View->render('dashboard/courses/index_subject', [], true)
 5 APPPATH\Controllers\Courses.php(119): view('dashboard/courses/index_subject', [...])
 6 SYSTEMPATH\CodeIgniter.php(933): App\Controllers\Courses->syllabus_subjects('2', 'public', 'assests', 'Logo.png')
 7 SYSTEMPATH\CodeIgniter.php(509): CodeIgniter\CodeIgniter->runController(Object(App\Controllers\Courses))
 8 SYSTEMPATH\CodeIgniter.php(355): CodeIgniter\CodeIgniter->handleRequest(null, Object(Config\Cache), false)
 9 SYSTEMPATH\Boot.php(325): CodeIgniter\CodeIgniter->run()
10 SYSTEMPATH\Boot.php(67): CodeIgniter\Boot::runCodeIgniter(Object(CodeIgniter\CodeIgniter))
11 FCPATH\index.php(56): CodeIgniter\Boot::bootWeb(Object(Config\Paths))
CRITICAL - 2025-01-01 03:19:49 --> ErrorException: Trying to access array offset on value of type null
[Method: GET, Route: courses/syllabus_subjects/2/public/assests/Logo.png]
in APPPATH\Views\dashboard\courses\index_subject.php on line 6.
 1 APPPATH\Views\dashboard\courses\index_subject.php(6): CodeIgniter\Debug\Exceptions->errorHandler(2, 'Trying to access array offset on value of type null', 'C:\\xampp\\htdocs\\Student_Management_Portal\\app\\Views\\dashboard\\courses\\index_subject.php', 6)
 2 SYSTEMPATH\View\View.php(234): include('C:\\xampp\\htdocs\\Student_Management_Portal\\app\\Views\\dashboard\\courses\\index_subject.php')
 3 SYSTEMPATH\View\View.php(237): CodeIgniter\View\View->CodeIgniter\View\{closure}()
 4 SYSTEMPATH\Common.php(1171): CodeIgniter\View\View->render('dashboard/courses/index_subject', [], true)
 5 APPPATH\Controllers\Courses.php(119): view('dashboard/courses/index_subject', [...])
 6 SYSTEMPATH\CodeIgniter.php(933): App\Controllers\Courses->syllabus_subjects('2', 'public', 'assests', 'Logo.png')
 7 SYSTEMPATH\CodeIgniter.php(509): CodeIgniter\CodeIgniter->runController(Object(App\Controllers\Courses))
 8 SYSTEMPATH\CodeIgniter.php(355): CodeIgniter\CodeIgniter->handleRequest(null, Object(Config\Cache), false)
 9 SYSTEMPATH\Boot.php(325): CodeIgniter\CodeIgniter->run()
10 SYSTEMPATH\Boot.php(67): CodeIgniter\Boot::runCodeIgniter(Object(CodeIgniter\CodeIgniter))
11 FCPATH\index.php(56): CodeIgniter\Boot::bootWeb(Object(Config\Paths))
CRITICAL - 2025-01-01 03:20:08 --> ErrorException: Trying to access array offset on value of type null
[Method: GET, Route: courses/syllabus_subjects/2/public/assests/Logo.png]
in APPPATH\Views\dashboard\courses\index_subject.php on line 6.
 1 APPPATH\Views\dashboard\courses\index_subject.php(6): CodeIgniter\Debug\Exceptions->errorHandler(2, 'Trying to access array offset on value of type null', 'C:\\xampp\\htdocs\\Student_Management_Portal\\app\\Views\\dashboard\\courses\\index_subject.php', 6)
 2 SYSTEMPATH\View\View.php(234): include('C:\\xampp\\htdocs\\Student_Management_Portal\\app\\Views\\dashboard\\courses\\index_subject.php')
 3 SYSTEMPATH\View\View.php(237): CodeIgniter\View\View->CodeIgniter\View\{closure}()
 4 SYSTEMPATH\Common.php(1171): CodeIgniter\View\View->render('dashboard/courses/index_subject', [], true)
 5 APPPATH\Controllers\Courses.php(119): view('dashboard/courses/index_subject', [...])
 6 SYSTEMPATH\CodeIgniter.php(933): App\Controllers\Courses->syllabus_subjects('2', 'public', 'assests', 'Logo.png')
 7 SYSTEMPATH\CodeIgniter.php(509): CodeIgniter\CodeIgniter->runController(Object(App\Controllers\Courses))
 8 SYSTEMPATH\CodeIgniter.php(355): CodeIgniter\CodeIgniter->handleRequest(null, Object(Config\Cache), false)
 9 SYSTEMPATH\Boot.php(325): CodeIgniter\CodeIgniter->run()
10 SYSTEMPATH\Boot.php(67): CodeIgniter\Boot::runCodeIgniter(Object(CodeIgniter\CodeIgniter))
11 FCPATH\index.php(56): CodeIgniter\Boot::bootWeb(Object(Config\Paths))
CRITICAL - 2025-01-01 03:20:09 --> ErrorException: Trying to access array offset on value of type null
[Method: GET, Route: courses/add_subject/2/public/assests/Logo.png]
in APPPATH\Views\dashboard\courses\add_new_subject.php on line 42.
 1 APPPATH\Views\dashboard\courses\add_new_subject.php(42): CodeIgniter\Debug\Exceptions->errorHandler(2, 'Trying to access array offset on value of type null', 'C:\\xampp\\htdocs\\Student_Management_Portal\\app\\Views\\dashboard\\courses\\add_new_subject.php', 42)
 2 SYSTEMPATH\View\View.php(234): include('C:\\xampp\\htdocs\\Student_Management_Portal\\app\\Views\\dashboard\\courses\\add_new_subject.php')
 3 SYSTEMPATH\View\View.php(237): CodeIgniter\View\View->CodeIgniter\View\{closure}()
 4 SYSTEMPATH\Common.php(1171): CodeIgniter\View\View->render('dashboard/courses/add_new_subject', [], true)
 5 APPPATH\Controllers\Courses.php(413): view('dashboard/courses/add_new_subject', [...])
 6 SYSTEMPATH\CodeIgniter.php(933): App\Controllers\Courses->add_subject('2', 'public', 'assests', 'Logo.png')
 7 SYSTEMPATH\CodeIgniter.php(509): CodeIgniter\CodeIgniter->runController(Object(App\Controllers\Courses))
 8 SYSTEMPATH\CodeIgniter.php(355): CodeIgniter\CodeIgniter->handleRequest(null, Object(Config\Cache), false)
 9 SYSTEMPATH\Boot.php(325): CodeIgniter\CodeIgniter->run()
10 SYSTEMPATH\Boot.php(67): CodeIgniter\Boot::runCodeIgniter(Object(CodeIgniter\CodeIgniter))
11 FCPATH\index.php(56): CodeIgniter\Boot::bootWeb(Object(Config\Paths))
CRITICAL - 2025-01-01 03:20:12 --> ErrorException: Trying to access array offset on value of type null
[Method: GET, Route: courses/syllabus_subjects/2/public/assests/Logo.png]
in APPPATH\Views\dashboard\courses\index_subject.php on line 6.
 1 APPPATH\Views\dashboard\courses\index_subject.php(6): CodeIgniter\Debug\Exceptions->errorHandler(2, 'Trying to access array offset on value of type null', 'C:\\xampp\\htdocs\\Student_Management_Portal\\app\\Views\\dashboard\\courses\\index_subject.php', 6)
 2 SYSTEMPATH\View\View.php(234): include('C:\\xampp\\htdocs\\Student_Management_Portal\\app\\Views\\dashboard\\courses\\index_subject.php')
 3 SYSTEMPATH\View\View.php(237): CodeIgniter\View\View->CodeIgniter\View\{closure}()
 4 SYSTEMPATH\Common.php(1171): CodeIgniter\View\View->render('dashboard/courses/index_subject', [], true)
 5 APPPATH\Controllers\Courses.php(119): view('dashboard/courses/index_subject', [...])
 6 SYSTEMPATH\CodeIgniter.php(933): App\Controllers\Courses->syllabus_subjects('2', 'public', 'assests', 'Logo.png')
 7 SYSTEMPATH\CodeIgniter.php(509): CodeIgniter\CodeIgniter->runController(Object(App\Controllers\Courses))
 8 SYSTEMPATH\CodeIgniter.php(355): CodeIgniter\CodeIgniter->handleRequest(null, Object(Config\Cache), false)
 9 SYSTEMPATH\Boot.php(325): CodeIgniter\CodeIgniter->run()
10 SYSTEMPATH\Boot.php(67): CodeIgniter\Boot::runCodeIgniter(Object(CodeIgniter\CodeIgniter))
11 FCPATH\index.php(56): CodeIgniter\Boot::bootWeb(Object(Config\Paths))
CRITICAL - 2025-01-01 03:23:05 --> ErrorException: Trying to access array offset on value of type null
[Method: GET, Route: courses/syllabus_subjects/2/public/assests/Logo.png]
in APPPATH\Views\dashboard\courses\index_subject.php on line 6.
 1 APPPATH\Views\dashboard\courses\index_subject.php(6): CodeIgniter\Debug\Exceptions->errorHandler(2, 'Trying to access array offset on value of type null', 'C:\\xampp\\htdocs\\Student_Management_Portal\\app\\Views\\dashboard\\courses\\index_subject.php', 6)
 2 SYSTEMPATH\View\View.php(234): include('C:\\xampp\\htdocs\\Student_Management_Portal\\app\\Views\\dashboard\\courses\\index_subject.php')
 3 SYSTEMPATH\View\View.php(237): CodeIgniter\View\View->CodeIgniter\View\{closure}()
 4 SYSTEMPATH\Common.php(1171): CodeIgniter\View\View->render('dashboard/courses/index_subject', [], true)
 5 APPPATH\Controllers\Courses.php(119): view('dashboard/courses/index_subject', [...])
 6 SYSTEMPATH\CodeIgniter.php(933): App\Controllers\Courses->syllabus_subjects('2', 'public', 'assests', 'Logo.png')
 7 SYSTEMPATH\CodeIgniter.php(509): CodeIgniter\CodeIgniter->runController(Object(App\Controllers\Courses))
 8 SYSTEMPATH\CodeIgniter.php(355): CodeIgniter\CodeIgniter->handleRequest(null, Object(Config\Cache), false)
 9 SYSTEMPATH\Boot.php(325): CodeIgniter\CodeIgniter->run()
10 SYSTEMPATH\Boot.php(67): CodeIgniter\Boot::runCodeIgniter(Object(CodeIgniter\CodeIgniter))
11 FCPATH\index.php(56): CodeIgniter\Boot::bootWeb(Object(Config\Paths))
CRITICAL - 2025-01-01 03:23:07 --> ErrorException: Trying to access array offset on value of type null
[Method: GET, Route: courses/add_subject/2/public/assests/Logo.png]
in APPPATH\Views\dashboard\courses\add_new_subject.php on line 42.
 1 APPPATH\Views\dashboard\courses\add_new_subject.php(42): CodeIgniter\Debug\Exceptions->errorHandler(2, 'Trying to access array offset on value of type null', 'C:\\xampp\\htdocs\\Student_Management_Portal\\app\\Views\\dashboard\\courses\\add_new_subject.php', 42)
 2 SYSTEMPATH\View\View.php(234): include('C:\\xampp\\htdocs\\Student_Management_Portal\\app\\Views\\dashboard\\courses\\add_new_subject.php')
 3 SYSTEMPATH\View\View.php(237): CodeIgniter\View\View->CodeIgniter\View\{closure}()
 4 SYSTEMPATH\Common.php(1171): CodeIgniter\View\View->render('dashboard/courses/add_new_subject', [], true)
 5 APPPATH\Controllers\Courses.php(413): view('dashboard/courses/add_new_subject', [...])
 6 SYSTEMPATH\CodeIgniter.php(933): App\Controllers\Courses->add_subject('2', 'public', 'assests', 'Logo.png')
 7 SYSTEMPATH\CodeIgniter.php(509): CodeIgniter\CodeIgniter->runController(Object(App\Controllers\Courses))
 8 SYSTEMPATH\CodeIgniter.php(355): CodeIgniter\CodeIgniter->handleRequest(null, Object(Config\Cache), false)
 9 SYSTEMPATH\Boot.php(325): CodeIgniter\CodeIgniter->run()
10 SYSTEMPATH\Boot.php(67): CodeIgniter\Boot::runCodeIgniter(Object(CodeIgniter\CodeIgniter))
11 FCPATH\index.php(56): CodeIgniter\Boot::bootWeb(Object(Config\Paths))
CRITICAL - 2025-01-01 03:23:09 --> ErrorException: Trying to access array offset on value of type null
[Method: GET, Route: courses/syllabus_subjects/2/public/assests/Logo.png]
in APPPATH\Views\dashboard\courses\index_subject.php on line 6.
 1 APPPATH\Views\dashboard\courses\index_subject.php(6): CodeIgniter\Debug\Exceptions->errorHandler(2, 'Trying to access array offset on value of type null', 'C:\\xampp\\htdocs\\Student_Management_Portal\\app\\Views\\dashboard\\courses\\index_subject.php', 6)
 2 SYSTEMPATH\View\View.php(234): include('C:\\xampp\\htdocs\\Student_Management_Portal\\app\\Views\\dashboard\\courses\\index_subject.php')
 3 SYSTEMPATH\View\View.php(237): CodeIgniter\View\View->CodeIgniter\View\{closure}()
 4 SYSTEMPATH\Common.php(1171): CodeIgniter\View\View->render('dashboard/courses/index_subject', [], true)
 5 APPPATH\Controllers\Courses.php(119): view('dashboard/courses/index_subject', [...])
 6 SYSTEMPATH\CodeIgniter.php(933): App\Controllers\Courses->syllabus_subjects('2', 'public', 'assests', 'Logo.png')
 7 SYSTEMPATH\CodeIgniter.php(509): CodeIgniter\CodeIgniter->runController(Object(App\Controllers\Courses))
 8 SYSTEMPATH\CodeIgniter.php(355): CodeIgniter\CodeIgniter->handleRequest(null, Object(Config\Cache), false)
 9 SYSTEMPATH\Boot.php(325): CodeIgniter\CodeIgniter->run()
10 SYSTEMPATH\Boot.php(67): CodeIgniter\Boot::runCodeIgniter(Object(CodeIgniter\CodeIgniter))
11 FCPATH\index.php(56): CodeIgniter\Boot::bootWeb(Object(Config\Paths))
CRITICAL - 2025-01-01 03:23:17 --> ErrorException: Trying to access array offset on value of type null
[Method: GET, Route: courses/syllabus_subjects/2/public/assests/Logo.png]
in APPPATH\Views\dashboard\courses\index_subject.php on line 6.
 1 APPPATH\Views\dashboard\courses\index_subject.php(6): CodeIgniter\Debug\Exceptions->errorHandler(2, 'Trying to access array offset on value of type null', 'C:\\xampp\\htdocs\\Student_Management_Portal\\app\\Views\\dashboard\\courses\\index_subject.php', 6)
 2 SYSTEMPATH\View\View.php(234): include('C:\\xampp\\htdocs\\Student_Management_Portal\\app\\Views\\dashboard\\courses\\index_subject.php')
 3 SYSTEMPATH\View\View.php(237): CodeIgniter\View\View->CodeIgniter\View\{closure}()
 4 SYSTEMPATH\Common.php(1171): CodeIgniter\View\View->render('dashboard/courses/index_subject', [], true)
 5 APPPATH\Controllers\Courses.php(119): view('dashboard/courses/index_subject', [...])
 6 SYSTEMPATH\CodeIgniter.php(933): App\Controllers\Courses->syllabus_subjects('2', 'public', 'assests', 'Logo.png')
 7 SYSTEMPATH\CodeIgniter.php(509): CodeIgniter\CodeIgniter->runController(Object(App\Controllers\Courses))
 8 SYSTEMPATH\CodeIgniter.php(355): CodeIgniter\CodeIgniter->handleRequest(null, Object(Config\Cache), false)
 9 SYSTEMPATH\Boot.php(325): CodeIgniter\CodeIgniter->run()
10 SYSTEMPATH\Boot.php(67): CodeIgniter\Boot::runCodeIgniter(Object(CodeIgniter\CodeIgniter))
11 FCPATH\index.php(56): CodeIgniter\Boot::bootWeb(Object(Config\Paths))
CRITICAL - 2025-01-01 03:23:19 --> ErrorException: Trying to access array offset on value of type null
[Method: GET, Route: courses/syllabus_subjects/2/public/assests/Logo.png]
in APPPATH\Views\dashboard\courses\index_subject.php on line 6.
 1 APPPATH\Views\dashboard\courses\index_subject.php(6): CodeIgniter\Debug\Exceptions->errorHandler(2, 'Trying to access array offset on value of type null', 'C:\\xampp\\htdocs\\Student_Management_Portal\\app\\Views\\dashboard\\courses\\index_subject.php', 6)
 2 SYSTEMPATH\View\View.php(234): include('C:\\xampp\\htdocs\\Student_Management_Portal\\app\\Views\\dashboard\\courses\\index_subject.php')
 3 SYSTEMPATH\View\View.php(237): CodeIgniter\View\View->CodeIgniter\View\{closure}()
 4 SYSTEMPATH\Common.php(1171): CodeIgniter\View\View->render('dashboard/courses/index_subject', [], true)
 5 APPPATH\Controllers\Courses.php(119): view('dashboard/courses/index_subject', [...])
 6 SYSTEMPATH\CodeIgniter.php(933): App\Controllers\Courses->syllabus_subjects('2', 'public', 'assests', 'Logo.png')
 7 SYSTEMPATH\CodeIgniter.php(509): CodeIgniter\CodeIgniter->runController(Object(App\Controllers\Courses))
 8 SYSTEMPATH\CodeIgniter.php(355): CodeIgniter\CodeIgniter->handleRequest(null, Object(Config\Cache), false)
 9 SYSTEMPATH\Boot.php(325): CodeIgniter\CodeIgniter->run()
10 SYSTEMPATH\Boot.php(67): CodeIgniter\Boot::runCodeIgniter(Object(CodeIgniter\CodeIgniter))
11 FCPATH\index.php(56): CodeIgniter\Boot::bootWeb(Object(Config\Paths))
CRITICAL - 2025-01-01 03:23:20 --> ErrorException: Trying to access array offset on value of type null
[Method: GET, Route: courses/syllabus_subjects/2/public/assests/Logo.png]
in APPPATH\Views\dashboard\courses\index_subject.php on line 6.
 1 APPPATH\Views\dashboard\courses\index_subject.php(6): CodeIgniter\Debug\Exceptions->errorHandler(2, 'Trying to access array offset on value of type null', 'C:\\xampp\\htdocs\\Student_Management_Portal\\app\\Views\\dashboard\\courses\\index_subject.php', 6)
 2 SYSTEMPATH\View\View.php(234): include('C:\\xampp\\htdocs\\Student_Management_Portal\\app\\Views\\dashboard\\courses\\index_subject.php')
 3 SYSTEMPATH\View\View.php(237): CodeIgniter\View\View->CodeIgniter\View\{closure}()
 4 SYSTEMPATH\Common.php(1171): CodeIgniter\View\View->render('dashboard/courses/index_subject', [], true)
 5 APPPATH\Controllers\Courses.php(119): view('dashboard/courses/index_subject', [...])
 6 SYSTEMPATH\CodeIgniter.php(933): App\Controllers\Courses->syllabus_subjects('2', 'public', 'assests', 'Logo.png')
 7 SYSTEMPATH\CodeIgniter.php(509): CodeIgniter\CodeIgniter->runController(Object(App\Controllers\Courses))
 8 SYSTEMPATH\CodeIgniter.php(355): CodeIgniter\CodeIgniter->handleRequest(null, Object(Config\Cache), false)
 9 SYSTEMPATH\Boot.php(325): CodeIgniter\CodeIgniter->run()
10 SYSTEMPATH\Boot.php(67): CodeIgniter\Boot::runCodeIgniter(Object(CodeIgniter\CodeIgniter))
11 FCPATH\index.php(56): CodeIgniter\Boot::bootWeb(Object(Config\Paths))
CRITICAL - 2025-01-01 03:23:26 --> ErrorException: Trying to access array offset on value of type null
[Method: GET, Route: courses/add_subject/2/public/assests/Logo.png]
in APPPATH\Views\dashboard\courses\add_new_subject.php on line 42.
 1 APPPATH\Views\dashboard\courses\add_new_subject.php(42): CodeIgniter\Debug\Exceptions->errorHandler(2, 'Trying to access array offset on value of type null', 'C:\\xampp\\htdocs\\Student_Management_Portal\\app\\Views\\dashboard\\courses\\add_new_subject.php', 42)
 2 SYSTEMPATH\View\View.php(234): include('C:\\xampp\\htdocs\\Student_Management_Portal\\app\\Views\\dashboard\\courses\\add_new_subject.php')
 3 SYSTEMPATH\View\View.php(237): CodeIgniter\View\View->CodeIgniter\View\{closure}()
 4 SYSTEMPATH\Common.php(1171): CodeIgniter\View\View->render('dashboard/courses/add_new_subject', [], true)
 5 APPPATH\Controllers\Courses.php(413): view('dashboard/courses/add_new_subject', [...])
 6 SYSTEMPATH\CodeIgniter.php(933): App\Controllers\Courses->add_subject('2', 'public', 'assests', 'Logo.png')
 7 SYSTEMPATH\CodeIgniter.php(509): CodeIgniter\CodeIgniter->runController(Object(App\Controllers\Courses))
 8 SYSTEMPATH\CodeIgniter.php(355): CodeIgniter\CodeIgniter->handleRequest(null, Object(Config\Cache), false)
 9 SYSTEMPATH\Boot.php(325): CodeIgniter\CodeIgniter->run()
10 SYSTEMPATH\Boot.php(67): CodeIgniter\Boot::runCodeIgniter(Object(CodeIgniter\CodeIgniter))
11 FCPATH\index.php(56): CodeIgniter\Boot::bootWeb(Object(Config\Paths))
INFO - 2025-01-01 03:23:47 --> Session: Class initialized using 'CodeIgniter\Session\Handlers\FileHandler' driver.
CRITICAL - 2025-01-01 03:23:47 --> ErrorException: Trying to access array offset on value of type null
[Method: GET, Route: courses/syllabus_subjects/2/public/assests/Logo.png]
in APPPATH\Views\dashboard\courses\index_subject.php on line 6.
 1 APPPATH\Views\dashboard\courses\index_subject.php(6): CodeIgniter\Debug\Exceptions->errorHandler(2, 'Trying to access array offset on value of type null', 'C:\\xampp\\htdocs\\Student_Management_Portal\\app\\Views\\dashboard\\courses\\index_subject.php', 6)
 2 SYSTEMPATH\View\View.php(234): include('C:\\xampp\\htdocs\\Student_Management_Portal\\app\\Views\\dashboard\\courses\\index_subject.php')
 3 SYSTEMPATH\View\View.php(237): CodeIgniter\View\View->CodeIgniter\View\{closure}()
 4 SYSTEMPATH\Common.php(1171): CodeIgniter\View\View->render('dashboard/courses/index_subject', [], true)
 5 APPPATH\Controllers\Courses.php(119): view('dashboard/courses/index_subject', [...])
 6 SYSTEMPATH\CodeIgniter.php(933): App\Controllers\Courses->syllabus_subjects('2', 'public', 'assests', 'Logo.png')
 7 SYSTEMPATH\CodeIgniter.php(509): CodeIgniter\CodeIgniter->runController(Object(App\Controllers\Courses))
 8 SYSTEMPATH\CodeIgniter.php(355): CodeIgniter\CodeIgniter->handleRequest(null, Object(Config\Cache), false)
 9 SYSTEMPATH\Boot.php(325): CodeIgniter\CodeIgniter->run()
10 SYSTEMPATH\Boot.php(67): CodeIgniter\Boot::runCodeIgniter(Object(CodeIgniter\CodeIgniter))
11 FCPATH\index.php(56): CodeIgniter\Boot::bootWeb(Object(Config\Paths))
CRITICAL - 2025-01-01 03:23:59 --> ErrorException: Trying to access array offset on value of type null
[Method: GET, Route: courses/syllabus_subjects/2/public/assests/Logo.png]
in APPPATH\Views\dashboard\courses\index_subject.php on line 6.
 1 APPPATH\Views\dashboard\courses\index_subject.php(6): CodeIgniter\Debug\Exceptions->errorHandler(2, 'Trying to access array offset on value of type null', 'C:\\xampp\\htdocs\\Student_Management_Portal\\app\\Views\\dashboard\\courses\\index_subject.php', 6)
 2 SYSTEMPATH\View\View.php(234): include('C:\\xampp\\htdocs\\Student_Management_Portal\\app\\Views\\dashboard\\courses\\index_subject.php')
 3 SYSTEMPATH\View\View.php(237): CodeIgniter\View\View->CodeIgniter\View\{closure}()
 4 SYSTEMPATH\Common.php(1171): CodeIgniter\View\View->render('dashboard/courses/index_subject', [], true)
 5 APPPATH\Controllers\Courses.php(119): view('dashboard/courses/index_subject', [...])
 6 SYSTEMPATH\CodeIgniter.php(933): App\Controllers\Courses->syllabus_subjects('2', 'public', 'assests', 'Logo.png')
 7 SYSTEMPATH\CodeIgniter.php(509): CodeIgniter\CodeIgniter->runController(Object(App\Controllers\Courses))
 8 SYSTEMPATH\CodeIgniter.php(355): CodeIgniter\CodeIgniter->handleRequest(null, Object(Config\Cache), false)
 9 SYSTEMPATH\Boot.php(325): CodeIgniter\CodeIgniter->run()
10 SYSTEMPATH\Boot.php(67): CodeIgniter\Boot::runCodeIgniter(Object(CodeIgniter\CodeIgniter))
11 FCPATH\index.php(56): CodeIgniter\Boot::bootWeb(Object(Config\Paths))
CRITICAL - 2025-01-01 03:24:04 --> ErrorException: Trying to access array offset on value of type null
[Method: GET, Route: courses/syllabus_subjects/2/public/assests/Logo.png]
in APPPATH\Views\dashboard\courses\index_subject.php on line 6.
 1 APPPATH\Views\dashboard\courses\index_subject.php(6): CodeIgniter\Debug\Exceptions->errorHandler(2, 'Trying to access array offset on value of type null', 'C:\\xampp\\htdocs\\Student_Management_Portal\\app\\Views\\dashboard\\courses\\index_subject.php', 6)
 2 SYSTEMPATH\View\View.php(234): include('C:\\xampp\\htdocs\\Student_Management_Portal\\app\\Views\\dashboard\\courses\\index_subject.php')
 3 SYSTEMPATH\View\View.php(237): CodeIgniter\View\View->CodeIgniter\View\{closure}()
 4 SYSTEMPATH\Common.php(1171): CodeIgniter\View\View->render('dashboard/courses/index_subject', [], true)
 5 APPPATH\Controllers\Courses.php(119): view('dashboard/courses/index_subject', [...])
 6 SYSTEMPATH\CodeIgniter.php(933): App\Controllers\Courses->syllabus_subjects('2', 'public', 'assests', 'Logo.png')
 7 SYSTEMPATH\CodeIgniter.php(509): CodeIgniter\CodeIgniter->runController(Object(App\Controllers\Courses))
 8 SYSTEMPATH\CodeIgniter.php(355): CodeIgniter\CodeIgniter->handleRequest(null, Object(Config\Cache), false)
 9 SYSTEMPATH\Boot.php(325): CodeIgniter\CodeIgniter->run()
10 SYSTEMPATH\Boot.php(67): CodeIgniter\Boot::runCodeIgniter(Object(CodeIgniter\CodeIgniter))
11 FCPATH\index.php(56): CodeIgniter\Boot::bootWeb(Object(Config\Paths))
CRITICAL - 2025-01-01 03:37:36 --> ErrorException: Trying to access array offset on value of type null
[Method: GET, Route: courses/syllabus_subjects/2/public/assests/Logo.png]
in APPPATH\Views\dashboard\courses\index_subject.php on line 6.
 1 APPPATH\Views\dashboard\courses\index_subject.php(6): CodeIgniter\Debug\Exceptions->errorHandler(2, 'Trying to access array offset on value of type null', 'C:\\xampp\\htdocs\\Student_Management_Portal\\app\\Views\\dashboard\\courses\\index_subject.php', 6)
 2 SYSTEMPATH\View\View.php(234): include('C:\\xampp\\htdocs\\Student_Management_Portal\\app\\Views\\dashboard\\courses\\index_subject.php')
 3 SYSTEMPATH\View\View.php(237): CodeIgniter\View\View->CodeIgniter\View\{closure}()
 4 SYSTEMPATH\Common.php(1171): CodeIgniter\View\View->render('dashboard/courses/index_subject', [], true)
 5 APPPATH\Controllers\Courses.php(119): view('dashboard/courses/index_subject', [...])
 6 SYSTEMPATH\CodeIgniter.php(933): App\Controllers\Courses->syllabus_subjects('2', 'public', 'assests', 'Logo.png')
 7 SYSTEMPATH\CodeIgniter.php(509): CodeIgniter\CodeIgniter->runController(Object(App\Controllers\Courses))
 8 SYSTEMPATH\CodeIgniter.php(355): CodeIgniter\CodeIgniter->handleRequest(null, Object(Config\Cache), false)
 9 SYSTEMPATH\Boot.php(325): CodeIgniter\CodeIgniter->run()
10 SYSTEMPATH\Boot.php(67): CodeIgniter\Boot::runCodeIgniter(Object(CodeIgniter\CodeIgniter))
11 FCPATH\index.php(56): CodeIgniter\Boot::bootWeb(Object(Config\Paths))
CRITICAL - 2025-01-01 03:37:42 --> ErrorException: Trying to access array offset on value of type null
[Method: GET, Route: courses/syllabus_subjects/2/public/assests/Logo.png]
in APPPATH\Views\dashboard\courses\index_subject.php on line 6.
 1 APPPATH\Views\dashboard\courses\index_subject.php(6): CodeIgniter\Debug\Exceptions->errorHandler(2, 'Trying to access array offset on value of type null', 'C:\\xampp\\htdocs\\Student_Management_Portal\\app\\Views\\dashboard\\courses\\index_subject.php', 6)
 2 SYSTEMPATH\View\View.php(234): include('C:\\xampp\\htdocs\\Student_Management_Portal\\app\\Views\\dashboard\\courses\\index_subject.php')
 3 SYSTEMPATH\View\View.php(237): CodeIgniter\View\View->CodeIgniter\View\{closure}()
 4 SYSTEMPATH\Common.php(1171): CodeIgniter\View\View->render('dashboard/courses/index_subject', [], true)
 5 APPPATH\Controllers\Courses.php(119): view('dashboard/courses/index_subject', [...])
 6 SYSTEMPATH\CodeIgniter.php(933): App\Controllers\Courses->syllabus_subjects('2', 'public', 'assests', 'Logo.png')
 7 SYSTEMPATH\CodeIgniter.php(509): CodeIgniter\CodeIgniter->runController(Object(App\Controllers\Courses))
 8 SYSTEMPATH\CodeIgniter.php(355): CodeIgniter\CodeIgniter->handleRequest(null, Object(Config\Cache), false)
 9 SYSTEMPATH\Boot.php(325): CodeIgniter\CodeIgniter->run()
10 SYSTEMPATH\Boot.php(67): CodeIgniter\Boot::runCodeIgniter(Object(CodeIgniter\CodeIgniter))
11 FCPATH\index.php(56): CodeIgniter\Boot::bootWeb(Object(Config\Paths))
CRITICAL - 2025-01-01 03:37:44 --> ErrorException: Trying to access array offset on value of type null
[Method: GET, Route: courses/add_subject/2/public/assests/Logo.png]
in APPPATH\Views\dashboard\courses\add_new_subject.php on line 42.
 1 APPPATH\Views\dashboard\courses\add_new_subject.php(42): CodeIgniter\Debug\Exceptions->errorHandler(2, 'Trying to access array offset on value of type null', 'C:\\xampp\\htdocs\\Student_Management_Portal\\app\\Views\\dashboard\\courses\\add_new_subject.php', 42)
 2 SYSTEMPATH\View\View.php(234): include('C:\\xampp\\htdocs\\Student_Management_Portal\\app\\Views\\dashboard\\courses\\add_new_subject.php')
 3 SYSTEMPATH\View\View.php(237): CodeIgniter\View\View->CodeIgniter\View\{closure}()
 4 SYSTEMPATH\Common.php(1171): CodeIgniter\View\View->render('dashboard/courses/add_new_subject', [], true)
 5 APPPATH\Controllers\Courses.php(413): view('dashboard/courses/add_new_subject', [...])
 6 SYSTEMPATH\CodeIgniter.php(933): App\Controllers\Courses->add_subject('2', 'public', 'assests', 'Logo.png')
 7 SYSTEMPATH\CodeIgniter.php(509): CodeIgniter\CodeIgniter->runController(Object(App\Controllers\Courses))
 8 SYSTEMPATH\CodeIgniter.php(355): CodeIgniter\CodeIgniter->handleRequest(null, Object(Config\Cache), false)
 9 SYSTEMPATH\Boot.php(325): CodeIgniter\CodeIgniter->run()
10 SYSTEMPATH\Boot.php(67): CodeIgniter\Boot::runCodeIgniter(Object(CodeIgniter\CodeIgniter))
11 FCPATH\index.php(56): CodeIgniter\Boot::bootWeb(Object(Config\Paths))
CRITICAL - 2025-01-01 03:37:46 --> ErrorException: Trying to access array offset on value of type null
[Method: GET, Route: courses/syllabus_subjects/2/public/assests/Logo.png]
in APPPATH\Views\dashboard\courses\index_subject.php on line 6.
 1 APPPATH\Views\dashboard\courses\index_subject.php(6): CodeIgniter\Debug\Exceptions->errorHandler(2, 'Trying to access array offset on value of type null', 'C:\\xampp\\htdocs\\Student_Management_Portal\\app\\Views\\dashboard\\courses\\index_subject.php', 6)
 2 SYSTEMPATH\View\View.php(234): include('C:\\xampp\\htdocs\\Student_Management_Portal\\app\\Views\\dashboard\\courses\\index_subject.php')
 3 SYSTEMPATH\View\View.php(237): CodeIgniter\View\View->CodeIgniter\View\{closure}()
 4 SYSTEMPATH\Common.php(1171): CodeIgniter\View\View->render('dashboard/courses/index_subject', [], true)
 5 APPPATH\Controllers\Courses.php(119): view('dashboard/courses/index_subject', [...])
 6 SYSTEMPATH\CodeIgniter.php(933): App\Controllers\Courses->syllabus_subjects('2', 'public', 'assests', 'Logo.png')
 7 SYSTEMPATH\CodeIgniter.php(509): CodeIgniter\CodeIgniter->runController(Object(App\Controllers\Courses))
 8 SYSTEMPATH\CodeIgniter.php(355): CodeIgniter\CodeIgniter->handleRequest(null, Object(Config\Cache), false)
 9 SYSTEMPATH\Boot.php(325): CodeIgniter\CodeIgniter->run()
10 SYSTEMPATH\Boot.php(67): CodeIgniter\Boot::runCodeIgniter(Object(CodeIgniter\CodeIgniter))
11 FCPATH\index.php(56): CodeIgniter\Boot::bootWeb(Object(Config\Paths))
CRITICAL - 2025-01-01 03:39:04 --> ErrorException: Trying to access array offset on value of type null
[Method: GET, Route: courses/syllabus_subjects/2/public/assests/Logo.png]
in APPPATH\Views\dashboard\courses\index_subject.php on line 6.
 1 APPPATH\Views\dashboard\courses\index_subject.php(6): CodeIgniter\Debug\Exceptions->errorHandler(2, 'Trying to access array offset on value of type null', 'C:\\xampp\\htdocs\\Student_Management_Portal\\app\\Views\\dashboard\\courses\\index_subject.php', 6)
 2 SYSTEMPATH\View\View.php(234): include('C:\\xampp\\htdocs\\Student_Management_Portal\\app\\Views\\dashboard\\courses\\index_subject.php')
 3 SYSTEMPATH\View\View.php(237): CodeIgniter\View\View->CodeIgniter\View\{closure}()
 4 SYSTEMPATH\Common.php(1171): CodeIgniter\View\View->render('dashboard/courses/index_subject', [], true)
 5 APPPATH\Controllers\Courses.php(119): view('dashboard/courses/index_subject', [...])
 6 SYSTEMPATH\CodeIgniter.php(933): App\Controllers\Courses->syllabus_subjects('2', 'public', 'assests', 'Logo.png')
 7 SYSTEMPATH\CodeIgniter.php(509): CodeIgniter\CodeIgniter->runController(Object(App\Controllers\Courses))
 8 SYSTEMPATH\CodeIgniter.php(355): CodeIgniter\CodeIgniter->handleRequest(null, Object(Config\Cache), false)
 9 SYSTEMPATH\Boot.php(325): CodeIgniter\CodeIgniter->run()
10 SYSTEMPATH\Boot.php(67): CodeIgniter\Boot::runCodeIgniter(Object(CodeIgniter\CodeIgniter))
11 FCPATH\index.php(56): CodeIgniter\Boot::bootWeb(Object(Config\Paths))
CRITICAL - 2025-01-01 03:39:07 --> ErrorException: Trying to access array offset on value of type null
[Method: GET, Route: courses/syllabus_subjects/2/public/assests/Logo.png]
in APPPATH\Views\dashboard\courses\index_subject.php on line 6.
 1 APPPATH\Views\dashboard\courses\index_subject.php(6): CodeIgniter\Debug\Exceptions->errorHandler(2, 'Trying to access array offset on value of type null', 'C:\\xampp\\htdocs\\Student_Management_Portal\\app\\Views\\dashboard\\courses\\index_subject.php', 6)
 2 SYSTEMPATH\View\View.php(234): include('C:\\xampp\\htdocs\\Student_Management_Portal\\app\\Views\\dashboard\\courses\\index_subject.php')
 3 SYSTEMPATH\View\View.php(237): CodeIgniter\View\View->CodeIgniter\View\{closure}()
 4 SYSTEMPATH\Common.php(1171): CodeIgniter\View\View->render('dashboard/courses/index_subject', [], true)
 5 APPPATH\Controllers\Courses.php(119): view('dashboard/courses/index_subject', [...])
 6 SYSTEMPATH\CodeIgniter.php(933): App\Controllers\Courses->syllabus_subjects('2', 'public', 'assests', 'Logo.png')
 7 SYSTEMPATH\CodeIgniter.php(509): CodeIgniter\CodeIgniter->runController(Object(App\Controllers\Courses))
 8 SYSTEMPATH\CodeIgniter.php(355): CodeIgniter\CodeIgniter->handleRequest(null, Object(Config\Cache), false)
 9 SYSTEMPATH\Boot.php(325): CodeIgniter\CodeIgniter->run()
10 SYSTEMPATH\Boot.php(67): CodeIgniter\Boot::runCodeIgniter(Object(CodeIgniter\CodeIgniter))
11 FCPATH\index.php(56): CodeIgniter\Boot::bootWeb(Object(Config\Paths))
CRITICAL - 2025-01-01 03:39:13 --> ErrorException: Trying to access array offset on value of type null
[Method: GET, Route: courses/syllabus_subjects/2/public/assests/Logo.png]
in APPPATH\Views\dashboard\courses\index_subject.php on line 6.
 1 APPPATH\Views\dashboard\courses\index_subject.php(6): CodeIgniter\Debug\Exceptions->errorHandler(2, 'Trying to access array offset on value of type null', 'C:\\xampp\\htdocs\\Student_Management_Portal\\app\\Views\\dashboard\\courses\\index_subject.php', 6)
 2 SYSTEMPATH\View\View.php(234): include('C:\\xampp\\htdocs\\Student_Management_Portal\\app\\Views\\dashboard\\courses\\index_subject.php')
 3 SYSTEMPATH\View\View.php(237): CodeIgniter\View\View->CodeIgniter\View\{closure}()
 4 SYSTEMPATH\Common.php(1171): CodeIgniter\View\View->render('dashboard/courses/index_subject', [], true)
 5 APPPATH\Controllers\Courses.php(119): view('dashboard/courses/index_subject', [...])
 6 SYSTEMPATH\CodeIgniter.php(933): App\Controllers\Courses->syllabus_subjects('2', 'public', 'assests', 'Logo.png')
 7 SYSTEMPATH\CodeIgniter.php(509): CodeIgniter\CodeIgniter->runController(Object(App\Controllers\Courses))
 8 SYSTEMPATH\CodeIgniter.php(355): CodeIgniter\CodeIgniter->handleRequest(null, Object(Config\Cache), false)
 9 SYSTEMPATH\Boot.php(325): CodeIgniter\CodeIgniter->run()
10 SYSTEMPATH\Boot.php(67): CodeIgniter\Boot::runCodeIgniter(Object(CodeIgniter\CodeIgniter))
11 FCPATH\index.php(56): CodeIgniter\Boot::bootWeb(Object(Config\Paths))
CRITICAL - 2025-01-01 03:39:16 --> ErrorException: Trying to access array offset on value of type null
[Method: GET, Route: courses/syllabus_subjects/2/public/assests/Logo.png]
in APPPATH\Views\dashboard\courses\index_subject.php on line 6.
 1 APPPATH\Views\dashboard\courses\index_subject.php(6): CodeIgniter\Debug\Exceptions->errorHandler(2, 'Trying to access array offset on value of type null', 'C:\\xampp\\htdocs\\Student_Management_Portal\\app\\Views\\dashboard\\courses\\index_subject.php', 6)
 2 SYSTEMPATH\View\View.php(234): include('C:\\xampp\\htdocs\\Student_Management_Portal\\app\\Views\\dashboard\\courses\\index_subject.php')
 3 SYSTEMPATH\View\View.php(237): CodeIgniter\View\View->CodeIgniter\View\{closure}()
 4 SYSTEMPATH\Common.php(1171): CodeIgniter\View\View->render('dashboard/courses/index_subject', [], true)
 5 APPPATH\Controllers\Courses.php(119): view('dashboard/courses/index_subject', [...])
 6 SYSTEMPATH\CodeIgniter.php(933): App\Controllers\Courses->syllabus_subjects('2', 'public', 'assests', 'Logo.png')
 7 SYSTEMPATH\CodeIgniter.php(509): CodeIgniter\CodeIgniter->runController(Object(App\Controllers\Courses))
 8 SYSTEMPATH\CodeIgniter.php(355): CodeIgniter\CodeIgniter->handleRequest(null, Object(Config\Cache), false)
 9 SYSTEMPATH\Boot.php(325): CodeIgniter\CodeIgniter->run()
10 SYSTEMPATH\Boot.php(67): CodeIgniter\Boot::runCodeIgniter(Object(CodeIgniter\CodeIgniter))
11 FCPATH\index.php(56): CodeIgniter\Boot::bootWeb(Object(Config\Paths))
CRITICAL - 2025-01-01 03:39:23 --> ErrorException: Trying to access array offset on value of type null
[Method: GET, Route: courses/add_subject/2/public/assests/Logo.png]
in APPPATH\Views\dashboard\courses\add_new_subject.php on line 42.
 1 APPPATH\Views\dashboard\courses\add_new_subject.php(42): CodeIgniter\Debug\Exceptions->errorHandler(2, 'Trying to access array offset on value of type null', 'C:\\xampp\\htdocs\\Student_Management_Portal\\app\\Views\\dashboard\\courses\\add_new_subject.php', 42)
 2 SYSTEMPATH\View\View.php(234): include('C:\\xampp\\htdocs\\Student_Management_Portal\\app\\Views\\dashboard\\courses\\add_new_subject.php')
 3 SYSTEMPATH\View\View.php(237): CodeIgniter\View\View->CodeIgniter\View\{closure}()
 4 SYSTEMPATH\Common.php(1171): CodeIgniter\View\View->render('dashboard/courses/add_new_subject', [], true)
 5 APPPATH\Controllers\Courses.php(413): view('dashboard/courses/add_new_subject', [...])
 6 SYSTEMPATH\CodeIgniter.php(933): App\Controllers\Courses->add_subject('2', 'public', 'assests', 'Logo.png')
 7 SYSTEMPATH\CodeIgniter.php(509): CodeIgniter\CodeIgniter->runController(Object(App\Controllers\Courses))
 8 SYSTEMPATH\CodeIgniter.php(355): CodeIgniter\CodeIgniter->handleRequest(null, Object(Config\Cache), false)
 9 SYSTEMPATH\Boot.php(325): CodeIgniter\CodeIgniter->run()
10 SYSTEMPATH\Boot.php(67): CodeIgniter\Boot::runCodeIgniter(Object(CodeIgniter\CodeIgniter))
11 FCPATH\index.php(56): CodeIgniter\Boot::bootWeb(Object(Config\Paths))
CRITICAL - 2025-01-01 03:39:28 --> ErrorException: Trying to access array offset on value of type null
[Method: GET, Route: courses/syllabus_subjects/2/public/assests/Logo.png]
in APPPATH\Views\dashboard\courses\index_subject.php on line 6.
 1 APPPATH\Views\dashboard\courses\index_subject.php(6): CodeIgniter\Debug\Exceptions->errorHandler(2, 'Trying to access array offset on value of type null', 'C:\\xampp\\htdocs\\Student_Management_Portal\\app\\Views\\dashboard\\courses\\index_subject.php', 6)
 2 SYSTEMPATH\View\View.php(234): include('C:\\xampp\\htdocs\\Student_Management_Portal\\app\\Views\\dashboard\\courses\\index_subject.php')
 3 SYSTEMPATH\View\View.php(237): CodeIgniter\View\View->CodeIgniter\View\{closure}()
 4 SYSTEMPATH\Common.php(1171): CodeIgniter\View\View->render('dashboard/courses/index_subject', [], true)
 5 APPPATH\Controllers\Courses.php(119): view('dashboard/courses/index_subject', [...])
 6 SYSTEMPATH\CodeIgniter.php(933): App\Controllers\Courses->syllabus_subjects('2', 'public', 'assests', 'Logo.png')
 7 SYSTEMPATH\CodeIgniter.php(509): CodeIgniter\CodeIgniter->runController(Object(App\Controllers\Courses))
 8 SYSTEMPATH\CodeIgniter.php(355): CodeIgniter\CodeIgniter->handleRequest(null, Object(Config\Cache), false)
 9 SYSTEMPATH\Boot.php(325): CodeIgniter\CodeIgniter->run()
10 SYSTEMPATH\Boot.php(67): CodeIgniter\Boot::runCodeIgniter(Object(CodeIgniter\CodeIgniter))
11 FCPATH\index.php(56): CodeIgniter\Boot::bootWeb(Object(Config\Paths))
CRITICAL - 2025-01-01 03:39:31 --> ErrorException: Trying to access array offset on value of type null
[Method: GET, Route: courses/add_subject/2/public/assests/Logo.png]
in APPPATH\Views\dashboard\courses\add_new_subject.php on line 42.
 1 APPPATH\Views\dashboard\courses\add_new_subject.php(42): CodeIgniter\Debug\Exceptions->errorHandler(2, 'Trying to access array offset on value of type null', 'C:\\xampp\\htdocs\\Student_Management_Portal\\app\\Views\\dashboard\\courses\\add_new_subject.php', 42)
 2 SYSTEMPATH\View\View.php(234): include('C:\\xampp\\htdocs\\Student_Management_Portal\\app\\Views\\dashboard\\courses\\add_new_subject.php')
 3 SYSTEMPATH\View\View.php(237): CodeIgniter\View\View->CodeIgniter\View\{closure}()
 4 SYSTEMPATH\Common.php(1171): CodeIgniter\View\View->render('dashboard/courses/add_new_subject', [], true)
 5 APPPATH\Controllers\Courses.php(413): view('dashboard/courses/add_new_subject', [...])
 6 SYSTEMPATH\CodeIgniter.php(933): App\Controllers\Courses->add_subject('2', 'public', 'assests', 'Logo.png')
 7 SYSTEMPATH\CodeIgniter.php(509): CodeIgniter\CodeIgniter->runController(Object(App\Controllers\Courses))
 8 SYSTEMPATH\CodeIgniter.php(355): CodeIgniter\CodeIgniter->handleRequest(null, Object(Config\Cache), false)
 9 SYSTEMPATH\Boot.php(325): CodeIgniter\CodeIgniter->run()
10 SYSTEMPATH\Boot.php(67): CodeIgniter\Boot::runCodeIgniter(Object(CodeIgniter\CodeIgniter))
11 FCPATH\index.php(56): CodeIgniter\Boot::bootWeb(Object(Config\Paths))
CRITICAL - 2025-01-01 03:39:32 --> ErrorException: Trying to access array offset on value of type null
[Method: GET, Route: courses/syllabus_subjects/2/public/assests/Logo.png]
in APPPATH\Views\dashboard\courses\index_subject.php on line 6.
 1 APPPATH\Views\dashboard\courses\index_subject.php(6): CodeIgniter\Debug\Exceptions->errorHandler(2, 'Trying to access array offset on value of type null', 'C:\\xampp\\htdocs\\Student_Management_Portal\\app\\Views\\dashboard\\courses\\index_subject.php', 6)
 2 SYSTEMPATH\View\View.php(234): include('C:\\xampp\\htdocs\\Student_Management_Portal\\app\\Views\\dashboard\\courses\\index_subject.php')
 3 SYSTEMPATH\View\View.php(237): CodeIgniter\View\View->CodeIgniter\View\{closure}()
 4 SYSTEMPATH\Common.php(1171): CodeIgniter\View\View->render('dashboard/courses/index_subject', [], true)
 5 APPPATH\Controllers\Courses.php(119): view('dashboard/courses/index_subject', [...])
 6 SYSTEMPATH\CodeIgniter.php(933): App\Controllers\Courses->syllabus_subjects('2', 'public', 'assests', 'Logo.png')
 7 SYSTEMPATH\CodeIgniter.php(509): CodeIgniter\CodeIgniter->runController(Object(App\Controllers\Courses))
 8 SYSTEMPATH\CodeIgniter.php(355): CodeIgniter\CodeIgniter->handleRequest(null, Object(Config\Cache), false)
 9 SYSTEMPATH\Boot.php(325): CodeIgniter\CodeIgniter->run()
10 SYSTEMPATH\Boot.php(67): CodeIgniter\Boot::runCodeIgniter(Object(CodeIgniter\CodeIgniter))
11 FCPATH\index.php(56): CodeIgniter\Boot::bootWeb(Object(Config\Paths))
CRITICAL - 2025-01-01 03:39:37 --> ErrorException: Trying to access array offset on value of type null
[Method: GET, Route: courses/syllabus_subjects/2/public/assests/Logo.png]
in APPPATH\Views\dashboard\courses\index_subject.php on line 6.
 1 APPPATH\Views\dashboard\courses\index_subject.php(6): CodeIgniter\Debug\Exceptions->errorHandler(2, 'Trying to access array offset on value of type null', 'C:\\xampp\\htdocs\\Student_Management_Portal\\app\\Views\\dashboard\\courses\\index_subject.php', 6)
 2 SYSTEMPATH\View\View.php(234): include('C:\\xampp\\htdocs\\Student_Management_Portal\\app\\Views\\dashboard\\courses\\index_subject.php')
 3 SYSTEMPATH\View\View.php(237): CodeIgniter\View\View->CodeIgniter\View\{closure}()
 4 SYSTEMPATH\Common.php(1171): CodeIgniter\View\View->render('dashboard/courses/index_subject', [], true)
 5 APPPATH\Controllers\Courses.php(119): view('dashboard/courses/index_subject', [...])
 6 SYSTEMPATH\CodeIgniter.php(933): App\Controllers\Courses->syllabus_subjects('2', 'public', 'assests', 'Logo.png')
 7 SYSTEMPATH\CodeIgniter.php(509): CodeIgniter\CodeIgniter->runController(Object(App\Controllers\Courses))
 8 SYSTEMPATH\CodeIgniter.php(355): CodeIgniter\CodeIgniter->handleRequest(null, Object(Config\Cache), false)
 9 SYSTEMPATH\Boot.php(325): CodeIgniter\CodeIgniter->run()
10 SYSTEMPATH\Boot.php(67): CodeIgniter\Boot::runCodeIgniter(Object(CodeIgniter\CodeIgniter))
11 FCPATH\index.php(56): CodeIgniter\Boot::bootWeb(Object(Config\Paths))
CRITICAL - 2025-01-01 03:41:17 --> ErrorException: Trying to access array offset on value of type null
[Method: GET, Route: courses/syllabus_subjects/2/public/assests/Logo.png]
in APPPATH\Views\dashboard\courses\index_subject.php on line 6.
 1 APPPATH\Views\dashboard\courses\index_subject.php(6): CodeIgniter\Debug\Exceptions->errorHandler(2, 'Trying to access array offset on value of type null', 'C:\\xampp\\htdocs\\Student_Management_Portal\\app\\Views\\dashboard\\courses\\index_subject.php', 6)
 2 SYSTEMPATH\View\View.php(234): include('C:\\xampp\\htdocs\\Student_Management_Portal\\app\\Views\\dashboard\\courses\\index_subject.php')
 3 SYSTEMPATH\View\View.php(237): CodeIgniter\View\View->CodeIgniter\View\{closure}()
 4 SYSTEMPATH\Common.php(1171): CodeIgniter\View\View->render('dashboard/courses/index_subject', [], true)
 5 APPPATH\Controllers\Courses.php(119): view('dashboard/courses/index_subject', [...])
 6 SYSTEMPATH\CodeIgniter.php(933): App\Controllers\Courses->syllabus_subjects('2', 'public', 'assests', 'Logo.png')
 7 SYSTEMPATH\CodeIgniter.php(509): CodeIgniter\CodeIgniter->runController(Object(App\Controllers\Courses))
 8 SYSTEMPATH\CodeIgniter.php(355): CodeIgniter\CodeIgniter->handleRequest(null, Object(Config\Cache), false)
 9 SYSTEMPATH\Boot.php(325): CodeIgniter\CodeIgniter->run()
10 SYSTEMPATH\Boot.php(67): CodeIgniter\Boot::runCodeIgniter(Object(CodeIgniter\CodeIgniter))
11 FCPATH\index.php(56): CodeIgniter\Boot::bootWeb(Object(Config\Paths))
CRITICAL - 2025-01-01 03:41:21 --> ErrorException: Trying to access array offset on value of type null
[Method: GET, Route: courses/syllabus_subjects/2/public/assests/Logo.png]
in APPPATH\Views\dashboard\courses\index_subject.php on line 6.
 1 APPPATH\Views\dashboard\courses\index_subject.php(6): CodeIgniter\Debug\Exceptions->errorHandler(2, 'Trying to access array offset on value of type null', 'C:\\xampp\\htdocs\\Student_Management_Portal\\app\\Views\\dashboard\\courses\\index_subject.php', 6)
 2 SYSTEMPATH\View\View.php(234): include('C:\\xampp\\htdocs\\Student_Management_Portal\\app\\Views\\dashboard\\courses\\index_subject.php')
 3 SYSTEMPATH\View\View.php(237): CodeIgniter\View\View->CodeIgniter\View\{closure}()
 4 SYSTEMPATH\Common.php(1171): CodeIgniter\View\View->render('dashboard/courses/index_subject', [], true)
 5 APPPATH\Controllers\Courses.php(119): view('dashboard/courses/index_subject', [...])
 6 SYSTEMPATH\CodeIgniter.php(933): App\Controllers\Courses->syllabus_subjects('2', 'public', 'assests', 'Logo.png')
 7 SYSTEMPATH\CodeIgniter.php(509): CodeIgniter\CodeIgniter->runController(Object(App\Controllers\Courses))
 8 SYSTEMPATH\CodeIgniter.php(355): CodeIgniter\CodeIgniter->handleRequest(null, Object(Config\Cache), false)
 9 SYSTEMPATH\Boot.php(325): CodeIgniter\CodeIgniter->run()
10 SYSTEMPATH\Boot.php(67): CodeIgniter\Boot::runCodeIgniter(Object(CodeIgniter\CodeIgniter))
11 FCPATH\index.php(56): CodeIgniter\Boot::bootWeb(Object(Config\Paths))
CRITICAL - 2025-01-01 03:41:23 --> ErrorException: Trying to access array offset on value of type null
[Method: GET, Route: courses/syllabus_subjects/2/public/assests/Logo.png]
in APPPATH\Views\dashboard\courses\index_subject.php on line 6.
 1 APPPATH\Views\dashboard\courses\index_subject.php(6): CodeIgniter\Debug\Exceptions->errorHandler(2, 'Trying to access array offset on value of type null', 'C:\\xampp\\htdocs\\Student_Management_Portal\\app\\Views\\dashboard\\courses\\index_subject.php', 6)
 2 SYSTEMPATH\View\View.php(234): include('C:\\xampp\\htdocs\\Student_Management_Portal\\app\\Views\\dashboard\\courses\\index_subject.php')
 3 SYSTEMPATH\View\View.php(237): CodeIgniter\View\View->CodeIgniter\View\{closure}()
 4 SYSTEMPATH\Common.php(1171): CodeIgniter\View\View->render('dashboard/courses/index_subject', [], true)
 5 APPPATH\Controllers\Courses.php(119): view('dashboard/courses/index_subject', [...])
 6 SYSTEMPATH\CodeIgniter.php(933): App\Controllers\Courses->syllabus_subjects('2', 'public', 'assests', 'Logo.png')
 7 SYSTEMPATH\CodeIgniter.php(509): CodeIgniter\CodeIgniter->runController(Object(App\Controllers\Courses))
 8 SYSTEMPATH\CodeIgniter.php(355): CodeIgniter\CodeIgniter->handleRequest(null, Object(Config\Cache), false)
 9 SYSTEMPATH\Boot.php(325): CodeIgniter\CodeIgniter->run()
10 SYSTEMPATH\Boot.php(67): CodeIgniter\Boot::runCodeIgniter(Object(CodeIgniter\CodeIgniter))
11 FCPATH\index.php(56): CodeIgniter\Boot::bootWeb(Object(Config\Paths))
CRITICAL - 2025-01-01 03:41:25 --> ErrorException: Trying to access array offset on value of type null
[Method: GET, Route: courses/add_subject/2/public/assests/Logo.png]
in APPPATH\Views\dashboard\courses\add_new_subject.php on line 42.
 1 APPPATH\Views\dashboard\courses\add_new_subject.php(42): CodeIgniter\Debug\Exceptions->errorHandler(2, 'Trying to access array offset on value of type null', 'C:\\xampp\\htdocs\\Student_Management_Portal\\app\\Views\\dashboard\\courses\\add_new_subject.php', 42)
 2 SYSTEMPATH\View\View.php(234): include('C:\\xampp\\htdocs\\Student_Management_Portal\\app\\Views\\dashboard\\courses\\add_new_subject.php')
 3 SYSTEMPATH\View\View.php(237): CodeIgniter\View\View->CodeIgniter\View\{closure}()
 4 SYSTEMPATH\Common.php(1171): CodeIgniter\View\View->render('dashboard/courses/add_new_subject', [], true)
 5 APPPATH\Controllers\Courses.php(413): view('dashboard/courses/add_new_subject', [...])
 6 SYSTEMPATH\CodeIgniter.php(933): App\Controllers\Courses->add_subject('2', 'public', 'assests', 'Logo.png')
 7 SYSTEMPATH\CodeIgniter.php(509): CodeIgniter\CodeIgniter->runController(Object(App\Controllers\Courses))
 8 SYSTEMPATH\CodeIgniter.php(355): CodeIgniter\CodeIgniter->handleRequest(null, Object(Config\Cache), false)
 9 SYSTEMPATH\Boot.php(325): CodeIgniter\CodeIgniter->run()
10 SYSTEMPATH\Boot.php(67): CodeIgniter\Boot::runCodeIgniter(Object(CodeIgniter\CodeIgniter))
11 FCPATH\index.php(56): CodeIgniter\Boot::bootWeb(Object(Config\Paths))
CRITICAL - 2025-01-01 03:41:30 --> ErrorException: Trying to access array offset on value of type null
[Method: GET, Route: courses/syllabus_subjects/2/public/assests/Logo.png]
in APPPATH\Views\dashboard\courses\index_subject.php on line 6.
 1 APPPATH\Views\dashboard\courses\index_subject.php(6): CodeIgniter\Debug\Exceptions->errorHandler(2, 'Trying to access array offset on value of type null', 'C:\\xampp\\htdocs\\Student_Management_Portal\\app\\Views\\dashboard\\courses\\index_subject.php', 6)
 2 SYSTEMPATH\View\View.php(234): include('C:\\xampp\\htdocs\\Student_Management_Portal\\app\\Views\\dashboard\\courses\\index_subject.php')
 3 SYSTEMPATH\View\View.php(237): CodeIgniter\View\View->CodeIgniter\View\{closure}()
 4 SYSTEMPATH\Common.php(1171): CodeIgniter\View\View->render('dashboard/courses/index_subject', [], true)
 5 APPPATH\Controllers\Courses.php(119): view('dashboard/courses/index_subject', [...])
 6 SYSTEMPATH\CodeIgniter.php(933): App\Controllers\Courses->syllabus_subjects('2', 'public', 'assests', 'Logo.png')
 7 SYSTEMPATH\CodeIgniter.php(509): CodeIgniter\CodeIgniter->runController(Object(App\Controllers\Courses))
 8 SYSTEMPATH\CodeIgniter.php(355): CodeIgniter\CodeIgniter->handleRequest(null, Object(Config\Cache), false)
 9 SYSTEMPATH\Boot.php(325): CodeIgniter\CodeIgniter->run()
10 SYSTEMPATH\Boot.php(67): CodeIgniter\Boot::runCodeIgniter(Object(CodeIgniter\CodeIgniter))
11 FCPATH\index.php(56): CodeIgniter\Boot::bootWeb(Object(Config\Paths))
CRITICAL - 2025-01-01 03:41:33 --> ErrorException: Trying to access array offset on value of type null
[Method: GET, Route: courses/syllabus_subjects/2/public/assests/Logo.png]
in APPPATH\Views\dashboard\courses\index_subject.php on line 6.
 1 APPPATH\Views\dashboard\courses\index_subject.php(6): CodeIgniter\Debug\Exceptions->errorHandler(2, 'Trying to access array offset on value of type null', 'C:\\xampp\\htdocs\\Student_Management_Portal\\app\\Views\\dashboard\\courses\\index_subject.php', 6)
 2 SYSTEMPATH\View\View.php(234): include('C:\\xampp\\htdocs\\Student_Management_Portal\\app\\Views\\dashboard\\courses\\index_subject.php')
 3 SYSTEMPATH\View\View.php(237): CodeIgniter\View\View->CodeIgniter\View\{closure}()
 4 SYSTEMPATH\Common.php(1171): CodeIgniter\View\View->render('dashboard/courses/index_subject', [], true)
 5 APPPATH\Controllers\Courses.php(119): view('dashboard/courses/index_subject', [...])
 6 SYSTEMPATH\CodeIgniter.php(933): App\Controllers\Courses->syllabus_subjects('2', 'public', 'assests', 'Logo.png')
 7 SYSTEMPATH\CodeIgniter.php(509): CodeIgniter\CodeIgniter->runController(Object(App\Controllers\Courses))
 8 SYSTEMPATH\CodeIgniter.php(355): CodeIgniter\CodeIgniter->handleRequest(null, Object(Config\Cache), false)
 9 SYSTEMPATH\Boot.php(325): CodeIgniter\CodeIgniter->run()
10 SYSTEMPATH\Boot.php(67): CodeIgniter\Boot::runCodeIgniter(Object(CodeIgniter\CodeIgniter))
11 FCPATH\index.php(56): CodeIgniter\Boot::bootWeb(Object(Config\Paths))
CRITICAL - 2025-01-01 03:41:51 --> ErrorException: Trying to access array offset on value of type null
[Method: GET, Route: courses/syllabus_subjects/2/public/assests/Logo.png]
in APPPATH\Views\dashboard\courses\index_subject.php on line 6.
 1 APPPATH\Views\dashboard\courses\index_subject.php(6): CodeIgniter\Debug\Exceptions->errorHandler(2, 'Trying to access array offset on value of type null', 'C:\\xampp\\htdocs\\Student_Management_Portal\\app\\Views\\dashboard\\courses\\index_subject.php', 6)
 2 SYSTEMPATH\View\View.php(234): include('C:\\xampp\\htdocs\\Student_Management_Portal\\app\\Views\\dashboard\\courses\\index_subject.php')
 3 SYSTEMPATH\View\View.php(237): CodeIgniter\View\View->CodeIgniter\View\{closure}()
 4 SYSTEMPATH\Common.php(1171): CodeIgniter\View\View->render('dashboard/courses/index_subject', [], true)
 5 APPPATH\Controllers\Courses.php(119): view('dashboard/courses/index_subject', [...])
 6 SYSTEMPATH\CodeIgniter.php(933): App\Controllers\Courses->syllabus_subjects('2', 'public', 'assests', 'Logo.png')
 7 SYSTEMPATH\CodeIgniter.php(509): CodeIgniter\CodeIgniter->runController(Object(App\Controllers\Courses))
 8 SYSTEMPATH\CodeIgniter.php(355): CodeIgniter\CodeIgniter->handleRequest(null, Object(Config\Cache), false)
 9 SYSTEMPATH\Boot.php(325): CodeIgniter\CodeIgniter->run()
10 SYSTEMPATH\Boot.php(67): CodeIgniter\Boot::runCodeIgniter(Object(CodeIgniter\CodeIgniter))
11 FCPATH\index.php(56): CodeIgniter\Boot::bootWeb(Object(Config\Paths))
CRITICAL - 2025-01-01 03:41:54 --> ErrorException: Trying to access array offset on value of type null
[Method: GET, Route: courses/syllabus_subjects/2/public/assests/Logo.png]
in APPPATH\Views\dashboard\courses\index_subject.php on line 6.
 1 APPPATH\Views\dashboard\courses\index_subject.php(6): CodeIgniter\Debug\Exceptions->errorHandler(2, 'Trying to access array offset on value of type null', 'C:\\xampp\\htdocs\\Student_Management_Portal\\app\\Views\\dashboard\\courses\\index_subject.php', 6)
 2 SYSTEMPATH\View\View.php(234): include('C:\\xampp\\htdocs\\Student_Management_Portal\\app\\Views\\dashboard\\courses\\index_subject.php')
 3 SYSTEMPATH\View\View.php(237): CodeIgniter\View\View->CodeIgniter\View\{closure}()
 4 SYSTEMPATH\Common.php(1171): CodeIgniter\View\View->render('dashboard/courses/index_subject', [], true)
 5 APPPATH\Controllers\Courses.php(119): view('dashboard/courses/index_subject', [...])
 6 SYSTEMPATH\CodeIgniter.php(933): App\Controllers\Courses->syllabus_subjects('2', 'public', 'assests', 'Logo.png')
 7 SYSTEMPATH\CodeIgniter.php(509): CodeIgniter\CodeIgniter->runController(Object(App\Controllers\Courses))
 8 SYSTEMPATH\CodeIgniter.php(355): CodeIgniter\CodeIgniter->handleRequest(null, Object(Config\Cache), false)
 9 SYSTEMPATH\Boot.php(325): CodeIgniter\CodeIgniter->run()
10 SYSTEMPATH\Boot.php(67): CodeIgniter\Boot::runCodeIgniter(Object(CodeIgniter\CodeIgniter))
11 FCPATH\index.php(56): CodeIgniter\Boot::bootWeb(Object(Config\Paths))
CRITICAL - 2025-01-01 03:41:57 --> ErrorException: Trying to access array offset on value of type null
[Method: GET, Route: courses/syllabus_subjects/2/public/assests/Logo.png]
in APPPATH\Views\dashboard\courses\index_subject.php on line 6.
 1 APPPATH\Views\dashboard\courses\index_subject.php(6): CodeIgniter\Debug\Exceptions->errorHandler(2, 'Trying to access array offset on value of type null', 'C:\\xampp\\htdocs\\Student_Management_Portal\\app\\Views\\dashboard\\courses\\index_subject.php', 6)
 2 SYSTEMPATH\View\View.php(234): include('C:\\xampp\\htdocs\\Student_Management_Portal\\app\\Views\\dashboard\\courses\\index_subject.php')
 3 SYSTEMPATH\View\View.php(237): CodeIgniter\View\View->CodeIgniter\View\{closure}()
 4 SYSTEMPATH\Common.php(1171): CodeIgniter\View\View->render('dashboard/courses/index_subject', [], true)
 5 APPPATH\Controllers\Courses.php(119): view('dashboard/courses/index_subject', [...])
 6 SYSTEMPATH\CodeIgniter.php(933): App\Controllers\Courses->syllabus_subjects('2', 'public', 'assests', 'Logo.png')
 7 SYSTEMPATH\CodeIgniter.php(509): CodeIgniter\CodeIgniter->runController(Object(App\Controllers\Courses))
 8 SYSTEMPATH\CodeIgniter.php(355): CodeIgniter\CodeIgniter->handleRequest(null, Object(Config\Cache), false)
 9 SYSTEMPATH\Boot.php(325): CodeIgniter\CodeIgniter->run()
10 SYSTEMPATH\Boot.php(67): CodeIgniter\Boot::runCodeIgniter(Object(CodeIgniter\CodeIgniter))
11 FCPATH\index.php(56): CodeIgniter\Boot::bootWeb(Object(Config\Paths))
CRITICAL - 2025-01-01 03:41:58 --> ErrorException: Trying to access array offset on value of type null
[Method: GET, Route: courses/syllabus_subjects/2/public/assests/Logo.png]
in APPPATH\Views\dashboard\courses\index_subject.php on line 6.
 1 APPPATH\Views\dashboard\courses\index_subject.php(6): CodeIgniter\Debug\Exceptions->errorHandler(2, 'Trying to access array offset on value of type null', 'C:\\xampp\\htdocs\\Student_Management_Portal\\app\\Views\\dashboard\\courses\\index_subject.php', 6)
 2 SYSTEMPATH\View\View.php(234): include('C:\\xampp\\htdocs\\Student_Management_Portal\\app\\Views\\dashboard\\courses\\index_subject.php')
 3 SYSTEMPATH\View\View.php(237): CodeIgniter\View\View->CodeIgniter\View\{closure}()
 4 SYSTEMPATH\Common.php(1171): CodeIgniter\View\View->render('dashboard/courses/index_subject', [], true)
 5 APPPATH\Controllers\Courses.php(119): view('dashboard/courses/index_subject', [...])
 6 SYSTEMPATH\CodeIgniter.php(933): App\Controllers\Courses->syllabus_subjects('2', 'public', 'assests', 'Logo.png')
 7 SYSTEMPATH\CodeIgniter.php(509): CodeIgniter\CodeIgniter->runController(Object(App\Controllers\Courses))
 8 SYSTEMPATH\CodeIgniter.php(355): CodeIgniter\CodeIgniter->handleRequest(null, Object(Config\Cache), false)
 9 SYSTEMPATH\Boot.php(325): CodeIgniter\CodeIgniter->run()
10 SYSTEMPATH\Boot.php(67): CodeIgniter\Boot::runCodeIgniter(Object(CodeIgniter\CodeIgniter))
11 FCPATH\index.php(56): CodeIgniter\Boot::bootWeb(Object(Config\Paths))
CRITICAL - 2025-01-01 03:41:59 --> ErrorException: Trying to access array offset on value of type null
[Method: GET, Route: courses/syllabus_subjects/2/public/assests/Logo.png]
in APPPATH\Views\dashboard\courses\index_subject.php on line 6.
 1 APPPATH\Views\dashboard\courses\index_subject.php(6): CodeIgniter\Debug\Exceptions->errorHandler(2, 'Trying to access array offset on value of type null', 'C:\\xampp\\htdocs\\Student_Management_Portal\\app\\Views\\dashboard\\courses\\index_subject.php', 6)
 2 SYSTEMPATH\View\View.php(234): include('C:\\xampp\\htdocs\\Student_Management_Portal\\app\\Views\\dashboard\\courses\\index_subject.php')
 3 SYSTEMPATH\View\View.php(237): CodeIgniter\View\View->CodeIgniter\View\{closure}()
 4 SYSTEMPATH\Common.php(1171): CodeIgniter\View\View->render('dashboard/courses/index_subject', [], true)
 5 APPPATH\Controllers\Courses.php(119): view('dashboard/courses/index_subject', [...])
 6 SYSTEMPATH\CodeIgniter.php(933): App\Controllers\Courses->syllabus_subjects('2', 'public', 'assests', 'Logo.png')
 7 SYSTEMPATH\CodeIgniter.php(509): CodeIgniter\CodeIgniter->runController(Object(App\Controllers\Courses))
 8 SYSTEMPATH\CodeIgniter.php(355): CodeIgniter\CodeIgniter->handleRequest(null, Object(Config\Cache), false)
 9 SYSTEMPATH\Boot.php(325): CodeIgniter\CodeIgniter->run()
10 SYSTEMPATH\Boot.php(67): CodeIgniter\Boot::runCodeIgniter(Object(CodeIgniter\CodeIgniter))
11 FCPATH\index.php(56): CodeIgniter\Boot::bootWeb(Object(Config\Paths))
CRITICAL - 2025-01-01 03:42:03 --> ErrorException: Trying to access array offset on value of type null
[Method: GET, Route: courses/syllabus_subjects/2/public/assests/Logo.png]
in APPPATH\Views\dashboard\courses\index_subject.php on line 6.
 1 APPPATH\Views\dashboard\courses\index_subject.php(6): CodeIgniter\Debug\Exceptions->errorHandler(2, 'Trying to access array offset on value of type null', 'C:\\xampp\\htdocs\\Student_Management_Portal\\app\\Views\\dashboard\\courses\\index_subject.php', 6)
 2 SYSTEMPATH\View\View.php(234): include('C:\\xampp\\htdocs\\Student_Management_Portal\\app\\Views\\dashboard\\courses\\index_subject.php')
 3 SYSTEMPATH\View\View.php(237): CodeIgniter\View\View->CodeIgniter\View\{closure}()
 4 SYSTEMPATH\Common.php(1171): CodeIgniter\View\View->render('dashboard/courses/index_subject', [], true)
 5 APPPATH\Controllers\Courses.php(119): view('dashboard/courses/index_subject', [...])
 6 SYSTEMPATH\CodeIgniter.php(933): App\Controllers\Courses->syllabus_subjects('2', 'public', 'assests', 'Logo.png')
 7 SYSTEMPATH\CodeIgniter.php(509): CodeIgniter\CodeIgniter->runController(Object(App\Controllers\Courses))
 8 SYSTEMPATH\CodeIgniter.php(355): CodeIgniter\CodeIgniter->handleRequest(null, Object(Config\Cache), false)
 9 SYSTEMPATH\Boot.php(325): CodeIgniter\CodeIgniter->run()
10 SYSTEMPATH\Boot.php(67): CodeIgniter\Boot::runCodeIgniter(Object(CodeIgniter\CodeIgniter))
11 FCPATH\index.php(56): CodeIgniter\Boot::bootWeb(Object(Config\Paths))
CRITICAL - 2025-01-01 03:42:06 --> ErrorException: Trying to access array offset on value of type null
[Method: GET, Route: courses/syllabus_subjects/2/public/assests/Logo.png]
in APPPATH\Views\dashboard\courses\index_subject.php on line 6.
 1 APPPATH\Views\dashboard\courses\index_subject.php(6): CodeIgniter\Debug\Exceptions->errorHandler(2, 'Trying to access array offset on value of type null', 'C:\\xampp\\htdocs\\Student_Management_Portal\\app\\Views\\dashboard\\courses\\index_subject.php', 6)
 2 SYSTEMPATH\View\View.php(234): include('C:\\xampp\\htdocs\\Student_Management_Portal\\app\\Views\\dashboard\\courses\\index_subject.php')
 3 SYSTEMPATH\View\View.php(237): CodeIgniter\View\View->CodeIgniter\View\{closure}()
 4 SYSTEMPATH\Common.php(1171): CodeIgniter\View\View->render('dashboard/courses/index_subject', [], true)
 5 APPPATH\Controllers\Courses.php(119): view('dashboard/courses/index_subject', [...])
 6 SYSTEMPATH\CodeIgniter.php(933): App\Controllers\Courses->syllabus_subjects('2', 'public', 'assests', 'Logo.png')
 7 SYSTEMPATH\CodeIgniter.php(509): CodeIgniter\CodeIgniter->runController(Object(App\Controllers\Courses))
 8 SYSTEMPATH\CodeIgniter.php(355): CodeIgniter\CodeIgniter->handleRequest(null, Object(Config\Cache), false)
 9 SYSTEMPATH\Boot.php(325): CodeIgniter\CodeIgniter->run()
10 SYSTEMPATH\Boot.php(67): CodeIgniter\Boot::runCodeIgniter(Object(CodeIgniter\CodeIgniter))
11 FCPATH\index.php(56): CodeIgniter\Boot::bootWeb(Object(Config\Paths))
CRITICAL - 2025-01-01 03:43:08 --> ErrorException: Trying to access array offset on value of type null
[Method: GET, Route: courses/syllabus_subjects/2/public/assests/Logo.png]
in APPPATH\Views\dashboard\courses\index_subject.php on line 6.
 1 APPPATH\Views\dashboard\courses\index_subject.php(6): CodeIgniter\Debug\Exceptions->errorHandler(2, 'Trying to access array offset on value of type null', 'C:\\xampp\\htdocs\\Student_Management_Portal\\app\\Views\\dashboard\\courses\\index_subject.php', 6)
 2 SYSTEMPATH\View\View.php(234): include('C:\\xampp\\htdocs\\Student_Management_Portal\\app\\Views\\dashboard\\courses\\index_subject.php')
 3 SYSTEMPATH\View\View.php(237): CodeIgniter\View\View->CodeIgniter\View\{closure}()
 4 SYSTEMPATH\Common.php(1171): CodeIgniter\View\View->render('dashboard/courses/index_subject', [], true)
 5 APPPATH\Controllers\Courses.php(119): view('dashboard/courses/index_subject', [...])
 6 SYSTEMPATH\CodeIgniter.php(933): App\Controllers\Courses->syllabus_subjects('2', 'public', 'assests', 'Logo.png')
 7 SYSTEMPATH\CodeIgniter.php(509): CodeIgniter\CodeIgniter->runController(Object(App\Controllers\Courses))
 8 SYSTEMPATH\CodeIgniter.php(355): CodeIgniter\CodeIgniter->handleRequest(null, Object(Config\Cache), false)
 9 SYSTEMPATH\Boot.php(325): CodeIgniter\CodeIgniter->run()
10 SYSTEMPATH\Boot.php(67): CodeIgniter\Boot::runCodeIgniter(Object(CodeIgniter\CodeIgniter))
11 FCPATH\index.php(56): CodeIgniter\Boot::bootWeb(Object(Config\Paths))
CRITICAL - 2025-01-01 03:43:12 --> ErrorException: Trying to access array offset on value of type null
[Method: GET, Route: courses/syllabus_subjects/2/public/assests/Logo.png]
in APPPATH\Views\dashboard\courses\index_subject.php on line 6.
 1 APPPATH\Views\dashboard\courses\index_subject.php(6): CodeIgniter\Debug\Exceptions->errorHandler(2, 'Trying to access array offset on value of type null', 'C:\\xampp\\htdocs\\Student_Management_Portal\\app\\Views\\dashboard\\courses\\index_subject.php', 6)
 2 SYSTEMPATH\View\View.php(234): include('C:\\xampp\\htdocs\\Student_Management_Portal\\app\\Views\\dashboard\\courses\\index_subject.php')
 3 SYSTEMPATH\View\View.php(237): CodeIgniter\View\View->CodeIgniter\View\{closure}()
 4 SYSTEMPATH\Common.php(1171): CodeIgniter\View\View->render('dashboard/courses/index_subject', [], true)
 5 APPPATH\Controllers\Courses.php(119): view('dashboard/courses/index_subject', [...])
 6 SYSTEMPATH\CodeIgniter.php(933): App\Controllers\Courses->syllabus_subjects('2', 'public', 'assests', 'Logo.png')
 7 SYSTEMPATH\CodeIgniter.php(509): CodeIgniter\CodeIgniter->runController(Object(App\Controllers\Courses))
 8 SYSTEMPATH\CodeIgniter.php(355): CodeIgniter\CodeIgniter->handleRequest(null, Object(Config\Cache), false)
 9 SYSTEMPATH\Boot.php(325): CodeIgniter\CodeIgniter->run()
10 SYSTEMPATH\Boot.php(67): CodeIgniter\Boot::runCodeIgniter(Object(CodeIgniter\CodeIgniter))
11 FCPATH\index.php(56): CodeIgniter\Boot::bootWeb(Object(Config\Paths))
CRITICAL - 2025-01-01 03:43:15 --> ErrorException: Trying to access array offset on value of type null
[Method: GET, Route: courses/syllabus_subjects/2/public/assests/Logo.png]
in APPPATH\Views\dashboard\courses\index_subject.php on line 6.
 1 APPPATH\Views\dashboard\courses\index_subject.php(6): CodeIgniter\Debug\Exceptions->errorHandler(2, 'Trying to access array offset on value of type null', 'C:\\xampp\\htdocs\\Student_Management_Portal\\app\\Views\\dashboard\\courses\\index_subject.php', 6)
 2 SYSTEMPATH\View\View.php(234): include('C:\\xampp\\htdocs\\Student_Management_Portal\\app\\Views\\dashboard\\courses\\index_subject.php')
 3 SYSTEMPATH\View\View.php(237): CodeIgniter\View\View->CodeIgniter\View\{closure}()
 4 SYSTEMPATH\Common.php(1171): CodeIgniter\View\View->render('dashboard/courses/index_subject', [], true)
 5 APPPATH\Controllers\Courses.php(119): view('dashboard/courses/index_subject', [...])
 6 SYSTEMPATH\CodeIgniter.php(933): App\Controllers\Courses->syllabus_subjects('2', 'public', 'assests', 'Logo.png')
 7 SYSTEMPATH\CodeIgniter.php(509): CodeIgniter\CodeIgniter->runController(Object(App\Controllers\Courses))
 8 SYSTEMPATH\CodeIgniter.php(355): CodeIgniter\CodeIgniter->handleRequest(null, Object(Config\Cache), false)
 9 SYSTEMPATH\Boot.php(325): CodeIgniter\CodeIgniter->run()
10 SYSTEMPATH\Boot.php(67): CodeIgniter\Boot::runCodeIgniter(Object(CodeIgniter\CodeIgniter))
11 FCPATH\index.php(56): CodeIgniter\Boot::bootWeb(Object(Config\Paths))
INFO - 2025-01-01 03:43:18 --> Session: Class initialized using 'CodeIgniter\Session\Handlers\FileHandler' driver.
CRITICAL - 2025-01-01 03:43:22 --> ErrorException: Trying to access array offset on value of type null
[Method: GET, Route: courses/syllabus_subjects/2/public/assests/Logo.png]
in APPPATH\Views\dashboard\courses\index_subject.php on line 6.
 1 APPPATH\Views\dashboard\courses\index_subject.php(6): CodeIgniter\Debug\Exceptions->errorHandler(2, 'Trying to access array offset on value of type null', 'C:\\xampp\\htdocs\\Student_Management_Portal\\app\\Views\\dashboard\\courses\\index_subject.php', 6)
 2 SYSTEMPATH\View\View.php(234): include('C:\\xampp\\htdocs\\Student_Management_Portal\\app\\Views\\dashboard\\courses\\index_subject.php')
 3 SYSTEMPATH\View\View.php(237): CodeIgniter\View\View->CodeIgniter\View\{closure}()
 4 SYSTEMPATH\Common.php(1171): CodeIgniter\View\View->render('dashboard/courses/index_subject', [], true)
 5 APPPATH\Controllers\Courses.php(119): view('dashboard/courses/index_subject', [...])
 6 SYSTEMPATH\CodeIgniter.php(933): App\Controllers\Courses->syllabus_subjects('2', 'public', 'assests', 'Logo.png')
 7 SYSTEMPATH\CodeIgniter.php(509): CodeIgniter\CodeIgniter->runController(Object(App\Controllers\Courses))
 8 SYSTEMPATH\CodeIgniter.php(355): CodeIgniter\CodeIgniter->handleRequest(null, Object(Config\Cache), false)
 9 SYSTEMPATH\Boot.php(325): CodeIgniter\CodeIgniter->run()
10 SYSTEMPATH\Boot.php(67): CodeIgniter\Boot::runCodeIgniter(Object(CodeIgniter\CodeIgniter))
11 FCPATH\index.php(56): CodeIgniter\Boot::bootWeb(Object(Config\Paths))
CRITICAL - 2025-01-01 03:43:28 --> ErrorException: Trying to access array offset on value of type null
[Method: GET, Route: courses/add_subject/2/public/assests/Logo.png]
in APPPATH\Views\dashboard\courses\add_new_subject.php on line 42.
 1 APPPATH\Views\dashboard\courses\add_new_subject.php(42): CodeIgniter\Debug\Exceptions->errorHandler(2, 'Trying to access array offset on value of type null', 'C:\\xampp\\htdocs\\Student_Management_Portal\\app\\Views\\dashboard\\courses\\add_new_subject.php', 42)
 2 SYSTEMPATH\View\View.php(234): include('C:\\xampp\\htdocs\\Student_Management_Portal\\app\\Views\\dashboard\\courses\\add_new_subject.php')
 3 SYSTEMPATH\View\View.php(237): CodeIgniter\View\View->CodeIgniter\View\{closure}()
 4 SYSTEMPATH\Common.php(1171): CodeIgniter\View\View->render('dashboard/courses/add_new_subject', [], true)
 5 APPPATH\Controllers\Courses.php(413): view('dashboard/courses/add_new_subject', [...])
 6 SYSTEMPATH\CodeIgniter.php(933): App\Controllers\Courses->add_subject('2', 'public', 'assests', 'Logo.png')
 7 SYSTEMPATH\CodeIgniter.php(509): CodeIgniter\CodeIgniter->runController(Object(App\Controllers\Courses))
 8 SYSTEMPATH\CodeIgniter.php(355): CodeIgniter\CodeIgniter->handleRequest(null, Object(Config\Cache), false)
 9 SYSTEMPATH\Boot.php(325): CodeIgniter\CodeIgniter->run()
10 SYSTEMPATH\Boot.php(67): CodeIgniter\Boot::runCodeIgniter(Object(CodeIgniter\CodeIgniter))
11 FCPATH\index.php(56): CodeIgniter\Boot::bootWeb(Object(Config\Paths))
CRITICAL - 2025-01-01 03:43:32 --> ErrorException: Trying to access array offset on value of type null
[Method: GET, Route: courses/syllabus_subjects/2/public/assests/Logo.png]
in APPPATH\Views\dashboard\courses\index_subject.php on line 6.
 1 APPPATH\Views\dashboard\courses\index_subject.php(6): CodeIgniter\Debug\Exceptions->errorHandler(2, 'Trying to access array offset on value of type null', 'C:\\xampp\\htdocs\\Student_Management_Portal\\app\\Views\\dashboard\\courses\\index_subject.php', 6)
 2 SYSTEMPATH\View\View.php(234): include('C:\\xampp\\htdocs\\Student_Management_Portal\\app\\Views\\dashboard\\courses\\index_subject.php')
 3 SYSTEMPATH\View\View.php(237): CodeIgniter\View\View->CodeIgniter\View\{closure}()
 4 SYSTEMPATH\Common.php(1171): CodeIgniter\View\View->render('dashboard/courses/index_subject', [], true)
 5 APPPATH\Controllers\Courses.php(119): view('dashboard/courses/index_subject', [...])
 6 SYSTEMPATH\CodeIgniter.php(933): App\Controllers\Courses->syllabus_subjects('2', 'public', 'assests', 'Logo.png')
 7 SYSTEMPATH\CodeIgniter.php(509): CodeIgniter\CodeIgniter->runController(Object(App\Controllers\Courses))
 8 SYSTEMPATH\CodeIgniter.php(355): CodeIgniter\CodeIgniter->handleRequest(null, Object(Config\Cache), false)
 9 SYSTEMPATH\Boot.php(325): CodeIgniter\CodeIgniter->run()
10 SYSTEMPATH\Boot.php(67): CodeIgniter\Boot::runCodeIgniter(Object(CodeIgniter\CodeIgniter))
11 FCPATH\index.php(56): CodeIgniter\Boot::bootWeb(Object(Config\Paths))
CRITICAL - 2025-01-01 03:44:31 --> ErrorException: Trying to access array offset on value of type null
[Method: GET, Route: courses/add_subject/2/public/assests/Logo.png]
in APPPATH\Views\dashboard\courses\add_new_subject.php on line 42.
 1 APPPATH\Views\dashboard\courses\add_new_subject.php(42): CodeIgniter\Debug\Exceptions->errorHandler(2, 'Trying to access array offset on value of type null', 'C:\\xampp\\htdocs\\Student_Management_Portal\\app\\Views\\dashboard\\courses\\add_new_subject.php', 42)
 2 SYSTEMPATH\View\View.php(234): include('C:\\xampp\\htdocs\\Student_Management_Portal\\app\\Views\\dashboard\\courses\\add_new_subject.php')
 3 SYSTEMPATH\View\View.php(237): CodeIgniter\View\View->CodeIgniter\View\{closure}()
 4 SYSTEMPATH\Common.php(1171): CodeIgniter\View\View->render('dashboard/courses/add_new_subject', [], true)
 5 APPPATH\Controllers\Courses.php(413): view('dashboard/courses/add_new_subject', [...])
 6 SYSTEMPATH\CodeIgniter.php(933): App\Controllers\Courses->add_subject('2', 'public', 'assests', 'Logo.png')
 7 SYSTEMPATH\CodeIgniter.php(509): CodeIgniter\CodeIgniter->runController(Object(App\Controllers\Courses))
 8 SYSTEMPATH\CodeIgniter.php(355): CodeIgniter\CodeIgniter->handleRequest(null, Object(Config\Cache), false)
 9 SYSTEMPATH\Boot.php(325): CodeIgniter\CodeIgniter->run()
10 SYSTEMPATH\Boot.php(67): CodeIgniter\Boot::runCodeIgniter(Object(CodeIgniter\CodeIgniter))
11 FCPATH\index.php(56): CodeIgniter\Boot::bootWeb(Object(Config\Paths))
CRITICAL - 2025-01-01 03:44:33 --> ErrorException: Trying to access array offset on value of type null
[Method: GET, Route: courses/syllabus_subjects/2/public/assests/Logo.png]
in APPPATH\Views\dashboard\courses\index_subject.php on line 6.
 1 APPPATH\Views\dashboard\courses\index_subject.php(6): CodeIgniter\Debug\Exceptions->errorHandler(2, 'Trying to access array offset on value of type null', 'C:\\xampp\\htdocs\\Student_Management_Portal\\app\\Views\\dashboard\\courses\\index_subject.php', 6)
 2 SYSTEMPATH\View\View.php(234): include('C:\\xampp\\htdocs\\Student_Management_Portal\\app\\Views\\dashboard\\courses\\index_subject.php')
 3 SYSTEMPATH\View\View.php(237): CodeIgniter\View\View->CodeIgniter\View\{closure}()
 4 SYSTEMPATH\Common.php(1171): CodeIgniter\View\View->render('dashboard/courses/index_subject', [], true)
 5 APPPATH\Controllers\Courses.php(119): view('dashboard/courses/index_subject', [...])
 6 SYSTEMPATH\CodeIgniter.php(933): App\Controllers\Courses->syllabus_subjects('2', 'public', 'assests', 'Logo.png')
 7 SYSTEMPATH\CodeIgniter.php(509): CodeIgniter\CodeIgniter->runController(Object(App\Controllers\Courses))
 8 SYSTEMPATH\CodeIgniter.php(355): CodeIgniter\CodeIgniter->handleRequest(null, Object(Config\Cache), false)
 9 SYSTEMPATH\Boot.php(325): CodeIgniter\CodeIgniter->run()
10 SYSTEMPATH\Boot.php(67): CodeIgniter\Boot::runCodeIgniter(Object(CodeIgniter\CodeIgniter))
11 FCPATH\index.php(56): CodeIgniter\Boot::bootWeb(Object(Config\Paths))
CRITICAL - 2025-01-01 03:44:35 --> ErrorException: Trying to access array offset on value of type null
[Method: GET, Route: courses/syllabus_subjects/2/public/assests/Logo.png]
in APPPATH\Views\dashboard\courses\index_subject.php on line 6.
 1 APPPATH\Views\dashboard\courses\index_subject.php(6): CodeIgniter\Debug\Exceptions->errorHandler(2, 'Trying to access array offset on value of type null', 'C:\\xampp\\htdocs\\Student_Management_Portal\\app\\Views\\dashboard\\courses\\index_subject.php', 6)
 2 SYSTEMPATH\View\View.php(234): include('C:\\xampp\\htdocs\\Student_Management_Portal\\app\\Views\\dashboard\\courses\\index_subject.php')
 3 SYSTEMPATH\View\View.php(237): CodeIgniter\View\View->CodeIgniter\View\{closure}()
 4 SYSTEMPATH\Common.php(1171): CodeIgniter\View\View->render('dashboard/courses/index_subject', [], true)
 5 APPPATH\Controllers\Courses.php(119): view('dashboard/courses/index_subject', [...])
 6 SYSTEMPATH\CodeIgniter.php(933): App\Controllers\Courses->syllabus_subjects('2', 'public', 'assests', 'Logo.png')
 7 SYSTEMPATH\CodeIgniter.php(509): CodeIgniter\CodeIgniter->runController(Object(App\Controllers\Courses))
 8 SYSTEMPATH\CodeIgniter.php(355): CodeIgniter\CodeIgniter->handleRequest(null, Object(Config\Cache), false)
 9 SYSTEMPATH\Boot.php(325): CodeIgniter\CodeIgniter->run()
10 SYSTEMPATH\Boot.php(67): CodeIgniter\Boot::runCodeIgniter(Object(CodeIgniter\CodeIgniter))
11 FCPATH\index.php(56): CodeIgniter\Boot::bootWeb(Object(Config\Paths))
CRITICAL - 2025-01-01 03:44:37 --> ErrorException: Trying to access array offset on value of type null
[Method: GET, Route: courses/syllabus_subjects/2/public/assests/Logo.png]
in APPPATH\Views\dashboard\courses\index_subject.php on line 6.
 1 APPPATH\Views\dashboard\courses\index_subject.php(6): CodeIgniter\Debug\Exceptions->errorHandler(2, 'Trying to access array offset on value of type null', 'C:\\xampp\\htdocs\\Student_Management_Portal\\app\\Views\\dashboard\\courses\\index_subject.php', 6)
 2 SYSTEMPATH\View\View.php(234): include('C:\\xampp\\htdocs\\Student_Management_Portal\\app\\Views\\dashboard\\courses\\index_subject.php')
 3 SYSTEMPATH\View\View.php(237): CodeIgniter\View\View->CodeIgniter\View\{closure}()
 4 SYSTEMPATH\Common.php(1171): CodeIgniter\View\View->render('dashboard/courses/index_subject', [], true)
 5 APPPATH\Controllers\Courses.php(119): view('dashboard/courses/index_subject', [...])
 6 SYSTEMPATH\CodeIgniter.php(933): App\Controllers\Courses->syllabus_subjects('2', 'public', 'assests', 'Logo.png')
 7 SYSTEMPATH\CodeIgniter.php(509): CodeIgniter\CodeIgniter->runController(Object(App\Controllers\Courses))
 8 SYSTEMPATH\CodeIgniter.php(355): CodeIgniter\CodeIgniter->handleRequest(null, Object(Config\Cache), false)
 9 SYSTEMPATH\Boot.php(325): CodeIgniter\CodeIgniter->run()
10 SYSTEMPATH\Boot.php(67): CodeIgniter\Boot::runCodeIgniter(Object(CodeIgniter\CodeIgniter))
11 FCPATH\index.php(56): CodeIgniter\Boot::bootWeb(Object(Config\Paths))
CRITICAL - 2025-01-01 03:44:39 --> ErrorException: Trying to access array offset on value of type null
[Method: GET, Route: courses/syllabus_subjects/2/public/assests/Logo.png]
in APPPATH\Views\dashboard\courses\index_subject.php on line 6.
 1 APPPATH\Views\dashboard\courses\index_subject.php(6): CodeIgniter\Debug\Exceptions->errorHandler(2, 'Trying to access array offset on value of type null', 'C:\\xampp\\htdocs\\Student_Management_Portal\\app\\Views\\dashboard\\courses\\index_subject.php', 6)
 2 SYSTEMPATH\View\View.php(234): include('C:\\xampp\\htdocs\\Student_Management_Portal\\app\\Views\\dashboard\\courses\\index_subject.php')
 3 SYSTEMPATH\View\View.php(237): CodeIgniter\View\View->CodeIgniter\View\{closure}()
 4 SYSTEMPATH\Common.php(1171): CodeIgniter\View\View->render('dashboard/courses/index_subject', [], true)
 5 APPPATH\Controllers\Courses.php(119): view('dashboard/courses/index_subject', [...])
 6 SYSTEMPATH\CodeIgniter.php(933): App\Controllers\Courses->syllabus_subjects('2', 'public', 'assests', 'Logo.png')
 7 SYSTEMPATH\CodeIgniter.php(509): CodeIgniter\CodeIgniter->runController(Object(App\Controllers\Courses))
 8 SYSTEMPATH\CodeIgniter.php(355): CodeIgniter\CodeIgniter->handleRequest(null, Object(Config\Cache), false)
 9 SYSTEMPATH\Boot.php(325): CodeIgniter\CodeIgniter->run()
10 SYSTEMPATH\Boot.php(67): CodeIgniter\Boot::runCodeIgniter(Object(CodeIgniter\CodeIgniter))
11 FCPATH\index.php(56): CodeIgniter\Boot::bootWeb(Object(Config\Paths))
CRITICAL - 2025-01-01 03:46:02 --> ErrorException: Trying to access array offset on value of type null
[Method: GET, Route: courses/add_subject/2/public/assests/Logo.png]
in APPPATH\Views\dashboard\courses\add_new_subject.php on line 42.
 1 APPPATH\Views\dashboard\courses\add_new_subject.php(42): CodeIgniter\Debug\Exceptions->errorHandler(2, 'Trying to access array offset on value of type null', 'C:\\xampp\\htdocs\\Student_Management_Portal\\app\\Views\\dashboard\\courses\\add_new_subject.php', 42)
 2 SYSTEMPATH\View\View.php(234): include('C:\\xampp\\htdocs\\Student_Management_Portal\\app\\Views\\dashboard\\courses\\add_new_subject.php')
 3 SYSTEMPATH\View\View.php(237): CodeIgniter\View\View->CodeIgniter\View\{closure}()
 4 SYSTEMPATH\Common.php(1171): CodeIgniter\View\View->render('dashboard/courses/add_new_subject', [], true)
 5 APPPATH\Controllers\Courses.php(413): view('dashboard/courses/add_new_subject', [...])
 6 SYSTEMPATH\CodeIgniter.php(933): App\Controllers\Courses->add_subject('2', 'public', 'assests', 'Logo.png')
 7 SYSTEMPATH\CodeIgniter.php(509): CodeIgniter\CodeIgniter->runController(Object(App\Controllers\Courses))
 8 SYSTEMPATH\CodeIgniter.php(355): CodeIgniter\CodeIgniter->handleRequest(null, Object(Config\Cache), false)
 9 SYSTEMPATH\Boot.php(325): CodeIgniter\CodeIgniter->run()
10 SYSTEMPATH\Boot.php(67): CodeIgniter\Boot::runCodeIgniter(Object(CodeIgniter\CodeIgniter))
11 FCPATH\index.php(56): CodeIgniter\Boot::bootWeb(Object(Config\Paths))
INFO - 2025-01-01 03:46:10 --> Session: Class initialized using 'CodeIgniter\Session\Handlers\FileHandler' driver.
CRITICAL - 2025-01-01 03:46:10 --> ErrorException: Trying to access array offset on value of type null
[Method: GET, Route: courses/syllabus_subjects/2/public/assests/Logo.png]
in APPPATH\Views\dashboard\courses\index_subject.php on line 6.
 1 APPPATH\Views\dashboard\courses\index_subject.php(6): CodeIgniter\Debug\Exceptions->errorHandler(2, 'Trying to access array offset on value of type null', 'C:\\xampp\\htdocs\\Student_Management_Portal\\app\\Views\\dashboard\\courses\\index_subject.php', 6)
 2 SYSTEMPATH\View\View.php(234): include('C:\\xampp\\htdocs\\Student_Management_Portal\\app\\Views\\dashboard\\courses\\index_subject.php')
 3 SYSTEMPATH\View\View.php(237): CodeIgniter\View\View->CodeIgniter\View\{closure}()
 4 SYSTEMPATH\Common.php(1171): CodeIgniter\View\View->render('dashboard/courses/index_subject', [], true)
 5 APPPATH\Controllers\Courses.php(119): view('dashboard/courses/index_subject', [...])
 6 SYSTEMPATH\CodeIgniter.php(933): App\Controllers\Courses->syllabus_subjects('2', 'public', 'assests', 'Logo.png')
 7 SYSTEMPATH\CodeIgniter.php(509): CodeIgniter\CodeIgniter->runController(Object(App\Controllers\Courses))
 8 SYSTEMPATH\CodeIgniter.php(355): CodeIgniter\CodeIgniter->handleRequest(null, Object(Config\Cache), false)
 9 SYSTEMPATH\Boot.php(325): CodeIgniter\CodeIgniter->run()
10 SYSTEMPATH\Boot.php(67): CodeIgniter\Boot::runCodeIgniter(Object(CodeIgniter\CodeIgniter))
11 FCPATH\index.php(56): CodeIgniter\Boot::bootWeb(Object(Config\Paths))
INFO - 2025-01-01 03:46:15 --> Session: Class initialized using 'CodeIgniter\Session\Handlers\FileHandler' driver.
CRITICAL - 2025-01-01 03:46:18 --> ErrorException: Trying to access array offset on value of type null
[Method: GET, Route: courses/syllabus_subjects/2/public/assests/Logo.png]
in APPPATH\Views\dashboard\courses\index_subject.php on line 6.
 1 APPPATH\Views\dashboard\courses\index_subject.php(6): CodeIgniter\Debug\Exceptions->errorHandler(2, 'Trying to access array offset on value of type null', 'C:\\xampp\\htdocs\\Student_Management_Portal\\app\\Views\\dashboard\\courses\\index_subject.php', 6)
 2 SYSTEMPATH\View\View.php(234): include('C:\\xampp\\htdocs\\Student_Management_Portal\\app\\Views\\dashboard\\courses\\index_subject.php')
 3 SYSTEMPATH\View\View.php(237): CodeIgniter\View\View->CodeIgniter\View\{closure}()
 4 SYSTEMPATH\Common.php(1171): CodeIgniter\View\View->render('dashboard/courses/index_subject', [], true)
 5 APPPATH\Controllers\Courses.php(119): view('dashboard/courses/index_subject', [...])
 6 SYSTEMPATH\CodeIgniter.php(933): App\Controllers\Courses->syllabus_subjects('2', 'public', 'assests', 'Logo.png')
 7 SYSTEMPATH\CodeIgniter.php(509): CodeIgniter\CodeIgniter->runController(Object(App\Controllers\Courses))
 8 SYSTEMPATH\CodeIgniter.php(355): CodeIgniter\CodeIgniter->handleRequest(null, Object(Config\Cache), false)
 9 SYSTEMPATH\Boot.php(325): CodeIgniter\CodeIgniter->run()
10 SYSTEMPATH\Boot.php(67): CodeIgniter\Boot::runCodeIgniter(Object(CodeIgniter\CodeIgniter))
11 FCPATH\index.php(56): CodeIgniter\Boot::bootWeb(Object(Config\Paths))
CRITICAL - 2025-01-01 03:59:38 --> ErrorException: Trying to access array offset on value of type null
[Method: GET, Route: courses/syllabus_subjects/2/public/assests/Logo.png]
in APPPATH\Views\dashboard\courses\index_subject.php on line 6.
 1 APPPATH\Views\dashboard\courses\index_subject.php(6): CodeIgniter\Debug\Exceptions->errorHandler(2, 'Trying to access array offset on value of type null', 'C:\\xampp\\htdocs\\Student_Management_Portal\\app\\Views\\dashboard\\courses\\index_subject.php', 6)
 2 SYSTEMPATH\View\View.php(234): include('C:\\xampp\\htdocs\\Student_Management_Portal\\app\\Views\\dashboard\\courses\\index_subject.php')
 3 SYSTEMPATH\View\View.php(237): CodeIgniter\View\View->CodeIgniter\View\{closure}()
 4 SYSTEMPATH\Common.php(1171): CodeIgniter\View\View->render('dashboard/courses/index_subject', [], true)
 5 APPPATH\Controllers\Courses.php(119): view('dashboard/courses/index_subject', [...])
 6 SYSTEMPATH\CodeIgniter.php(933): App\Controllers\Courses->syllabus_subjects('2', 'public', 'assests', 'Logo.png')
 7 SYSTEMPATH\CodeIgniter.php(509): CodeIgniter\CodeIgniter->runController(Object(App\Controllers\Courses))
 8 SYSTEMPATH\CodeIgniter.php(355): CodeIgniter\CodeIgniter->handleRequest(null, Object(Config\Cache), false)
 9 SYSTEMPATH\Boot.php(325): CodeIgniter\CodeIgniter->run()
10 SYSTEMPATH\Boot.php(67): CodeIgniter\Boot::runCodeIgniter(Object(CodeIgniter\CodeIgniter))
11 FCPATH\index.php(56): CodeIgniter\Boot::bootWeb(Object(Config\Paths))
CRITICAL - 2025-01-01 03:59:39 --> ErrorException: Trying to access array offset on value of type null
[Method: GET, Route: courses/add_subject/2/public/assests/Logo.png]
in APPPATH\Views\dashboard\courses\add_new_subject.php on line 42.
 1 APPPATH\Views\dashboard\courses\add_new_subject.php(42): CodeIgniter\Debug\Exceptions->errorHandler(2, 'Trying to access array offset on value of type null', 'C:\\xampp\\htdocs\\Student_Management_Portal\\app\\Views\\dashboard\\courses\\add_new_subject.php', 42)
 2 SYSTEMPATH\View\View.php(234): include('C:\\xampp\\htdocs\\Student_Management_Portal\\app\\Views\\dashboard\\courses\\add_new_subject.php')
 3 SYSTEMPATH\View\View.php(237): CodeIgniter\View\View->CodeIgniter\View\{closure}()
 4 SYSTEMPATH\Common.php(1171): CodeIgniter\View\View->render('dashboard/courses/add_new_subject', [], true)
 5 APPPATH\Controllers\Courses.php(413): view('dashboard/courses/add_new_subject', [...])
 6 SYSTEMPATH\CodeIgniter.php(933): App\Controllers\Courses->add_subject('2', 'public', 'assests', 'Logo.png')
 7 SYSTEMPATH\CodeIgniter.php(509): CodeIgniter\CodeIgniter->runController(Object(App\Controllers\Courses))
 8 SYSTEMPATH\CodeIgniter.php(355): CodeIgniter\CodeIgniter->handleRequest(null, Object(Config\Cache), false)
 9 SYSTEMPATH\Boot.php(325): CodeIgniter\CodeIgniter->run()
10 SYSTEMPATH\Boot.php(67): CodeIgniter\Boot::runCodeIgniter(Object(CodeIgniter\CodeIgniter))
11 FCPATH\index.php(56): CodeIgniter\Boot::bootWeb(Object(Config\Paths))
CRITICAL - 2025-01-01 03:59:41 --> ErrorException: Trying to access array offset on value of type null
[Method: GET, Route: courses/syllabus_subjects/2/public/assests/Logo.png]
in APPPATH\Views\dashboard\courses\index_subject.php on line 6.
 1 APPPATH\Views\dashboard\courses\index_subject.php(6): CodeIgniter\Debug\Exceptions->errorHandler(2, 'Trying to access array offset on value of type null', 'C:\\xampp\\htdocs\\Student_Management_Portal\\app\\Views\\dashboard\\courses\\index_subject.php', 6)
 2 SYSTEMPATH\View\View.php(234): include('C:\\xampp\\htdocs\\Student_Management_Portal\\app\\Views\\dashboard\\courses\\index_subject.php')
 3 SYSTEMPATH\View\View.php(237): CodeIgniter\View\View->CodeIgniter\View\{closure}()
 4 SYSTEMPATH\Common.php(1171): CodeIgniter\View\View->render('dashboard/courses/index_subject', [], true)
 5 APPPATH\Controllers\Courses.php(119): view('dashboard/courses/index_subject', [...])
 6 SYSTEMPATH\CodeIgniter.php(933): App\Controllers\Courses->syllabus_subjects('2', 'public', 'assests', 'Logo.png')
 7 SYSTEMPATH\CodeIgniter.php(509): CodeIgniter\CodeIgniter->runController(Object(App\Controllers\Courses))
 8 SYSTEMPATH\CodeIgniter.php(355): CodeIgniter\CodeIgniter->handleRequest(null, Object(Config\Cache), false)
 9 SYSTEMPATH\Boot.php(325): CodeIgniter\CodeIgniter->run()
10 SYSTEMPATH\Boot.php(67): CodeIgniter\Boot::runCodeIgniter(Object(CodeIgniter\CodeIgniter))
11 FCPATH\index.php(56): CodeIgniter\Boot::bootWeb(Object(Config\Paths))
INFO - 2025-01-01 03:59:48 --> Session: Class initialized using 'CodeIgniter\Session\Handlers\FileHandler' driver.
CRITICAL - 2025-01-01 03:59:50 --> ErrorException: Trying to access array offset on value of type null
[Method: GET, Route: courses/syllabus_subjects/2/public/assests/Logo.png]
in APPPATH\Views\dashboard\courses\index_subject.php on line 6.
 1 APPPATH\Views\dashboard\courses\index_subject.php(6): CodeIgniter\Debug\Exceptions->errorHandler(2, 'Trying to access array offset on value of type null', 'C:\\xampp\\htdocs\\Student_Management_Portal\\app\\Views\\dashboard\\courses\\index_subject.php', 6)
 2 SYSTEMPATH\View\View.php(234): include('C:\\xampp\\htdocs\\Student_Management_Portal\\app\\Views\\dashboard\\courses\\index_subject.php')
 3 SYSTEMPATH\View\View.php(237): CodeIgniter\View\View->CodeIgniter\View\{closure}()
 4 SYSTEMPATH\Common.php(1171): CodeIgniter\View\View->render('dashboard/courses/index_subject', [], true)
 5 APPPATH\Controllers\Courses.php(119): view('dashboard/courses/index_subject', [...])
 6 SYSTEMPATH\CodeIgniter.php(933): App\Controllers\Courses->syllabus_subjects('2', 'public', 'assests', 'Logo.png')
 7 SYSTEMPATH\CodeIgniter.php(509): CodeIgniter\CodeIgniter->runController(Object(App\Controllers\Courses))
 8 SYSTEMPATH\CodeIgniter.php(355): CodeIgniter\CodeIgniter->handleRequest(null, Object(Config\Cache), false)
 9 SYSTEMPATH\Boot.php(325): CodeIgniter\CodeIgniter->run()
10 SYSTEMPATH\Boot.php(67): CodeIgniter\Boot::runCodeIgniter(Object(CodeIgniter\CodeIgniter))
11 FCPATH\index.php(56): CodeIgniter\Boot::bootWeb(Object(Config\Paths))
CRITICAL - 2025-01-01 04:01:43 --> ErrorException: Trying to access array offset on value of type null
[Method: GET, Route: courses/syllabus_subjects/2/public/assests/Logo.png]
in APPPATH\Views\dashboard\courses\index_subject.php on line 6.
 1 APPPATH\Views\dashboard\courses\index_subject.php(6): CodeIgniter\Debug\Exceptions->errorHandler(2, 'Trying to access array offset on value of type null', 'C:\\xampp\\htdocs\\Student_Management_Portal\\app\\Views\\dashboard\\courses\\index_subject.php', 6)
 2 SYSTEMPATH\View\View.php(234): include('C:\\xampp\\htdocs\\Student_Management_Portal\\app\\Views\\dashboard\\courses\\index_subject.php')
 3 SYSTEMPATH\View\View.php(237): CodeIgniter\View\View->CodeIgniter\View\{closure}()
 4 SYSTEMPATH\Common.php(1171): CodeIgniter\View\View->render('dashboard/courses/index_subject', [], true)
 5 APPPATH\Controllers\Courses.php(119): view('dashboard/courses/index_subject', [...])
 6 SYSTEMPATH\CodeIgniter.php(933): App\Controllers\Courses->syllabus_subjects('2', 'public', 'assests', 'Logo.png')
 7 SYSTEMPATH\CodeIgniter.php(509): CodeIgniter\CodeIgniter->runController(Object(App\Controllers\Courses))
 8 SYSTEMPATH\CodeIgniter.php(355): CodeIgniter\CodeIgniter->handleRequest(null, Object(Config\Cache), false)
 9 SYSTEMPATH\Boot.php(325): CodeIgniter\CodeIgniter->run()
10 SYSTEMPATH\Boot.php(67): CodeIgniter\Boot::runCodeIgniter(Object(CodeIgniter\CodeIgniter))
11 FCPATH\index.php(56): CodeIgniter\Boot::bootWeb(Object(Config\Paths))
INFO - 2025-01-01 04:01:50 --> Session: Class initialized using 'CodeIgniter\Session\Handlers\FileHandler' driver.
CRITICAL - 2025-01-01 04:01:52 --> ErrorException: Trying to access array offset on value of type null
[Method: GET, Route: courses/syllabus_subjects/2/public/assests/Logo.png]
in APPPATH\Views\dashboard\courses\index_subject.php on line 6.
 1 APPPATH\Views\dashboard\courses\index_subject.php(6): CodeIgniter\Debug\Exceptions->errorHandler(2, 'Trying to access array offset on value of type null', 'C:\\xampp\\htdocs\\Student_Management_Portal\\app\\Views\\dashboard\\courses\\index_subject.php', 6)
 2 SYSTEMPATH\View\View.php(234): include('C:\\xampp\\htdocs\\Student_Management_Portal\\app\\Views\\dashboard\\courses\\index_subject.php')
 3 SYSTEMPATH\View\View.php(237): CodeIgniter\View\View->CodeIgniter\View\{closure}()
 4 SYSTEMPATH\Common.php(1171): CodeIgniter\View\View->render('dashboard/courses/index_subject', [], true)
 5 APPPATH\Controllers\Courses.php(119): view('dashboard/courses/index_subject', [...])
 6 SYSTEMPATH\CodeIgniter.php(933): App\Controllers\Courses->syllabus_subjects('2', 'public', 'assests', 'Logo.png')
 7 SYSTEMPATH\CodeIgniter.php(509): CodeIgniter\CodeIgniter->runController(Object(App\Controllers\Courses))
 8 SYSTEMPATH\CodeIgniter.php(355): CodeIgniter\CodeIgniter->handleRequest(null, Object(Config\Cache), false)
 9 SYSTEMPATH\Boot.php(325): CodeIgniter\CodeIgniter->run()
10 SYSTEMPATH\Boot.php(67): CodeIgniter\Boot::runCodeIgniter(Object(CodeIgniter\CodeIgniter))
11 FCPATH\index.php(56): CodeIgniter\Boot::bootWeb(Object(Config\Paths))
CRITICAL - 2025-01-01 04:04:06 --> ErrorException: Trying to access array offset on value of type null
[Method: GET, Route: courses/syllabus_subjects/2/public/assests/Logo.png]
in APPPATH\Views\dashboard\courses\index_subject.php on line 6.
 1 APPPATH\Views\dashboard\courses\index_subject.php(6): CodeIgniter\Debug\Exceptions->errorHandler(2, 'Trying to access array offset on value of type null', 'C:\\xampp\\htdocs\\Student_Management_Portal\\app\\Views\\dashboard\\courses\\index_subject.php', 6)
 2 SYSTEMPATH\View\View.php(234): include('C:\\xampp\\htdocs\\Student_Management_Portal\\app\\Views\\dashboard\\courses\\index_subject.php')
 3 SYSTEMPATH\View\View.php(237): CodeIgniter\View\View->CodeIgniter\View\{closure}()
 4 SYSTEMPATH\Common.php(1171): CodeIgniter\View\View->render('dashboard/courses/index_subject', [], true)
 5 APPPATH\Controllers\Courses.php(119): view('dashboard/courses/index_subject', [...])
 6 SYSTEMPATH\CodeIgniter.php(933): App\Controllers\Courses->syllabus_subjects('2', 'public', 'assests', 'Logo.png')
 7 SYSTEMPATH\CodeIgniter.php(509): CodeIgniter\CodeIgniter->runController(Object(App\Controllers\Courses))
 8 SYSTEMPATH\CodeIgniter.php(355): CodeIgniter\CodeIgniter->handleRequest(null, Object(Config\Cache), false)
 9 SYSTEMPATH\Boot.php(325): CodeIgniter\CodeIgniter->run()
10 SYSTEMPATH\Boot.php(67): CodeIgniter\Boot::runCodeIgniter(Object(CodeIgniter\CodeIgniter))
11 FCPATH\index.php(56): CodeIgniter\Boot::bootWeb(Object(Config\Paths))
CRITICAL - 2025-01-01 04:04:10 --> CodeIgniter\View\Exceptions\ViewException: Invalid file: "edit_subject.php"
[Method: GET, Route: courses/edit_subject/16]
in SYSTEMPATH\Exceptions\FrameworkException.php on line 41.
 1 SYSTEMPATH\View\View.php(222): CodeIgniter\Exceptions\FrameworkException::forInvalidFile('edit_subject.php')
 2 SYSTEMPATH\Common.php(1171): CodeIgniter\View\View->render('edit_subject', [], true)
 3 APPPATH\Controllers\Courses.php(500): view('edit_subject', [...])
 4 SYSTEMPATH\CodeIgniter.php(933): App\Controllers\Courses->edit_subject('16')
 5 SYSTEMPATH\CodeIgniter.php(509): CodeIgniter\CodeIgniter->runController(Object(App\Controllers\Courses))
 6 SYSTEMPATH\CodeIgniter.php(355): CodeIgniter\CodeIgniter->handleRequest(null, Object(Config\Cache), false)
 7 SYSTEMPATH\Boot.php(325): CodeIgniter\CodeIgniter->run()
 8 SYSTEMPATH\Boot.php(67): CodeIgniter\Boot::runCodeIgniter(Object(CodeIgniter\CodeIgniter))
 9 FCPATH\index.php(56): CodeIgniter\Boot::bootWeb(Object(Config\Paths))
CRITICAL - 2025-01-01 04:04:31 --> ErrorException: Trying to access array offset on value of type null
[Method: GET, Route: courses/syllabus_subjects/2/public/assests/Logo.png]
in APPPATH\Views\dashboard\courses\index_subject.php on line 6.
 1 APPPATH\Views\dashboard\courses\index_subject.php(6): CodeIgniter\Debug\Exceptions->errorHandler(2, 'Trying to access array offset on value of type null', 'C:\\xampp\\htdocs\\Student_Management_Portal\\app\\Views\\dashboard\\courses\\index_subject.php', 6)
 2 SYSTEMPATH\View\View.php(234): include('C:\\xampp\\htdocs\\Student_Management_Portal\\app\\Views\\dashboard\\courses\\index_subject.php')
 3 SYSTEMPATH\View\View.php(237): CodeIgniter\View\View->CodeIgniter\View\{closure}()
 4 SYSTEMPATH\Common.php(1171): CodeIgniter\View\View->render('dashboard/courses/index_subject', [], true)
 5 APPPATH\Controllers\Courses.php(119): view('dashboard/courses/index_subject', [...])
 6 SYSTEMPATH\CodeIgniter.php(933): App\Controllers\Courses->syllabus_subjects('2', 'public', 'assests', 'Logo.png')
 7 SYSTEMPATH\CodeIgniter.php(509): CodeIgniter\CodeIgniter->runController(Object(App\Controllers\Courses))
 8 SYSTEMPATH\CodeIgniter.php(355): CodeIgniter\CodeIgniter->handleRequest(null, Object(Config\Cache), false)
 9 SYSTEMPATH\Boot.php(325): CodeIgniter\CodeIgniter->run()
10 SYSTEMPATH\Boot.php(67): CodeIgniter\Boot::runCodeIgniter(Object(CodeIgniter\CodeIgniter))
11 FCPATH\index.php(56): CodeIgniter\Boot::bootWeb(Object(Config\Paths))
CRITICAL - 2025-01-01 04:04:32 --> CodeIgniter\View\Exceptions\ViewException: Invalid file: "edit_subject.php"
[Method: GET, Route: courses/edit_subject/29]
in SYSTEMPATH\Exceptions\FrameworkException.php on line 41.
 1 SYSTEMPATH\View\View.php(222): CodeIgniter\Exceptions\FrameworkException::forInvalidFile('edit_subject.php')
 2 SYSTEMPATH\Common.php(1171): CodeIgniter\View\View->render('edit_subject', [], true)
 3 APPPATH\Controllers\Courses.php(500): view('edit_subject', [...])
 4 SYSTEMPATH\CodeIgniter.php(933): App\Controllers\Courses->edit_subject('29')
 5 SYSTEMPATH\CodeIgniter.php(509): CodeIgniter\CodeIgniter->runController(Object(App\Controllers\Courses))
 6 SYSTEMPATH\CodeIgniter.php(355): CodeIgniter\CodeIgniter->handleRequest(null, Object(Config\Cache), false)
 7 SYSTEMPATH\Boot.php(325): CodeIgniter\CodeIgniter->run()
 8 SYSTEMPATH\Boot.php(67): CodeIgniter\Boot::runCodeIgniter(Object(CodeIgniter\CodeIgniter))
 9 FCPATH\index.php(56): CodeIgniter\Boot::bootWeb(Object(Config\Paths))
CRITICAL - 2025-01-01 04:06:52 --> ErrorException: Trying to access array offset on value of type null
[Method: GET, Route: courses/syllabus_subjects/2/public/assests/Logo.png]
in APPPATH\Views\dashboard\courses\index_subject.php on line 6.
 1 APPPATH\Views\dashboard\courses\index_subject.php(6): CodeIgniter\Debug\Exceptions->errorHandler(2, 'Trying to access array offset on value of type null', 'C:\\xampp\\htdocs\\Student_Management_Portal\\app\\Views\\dashboard\\courses\\index_subject.php', 6)
 2 SYSTEMPATH\View\View.php(234): include('C:\\xampp\\htdocs\\Student_Management_Portal\\app\\Views\\dashboard\\courses\\index_subject.php')
 3 SYSTEMPATH\View\View.php(237): CodeIgniter\View\View->CodeIgniter\View\{closure}()
 4 SYSTEMPATH\Common.php(1171): CodeIgniter\View\View->render('dashboard/courses/index_subject', [], true)
 5 APPPATH\Controllers\Courses.php(119): view('dashboard/courses/index_subject', [...])
 6 SYSTEMPATH\CodeIgniter.php(933): App\Controllers\Courses->syllabus_subjects('2', 'public', 'assests', 'Logo.png')
 7 SYSTEMPATH\CodeIgniter.php(509): CodeIgniter\CodeIgniter->runController(Object(App\Controllers\Courses))
 8 SYSTEMPATH\CodeIgniter.php(355): CodeIgniter\CodeIgniter->handleRequest(null, Object(Config\Cache), false)
 9 SYSTEMPATH\Boot.php(325): CodeIgniter\CodeIgniter->run()
10 SYSTEMPATH\Boot.php(67): CodeIgniter\Boot::runCodeIgniter(Object(CodeIgniter\CodeIgniter))
11 FCPATH\index.php(56): CodeIgniter\Boot::bootWeb(Object(Config\Paths))
CRITICAL - 2025-01-01 04:06:53 --> CodeIgniter\View\Exceptions\ViewException: Invalid file: "courses/edit_subject.php"
[Method: GET, Route: courses/edit_subject/28]
in SYSTEMPATH\Exceptions\FrameworkException.php on line 41.
 1 SYSTEMPATH\View\View.php(222): CodeIgniter\Exceptions\FrameworkException::forInvalidFile('courses/edit_subject.php')
 2 SYSTEMPATH\Common.php(1171): CodeIgniter\View\View->render('courses/edit_subject', [], true)
 3 APPPATH\Controllers\Courses.php(500): view('courses/edit_subject', [...])
 4 SYSTEMPATH\CodeIgniter.php(933): App\Controllers\Courses->edit_subject('28')
 5 SYSTEMPATH\CodeIgniter.php(509): CodeIgniter\CodeIgniter->runController(Object(App\Controllers\Courses))
 6 SYSTEMPATH\CodeIgniter.php(355): CodeIgniter\CodeIgniter->handleRequest(null, Object(Config\Cache), false)
 7 SYSTEMPATH\Boot.php(325): CodeIgniter\CodeIgniter->run()
 8 SYSTEMPATH\Boot.php(67): CodeIgniter\Boot::runCodeIgniter(Object(CodeIgniter\CodeIgniter))
 9 FCPATH\index.php(56): CodeIgniter\Boot::bootWeb(Object(Config\Paths))
CRITICAL - 2025-01-01 04:07:46 --> ErrorException: Trying to access array offset on value of type null
[Method: GET, Route: courses/syllabus_subjects/2/public/assests/Logo.png]
in APPPATH\Views\dashboard\courses\index_subject.php on line 6.
 1 APPPATH\Views\dashboard\courses\index_subject.php(6): CodeIgniter\Debug\Exceptions->errorHandler(2, 'Trying to access array offset on value of type null', 'C:\\xampp\\htdocs\\Student_Management_Portal\\app\\Views\\dashboard\\courses\\index_subject.php', 6)
 2 SYSTEMPATH\View\View.php(234): include('C:\\xampp\\htdocs\\Student_Management_Portal\\app\\Views\\dashboard\\courses\\index_subject.php')
 3 SYSTEMPATH\View\View.php(237): CodeIgniter\View\View->CodeIgniter\View\{closure}()
 4 SYSTEMPATH\Common.php(1171): CodeIgniter\View\View->render('dashboard/courses/index_subject', [], true)
 5 APPPATH\Controllers\Courses.php(119): view('dashboard/courses/index_subject', [...])
 6 SYSTEMPATH\CodeIgniter.php(933): App\Controllers\Courses->syllabus_subjects('2', 'public', 'assests', 'Logo.png')
 7 SYSTEMPATH\CodeIgniter.php(509): CodeIgniter\CodeIgniter->runController(Object(App\Controllers\Courses))
 8 SYSTEMPATH\CodeIgniter.php(355): CodeIgniter\CodeIgniter->handleRequest(null, Object(Config\Cache), false)
 9 SYSTEMPATH\Boot.php(325): CodeIgniter\CodeIgniter->run()
10 SYSTEMPATH\Boot.php(67): CodeIgniter\Boot::runCodeIgniter(Object(CodeIgniter\CodeIgniter))
11 FCPATH\index.php(56): CodeIgniter\Boot::bootWeb(Object(Config\Paths))
CRITICAL - 2025-01-01 04:07:47 --> ErrorException: Trying to access array offset on value of type null
[Method: GET, Route: courses/syllabus_subjects/2/public/assests/Logo.png]
in APPPATH\Views\dashboard\courses\index_subject.php on line 6.
 1 APPPATH\Views\dashboard\courses\index_subject.php(6): CodeIgniter\Debug\Exceptions->errorHandler(2, 'Trying to access array offset on value of type null', 'C:\\xampp\\htdocs\\Student_Management_Portal\\app\\Views\\dashboard\\courses\\index_subject.php', 6)
 2 SYSTEMPATH\View\View.php(234): include('C:\\xampp\\htdocs\\Student_Management_Portal\\app\\Views\\dashboard\\courses\\index_subject.php')
 3 SYSTEMPATH\View\View.php(237): CodeIgniter\View\View->CodeIgniter\View\{closure}()
 4 SYSTEMPATH\Common.php(1171): CodeIgniter\View\View->render('dashboard/courses/index_subject', [], true)
 5 APPPATH\Controllers\Courses.php(119): view('dashboard/courses/index_subject', [...])
 6 SYSTEMPATH\CodeIgniter.php(933): App\Controllers\Courses->syllabus_subjects('2', 'public', 'assests', 'Logo.png')
 7 SYSTEMPATH\CodeIgniter.php(509): CodeIgniter\CodeIgniter->runController(Object(App\Controllers\Courses))
 8 SYSTEMPATH\CodeIgniter.php(355): CodeIgniter\CodeIgniter->handleRequest(null, Object(Config\Cache), false)
 9 SYSTEMPATH\Boot.php(325): CodeIgniter\CodeIgniter->run()
10 SYSTEMPATH\Boot.php(67): CodeIgniter\Boot::runCodeIgniter(Object(CodeIgniter\CodeIgniter))
11 FCPATH\index.php(56): CodeIgniter\Boot::bootWeb(Object(Config\Paths))
INFO - 2025-01-01 04:07:49 --> Session: Class initialized using 'CodeIgniter\Session\Handlers\FileHandler' driver.
INFO - 2025-01-01 04:07:49 --> Session: Class initialized using 'CodeIgniter\Session\Handlers\FileHandler' driver.
INFO - 2025-01-01 04:07:49 --> Session: Class initialized using 'CodeIgniter\Session\Handlers\FileHandler' driver.
INFO - 2025-01-01 04:07:49 --> Session: Class initialized using 'CodeIgniter\Session\Handlers\FileHandler' driver.
INFO - 2025-01-01 04:07:49 --> Session: Class initialized using 'CodeIgniter\Session\Handlers\FileHandler' driver.
INFO - 2025-01-01 04:08:02 --> Session: Class initialized using 'CodeIgniter\Session\Handlers\FileHandler' driver.
INFO - 2025-01-01 04:08:02 --> Session: Class initialized using 'CodeIgniter\Session\Handlers\FileHandler' driver.
INFO - 2025-01-01 04:08:02 --> Session: Class initialized using 'CodeIgniter\Session\Handlers\FileHandler' driver.
CRITICAL - 2025-01-01 04:08:04 --> ErrorException: Trying to access array offset on value of type null
[Method: GET, Route: courses/syllabus_subjects/2/public/assests/Logo.png]
in APPPATH\Views\dashboard\courses\index_subject.php on line 6.
 1 APPPATH\Views\dashboard\courses\index_subject.php(6): CodeIgniter\Debug\Exceptions->errorHandler(2, 'Trying to access array offset on value of type null', 'C:\\xampp\\htdocs\\Student_Management_Portal\\app\\Views\\dashboard\\courses\\index_subject.php', 6)
 2 SYSTEMPATH\View\View.php(234): include('C:\\xampp\\htdocs\\Student_Management_Portal\\app\\Views\\dashboard\\courses\\index_subject.php')
 3 SYSTEMPATH\View\View.php(237): CodeIgniter\View\View->CodeIgniter\View\{closure}()
 4 SYSTEMPATH\Common.php(1171): CodeIgniter\View\View->render('dashboard/courses/index_subject', [], true)
 5 APPPATH\Controllers\Courses.php(119): view('dashboard/courses/index_subject', [...])
 6 SYSTEMPATH\CodeIgniter.php(933): App\Controllers\Courses->syllabus_subjects('2', 'public', 'assests', 'Logo.png')
 7 SYSTEMPATH\CodeIgniter.php(509): CodeIgniter\CodeIgniter->runController(Object(App\Controllers\Courses))
 8 SYSTEMPATH\CodeIgniter.php(355): CodeIgniter\CodeIgniter->handleRequest(null, Object(Config\Cache), false)
 9 SYSTEMPATH\Boot.php(325): CodeIgniter\CodeIgniter->run()
10 SYSTEMPATH\Boot.php(67): CodeIgniter\Boot::runCodeIgniter(Object(CodeIgniter\CodeIgniter))
11 FCPATH\index.php(56): CodeIgniter\Boot::bootWeb(Object(Config\Paths))
CRITICAL - 2025-01-01 04:08:07 --> ErrorException: Trying to access array offset on value of type null
[Method: GET, Route: courses/syllabus_subjects/2/public/assests/Logo.png]
in APPPATH\Views\dashboard\courses\index_subject.php on line 6.
 1 APPPATH\Views\dashboard\courses\index_subject.php(6): CodeIgniter\Debug\Exceptions->errorHandler(2, 'Trying to access array offset on value of type null', 'C:\\xampp\\htdocs\\Student_Management_Portal\\app\\Views\\dashboard\\courses\\index_subject.php', 6)
 2 SYSTEMPATH\View\View.php(234): include('C:\\xampp\\htdocs\\Student_Management_Portal\\app\\Views\\dashboard\\courses\\index_subject.php')
 3 SYSTEMPATH\View\View.php(237): CodeIgniter\View\View->CodeIgniter\View\{closure}()
 4 SYSTEMPATH\Common.php(1171): CodeIgniter\View\View->render('dashboard/courses/index_subject', [], true)
 5 APPPATH\Controllers\Courses.php(119): view('dashboard/courses/index_subject', [...])
 6 SYSTEMPATH\CodeIgniter.php(933): App\Controllers\Courses->syllabus_subjects('2', 'public', 'assests', 'Logo.png')
 7 SYSTEMPATH\CodeIgniter.php(509): CodeIgniter\CodeIgniter->runController(Object(App\Controllers\Courses))
 8 SYSTEMPATH\CodeIgniter.php(355): CodeIgniter\CodeIgniter->handleRequest(null, Object(Config\Cache), false)
 9 SYSTEMPATH\Boot.php(325): CodeIgniter\CodeIgniter->run()
10 SYSTEMPATH\Boot.php(67): CodeIgniter\Boot::runCodeIgniter(Object(CodeIgniter\CodeIgniter))
11 FCPATH\index.php(56): CodeIgniter\Boot::bootWeb(Object(Config\Paths))
CRITICAL - 2025-01-01 04:08:15 --> ErrorException: Trying to access array offset on value of type null
[Method: GET, Route: courses/add_subject/2/public/assests/Logo.png]
in APPPATH\Views\dashboard\courses\add_new_subject.php on line 42.
 1 APPPATH\Views\dashboard\courses\add_new_subject.php(42): CodeIgniter\Debug\Exceptions->errorHandler(2, 'Trying to access array offset on value of type null', 'C:\\xampp\\htdocs\\Student_Management_Portal\\app\\Views\\dashboard\\courses\\add_new_subject.php', 42)
 2 SYSTEMPATH\View\View.php(234): include('C:\\xampp\\htdocs\\Student_Management_Portal\\app\\Views\\dashboard\\courses\\add_new_subject.php')
 3 SYSTEMPATH\View\View.php(237): CodeIgniter\View\View->CodeIgniter\View\{closure}()
 4 SYSTEMPATH\Common.php(1171): CodeIgniter\View\View->render('dashboard/courses/add_new_subject', [], true)
 5 APPPATH\Controllers\Courses.php(413): view('dashboard/courses/add_new_subject', [...])
 6 SYSTEMPATH\CodeIgniter.php(933): App\Controllers\Courses->add_subject('2', 'public', 'assests', 'Logo.png')
 7 SYSTEMPATH\CodeIgniter.php(509): CodeIgniter\CodeIgniter->runController(Object(App\Controllers\Courses))
 8 SYSTEMPATH\CodeIgniter.php(355): CodeIgniter\CodeIgniter->handleRequest(null, Object(Config\Cache), false)
 9 SYSTEMPATH\Boot.php(325): CodeIgniter\CodeIgniter->run()
10 SYSTEMPATH\Boot.php(67): CodeIgniter\Boot::runCodeIgniter(Object(CodeIgniter\CodeIgniter))
11 FCPATH\index.php(56): CodeIgniter\Boot::bootWeb(Object(Config\Paths))
CRITICAL - 2025-01-01 04:08:17 --> ErrorException: Trying to access array offset on value of type null
[Method: GET, Route: courses/syllabus_subjects/2/public/assests/Logo.png]
in APPPATH\Views\dashboard\courses\index_subject.php on line 6.
 1 APPPATH\Views\dashboard\courses\index_subject.php(6): CodeIgniter\Debug\Exceptions->errorHandler(2, 'Trying to access array offset on value of type null', 'C:\\xampp\\htdocs\\Student_Management_Portal\\app\\Views\\dashboard\\courses\\index_subject.php', 6)
 2 SYSTEMPATH\View\View.php(234): include('C:\\xampp\\htdocs\\Student_Management_Portal\\app\\Views\\dashboard\\courses\\index_subject.php')
 3 SYSTEMPATH\View\View.php(237): CodeIgniter\View\View->CodeIgniter\View\{closure}()
 4 SYSTEMPATH\Common.php(1171): CodeIgniter\View\View->render('dashboard/courses/index_subject', [], true)
 5 APPPATH\Controllers\Courses.php(119): view('dashboard/courses/index_subject', [...])
 6 SYSTEMPATH\CodeIgniter.php(933): App\Controllers\Courses->syllabus_subjects('2', 'public', 'assests', 'Logo.png')
 7 SYSTEMPATH\CodeIgniter.php(509): CodeIgniter\CodeIgniter->runController(Object(App\Controllers\Courses))
 8 SYSTEMPATH\CodeIgniter.php(355): CodeIgniter\CodeIgniter->handleRequest(null, Object(Config\Cache), false)
 9 SYSTEMPATH\Boot.php(325): CodeIgniter\CodeIgniter->run()
10 SYSTEMPATH\Boot.php(67): CodeIgniter\Boot::runCodeIgniter(Object(CodeIgniter\CodeIgniter))
11 FCPATH\index.php(56): CodeIgniter\Boot::bootWeb(Object(Config\Paths))
CRITICAL - 2025-01-01 04:08:19 --> ErrorException: Trying to access array offset on value of type null
[Method: GET, Route: courses/syllabus_subjects/2/public/assests/Logo.png]
in APPPATH\Views\dashboard\courses\index_subject.php on line 6.
 1 APPPATH\Views\dashboard\courses\index_subject.php(6): CodeIgniter\Debug\Exceptions->errorHandler(2, 'Trying to access array offset on value of type null', 'C:\\xampp\\htdocs\\Student_Management_Portal\\app\\Views\\dashboard\\courses\\index_subject.php', 6)
 2 SYSTEMPATH\View\View.php(234): include('C:\\xampp\\htdocs\\Student_Management_Portal\\app\\Views\\dashboard\\courses\\index_subject.php')
 3 SYSTEMPATH\View\View.php(237): CodeIgniter\View\View->CodeIgniter\View\{closure}()
 4 SYSTEMPATH\Common.php(1171): CodeIgniter\View\View->render('dashboard/courses/index_subject', [], true)
 5 APPPATH\Controllers\Courses.php(119): view('dashboard/courses/index_subject', [...])
 6 SYSTEMPATH\CodeIgniter.php(933): App\Controllers\Courses->syllabus_subjects('2', 'public', 'assests', 'Logo.png')
 7 SYSTEMPATH\CodeIgniter.php(509): CodeIgniter\CodeIgniter->runController(Object(App\Controllers\Courses))
 8 SYSTEMPATH\CodeIgniter.php(355): CodeIgniter\CodeIgniter->handleRequest(null, Object(Config\Cache), false)
 9 SYSTEMPATH\Boot.php(325): CodeIgniter\CodeIgniter->run()
10 SYSTEMPATH\Boot.php(67): CodeIgniter\Boot::runCodeIgniter(Object(CodeIgniter\CodeIgniter))
11 FCPATH\index.php(56): CodeIgniter\Boot::bootWeb(Object(Config\Paths))
CRITICAL - 2025-01-01 04:08:21 --> ErrorException: Trying to access array offset on value of type null
[Method: GET, Route: courses/syllabus_subjects/2/public/assests/Logo.png]
in APPPATH\Views\dashboard\courses\index_subject.php on line 6.
 1 APPPATH\Views\dashboard\courses\index_subject.php(6): CodeIgniter\Debug\Exceptions->errorHandler(2, 'Trying to access array offset on value of type null', 'C:\\xampp\\htdocs\\Student_Management_Portal\\app\\Views\\dashboard\\courses\\index_subject.php', 6)
 2 SYSTEMPATH\View\View.php(234): include('C:\\xampp\\htdocs\\Student_Management_Portal\\app\\Views\\dashboard\\courses\\index_subject.php')
 3 SYSTEMPATH\View\View.php(237): CodeIgniter\View\View->CodeIgniter\View\{closure}()
 4 SYSTEMPATH\Common.php(1171): CodeIgniter\View\View->render('dashboard/courses/index_subject', [], true)
 5 APPPATH\Controllers\Courses.php(119): view('dashboard/courses/index_subject', [...])
 6 SYSTEMPATH\CodeIgniter.php(933): App\Controllers\Courses->syllabus_subjects('2', 'public', 'assests', 'Logo.png')
 7 SYSTEMPATH\CodeIgniter.php(509): CodeIgniter\CodeIgniter->runController(Object(App\Controllers\Courses))
 8 SYSTEMPATH\CodeIgniter.php(355): CodeIgniter\CodeIgniter->handleRequest(null, Object(Config\Cache), false)
 9 SYSTEMPATH\Boot.php(325): CodeIgniter\CodeIgniter->run()
10 SYSTEMPATH\Boot.php(67): CodeIgniter\Boot::runCodeIgniter(Object(CodeIgniter\CodeIgniter))
11 FCPATH\index.php(56): CodeIgniter\Boot::bootWeb(Object(Config\Paths))
INFO - 2025-01-01 04:08:23 --> Session: Class initialized using 'CodeIgniter\Session\Handlers\FileHandler' driver.
INFO - 2025-01-01 04:08:24 --> Session: Class initialized using 'CodeIgniter\Session\Handlers\FileHandler' driver.
INFO - 2025-01-01 04:08:24 --> Session: Class initialized using 'CodeIgniter\Session\Handlers\FileHandler' driver.
CRITICAL - 2025-01-01 04:08:26 --> ErrorException: Trying to access array offset on value of type null
[Method: GET, Route: courses/syllabus_subjects/2/public/assests/Logo.png]
in APPPATH\Views\dashboard\courses\index_subject.php on line 6.
 1 APPPATH\Views\dashboard\courses\index_subject.php(6): CodeIgniter\Debug\Exceptions->errorHandler(2, 'Trying to access array offset on value of type null', 'C:\\xampp\\htdocs\\Student_Management_Portal\\app\\Views\\dashboard\\courses\\index_subject.php', 6)
 2 SYSTEMPATH\View\View.php(234): include('C:\\xampp\\htdocs\\Student_Management_Portal\\app\\Views\\dashboard\\courses\\index_subject.php')
 3 SYSTEMPATH\View\View.php(237): CodeIgniter\View\View->CodeIgniter\View\{closure}()
 4 SYSTEMPATH\Common.php(1171): CodeIgniter\View\View->render('dashboard/courses/index_subject', [], true)
 5 APPPATH\Controllers\Courses.php(119): view('dashboard/courses/index_subject', [...])
 6 SYSTEMPATH\CodeIgniter.php(933): App\Controllers\Courses->syllabus_subjects('2', 'public', 'assests', 'Logo.png')
 7 SYSTEMPATH\CodeIgniter.php(509): CodeIgniter\CodeIgniter->runController(Object(App\Controllers\Courses))
 8 SYSTEMPATH\CodeIgniter.php(355): CodeIgniter\CodeIgniter->handleRequest(null, Object(Config\Cache), false)
 9 SYSTEMPATH\Boot.php(325): CodeIgniter\CodeIgniter->run()
10 SYSTEMPATH\Boot.php(67): CodeIgniter\Boot::runCodeIgniter(Object(CodeIgniter\CodeIgniter))
11 FCPATH\index.php(56): CodeIgniter\Boot::bootWeb(Object(Config\Paths))
INFO - 2025-01-01 04:09:06 --> Session: Class initialized using 'CodeIgniter\Session\Handlers\FileHandler' driver.
INFO - 2025-01-01 04:09:07 --> Session: Class initialized using 'CodeIgniter\Session\Handlers\FileHandler' driver.
INFO - 2025-01-01 04:09:07 --> Session: Class initialized using 'CodeIgniter\Session\Handlers\FileHandler' driver.
CRITICAL - 2025-01-01 04:09:09 --> ErrorException: Trying to access array offset on value of type null
[Method: GET, Route: courses/syllabus_subjects/2/public/assests/Logo.png]
in APPPATH\Views\dashboard\courses\index_subject.php on line 6.
 1 APPPATH\Views\dashboard\courses\index_subject.php(6): CodeIgniter\Debug\Exceptions->errorHandler(2, 'Trying to access array offset on value of type null', 'C:\\xampp\\htdocs\\Student_Management_Portal\\app\\Views\\dashboard\\courses\\index_subject.php', 6)
 2 SYSTEMPATH\View\View.php(234): include('C:\\xampp\\htdocs\\Student_Management_Portal\\app\\Views\\dashboard\\courses\\index_subject.php')
 3 SYSTEMPATH\View\View.php(237): CodeIgniter\View\View->CodeIgniter\View\{closure}()
 4 SYSTEMPATH\Common.php(1171): CodeIgniter\View\View->render('dashboard/courses/index_subject', [], true)
 5 APPPATH\Controllers\Courses.php(119): view('dashboard/courses/index_subject', [...])
 6 SYSTEMPATH\CodeIgniter.php(933): App\Controllers\Courses->syllabus_subjects('2', 'public', 'assests', 'Logo.png')
 7 SYSTEMPATH\CodeIgniter.php(509): CodeIgniter\CodeIgniter->runController(Object(App\Controllers\Courses))
 8 SYSTEMPATH\CodeIgniter.php(355): CodeIgniter\CodeIgniter->handleRequest(null, Object(Config\Cache), false)
 9 SYSTEMPATH\Boot.php(325): CodeIgniter\CodeIgniter->run()
10 SYSTEMPATH\Boot.php(67): CodeIgniter\Boot::runCodeIgniter(Object(CodeIgniter\CodeIgniter))
11 FCPATH\index.php(56): CodeIgniter\Boot::bootWeb(Object(Config\Paths))
INFO - 2025-01-01 04:09:45 --> Session: Class initialized using 'CodeIgniter\Session\Handlers\FileHandler' driver.
INFO - 2025-01-01 04:09:45 --> Session: Class initialized using 'CodeIgniter\Session\Handlers\FileHandler' driver.
INFO - 2025-01-01 04:09:45 --> Session: Class initialized using 'CodeIgniter\Session\Handlers\FileHandler' driver.
INFO - 2025-01-01 04:09:54 --> Session: Class initialized using 'CodeIgniter\Session\Handlers\FileHandler' driver.
INFO - 2025-01-01 04:09:54 --> Session: Class initialized using 'CodeIgniter\Session\Handlers\FileHandler' driver.
CRITICAL - 2025-01-01 04:10:01 --> ErrorException: Trying to access array offset on value of type null
[Method: GET, Route: courses/department_syllabus/public/assests/Logo.png]
in APPPATH\Views\dashboard\courses\index_syllabus.php on line 6.
 1 APPPATH\Views\dashboard\courses\index_syllabus.php(6): CodeIgniter\Debug\Exceptions->errorHandler(2, 'Trying to access array offset on value of type null', 'C:\\xampp\\htdocs\\Student_Management_Portal\\app\\Views\\dashboard\\courses\\index_syllabus.php', 6)
 2 SYSTEMPATH\View\View.php(234): include('C:\\xampp\\htdocs\\Student_Management_Portal\\app\\Views\\dashboard\\courses\\index_syllabus.php')
 3 SYSTEMPATH\View\View.php(237): CodeIgniter\View\View->CodeIgniter\View\{closure}()
 4 SYSTEMPATH\Common.php(1171): CodeIgniter\View\View->render('dashboard/courses/index_syllabus', [], true)
 5 APPPATH\Controllers\Courses.php(74): view('dashboard/courses/index_syllabus', [...])
 6 SYSTEMPATH\CodeIgniter.php(933): App\Controllers\Courses->department_syllabus('public', 'assests', 'Logo.png')
 7 SYSTEMPATH\CodeIgniter.php(509): CodeIgniter\CodeIgniter->runController(Object(App\Controllers\Courses))
 8 SYSTEMPATH\CodeIgniter.php(355): CodeIgniter\CodeIgniter->handleRequest(null, Object(Config\Cache), false)
 9 SYSTEMPATH\Boot.php(325): CodeIgniter\CodeIgniter->run()
10 SYSTEMPATH\Boot.php(67): CodeIgniter\Boot::runCodeIgniter(Object(CodeIgniter\CodeIgniter))
11 FCPATH\index.php(56): CodeIgniter\Boot::bootWeb(Object(Config\Paths))
CRITICAL - 2025-01-01 04:10:02 --> ErrorException: Trying to access array offset on value of type null
[Method: GET, Route: courses/syllabus_subjects/2/public/assests/Logo.png]
in APPPATH\Views\dashboard\courses\index_subject.php on line 6.
 1 APPPATH\Views\dashboard\courses\index_subject.php(6): CodeIgniter\Debug\Exceptions->errorHandler(2, 'Trying to access array offset on value of type null', 'C:\\xampp\\htdocs\\Student_Management_Portal\\app\\Views\\dashboard\\courses\\index_subject.php', 6)
 2 SYSTEMPATH\View\View.php(234): include('C:\\xampp\\htdocs\\Student_Management_Portal\\app\\Views\\dashboard\\courses\\index_subject.php')
 3 SYSTEMPATH\View\View.php(237): CodeIgniter\View\View->CodeIgniter\View\{closure}()
 4 SYSTEMPATH\Common.php(1171): CodeIgniter\View\View->render('dashboard/courses/index_subject', [], true)
 5 APPPATH\Controllers\Courses.php(119): view('dashboard/courses/index_subject', [...])
 6 SYSTEMPATH\CodeIgniter.php(933): App\Controllers\Courses->syllabus_subjects('2', 'public', 'assests', 'Logo.png')
 7 SYSTEMPATH\CodeIgniter.php(509): CodeIgniter\CodeIgniter->runController(Object(App\Controllers\Courses))
 8 SYSTEMPATH\CodeIgniter.php(355): CodeIgniter\CodeIgniter->handleRequest(null, Object(Config\Cache), false)
 9 SYSTEMPATH\Boot.php(325): CodeIgniter\CodeIgniter->run()
10 SYSTEMPATH\Boot.php(67): CodeIgniter\Boot::runCodeIgniter(Object(CodeIgniter\CodeIgniter))
11 FCPATH\index.php(56): CodeIgniter\Boot::bootWeb(Object(Config\Paths))
INFO - 2025-01-01 14:48:14 --> Session: Class initialized using 'CodeIgniter\Session\Handlers\FileHandler' driver.
INFO - 2025-01-01 14:48:36 --> Session: Class initialized using 'CodeIgniter\Session\Handlers\FileHandler' driver.
INFO - 2025-01-01 14:48:36 --> Session: Class initialized using 'CodeIgniter\Session\Handlers\FileHandler' driver.
INFO - 2025-01-01 14:48:38 --> Session: Class initialized using 'CodeIgniter\Session\Handlers\FileHandler' driver.
CRITICAL - 2025-01-01 14:48:41 --> ErrorException: Trying to access array offset on value of type null
[Method: GET, Route: courses/department_syllabus/public/assests/Logo.png]
in APPPATH\Views\dashboard\courses\index_syllabus.php on line 6.
 1 APPPATH\Views\dashboard\courses\index_syllabus.php(6): CodeIgniter\Debug\Exceptions->errorHandler(2, 'Trying to access array offset on value of type null', 'C:\\xampp\\htdocs\\Student_Management_Portal\\app\\Views\\dashboard\\courses\\index_syllabus.php', 6)
 2 SYSTEMPATH\View\View.php(234): include('C:\\xampp\\htdocs\\Student_Management_Portal\\app\\Views\\dashboard\\courses\\index_syllabus.php')
 3 SYSTEMPATH\View\View.php(237): CodeIgniter\View\View->CodeIgniter\View\{closure}()
 4 SYSTEMPATH\Common.php(1171): CodeIgniter\View\View->render('dashboard/courses/index_syllabus', [], true)
 5 APPPATH\Controllers\Courses.php(74): view('dashboard/courses/index_syllabus', [...])
 6 SYSTEMPATH\CodeIgniter.php(933): App\Controllers\Courses->department_syllabus('public', 'assests', 'Logo.png')
 7 SYSTEMPATH\CodeIgniter.php(509): CodeIgniter\CodeIgniter->runController(Object(App\Controllers\Courses))
 8 SYSTEMPATH\CodeIgniter.php(355): CodeIgniter\CodeIgniter->handleRequest(null, Object(Config\Cache), false)
 9 SYSTEMPATH\Boot.php(325): CodeIgniter\CodeIgniter->run()
10 SYSTEMPATH\Boot.php(67): CodeIgniter\Boot::runCodeIgniter(Object(CodeIgniter\CodeIgniter))
11 FCPATH\index.php(56): CodeIgniter\Boot::bootWeb(Object(Config\Paths))
CRITICAL - 2025-01-01 14:48:41 --> ErrorException: Trying to access array offset on value of type null
[Method: GET, Route: courses/department_syllabus/public/assests/Logo.png]
in APPPATH\Views\dashboard\courses\index_syllabus.php on line 6.
 1 APPPATH\Views\dashboard\courses\index_syllabus.php(6): CodeIgniter\Debug\Exceptions->errorHandler(2, 'Trying to access array offset on value of type null', 'C:\\xampp\\htdocs\\Student_Management_Portal\\app\\Views\\dashboard\\courses\\index_syllabus.php', 6)
 2 SYSTEMPATH\View\View.php(234): include('C:\\xampp\\htdocs\\Student_Management_Portal\\app\\Views\\dashboard\\courses\\index_syllabus.php')
 3 SYSTEMPATH\View\View.php(237): CodeIgniter\View\View->CodeIgniter\View\{closure}()
 4 SYSTEMPATH\Common.php(1171): CodeIgniter\View\View->render('dashboard/courses/index_syllabus', [], true)
 5 APPPATH\Controllers\Courses.php(74): view('dashboard/courses/index_syllabus', [...])
 6 SYSTEMPATH\CodeIgniter.php(933): App\Controllers\Courses->department_syllabus('public', 'assests', 'Logo.png')
 7 SYSTEMPATH\CodeIgniter.php(509): CodeIgniter\CodeIgniter->runController(Object(App\Controllers\Courses))
 8 SYSTEMPATH\CodeIgniter.php(355): CodeIgniter\CodeIgniter->handleRequest(null, Object(Config\Cache), false)
 9 SYSTEMPATH\Boot.php(325): CodeIgniter\CodeIgniter->run()
10 SYSTEMPATH\Boot.php(67): CodeIgniter\Boot::runCodeIgniter(Object(CodeIgniter\CodeIgniter))
11 FCPATH\index.php(56): CodeIgniter\Boot::bootWeb(Object(Config\Paths))
CRITICAL - 2025-01-01 14:48:45 --> ErrorException: Trying to access array offset on value of type null
[Method: GET, Route: courses/department_syllabus/public/assests/Logo.png]
in APPPATH\Views\dashboard\courses\index_syllabus.php on line 6.
 1 APPPATH\Views\dashboard\courses\index_syllabus.php(6): CodeIgniter\Debug\Exceptions->errorHandler(2, 'Trying to access array offset on value of type null', 'C:\\xampp\\htdocs\\Student_Management_Portal\\app\\Views\\dashboard\\courses\\index_syllabus.php', 6)
 2 SYSTEMPATH\View\View.php(234): include('C:\\xampp\\htdocs\\Student_Management_Portal\\app\\Views\\dashboard\\courses\\index_syllabus.php')
 3 SYSTEMPATH\View\View.php(237): CodeIgniter\View\View->CodeIgniter\View\{closure}()
 4 SYSTEMPATH\Common.php(1171): CodeIgniter\View\View->render('dashboard/courses/index_syllabus', [], true)
 5 APPPATH\Controllers\Courses.php(74): view('dashboard/courses/index_syllabus', [...])
 6 SYSTEMPATH\CodeIgniter.php(933): App\Controllers\Courses->department_syllabus('public', 'assests', 'Logo.png')
 7 SYSTEMPATH\CodeIgniter.php(509): CodeIgniter\CodeIgniter->runController(Object(App\Controllers\Courses))
 8 SYSTEMPATH\CodeIgniter.php(355): CodeIgniter\CodeIgniter->handleRequest(null, Object(Config\Cache), false)
 9 SYSTEMPATH\Boot.php(325): CodeIgniter\CodeIgniter->run()
10 SYSTEMPATH\Boot.php(67): CodeIgniter\Boot::runCodeIgniter(Object(CodeIgniter\CodeIgniter))
11 FCPATH\index.php(56): CodeIgniter\Boot::bootWeb(Object(Config\Paths))
CRITICAL - 2025-01-01 14:48:47 --> ErrorException: Trying to access array offset on value of type null
[Method: GET, Route: courses/department_syllabus/public/assests/Logo.png]
in APPPATH\Views\dashboard\courses\index_syllabus.php on line 6.
 1 APPPATH\Views\dashboard\courses\index_syllabus.php(6): CodeIgniter\Debug\Exceptions->errorHandler(2, 'Trying to access array offset on value of type null', 'C:\\xampp\\htdocs\\Student_Management_Portal\\app\\Views\\dashboard\\courses\\index_syllabus.php', 6)
 2 SYSTEMPATH\View\View.php(234): include('C:\\xampp\\htdocs\\Student_Management_Portal\\app\\Views\\dashboard\\courses\\index_syllabus.php')
 3 SYSTEMPATH\View\View.php(237): CodeIgniter\View\View->CodeIgniter\View\{closure}()
 4 SYSTEMPATH\Common.php(1171): CodeIgniter\View\View->render('dashboard/courses/index_syllabus', [], true)
 5 APPPATH\Controllers\Courses.php(74): view('dashboard/courses/index_syllabus', [...])
 6 SYSTEMPATH\CodeIgniter.php(933): App\Controllers\Courses->department_syllabus('public', 'assests', 'Logo.png')
 7 SYSTEMPATH\CodeIgniter.php(509): CodeIgniter\CodeIgniter->runController(Object(App\Controllers\Courses))
 8 SYSTEMPATH\CodeIgniter.php(355): CodeIgniter\CodeIgniter->handleRequest(null, Object(Config\Cache), false)
 9 SYSTEMPATH\Boot.php(325): CodeIgniter\CodeIgniter->run()
10 SYSTEMPATH\Boot.php(67): CodeIgniter\Boot::runCodeIgniter(Object(CodeIgniter\CodeIgniter))
11 FCPATH\index.php(56): CodeIgniter\Boot::bootWeb(Object(Config\Paths))
INFO - 2025-01-01 14:55:37 --> Session: Class initialized using 'CodeIgniter\Session\Handlers\FileHandler' driver.
CRITICAL - 2025-01-01 14:55:40 --> ErrorException: Trying to access array offset on value of type null
[Method: GET, Route: courses/department_syllabus/public/assests/Logo.png]
in APPPATH\Views\dashboard\courses\index_syllabus.php on line 6.
 1 APPPATH\Views\dashboard\courses\index_syllabus.php(6): CodeIgniter\Debug\Exceptions->errorHandler(2, 'Trying to access array offset on value of type null', 'C:\\xampp\\htdocs\\Student_Management_Portal\\app\\Views\\dashboard\\courses\\index_syllabus.php', 6)
 2 SYSTEMPATH\View\View.php(234): include('C:\\xampp\\htdocs\\Student_Management_Portal\\app\\Views\\dashboard\\courses\\index_syllabus.php')
 3 SYSTEMPATH\View\View.php(237): CodeIgniter\View\View->CodeIgniter\View\{closure}()
 4 SYSTEMPATH\Common.php(1171): CodeIgniter\View\View->render('dashboard/courses/index_syllabus', [], true)
 5 APPPATH\Controllers\Courses.php(74): view('dashboard/courses/index_syllabus', [...])
 6 SYSTEMPATH\CodeIgniter.php(933): App\Controllers\Courses->department_syllabus('public', 'assests', 'Logo.png')
 7 SYSTEMPATH\CodeIgniter.php(509): CodeIgniter\CodeIgniter->runController(Object(App\Controllers\Courses))
 8 SYSTEMPATH\CodeIgniter.php(355): CodeIgniter\CodeIgniter->handleRequest(null, Object(Config\Cache), false)
 9 SYSTEMPATH\Boot.php(325): CodeIgniter\CodeIgniter->run()
10 SYSTEMPATH\Boot.php(67): CodeIgniter\Boot::runCodeIgniter(Object(CodeIgniter\CodeIgniter))
11 FCPATH\index.php(56): CodeIgniter\Boot::bootWeb(Object(Config\Paths))
CRITICAL - 2025-01-01 14:55:40 --> ErrorException: Trying to access array offset on value of type null
[Method: GET, Route: courses/department_syllabus/public/assests/Logo.png]
in APPPATH\Views\dashboard\courses\index_syllabus.php on line 6.
 1 APPPATH\Views\dashboard\courses\index_syllabus.php(6): CodeIgniter\Debug\Exceptions->errorHandler(2, 'Trying to access array offset on value of type null', 'C:\\xampp\\htdocs\\Student_Management_Portal\\app\\Views\\dashboard\\courses\\index_syllabus.php', 6)
 2 SYSTEMPATH\View\View.php(234): include('C:\\xampp\\htdocs\\Student_Management_Portal\\app\\Views\\dashboard\\courses\\index_syllabus.php')
 3 SYSTEMPATH\View\View.php(237): CodeIgniter\View\View->CodeIgniter\View\{closure}()
 4 SYSTEMPATH\Common.php(1171): CodeIgniter\View\View->render('dashboard/courses/index_syllabus', [], true)
 5 APPPATH\Controllers\Courses.php(74): view('dashboard/courses/index_syllabus', [...])
 6 SYSTEMPATH\CodeIgniter.php(933): App\Controllers\Courses->department_syllabus('public', 'assests', 'Logo.png')
 7 SYSTEMPATH\CodeIgniter.php(509): CodeIgniter\CodeIgniter->runController(Object(App\Controllers\Courses))
 8 SYSTEMPATH\CodeIgniter.php(355): CodeIgniter\CodeIgniter->handleRequest(null, Object(Config\Cache), false)
 9 SYSTEMPATH\Boot.php(325): CodeIgniter\CodeIgniter->run()
10 SYSTEMPATH\Boot.php(67): CodeIgniter\Boot::runCodeIgniter(Object(CodeIgniter\CodeIgniter))
11 FCPATH\index.php(56): CodeIgniter\Boot::bootWeb(Object(Config\Paths))
CRITICAL - 2025-01-01 14:55:41 --> ErrorException: Trying to access array offset on value of type null
[Method: GET, Route: courses/syllabus_subjects/2/public/assests/Logo.png]
in APPPATH\Views\dashboard\courses\index_subject.php on line 6.
 1 APPPATH\Views\dashboard\courses\index_subject.php(6): CodeIgniter\Debug\Exceptions->errorHandler(2, 'Trying to access array offset on value of type null', 'C:\\xampp\\htdocs\\Student_Management_Portal\\app\\Views\\dashboard\\courses\\index_subject.php', 6)
 2 SYSTEMPATH\View\View.php(234): include('C:\\xampp\\htdocs\\Student_Management_Portal\\app\\Views\\dashboard\\courses\\index_subject.php')
 3 SYSTEMPATH\View\View.php(237): CodeIgniter\View\View->CodeIgniter\View\{closure}()
 4 SYSTEMPATH\Common.php(1171): CodeIgniter\View\View->render('dashboard/courses/index_subject', [], true)
 5 APPPATH\Controllers\Courses.php(119): view('dashboard/courses/index_subject', [...])
 6 SYSTEMPATH\CodeIgniter.php(933): App\Controllers\Courses->syllabus_subjects('2', 'public', 'assests', 'Logo.png')
 7 SYSTEMPATH\CodeIgniter.php(509): CodeIgniter\CodeIgniter->runController(Object(App\Controllers\Courses))
 8 SYSTEMPATH\CodeIgniter.php(355): CodeIgniter\CodeIgniter->handleRequest(null, Object(Config\Cache), false)
 9 SYSTEMPATH\Boot.php(325): CodeIgniter\CodeIgniter->run()
10 SYSTEMPATH\Boot.php(67): CodeIgniter\Boot::runCodeIgniter(Object(CodeIgniter\CodeIgniter))
11 FCPATH\index.php(56): CodeIgniter\Boot::bootWeb(Object(Config\Paths))
CRITICAL - 2025-01-01 14:55:41 --> ErrorException: Trying to access array offset on value of type null
[Method: GET, Route: courses/syllabus_subjects/2/public/assests/Logo.png]
in APPPATH\Views\dashboard\courses\index_subject.php on line 6.
 1 APPPATH\Views\dashboard\courses\index_subject.php(6): CodeIgniter\Debug\Exceptions->errorHandler(2, 'Trying to access array offset on value of type null', 'C:\\xampp\\htdocs\\Student_Management_Portal\\app\\Views\\dashboard\\courses\\index_subject.php', 6)
 2 SYSTEMPATH\View\View.php(234): include('C:\\xampp\\htdocs\\Student_Management_Portal\\app\\Views\\dashboard\\courses\\index_subject.php')
 3 SYSTEMPATH\View\View.php(237): CodeIgniter\View\View->CodeIgniter\View\{closure}()
 4 SYSTEMPATH\Common.php(1171): CodeIgniter\View\View->render('dashboard/courses/index_subject', [], true)
 5 APPPATH\Controllers\Courses.php(119): view('dashboard/courses/index_subject', [...])
 6 SYSTEMPATH\CodeIgniter.php(933): App\Controllers\Courses->syllabus_subjects('2', 'public', 'assests', 'Logo.png')
 7 SYSTEMPATH\CodeIgniter.php(509): CodeIgniter\CodeIgniter->runController(Object(App\Controllers\Courses))
 8 SYSTEMPATH\CodeIgniter.php(355): CodeIgniter\CodeIgniter->handleRequest(null, Object(Config\Cache), false)
 9 SYSTEMPATH\Boot.php(325): CodeIgniter\CodeIgniter->run()
10 SYSTEMPATH\Boot.php(67): CodeIgniter\Boot::runCodeIgniter(Object(CodeIgniter\CodeIgniter))
11 FCPATH\index.php(56): CodeIgniter\Boot::bootWeb(Object(Config\Paths))
INFO - 2025-01-01 15:05:04 --> Session: Class initialized using 'CodeIgniter\Session\Handlers\FileHandler' driver.
INFO - 2025-01-01 15:05:05 --> Session: Class initialized using 'CodeIgniter\Session\Handlers\FileHandler' driver.
INFO - 2025-01-01 15:05:05 --> Session: Class initialized using 'CodeIgniter\Session\Handlers\FileHandler' driver.
INFO - 2025-01-01 15:05:05 --> Session: Class initialized using 'CodeIgniter\Session\Handlers\FileHandler' driver.
INFO - 2025-01-01 15:05:05 --> Session: Class initialized using 'CodeIgniter\Session\Handlers\FileHandler' driver.
CRITICAL - 2025-01-01 15:05:07 --> ErrorException: Trying to access array offset on value of type null
[Method: GET, Route: courses/syllabus_subjects/2/public/assests/Logo.png]
in APPPATH\Views\dashboard\courses\index_subject.php on line 6.
 1 APPPATH\Views\dashboard\courses\index_subject.php(6): CodeIgniter\Debug\Exceptions->errorHandler(2, 'Trying to access array offset on value of type null', 'C:\\xampp\\htdocs\\Student_Management_Portal\\app\\Views\\dashboard\\courses\\index_subject.php', 6)
 2 SYSTEMPATH\View\View.php(234): include('C:\\xampp\\htdocs\\Student_Management_Portal\\app\\Views\\dashboard\\courses\\index_subject.php')
 3 SYSTEMPATH\View\View.php(237): CodeIgniter\View\View->CodeIgniter\View\{closure}()
 4 SYSTEMPATH\Common.php(1171): CodeIgniter\View\View->render('dashboard/courses/index_subject', [], true)
 5 APPPATH\Controllers\Courses.php(119): view('dashboard/courses/index_subject', [...])
 6 SYSTEMPATH\CodeIgniter.php(933): App\Controllers\Courses->syllabus_subjects('2', 'public', 'assests', 'Logo.png')
 7 SYSTEMPATH\CodeIgniter.php(509): CodeIgniter\CodeIgniter->runController(Object(App\Controllers\Courses))
 8 SYSTEMPATH\CodeIgniter.php(355): CodeIgniter\CodeIgniter->handleRequest(null, Object(Config\Cache), false)
 9 SYSTEMPATH\Boot.php(325): CodeIgniter\CodeIgniter->run()
10 SYSTEMPATH\Boot.php(67): CodeIgniter\Boot::runCodeIgniter(Object(CodeIgniter\CodeIgniter))
11 FCPATH\index.php(56): CodeIgniter\Boot::bootWeb(Object(Config\Paths))
CRITICAL - 2025-01-01 15:05:08 --> ErrorException: Trying to access array offset on value of type null
[Method: GET, Route: courses/syllabus_subjects/2/public/assests/Logo.png]
in APPPATH\Views\dashboard\courses\index_subject.php on line 6.
 1 APPPATH\Views\dashboard\courses\index_subject.php(6): CodeIgniter\Debug\Exceptions->errorHandler(2, 'Trying to access array offset on value of type null', 'C:\\xampp\\htdocs\\Student_Management_Portal\\app\\Views\\dashboard\\courses\\index_subject.php', 6)
 2 SYSTEMPATH\View\View.php(234): include('C:\\xampp\\htdocs\\Student_Management_Portal\\app\\Views\\dashboard\\courses\\index_subject.php')
 3 SYSTEMPATH\View\View.php(237): CodeIgniter\View\View->CodeIgniter\View\{closure}()
 4 SYSTEMPATH\Common.php(1171): CodeIgniter\View\View->render('dashboard/courses/index_subject', [], true)
 5 APPPATH\Controllers\Courses.php(119): view('dashboard/courses/index_subject', [...])
 6 SYSTEMPATH\CodeIgniter.php(933): App\Controllers\Courses->syllabus_subjects('2', 'public', 'assests', 'Logo.png')
 7 SYSTEMPATH\CodeIgniter.php(509): CodeIgniter\CodeIgniter->runController(Object(App\Controllers\Courses))
 8 SYSTEMPATH\CodeIgniter.php(355): CodeIgniter\CodeIgniter->handleRequest(null, Object(Config\Cache), false)
 9 SYSTEMPATH\Boot.php(325): CodeIgniter\CodeIgniter->run()
10 SYSTEMPATH\Boot.php(67): CodeIgniter\Boot::runCodeIgniter(Object(CodeIgniter\CodeIgniter))
11 FCPATH\index.php(56): CodeIgniter\Boot::bootWeb(Object(Config\Paths))
