CRITICAL - 2025-01-03 00:11:49 --> ErrorException: Trying to access array offset on value of type null
[Method: GET, Route: courses/view_slides/public/assests/Logo.png]
in APPPATH\Views\dashboard\courses\index_slides.php on line 6.
 1 APPPATH\Views\dashboard\courses\index_slides.php(6): CodeIgniter\Debug\Exceptions->errorHandler(2, 'Trying to access array offset on value of type null', 'C:\\xampp\\htdocs\\Student_Management_Portal\\app\\Views\\dashboard\\courses\\index_slides.php', 6)
 2 SYSTEMPATH\View\View.php(234): include('C:\\xampp\\htdocs\\Student_Management_Portal\\app\\Views\\dashboard\\courses\\index_slides.php')
 3 SYSTEMPATH\View\View.php(237): CodeIgniter\View\View->CodeIgniter\View\{closure}()
 4 SYSTEMPATH\Common.php(1171): CodeIgniter\View\View->render('dashboard/courses/index_slides', [], true)
 5 APPPATH\Controllers\Courses.php(537): view('dashboard/courses/index_slides', [...])
 6 SYSTEMPATH\CodeIgniter.php(933): App\Controllers\Courses->view_slides('public', 'assests', 'Logo.png')
 7 SYSTEMPATH\CodeIgniter.php(509): CodeIgniter\CodeIgniter->runController(Object(App\Controllers\Courses))
 8 SYSTEMPATH\CodeIgniter.php(355): CodeIgniter\CodeIgniter->handleRequest(null, Object(Config\Cache), false)
 9 SYSTEMPATH\Boot.php(325): CodeIgniter\CodeIgniter->run()
10 SYSTEMPATH\Boot.php(67): CodeIgniter\Boot::runCodeIgniter(Object(CodeIgniter\CodeIgniter))
11 FCPATH\index.php(56): CodeIgniter\Boot::bootWeb(Object(Config\Paths))
CRITICAL - 2025-01-03 00:11:49 --> ErrorException: Trying to access array offset on value of type null
[Method: GET, Route: courses/view_slides/public/assests/Logo.png]
in APPPATH\Views\dashboard\courses\index_slides.php on line 6.
 1 APPPATH\Views\dashboard\courses\index_slides.php(6): CodeIgniter\Debug\Exceptions->errorHandler(2, 'Trying to access array offset on value of type null', 'C:\\xampp\\htdocs\\Student_Management_Portal\\app\\Views\\dashboard\\courses\\index_slides.php', 6)
 2 SYSTEMPATH\View\View.php(234): include('C:\\xampp\\htdocs\\Student_Management_Portal\\app\\Views\\dashboard\\courses\\index_slides.php')
 3 SYSTEMPATH\View\View.php(237): CodeIgniter\View\View->CodeIgniter\View\{closure}()
 4 SYSTEMPATH\Common.php(1171): CodeIgniter\View\View->render('dashboard/courses/index_slides', [], true)
 5 APPPATH\Controllers\Courses.php(537): view('dashboard/courses/index_slides', [...])
 6 SYSTEMPATH\CodeIgniter.php(933): App\Controllers\Courses->view_slides('public', 'assests', 'Logo.png')
 7 SYSTEMPATH\CodeIgniter.php(509): CodeIgniter\CodeIgniter->runController(Object(App\Controllers\Courses))
 8 SYSTEMPATH\CodeIgniter.php(355): CodeIgniter\CodeIgniter->handleRequest(null, Object(Config\Cache), false)
 9 SYSTEMPATH\Boot.php(325): CodeIgniter\CodeIgniter->run()
10 SYSTEMPATH\Boot.php(67): CodeIgniter\Boot::runCodeIgniter(Object(CodeIgniter\CodeIgniter))
11 FCPATH\index.php(56): CodeIgniter\Boot::bootWeb(Object(Config\Paths))
CRITICAL - 2025-01-03 00:11:51 --> ArgumentCountError: Too few arguments to function App\Controllers\Courses::download_slide(), 0 passed in C:\xampp\htdocs\Student_Management_Portal\system\CodeIgniter.php on line 933 and exactly 1 expected
[Method: GET, Route: courses/download_slide]
in APPPATH\Controllers\Courses.php on line 602.
 1 SYSTEMPATH\CodeIgniter.php(933): App\Controllers\Courses->download_slide()
 2 SYSTEMPATH\CodeIgniter.php(509): CodeIgniter\CodeIgniter->runController(Object(App\Controllers\Courses))
 3 SYSTEMPATH\CodeIgniter.php(355): CodeIgniter\CodeIgniter->handleRequest(null, Object(Config\Cache), false)
 4 SYSTEMPATH\Boot.php(325): CodeIgniter\CodeIgniter->run()
 5 SYSTEMPATH\Boot.php(67): CodeIgniter\Boot::runCodeIgniter(Object(CodeIgniter\CodeIgniter))
 6 FCPATH\index.php(56): CodeIgniter\Boot::bootWeb(Object(Config\Paths))
CRITICAL - 2025-01-03 00:11:55 --> ErrorException: Trying to access array offset on value of type null
[Method: GET, Route: courses/view_slides/public/assests/Logo.png]
in APPPATH\Views\dashboard\courses\index_slides.php on line 6.
 1 APPPATH\Views\dashboard\courses\index_slides.php(6): CodeIgniter\Debug\Exceptions->errorHandler(2, 'Trying to access array offset on value of type null', 'C:\\xampp\\htdocs\\Student_Management_Portal\\app\\Views\\dashboard\\courses\\index_slides.php', 6)
 2 SYSTEMPATH\View\View.php(234): include('C:\\xampp\\htdocs\\Student_Management_Portal\\app\\Views\\dashboard\\courses\\index_slides.php')
 3 SYSTEMPATH\View\View.php(237): CodeIgniter\View\View->CodeIgniter\View\{closure}()
 4 SYSTEMPATH\Common.php(1171): CodeIgniter\View\View->render('dashboard/courses/index_slides', [], true)
 5 APPPATH\Controllers\Courses.php(537): view('dashboard/courses/index_slides', [...])
 6 SYSTEMPATH\CodeIgniter.php(933): App\Controllers\Courses->view_slides('public', 'assests', 'Logo.png')
 7 SYSTEMPATH\CodeIgniter.php(509): CodeIgniter\CodeIgniter->runController(Object(App\Controllers\Courses))
 8 SYSTEMPATH\CodeIgniter.php(355): CodeIgniter\CodeIgniter->handleRequest(null, Object(Config\Cache), false)
 9 SYSTEMPATH\Boot.php(325): CodeIgniter\CodeIgniter->run()
10 SYSTEMPATH\Boot.php(67): CodeIgniter\Boot::runCodeIgniter(Object(CodeIgniter\CodeIgniter))
11 FCPATH\index.php(56): CodeIgniter\Boot::bootWeb(Object(Config\Paths))
CRITICAL - 2025-01-03 00:12:03 --> Error: Call to undefined method CodeIgniter\HTTP\IncomingRequest::hasFile()
[Method: POST, Route: courses/save_slide/15]
in APPPATH\Controllers\Courses.php on line 560.
 1 SYSTEMPATH\CodeIgniter.php(933): App\Controllers\Courses->save_slide('15')
 2 SYSTEMPATH\CodeIgniter.php(509): CodeIgniter\CodeIgniter->runController(Object(App\Controllers\Courses))
 3 SYSTEMPATH\CodeIgniter.php(355): CodeIgniter\CodeIgniter->handleRequest(null, Object(Config\Cache), false)
 4 SYSTEMPATH\Boot.php(325): CodeIgniter\CodeIgniter->run()
 5 SYSTEMPATH\Boot.php(67): CodeIgniter\Boot::runCodeIgniter(Object(CodeIgniter\CodeIgniter))
 6 FCPATH\index.php(56): CodeIgniter\Boot::bootWeb(Object(Config\Paths))
CRITICAL - 2025-01-03 00:13:02 --> ErrorException: Trying to access array offset on value of type null
[Method: GET, Route: courses/view_slides/public/assests/Logo.png]
in APPPATH\Views\dashboard\courses\index_slides.php on line 6.
 1 APPPATH\Views\dashboard\courses\index_slides.php(6): CodeIgniter\Debug\Exceptions->errorHandler(2, 'Trying to access array offset on value of type null', 'C:\\xampp\\htdocs\\Student_Management_Portal\\app\\Views\\dashboard\\courses\\index_slides.php', 6)
 2 SYSTEMPATH\View\View.php(234): include('C:\\xampp\\htdocs\\Student_Management_Portal\\app\\Views\\dashboard\\courses\\index_slides.php')
 3 SYSTEMPATH\View\View.php(237): CodeIgniter\View\View->CodeIgniter\View\{closure}()
 4 SYSTEMPATH\Common.php(1171): CodeIgniter\View\View->render('dashboard/courses/index_slides', [], true)
 5 APPPATH\Controllers\Courses.php(537): view('dashboard/courses/index_slides', [...])
 6 SYSTEMPATH\CodeIgniter.php(933): App\Controllers\Courses->view_slides('public', 'assests', 'Logo.png')
 7 SYSTEMPATH\CodeIgniter.php(509): CodeIgniter\CodeIgniter->runController(Object(App\Controllers\Courses))
 8 SYSTEMPATH\CodeIgniter.php(355): CodeIgniter\CodeIgniter->handleRequest(null, Object(Config\Cache), false)
 9 SYSTEMPATH\Boot.php(325): CodeIgniter\CodeIgniter->run()
10 SYSTEMPATH\Boot.php(67): CodeIgniter\Boot::runCodeIgniter(Object(CodeIgniter\CodeIgniter))
11 FCPATH\index.php(56): CodeIgniter\Boot::bootWeb(Object(Config\Paths))
CRITICAL - 2025-01-03 00:13:04 --> ArgumentCountError: Too few arguments to function App\Controllers\Courses::download_slide(), 0 passed in C:\xampp\htdocs\Student_Management_Portal\system\CodeIgniter.php on line 933 and exactly 1 expected
[Method: GET, Route: courses/download_slide]
in APPPATH\Controllers\Courses.php on line 603.
 1 SYSTEMPATH\CodeIgniter.php(933): App\Controllers\Courses->download_slide()
 2 SYSTEMPATH\CodeIgniter.php(509): CodeIgniter\CodeIgniter->runController(Object(App\Controllers\Courses))
 3 SYSTEMPATH\CodeIgniter.php(355): CodeIgniter\CodeIgniter->handleRequest(null, Object(Config\Cache), false)
 4 SYSTEMPATH\Boot.php(325): CodeIgniter\CodeIgniter->run()
 5 SYSTEMPATH\Boot.php(67): CodeIgniter\Boot::runCodeIgniter(Object(CodeIgniter\CodeIgniter))
 6 FCPATH\index.php(56): CodeIgniter\Boot::bootWeb(Object(Config\Paths))
CRITICAL - 2025-01-03 00:24:27 --> ErrorException: Trying to access array offset on value of type null
[Method: GET, Route: courses/view_slides/public/assests/Logo.png]
in APPPATH\Views\dashboard\courses\index_slides.php on line 6.
 1 APPPATH\Views\dashboard\courses\index_slides.php(6): CodeIgniter\Debug\Exceptions->errorHandler(2, 'Trying to access array offset on value of type null', 'C:\\xampp\\htdocs\\Student_Management_Portal\\app\\Views\\dashboard\\courses\\index_slides.php', 6)
 2 SYSTEMPATH\View\View.php(234): include('C:\\xampp\\htdocs\\Student_Management_Portal\\app\\Views\\dashboard\\courses\\index_slides.php')
 3 SYSTEMPATH\View\View.php(237): CodeIgniter\View\View->CodeIgniter\View\{closure}()
 4 SYSTEMPATH\Common.php(1171): CodeIgniter\View\View->render('dashboard/courses/index_slides', [], true)
 5 APPPATH\Controllers\Courses.php(537): view('dashboard/courses/index_slides', [...])
 6 SYSTEMPATH\CodeIgniter.php(933): App\Controllers\Courses->view_slides('public', 'assests', 'Logo.png')
 7 SYSTEMPATH\CodeIgniter.php(509): CodeIgniter\CodeIgniter->runController(Object(App\Controllers\Courses))
 8 SYSTEMPATH\CodeIgniter.php(355): CodeIgniter\CodeIgniter->handleRequest(null, Object(Config\Cache), false)
 9 SYSTEMPATH\Boot.php(325): CodeIgniter\CodeIgniter->run()
10 SYSTEMPATH\Boot.php(67): CodeIgniter\Boot::runCodeIgniter(Object(CodeIgniter\CodeIgniter))
11 FCPATH\index.php(56): CodeIgniter\Boot::bootWeb(Object(Config\Paths))
CRITICAL - 2025-01-03 00:24:27 --> ErrorException: Trying to access array offset on value of type null
[Method: GET, Route: courses/view_slides/public/assests/Logo.png]
in APPPATH\Views\dashboard\courses\index_slides.php on line 6.
 1 APPPATH\Views\dashboard\courses\index_slides.php(6): CodeIgniter\Debug\Exceptions->errorHandler(2, 'Trying to access array offset on value of type null', 'C:\\xampp\\htdocs\\Student_Management_Portal\\app\\Views\\dashboard\\courses\\index_slides.php', 6)
 2 SYSTEMPATH\View\View.php(234): include('C:\\xampp\\htdocs\\Student_Management_Portal\\app\\Views\\dashboard\\courses\\index_slides.php')
 3 SYSTEMPATH\View\View.php(237): CodeIgniter\View\View->CodeIgniter\View\{closure}()
 4 SYSTEMPATH\Common.php(1171): CodeIgniter\View\View->render('dashboard/courses/index_slides', [], true)
 5 APPPATH\Controllers\Courses.php(537): view('dashboard/courses/index_slides', [...])
 6 SYSTEMPATH\CodeIgniter.php(933): App\Controllers\Courses->view_slides('public', 'assests', 'Logo.png')
 7 SYSTEMPATH\CodeIgniter.php(509): CodeIgniter\CodeIgniter->runController(Object(App\Controllers\Courses))
 8 SYSTEMPATH\CodeIgniter.php(355): CodeIgniter\CodeIgniter->handleRequest(null, Object(Config\Cache), false)
 9 SYSTEMPATH\Boot.php(325): CodeIgniter\CodeIgniter->run()
10 SYSTEMPATH\Boot.php(67): CodeIgniter\Boot::runCodeIgniter(Object(CodeIgniter\CodeIgniter))
11 FCPATH\index.php(56): CodeIgniter\Boot::bootWeb(Object(Config\Paths))
CRITICAL - 2025-01-03 00:24:28 --> ArgumentCountError: Too few arguments to function App\Controllers\Courses::download_slide(), 0 passed in C:\xampp\htdocs\Student_Management_Portal\system\CodeIgniter.php on line 933 and exactly 1 expected
[Method: GET, Route: courses/download_slide]
in APPPATH\Controllers\Courses.php on line 603.
 1 SYSTEMPATH\CodeIgniter.php(933): App\Controllers\Courses->download_slide()
 2 SYSTEMPATH\CodeIgniter.php(509): CodeIgniter\CodeIgniter->runController(Object(App\Controllers\Courses))
 3 SYSTEMPATH\CodeIgniter.php(355): CodeIgniter\CodeIgniter->handleRequest(null, Object(Config\Cache), false)
 4 SYSTEMPATH\Boot.php(325): CodeIgniter\CodeIgniter->run()
 5 SYSTEMPATH\Boot.php(67): CodeIgniter\Boot::runCodeIgniter(Object(CodeIgniter\CodeIgniter))
 6 FCPATH\index.php(56): CodeIgniter\Boot::bootWeb(Object(Config\Paths))
CRITICAL - 2025-01-03 00:24:32 --> ErrorException: Trying to access array offset on value of type null
[Method: GET, Route: courses/view_slides/public/assests/Logo.png]
in APPPATH\Views\dashboard\courses\index_slides.php on line 6.
 1 APPPATH\Views\dashboard\courses\index_slides.php(6): CodeIgniter\Debug\Exceptions->errorHandler(2, 'Trying to access array offset on value of type null', 'C:\\xampp\\htdocs\\Student_Management_Portal\\app\\Views\\dashboard\\courses\\index_slides.php', 6)
 2 SYSTEMPATH\View\View.php(234): include('C:\\xampp\\htdocs\\Student_Management_Portal\\app\\Views\\dashboard\\courses\\index_slides.php')
 3 SYSTEMPATH\View\View.php(237): CodeIgniter\View\View->CodeIgniter\View\{closure}()
 4 SYSTEMPATH\Common.php(1171): CodeIgniter\View\View->render('dashboard/courses/index_slides', [], true)
 5 APPPATH\Controllers\Courses.php(537): view('dashboard/courses/index_slides', [...])
 6 SYSTEMPATH\CodeIgniter.php(933): App\Controllers\Courses->view_slides('public', 'assests', 'Logo.png')
 7 SYSTEMPATH\CodeIgniter.php(509): CodeIgniter\CodeIgniter->runController(Object(App\Controllers\Courses))
 8 SYSTEMPATH\CodeIgniter.php(355): CodeIgniter\CodeIgniter->handleRequest(null, Object(Config\Cache), false)
 9 SYSTEMPATH\Boot.php(325): CodeIgniter\CodeIgniter->run()
10 SYSTEMPATH\Boot.php(67): CodeIgniter\Boot::runCodeIgniter(Object(CodeIgniter\CodeIgniter))
11 FCPATH\index.php(56): CodeIgniter\Boot::bootWeb(Object(Config\Paths))
CRITICAL - 2025-01-03 00:24:33 --> ArgumentCountError: Too few arguments to function App\Controllers\Courses::download_slide(), 0 passed in C:\xampp\htdocs\Student_Management_Portal\system\CodeIgniter.php on line 933 and exactly 1 expected
[Method: GET, Route: courses/download_slide]
in APPPATH\Controllers\Courses.php on line 603.
 1 SYSTEMPATH\CodeIgniter.php(933): App\Controllers\Courses->download_slide()
 2 SYSTEMPATH\CodeIgniter.php(509): CodeIgniter\CodeIgniter->runController(Object(App\Controllers\Courses))
 3 SYSTEMPATH\CodeIgniter.php(355): CodeIgniter\CodeIgniter->handleRequest(null, Object(Config\Cache), false)
 4 SYSTEMPATH\Boot.php(325): CodeIgniter\CodeIgniter->run()
 5 SYSTEMPATH\Boot.php(67): CodeIgniter\Boot::runCodeIgniter(Object(CodeIgniter\CodeIgniter))
 6 FCPATH\index.php(56): CodeIgniter\Boot::bootWeb(Object(Config\Paths))
CRITICAL - 2025-01-03 00:24:36 --> ErrorException: Trying to access array offset on value of type null
[Method: GET, Route: courses/view_slides/public/assests/Logo.png]
in APPPATH\Views\dashboard\courses\index_slides.php on line 6.
 1 APPPATH\Views\dashboard\courses\index_slides.php(6): CodeIgniter\Debug\Exceptions->errorHandler(2, 'Trying to access array offset on value of type null', 'C:\\xampp\\htdocs\\Student_Management_Portal\\app\\Views\\dashboard\\courses\\index_slides.php', 6)
 2 SYSTEMPATH\View\View.php(234): include('C:\\xampp\\htdocs\\Student_Management_Portal\\app\\Views\\dashboard\\courses\\index_slides.php')
 3 SYSTEMPATH\View\View.php(237): CodeIgniter\View\View->CodeIgniter\View\{closure}()
 4 SYSTEMPATH\Common.php(1171): CodeIgniter\View\View->render('dashboard/courses/index_slides', [], true)
 5 APPPATH\Controllers\Courses.php(537): view('dashboard/courses/index_slides', [...])
 6 SYSTEMPATH\CodeIgniter.php(933): App\Controllers\Courses->view_slides('public', 'assests', 'Logo.png')
 7 SYSTEMPATH\CodeIgniter.php(509): CodeIgniter\CodeIgniter->runController(Object(App\Controllers\Courses))
 8 SYSTEMPATH\CodeIgniter.php(355): CodeIgniter\CodeIgniter->handleRequest(null, Object(Config\Cache), false)
 9 SYSTEMPATH\Boot.php(325): CodeIgniter\CodeIgniter->run()
10 SYSTEMPATH\Boot.php(67): CodeIgniter\Boot::runCodeIgniter(Object(CodeIgniter\CodeIgniter))
11 FCPATH\index.php(56): CodeIgniter\Boot::bootWeb(Object(Config\Paths))
CRITICAL - 2025-01-03 00:24:41 --> ErrorException: Trying to access array offset on value of type null
[Method: GET, Route: courses/view_slides/public/assests/Logo.png]
in APPPATH\Views\dashboard\courses\index_slides.php on line 6.
 1 APPPATH\Views\dashboard\courses\index_slides.php(6): CodeIgniter\Debug\Exceptions->errorHandler(2, 'Trying to access array offset on value of type null', 'C:\\xampp\\htdocs\\Student_Management_Portal\\app\\Views\\dashboard\\courses\\index_slides.php', 6)
 2 SYSTEMPATH\View\View.php(234): include('C:\\xampp\\htdocs\\Student_Management_Portal\\app\\Views\\dashboard\\courses\\index_slides.php')
 3 SYSTEMPATH\View\View.php(237): CodeIgniter\View\View->CodeIgniter\View\{closure}()
 4 SYSTEMPATH\Common.php(1171): CodeIgniter\View\View->render('dashboard/courses/index_slides', [], true)
 5 APPPATH\Controllers\Courses.php(537): view('dashboard/courses/index_slides', [...])
 6 SYSTEMPATH\CodeIgniter.php(933): App\Controllers\Courses->view_slides('public', 'assests', 'Logo.png')
 7 SYSTEMPATH\CodeIgniter.php(509): CodeIgniter\CodeIgniter->runController(Object(App\Controllers\Courses))
 8 SYSTEMPATH\CodeIgniter.php(355): CodeIgniter\CodeIgniter->handleRequest(null, Object(Config\Cache), false)
 9 SYSTEMPATH\Boot.php(325): CodeIgniter\CodeIgniter->run()
10 SYSTEMPATH\Boot.php(67): CodeIgniter\Boot::runCodeIgniter(Object(CodeIgniter\CodeIgniter))
11 FCPATH\index.php(56): CodeIgniter\Boot::bootWeb(Object(Config\Paths))
CRITICAL - 2025-01-03 00:24:42 --> ArgumentCountError: Too few arguments to function App\Controllers\Courses::download_slide(), 0 passed in C:\xampp\htdocs\Student_Management_Portal\system\CodeIgniter.php on line 933 and exactly 1 expected
[Method: GET, Route: courses/download_slide]
in APPPATH\Controllers\Courses.php on line 603.
 1 SYSTEMPATH\CodeIgniter.php(933): App\Controllers\Courses->download_slide()
 2 SYSTEMPATH\CodeIgniter.php(509): CodeIgniter\CodeIgniter->runController(Object(App\Controllers\Courses))
 3 SYSTEMPATH\CodeIgniter.php(355): CodeIgniter\CodeIgniter->handleRequest(null, Object(Config\Cache), false)
 4 SYSTEMPATH\Boot.php(325): CodeIgniter\CodeIgniter->run()
 5 SYSTEMPATH\Boot.php(67): CodeIgniter\Boot::runCodeIgniter(Object(CodeIgniter\CodeIgniter))
 6 FCPATH\index.php(56): CodeIgniter\Boot::bootWeb(Object(Config\Paths))
CRITICAL - 2025-01-03 00:27:30 --> ErrorException: Trying to access array offset on value of type null
[Method: GET, Route: courses/view_slides/public/assests/Logo.png]
in APPPATH\Views\dashboard\courses\index_slides.php on line 6.
 1 APPPATH\Views\dashboard\courses\index_slides.php(6): CodeIgniter\Debug\Exceptions->errorHandler(2, 'Trying to access array offset on value of type null', 'C:\\xampp\\htdocs\\Student_Management_Portal\\app\\Views\\dashboard\\courses\\index_slides.php', 6)
 2 SYSTEMPATH\View\View.php(234): include('C:\\xampp\\htdocs\\Student_Management_Portal\\app\\Views\\dashboard\\courses\\index_slides.php')
 3 SYSTEMPATH\View\View.php(237): CodeIgniter\View\View->CodeIgniter\View\{closure}()
 4 SYSTEMPATH\Common.php(1171): CodeIgniter\View\View->render('dashboard/courses/index_slides', [], true)
 5 APPPATH\Controllers\Courses.php(537): view('dashboard/courses/index_slides', [...])
 6 SYSTEMPATH\CodeIgniter.php(933): App\Controllers\Courses->view_slides('public', 'assests', 'Logo.png')
 7 SYSTEMPATH\CodeIgniter.php(509): CodeIgniter\CodeIgniter->runController(Object(App\Controllers\Courses))
 8 SYSTEMPATH\CodeIgniter.php(355): CodeIgniter\CodeIgniter->handleRequest(null, Object(Config\Cache), false)
 9 SYSTEMPATH\Boot.php(325): CodeIgniter\CodeIgniter->run()
10 SYSTEMPATH\Boot.php(67): CodeIgniter\Boot::runCodeIgniter(Object(CodeIgniter\CodeIgniter))
11 FCPATH\index.php(56): CodeIgniter\Boot::bootWeb(Object(Config\Paths))
CRITICAL - 2025-01-03 00:28:41 --> ErrorException: Trying to access array offset on value of type null
[Method: GET, Route: courses/view_slides/public/assests/Logo.png]
in APPPATH\Views\dashboard\courses\index_slides.php on line 6.
 1 APPPATH\Views\dashboard\courses\index_slides.php(6): CodeIgniter\Debug\Exceptions->errorHandler(2, 'Trying to access array offset on value of type null', 'C:\\xampp\\htdocs\\Student_Management_Portal\\app\\Views\\dashboard\\courses\\index_slides.php', 6)
 2 SYSTEMPATH\View\View.php(234): include('C:\\xampp\\htdocs\\Student_Management_Portal\\app\\Views\\dashboard\\courses\\index_slides.php')
 3 SYSTEMPATH\View\View.php(237): CodeIgniter\View\View->CodeIgniter\View\{closure}()
 4 SYSTEMPATH\Common.php(1171): CodeIgniter\View\View->render('dashboard/courses/index_slides', [], true)
 5 APPPATH\Controllers\Courses.php(537): view('dashboard/courses/index_slides', [...])
 6 SYSTEMPATH\CodeIgniter.php(933): App\Controllers\Courses->view_slides('public', 'assests', 'Logo.png')
 7 SYSTEMPATH\CodeIgniter.php(509): CodeIgniter\CodeIgniter->runController(Object(App\Controllers\Courses))
 8 SYSTEMPATH\CodeIgniter.php(355): CodeIgniter\CodeIgniter->handleRequest(null, Object(Config\Cache), false)
 9 SYSTEMPATH\Boot.php(325): CodeIgniter\CodeIgniter->run()
10 SYSTEMPATH\Boot.php(67): CodeIgniter\Boot::runCodeIgniter(Object(CodeIgniter\CodeIgniter))
11 FCPATH\index.php(56): CodeIgniter\Boot::bootWeb(Object(Config\Paths))
CRITICAL - 2025-01-03 00:28:41 --> ErrorException: Trying to access array offset on value of type null
[Method: GET, Route: courses/view_slides/public/assests/Logo.png]
in APPPATH\Views\dashboard\courses\index_slides.php on line 6.
 1 APPPATH\Views\dashboard\courses\index_slides.php(6): CodeIgniter\Debug\Exceptions->errorHandler(2, 'Trying to access array offset on value of type null', 'C:\\xampp\\htdocs\\Student_Management_Portal\\app\\Views\\dashboard\\courses\\index_slides.php', 6)
 2 SYSTEMPATH\View\View.php(234): include('C:\\xampp\\htdocs\\Student_Management_Portal\\app\\Views\\dashboard\\courses\\index_slides.php')
 3 SYSTEMPATH\View\View.php(237): CodeIgniter\View\View->CodeIgniter\View\{closure}()
 4 SYSTEMPATH\Common.php(1171): CodeIgniter\View\View->render('dashboard/courses/index_slides', [], true)
 5 APPPATH\Controllers\Courses.php(537): view('dashboard/courses/index_slides', [...])
 6 SYSTEMPATH\CodeIgniter.php(933): App\Controllers\Courses->view_slides('public', 'assests', 'Logo.png')
 7 SYSTEMPATH\CodeIgniter.php(509): CodeIgniter\CodeIgniter->runController(Object(App\Controllers\Courses))
 8 SYSTEMPATH\CodeIgniter.php(355): CodeIgniter\CodeIgniter->handleRequest(null, Object(Config\Cache), false)
 9 SYSTEMPATH\Boot.php(325): CodeIgniter\CodeIgniter->run()
10 SYSTEMPATH\Boot.php(67): CodeIgniter\Boot::runCodeIgniter(Object(CodeIgniter\CodeIgniter))
11 FCPATH\index.php(56): CodeIgniter\Boot::bootWeb(Object(Config\Paths))
CRITICAL - 2025-01-03 00:28:43 --> ArgumentCountError: Too few arguments to function App\Controllers\Courses::download_slide(), 0 passed in C:\xampp\htdocs\Student_Management_Portal\system\CodeIgniter.php on line 933 and exactly 1 expected
[Method: GET, Route: courses/download_slide]
in APPPATH\Controllers\Courses.php on line 604.
 1 SYSTEMPATH\CodeIgniter.php(933): App\Controllers\Courses->download_slide()
 2 SYSTEMPATH\CodeIgniter.php(509): CodeIgniter\CodeIgniter->runController(Object(App\Controllers\Courses))
 3 SYSTEMPATH\CodeIgniter.php(355): CodeIgniter\CodeIgniter->handleRequest(null, Object(Config\Cache), false)
 4 SYSTEMPATH\Boot.php(325): CodeIgniter\CodeIgniter->run()
 5 SYSTEMPATH\Boot.php(67): CodeIgniter\Boot::runCodeIgniter(Object(CodeIgniter\CodeIgniter))
 6 FCPATH\index.php(56): CodeIgniter\Boot::bootWeb(Object(Config\Paths))
CRITICAL - 2025-01-03 00:29:42 --> ErrorException: Trying to access array offset on value of type null
[Method: GET, Route: courses/view_slides/public/assests/Logo.png]
in APPPATH\Views\dashboard\courses\index_slides.php on line 6.
 1 APPPATH\Views\dashboard\courses\index_slides.php(6): CodeIgniter\Debug\Exceptions->errorHandler(2, 'Trying to access array offset on value of type null', 'C:\\xampp\\htdocs\\Student_Management_Portal\\app\\Views\\dashboard\\courses\\index_slides.php', 6)
 2 SYSTEMPATH\View\View.php(234): include('C:\\xampp\\htdocs\\Student_Management_Portal\\app\\Views\\dashboard\\courses\\index_slides.php')
 3 SYSTEMPATH\View\View.php(237): CodeIgniter\View\View->CodeIgniter\View\{closure}()
 4 SYSTEMPATH\Common.php(1171): CodeIgniter\View\View->render('dashboard/courses/index_slides', [], true)
 5 APPPATH\Controllers\Courses.php(537): view('dashboard/courses/index_slides', [...])
 6 SYSTEMPATH\CodeIgniter.php(933): App\Controllers\Courses->view_slides('public', 'assests', 'Logo.png')
 7 SYSTEMPATH\CodeIgniter.php(509): CodeIgniter\CodeIgniter->runController(Object(App\Controllers\Courses))
 8 SYSTEMPATH\CodeIgniter.php(355): CodeIgniter\CodeIgniter->handleRequest(null, Object(Config\Cache), false)
 9 SYSTEMPATH\Boot.php(325): CodeIgniter\CodeIgniter->run()
10 SYSTEMPATH\Boot.php(67): CodeIgniter\Boot::runCodeIgniter(Object(CodeIgniter\CodeIgniter))
11 FCPATH\index.php(56): CodeIgniter\Boot::bootWeb(Object(Config\Paths))
CRITICAL - 2025-01-03 00:29:49 --> Error: Call to undefined method CodeIgniter\HTTP\IncomingRequest::hasFile()
[Method: POST, Route: courses/save_slide/15]
in APPPATH\Controllers\Courses.php on line 559.
 1 SYSTEMPATH\CodeIgniter.php(933): App\Controllers\Courses->save_slide('15')
 2 SYSTEMPATH\CodeIgniter.php(509): CodeIgniter\CodeIgniter->runController(Object(App\Controllers\Courses))
 3 SYSTEMPATH\CodeIgniter.php(355): CodeIgniter\CodeIgniter->handleRequest(null, Object(Config\Cache), false)
 4 SYSTEMPATH\Boot.php(325): CodeIgniter\CodeIgniter->run()
 5 SYSTEMPATH\Boot.php(67): CodeIgniter\Boot::runCodeIgniter(Object(CodeIgniter\CodeIgniter))
 6 FCPATH\index.php(56): CodeIgniter\Boot::bootWeb(Object(Config\Paths))
CRITICAL - 2025-01-03 00:30:20 --> Error: Call to undefined method CodeIgniter\HTTP\IncomingRequest::hasFile()
[Method: POST, Route: courses/save_slide/15]
in APPPATH\Controllers\Courses.php on line 560.
 1 SYSTEMPATH\CodeIgniter.php(933): App\Controllers\Courses->save_slide('15')
 2 SYSTEMPATH\CodeIgniter.php(509): CodeIgniter\CodeIgniter->runController(Object(App\Controllers\Courses))
 3 SYSTEMPATH\CodeIgniter.php(355): CodeIgniter\CodeIgniter->handleRequest(null, Object(Config\Cache), false)
 4 SYSTEMPATH\Boot.php(325): CodeIgniter\CodeIgniter->run()
 5 SYSTEMPATH\Boot.php(67): CodeIgniter\Boot::runCodeIgniter(Object(CodeIgniter\CodeIgniter))
 6 FCPATH\index.php(56): CodeIgniter\Boot::bootWeb(Object(Config\Paths))
CRITICAL - 2025-01-03 00:30:21 --> Error: Call to undefined method CodeIgniter\HTTP\IncomingRequest::hasFile()
[Method: POST, Route: courses/save_slide/15]
in APPPATH\Controllers\Courses.php on line 560.
 1 SYSTEMPATH\CodeIgniter.php(933): App\Controllers\Courses->save_slide('15')
 2 SYSTEMPATH\CodeIgniter.php(509): CodeIgniter\CodeIgniter->runController(Object(App\Controllers\Courses))
 3 SYSTEMPATH\CodeIgniter.php(355): CodeIgniter\CodeIgniter->handleRequest(null, Object(Config\Cache), false)
 4 SYSTEMPATH\Boot.php(325): CodeIgniter\CodeIgniter->run()
 5 SYSTEMPATH\Boot.php(67): CodeIgniter\Boot::runCodeIgniter(Object(CodeIgniter\CodeIgniter))
 6 FCPATH\index.php(56): CodeIgniter\Boot::bootWeb(Object(Config\Paths))
CRITICAL - 2025-01-03 00:30:23 --> Error: Call to undefined method CodeIgniter\HTTP\IncomingRequest::hasFile()
[Method: POST, Route: courses/save_slide/15]
in APPPATH\Controllers\Courses.php on line 560.
 1 SYSTEMPATH\CodeIgniter.php(933): App\Controllers\Courses->save_slide('15')
 2 SYSTEMPATH\CodeIgniter.php(509): CodeIgniter\CodeIgniter->runController(Object(App\Controllers\Courses))
 3 SYSTEMPATH\CodeIgniter.php(355): CodeIgniter\CodeIgniter->handleRequest(null, Object(Config\Cache), false)
 4 SYSTEMPATH\Boot.php(325): CodeIgniter\CodeIgniter->run()
 5 SYSTEMPATH\Boot.php(67): CodeIgniter\Boot::runCodeIgniter(Object(CodeIgniter\CodeIgniter))
 6 FCPATH\index.php(56): CodeIgniter\Boot::bootWeb(Object(Config\Paths))
CRITICAL - 2025-01-03 00:30:27 --> ErrorException: Trying to access array offset on value of type null
[Method: GET, Route: courses/view_slides/public/assests/Logo.png]
in APPPATH\Views\dashboard\courses\index_slides.php on line 6.
 1 APPPATH\Views\dashboard\courses\index_slides.php(6): CodeIgniter\Debug\Exceptions->errorHandler(2, 'Trying to access array offset on value of type null', 'C:\\xampp\\htdocs\\Student_Management_Portal\\app\\Views\\dashboard\\courses\\index_slides.php', 6)
 2 SYSTEMPATH\View\View.php(234): include('C:\\xampp\\htdocs\\Student_Management_Portal\\app\\Views\\dashboard\\courses\\index_slides.php')
 3 SYSTEMPATH\View\View.php(237): CodeIgniter\View\View->CodeIgniter\View\{closure}()
 4 SYSTEMPATH\Common.php(1171): CodeIgniter\View\View->render('dashboard/courses/index_slides', [], true)
 5 APPPATH\Controllers\Courses.php(537): view('dashboard/courses/index_slides', [...])
 6 SYSTEMPATH\CodeIgniter.php(933): App\Controllers\Courses->view_slides('public', 'assests', 'Logo.png')
 7 SYSTEMPATH\CodeIgniter.php(509): CodeIgniter\CodeIgniter->runController(Object(App\Controllers\Courses))
 8 SYSTEMPATH\CodeIgniter.php(355): CodeIgniter\CodeIgniter->handleRequest(null, Object(Config\Cache), false)
 9 SYSTEMPATH\Boot.php(325): CodeIgniter\CodeIgniter->run()
10 SYSTEMPATH\Boot.php(67): CodeIgniter\Boot::runCodeIgniter(Object(CodeIgniter\CodeIgniter))
11 FCPATH\index.php(56): CodeIgniter\Boot::bootWeb(Object(Config\Paths))
CRITICAL - 2025-01-03 00:30:29 --> ErrorException: Trying to access array offset on value of type null
[Method: GET, Route: courses/view_slides/public/assests/Logo.png]
in APPPATH\Views\dashboard\courses\index_slides.php on line 6.
 1 APPPATH\Views\dashboard\courses\index_slides.php(6): CodeIgniter\Debug\Exceptions->errorHandler(2, 'Trying to access array offset on value of type null', 'C:\\xampp\\htdocs\\Student_Management_Portal\\app\\Views\\dashboard\\courses\\index_slides.php', 6)
 2 SYSTEMPATH\View\View.php(234): include('C:\\xampp\\htdocs\\Student_Management_Portal\\app\\Views\\dashboard\\courses\\index_slides.php')
 3 SYSTEMPATH\View\View.php(237): CodeIgniter\View\View->CodeIgniter\View\{closure}()
 4 SYSTEMPATH\Common.php(1171): CodeIgniter\View\View->render('dashboard/courses/index_slides', [], true)
 5 APPPATH\Controllers\Courses.php(537): view('dashboard/courses/index_slides', [...])
 6 SYSTEMPATH\CodeIgniter.php(933): App\Controllers\Courses->view_slides('public', 'assests', 'Logo.png')
 7 SYSTEMPATH\CodeIgniter.php(509): CodeIgniter\CodeIgniter->runController(Object(App\Controllers\Courses))
 8 SYSTEMPATH\CodeIgniter.php(355): CodeIgniter\CodeIgniter->handleRequest(null, Object(Config\Cache), false)
 9 SYSTEMPATH\Boot.php(325): CodeIgniter\CodeIgniter->run()
10 SYSTEMPATH\Boot.php(67): CodeIgniter\Boot::runCodeIgniter(Object(CodeIgniter\CodeIgniter))
11 FCPATH\index.php(56): CodeIgniter\Boot::bootWeb(Object(Config\Paths))
CRITICAL - 2025-01-03 00:30:32 --> ErrorException: Trying to access array offset on value of type null
[Method: GET, Route: courses/view_slides/public/assests/Logo.png]
in APPPATH\Views\dashboard\courses\index_slides.php on line 6.
 1 APPPATH\Views\dashboard\courses\index_slides.php(6): CodeIgniter\Debug\Exceptions->errorHandler(2, 'Trying to access array offset on value of type null', 'C:\\xampp\\htdocs\\Student_Management_Portal\\app\\Views\\dashboard\\courses\\index_slides.php', 6)
 2 SYSTEMPATH\View\View.php(234): include('C:\\xampp\\htdocs\\Student_Management_Portal\\app\\Views\\dashboard\\courses\\index_slides.php')
 3 SYSTEMPATH\View\View.php(237): CodeIgniter\View\View->CodeIgniter\View\{closure}()
 4 SYSTEMPATH\Common.php(1171): CodeIgniter\View\View->render('dashboard/courses/index_slides', [], true)
 5 APPPATH\Controllers\Courses.php(537): view('dashboard/courses/index_slides', [...])
 6 SYSTEMPATH\CodeIgniter.php(933): App\Controllers\Courses->view_slides('public', 'assests', 'Logo.png')
 7 SYSTEMPATH\CodeIgniter.php(509): CodeIgniter\CodeIgniter->runController(Object(App\Controllers\Courses))
 8 SYSTEMPATH\CodeIgniter.php(355): CodeIgniter\CodeIgniter->handleRequest(null, Object(Config\Cache), false)
 9 SYSTEMPATH\Boot.php(325): CodeIgniter\CodeIgniter->run()
10 SYSTEMPATH\Boot.php(67): CodeIgniter\Boot::runCodeIgniter(Object(CodeIgniter\CodeIgniter))
11 FCPATH\index.php(56): CodeIgniter\Boot::bootWeb(Object(Config\Paths))
CRITICAL - 2025-01-03 00:30:37 --> Error: Call to undefined method CodeIgniter\HTTP\IncomingRequest::hasFile()
[Method: POST, Route: courses/save_slide/15]
in APPPATH\Controllers\Courses.php on line 560.
 1 SYSTEMPATH\CodeIgniter.php(933): App\Controllers\Courses->save_slide('15')
 2 SYSTEMPATH\CodeIgniter.php(509): CodeIgniter\CodeIgniter->runController(Object(App\Controllers\Courses))
 3 SYSTEMPATH\CodeIgniter.php(355): CodeIgniter\CodeIgniter->handleRequest(null, Object(Config\Cache), false)
 4 SYSTEMPATH\Boot.php(325): CodeIgniter\CodeIgniter->run()
 5 SYSTEMPATH\Boot.php(67): CodeIgniter\Boot::runCodeIgniter(Object(CodeIgniter\CodeIgniter))
 6 FCPATH\index.php(56): CodeIgniter\Boot::bootWeb(Object(Config\Paths))
CRITICAL - 2025-01-03 00:31:14 --> ErrorException: Trying to access array offset on value of type null
[Method: GET, Route: courses/view_slides/public/assests/Logo.png]
in APPPATH\Views\dashboard\courses\index_slides.php on line 6.
 1 APPPATH\Views\dashboard\courses\index_slides.php(6): CodeIgniter\Debug\Exceptions->errorHandler(2, 'Trying to access array offset on value of type null', 'C:\\xampp\\htdocs\\Student_Management_Portal\\app\\Views\\dashboard\\courses\\index_slides.php', 6)
 2 SYSTEMPATH\View\View.php(234): include('C:\\xampp\\htdocs\\Student_Management_Portal\\app\\Views\\dashboard\\courses\\index_slides.php')
 3 SYSTEMPATH\View\View.php(237): CodeIgniter\View\View->CodeIgniter\View\{closure}()
 4 SYSTEMPATH\Common.php(1171): CodeIgniter\View\View->render('dashboard/courses/index_slides', [], true)
 5 APPPATH\Controllers\Courses.php(537): view('dashboard/courses/index_slides', [...])
 6 SYSTEMPATH\CodeIgniter.php(933): App\Controllers\Courses->view_slides('public', 'assests', 'Logo.png')
 7 SYSTEMPATH\CodeIgniter.php(509): CodeIgniter\CodeIgniter->runController(Object(App\Controllers\Courses))
 8 SYSTEMPATH\CodeIgniter.php(355): CodeIgniter\CodeIgniter->handleRequest(null, Object(Config\Cache), false)
 9 SYSTEMPATH\Boot.php(325): CodeIgniter\CodeIgniter->run()
10 SYSTEMPATH\Boot.php(67): CodeIgniter\Boot::runCodeIgniter(Object(CodeIgniter\CodeIgniter))
11 FCPATH\index.php(56): CodeIgniter\Boot::bootWeb(Object(Config\Paths))
CRITICAL - 2025-01-03 00:31:20 --> ErrorException: Trying to access array offset on value of type null
[Method: GET, Route: courses/view_slides/public/assests/Logo.png]
in APPPATH\Views\dashboard\courses\index_slides.php on line 6.
 1 APPPATH\Views\dashboard\courses\index_slides.php(6): CodeIgniter\Debug\Exceptions->errorHandler(2, 'Trying to access array offset on value of type null', 'C:\\xampp\\htdocs\\Student_Management_Portal\\app\\Views\\dashboard\\courses\\index_slides.php', 6)
 2 SYSTEMPATH\View\View.php(234): include('C:\\xampp\\htdocs\\Student_Management_Portal\\app\\Views\\dashboard\\courses\\index_slides.php')
 3 SYSTEMPATH\View\View.php(237): CodeIgniter\View\View->CodeIgniter\View\{closure}()
 4 SYSTEMPATH\Common.php(1171): CodeIgniter\View\View->render('dashboard/courses/index_slides', [], true)
 5 APPPATH\Controllers\Courses.php(537): view('dashboard/courses/index_slides', [...])
 6 SYSTEMPATH\CodeIgniter.php(933): App\Controllers\Courses->view_slides('public', 'assests', 'Logo.png')
 7 SYSTEMPATH\CodeIgniter.php(509): CodeIgniter\CodeIgniter->runController(Object(App\Controllers\Courses))
 8 SYSTEMPATH\CodeIgniter.php(355): CodeIgniter\CodeIgniter->handleRequest(null, Object(Config\Cache), false)
 9 SYSTEMPATH\Boot.php(325): CodeIgniter\CodeIgniter->run()
10 SYSTEMPATH\Boot.php(67): CodeIgniter\Boot::runCodeIgniter(Object(CodeIgniter\CodeIgniter))
11 FCPATH\index.php(56): CodeIgniter\Boot::bootWeb(Object(Config\Paths))
CRITICAL - 2025-01-03 00:31:21 --> ArgumentCountError: Too few arguments to function App\Controllers\Courses::download_slide(), 0 passed in C:\xampp\htdocs\Student_Management_Portal\system\CodeIgniter.php on line 933 and exactly 1 expected
[Method: GET, Route: courses/download_slide]
in APPPATH\Controllers\Courses.php on line 603.
 1 SYSTEMPATH\CodeIgniter.php(933): App\Controllers\Courses->download_slide()
 2 SYSTEMPATH\CodeIgniter.php(509): CodeIgniter\CodeIgniter->runController(Object(App\Controllers\Courses))
 3 SYSTEMPATH\CodeIgniter.php(355): CodeIgniter\CodeIgniter->handleRequest(null, Object(Config\Cache), false)
 4 SYSTEMPATH\Boot.php(325): CodeIgniter\CodeIgniter->run()
 5 SYSTEMPATH\Boot.php(67): CodeIgniter\Boot::runCodeIgniter(Object(CodeIgniter\CodeIgniter))
 6 FCPATH\index.php(56): CodeIgniter\Boot::bootWeb(Object(Config\Paths))
CRITICAL - 2025-01-03 00:32:34 --> ErrorException: Trying to access array offset on value of type null
[Method: GET, Route: courses/view_slides/public/assests/Logo.png]
in APPPATH\Views\dashboard\courses\index_slides.php on line 6.
 1 APPPATH\Views\dashboard\courses\index_slides.php(6): CodeIgniter\Debug\Exceptions->errorHandler(2, 'Trying to access array offset on value of type null', 'C:\\xampp\\htdocs\\Student_Management_Portal\\app\\Views\\dashboard\\courses\\index_slides.php', 6)
 2 SYSTEMPATH\View\View.php(234): include('C:\\xampp\\htdocs\\Student_Management_Portal\\app\\Views\\dashboard\\courses\\index_slides.php')
 3 SYSTEMPATH\View\View.php(237): CodeIgniter\View\View->CodeIgniter\View\{closure}()
 4 SYSTEMPATH\Common.php(1171): CodeIgniter\View\View->render('dashboard/courses/index_slides', [], true)
 5 APPPATH\Controllers\Courses.php(537): view('dashboard/courses/index_slides', [...])
 6 SYSTEMPATH\CodeIgniter.php(933): App\Controllers\Courses->view_slides('public', 'assests', 'Logo.png')
 7 SYSTEMPATH\CodeIgniter.php(509): CodeIgniter\CodeIgniter->runController(Object(App\Controllers\Courses))
 8 SYSTEMPATH\CodeIgniter.php(355): CodeIgniter\CodeIgniter->handleRequest(null, Object(Config\Cache), false)
 9 SYSTEMPATH\Boot.php(325): CodeIgniter\CodeIgniter->run()
10 SYSTEMPATH\Boot.php(67): CodeIgniter\Boot::runCodeIgniter(Object(CodeIgniter\CodeIgniter))
11 FCPATH\index.php(56): CodeIgniter\Boot::bootWeb(Object(Config\Paths))
CRITICAL - 2025-01-03 00:32:44 --> ErrorException: Trying to access array offset on value of type null
[Method: GET, Route: courses/view_slides/public/assests/Logo.png]
in APPPATH\Views\dashboard\courses\index_slides.php on line 6.
 1 APPPATH\Views\dashboard\courses\index_slides.php(6): CodeIgniter\Debug\Exceptions->errorHandler(2, 'Trying to access array offset on value of type null', 'C:\\xampp\\htdocs\\Student_Management_Portal\\app\\Views\\dashboard\\courses\\index_slides.php', 6)
 2 SYSTEMPATH\View\View.php(234): include('C:\\xampp\\htdocs\\Student_Management_Portal\\app\\Views\\dashboard\\courses\\index_slides.php')
 3 SYSTEMPATH\View\View.php(237): CodeIgniter\View\View->CodeIgniter\View\{closure}()
 4 SYSTEMPATH\Common.php(1171): CodeIgniter\View\View->render('dashboard/courses/index_slides', [], true)
 5 APPPATH\Controllers\Courses.php(537): view('dashboard/courses/index_slides', [...])
 6 SYSTEMPATH\CodeIgniter.php(933): App\Controllers\Courses->view_slides('public', 'assests', 'Logo.png')
 7 SYSTEMPATH\CodeIgniter.php(509): CodeIgniter\CodeIgniter->runController(Object(App\Controllers\Courses))
 8 SYSTEMPATH\CodeIgniter.php(355): CodeIgniter\CodeIgniter->handleRequest(null, Object(Config\Cache), false)
 9 SYSTEMPATH\Boot.php(325): CodeIgniter\CodeIgniter->run()
10 SYSTEMPATH\Boot.php(67): CodeIgniter\Boot::runCodeIgniter(Object(CodeIgniter\CodeIgniter))
11 FCPATH\index.php(56): CodeIgniter\Boot::bootWeb(Object(Config\Paths))
CRITICAL - 2025-01-03 00:32:58 --> ArgumentCountError: Too few arguments to function App\Controllers\Courses::download_slide(), 0 passed in C:\xampp\htdocs\Student_Management_Portal\system\CodeIgniter.php on line 933 and exactly 1 expected
[Method: GET, Route: courses/download_slide]
in APPPATH\Controllers\Courses.php on line 603.
 1 SYSTEMPATH\CodeIgniter.php(933): App\Controllers\Courses->download_slide()
 2 SYSTEMPATH\CodeIgniter.php(509): CodeIgniter\CodeIgniter->runController(Object(App\Controllers\Courses))
 3 SYSTEMPATH\CodeIgniter.php(355): CodeIgniter\CodeIgniter->handleRequest(null, Object(Config\Cache), false)
 4 SYSTEMPATH\Boot.php(325): CodeIgniter\CodeIgniter->run()
 5 SYSTEMPATH\Boot.php(67): CodeIgniter\Boot::runCodeIgniter(Object(CodeIgniter\CodeIgniter))
 6 FCPATH\index.php(56): CodeIgniter\Boot::bootWeb(Object(Config\Paths))
CRITICAL - 2025-01-03 00:35:13 --> ErrorException: Trying to access array offset on value of type null
[Method: GET, Route: courses/view_slides/public/assests/Logo.png]
in APPPATH\Views\dashboard\courses\index_slides.php on line 6.
 1 APPPATH\Views\dashboard\courses\index_slides.php(6): CodeIgniter\Debug\Exceptions->errorHandler(2, 'Trying to access array offset on value of type null', 'C:\\xampp\\htdocs\\Student_Management_Portal\\app\\Views\\dashboard\\courses\\index_slides.php', 6)
 2 SYSTEMPATH\View\View.php(234): include('C:\\xampp\\htdocs\\Student_Management_Portal\\app\\Views\\dashboard\\courses\\index_slides.php')
 3 SYSTEMPATH\View\View.php(237): CodeIgniter\View\View->CodeIgniter\View\{closure}()
 4 SYSTEMPATH\Common.php(1171): CodeIgniter\View\View->render('dashboard/courses/index_slides', [], true)
 5 APPPATH\Controllers\Courses.php(537): view('dashboard/courses/index_slides', [...])
 6 SYSTEMPATH\CodeIgniter.php(933): App\Controllers\Courses->view_slides('public', 'assests', 'Logo.png')
 7 SYSTEMPATH\CodeIgniter.php(509): CodeIgniter\CodeIgniter->runController(Object(App\Controllers\Courses))
 8 SYSTEMPATH\CodeIgniter.php(355): CodeIgniter\CodeIgniter->handleRequest(null, Object(Config\Cache), false)
 9 SYSTEMPATH\Boot.php(325): CodeIgniter\CodeIgniter->run()
10 SYSTEMPATH\Boot.php(67): CodeIgniter\Boot::runCodeIgniter(Object(CodeIgniter\CodeIgniter))
11 FCPATH\index.php(56): CodeIgniter\Boot::bootWeb(Object(Config\Paths))
CRITICAL - 2025-01-03 00:35:19 --> Error: Call to undefined method CodeIgniter\HTTP\IncomingRequest::hasFile()
[Method: POST, Route: courses/save_slide/15]
in APPPATH\Controllers\Courses.php on line 560.
 1 SYSTEMPATH\CodeIgniter.php(933): App\Controllers\Courses->save_slide('15')
 2 SYSTEMPATH\CodeIgniter.php(509): CodeIgniter\CodeIgniter->runController(Object(App\Controllers\Courses))
 3 SYSTEMPATH\CodeIgniter.php(355): CodeIgniter\CodeIgniter->handleRequest(null, Object(Config\Cache), false)
 4 SYSTEMPATH\Boot.php(325): CodeIgniter\CodeIgniter->run()
 5 SYSTEMPATH\Boot.php(67): CodeIgniter\Boot::runCodeIgniter(Object(CodeIgniter\CodeIgniter))
 6 FCPATH\index.php(56): CodeIgniter\Boot::bootWeb(Object(Config\Paths))
INFO - 2025-01-03 00:37:55 --> Session: Class initialized using 'CodeIgniter\Session\Handlers\FileHandler' driver.
CRITICAL - 2025-01-03 00:37:55 --> ErrorException: Trying to access array offset on value of type null
[Method: GET, Route: courses/view_slides/public/assests/Logo.png]
in APPPATH\Views\dashboard\courses\index_slides.php on line 6.
 1 APPPATH\Views\dashboard\courses\index_slides.php(6): CodeIgniter\Debug\Exceptions->errorHandler(2, 'Trying to access array offset on value of type null', 'C:\\xampp\\htdocs\\Student_Management_Portal\\app\\Views\\dashboard\\courses\\index_slides.php', 6)
 2 SYSTEMPATH\View\View.php(234): include('C:\\xampp\\htdocs\\Student_Management_Portal\\app\\Views\\dashboard\\courses\\index_slides.php')
 3 SYSTEMPATH\View\View.php(237): CodeIgniter\View\View->CodeIgniter\View\{closure}()
 4 SYSTEMPATH\Common.php(1171): CodeIgniter\View\View->render('dashboard/courses/index_slides', [], true)
 5 APPPATH\Controllers\Courses.php(537): view('dashboard/courses/index_slides', [...])
 6 SYSTEMPATH\CodeIgniter.php(933): App\Controllers\Courses->view_slides('public', 'assests', 'Logo.png')
 7 SYSTEMPATH\CodeIgniter.php(509): CodeIgniter\CodeIgniter->runController(Object(App\Controllers\Courses))
 8 SYSTEMPATH\CodeIgniter.php(355): CodeIgniter\CodeIgniter->handleRequest(null, Object(Config\Cache), false)
 9 SYSTEMPATH\Boot.php(325): CodeIgniter\CodeIgniter->run()
10 SYSTEMPATH\Boot.php(67): CodeIgniter\Boot::runCodeIgniter(Object(CodeIgniter\CodeIgniter))
11 FCPATH\index.php(56): CodeIgniter\Boot::bootWeb(Object(Config\Paths))
CRITICAL - 2025-01-03 00:38:02 --> ErrorException: Trying to access array offset on value of type null
[Method: GET, Route: courses/view_slides/public/assests/Logo.png]
in APPPATH\Views\dashboard\courses\index_slides.php on line 6.
 1 APPPATH\Views\dashboard\courses\index_slides.php(6): CodeIgniter\Debug\Exceptions->errorHandler(2, 'Trying to access array offset on value of type null', 'C:\\xampp\\htdocs\\Student_Management_Portal\\app\\Views\\dashboard\\courses\\index_slides.php', 6)
 2 SYSTEMPATH\View\View.php(234): include('C:\\xampp\\htdocs\\Student_Management_Portal\\app\\Views\\dashboard\\courses\\index_slides.php')
 3 SYSTEMPATH\View\View.php(237): CodeIgniter\View\View->CodeIgniter\View\{closure}()
 4 SYSTEMPATH\Common.php(1171): CodeIgniter\View\View->render('dashboard/courses/index_slides', [], true)
 5 APPPATH\Controllers\Courses.php(537): view('dashboard/courses/index_slides', [...])
 6 SYSTEMPATH\CodeIgniter.php(933): App\Controllers\Courses->view_slides('public', 'assests', 'Logo.png')
 7 SYSTEMPATH\CodeIgniter.php(509): CodeIgniter\CodeIgniter->runController(Object(App\Controllers\Courses))
 8 SYSTEMPATH\CodeIgniter.php(355): CodeIgniter\CodeIgniter->handleRequest(null, Object(Config\Cache), false)
 9 SYSTEMPATH\Boot.php(325): CodeIgniter\CodeIgniter->run()
10 SYSTEMPATH\Boot.php(67): CodeIgniter\Boot::runCodeIgniter(Object(CodeIgniter\CodeIgniter))
11 FCPATH\index.php(56): CodeIgniter\Boot::bootWeb(Object(Config\Paths))
CRITICAL - 2025-01-03 00:38:04 --> ArgumentCountError: Too few arguments to function App\Controllers\Courses::download_slide(), 0 passed in C:\xampp\htdocs\Student_Management_Portal\system\CodeIgniter.php on line 933 and exactly 1 expected
[Method: GET, Route: courses/download_slide]
in APPPATH\Controllers\Courses.php on line 601.
 1 SYSTEMPATH\CodeIgniter.php(933): App\Controllers\Courses->download_slide()
 2 SYSTEMPATH\CodeIgniter.php(509): CodeIgniter\CodeIgniter->runController(Object(App\Controllers\Courses))
 3 SYSTEMPATH\CodeIgniter.php(355): CodeIgniter\CodeIgniter->handleRequest(null, Object(Config\Cache), false)
 4 SYSTEMPATH\Boot.php(325): CodeIgniter\CodeIgniter->run()
 5 SYSTEMPATH\Boot.php(67): CodeIgniter\Boot::runCodeIgniter(Object(CodeIgniter\CodeIgniter))
 6 FCPATH\index.php(56): CodeIgniter\Boot::bootWeb(Object(Config\Paths))
CRITICAL - 2025-01-03 00:38:08 --> ErrorException: Trying to access array offset on value of type null
[Method: GET, Route: courses/view_slides/public/assests/Logo.png]
in APPPATH\Views\dashboard\courses\index_slides.php on line 6.
 1 APPPATH\Views\dashboard\courses\index_slides.php(6): CodeIgniter\Debug\Exceptions->errorHandler(2, 'Trying to access array offset on value of type null', 'C:\\xampp\\htdocs\\Student_Management_Portal\\app\\Views\\dashboard\\courses\\index_slides.php', 6)
 2 SYSTEMPATH\View\View.php(234): include('C:\\xampp\\htdocs\\Student_Management_Portal\\app\\Views\\dashboard\\courses\\index_slides.php')
 3 SYSTEMPATH\View\View.php(237): CodeIgniter\View\View->CodeIgniter\View\{closure}()
 4 SYSTEMPATH\Common.php(1171): CodeIgniter\View\View->render('dashboard/courses/index_slides', [], true)
 5 APPPATH\Controllers\Courses.php(537): view('dashboard/courses/index_slides', [...])
 6 SYSTEMPATH\CodeIgniter.php(933): App\Controllers\Courses->view_slides('public', 'assests', 'Logo.png')
 7 SYSTEMPATH\CodeIgniter.php(509): CodeIgniter\CodeIgniter->runController(Object(App\Controllers\Courses))
 8 SYSTEMPATH\CodeIgniter.php(355): CodeIgniter\CodeIgniter->handleRequest(null, Object(Config\Cache), false)
 9 SYSTEMPATH\Boot.php(325): CodeIgniter\CodeIgniter->run()
10 SYSTEMPATH\Boot.php(67): CodeIgniter\Boot::runCodeIgniter(Object(CodeIgniter\CodeIgniter))
11 FCPATH\index.php(56): CodeIgniter\Boot::bootWeb(Object(Config\Paths))
CRITICAL - 2025-01-03 00:41:08 --> ErrorException: Trying to access array offset on value of type null
[Method: GET, Route: courses/view_slides/public/assests/Logo.png]
in APPPATH\Views\dashboard\courses\index_slides.php on line 6.
 1 APPPATH\Views\dashboard\courses\index_slides.php(6): CodeIgniter\Debug\Exceptions->errorHandler(2, 'Trying to access array offset on value of type null', 'C:\\xampp\\htdocs\\Student_Management_Portal\\app\\Views\\dashboard\\courses\\index_slides.php', 6)
 2 SYSTEMPATH\View\View.php(234): include('C:\\xampp\\htdocs\\Student_Management_Portal\\app\\Views\\dashboard\\courses\\index_slides.php')
 3 SYSTEMPATH\View\View.php(237): CodeIgniter\View\View->CodeIgniter\View\{closure}()
 4 SYSTEMPATH\Common.php(1171): CodeIgniter\View\View->render('dashboard/courses/index_slides', [], true)
 5 APPPATH\Controllers\Courses.php(537): view('dashboard/courses/index_slides', [...])
 6 SYSTEMPATH\CodeIgniter.php(933): App\Controllers\Courses->view_slides('public', 'assests', 'Logo.png')
 7 SYSTEMPATH\CodeIgniter.php(509): CodeIgniter\CodeIgniter->runController(Object(App\Controllers\Courses))
 8 SYSTEMPATH\CodeIgniter.php(355): CodeIgniter\CodeIgniter->handleRequest(null, Object(Config\Cache), false)
 9 SYSTEMPATH\Boot.php(325): CodeIgniter\CodeIgniter->run()
10 SYSTEMPATH\Boot.php(67): CodeIgniter\Boot::runCodeIgniter(Object(CodeIgniter\CodeIgniter))
11 FCPATH\index.php(56): CodeIgniter\Boot::bootWeb(Object(Config\Paths))
INFO - 2025-01-03 00:41:14 --> Session: Class initialized using 'CodeIgniter\Session\Handlers\FileHandler' driver.
CRITICAL - 2025-01-03 00:41:14 --> ErrorException: Trying to access array offset on value of type null
[Method: GET, Route: courses/view_slides/public/assests/Logo.png]
in APPPATH\Views\dashboard\courses\index_slides.php on line 6.
 1 APPPATH\Views\dashboard\courses\index_slides.php(6): CodeIgniter\Debug\Exceptions->errorHandler(2, 'Trying to access array offset on value of type null', 'C:\\xampp\\htdocs\\Student_Management_Portal\\app\\Views\\dashboard\\courses\\index_slides.php', 6)
 2 SYSTEMPATH\View\View.php(234): include('C:\\xampp\\htdocs\\Student_Management_Portal\\app\\Views\\dashboard\\courses\\index_slides.php')
 3 SYSTEMPATH\View\View.php(237): CodeIgniter\View\View->CodeIgniter\View\{closure}()
 4 SYSTEMPATH\Common.php(1171): CodeIgniter\View\View->render('dashboard/courses/index_slides', [], true)
 5 APPPATH\Controllers\Courses.php(537): view('dashboard/courses/index_slides', [...])
 6 SYSTEMPATH\CodeIgniter.php(933): App\Controllers\Courses->view_slides('public', 'assests', 'Logo.png')
 7 SYSTEMPATH\CodeIgniter.php(509): CodeIgniter\CodeIgniter->runController(Object(App\Controllers\Courses))
 8 SYSTEMPATH\CodeIgniter.php(355): CodeIgniter\CodeIgniter->handleRequest(null, Object(Config\Cache), false)
 9 SYSTEMPATH\Boot.php(325): CodeIgniter\CodeIgniter->run()
10 SYSTEMPATH\Boot.php(67): CodeIgniter\Boot::runCodeIgniter(Object(CodeIgniter\CodeIgniter))
11 FCPATH\index.php(56): CodeIgniter\Boot::bootWeb(Object(Config\Paths))
CRITICAL - 2025-01-03 00:41:20 --> ErrorException: Trying to access array offset on value of type null
[Method: GET, Route: courses/view_slides/public/assests/Logo.png]
in APPPATH\Views\dashboard\courses\index_slides.php on line 6.
 1 APPPATH\Views\dashboard\courses\index_slides.php(6): CodeIgniter\Debug\Exceptions->errorHandler(2, 'Trying to access array offset on value of type null', 'C:\\xampp\\htdocs\\Student_Management_Portal\\app\\Views\\dashboard\\courses\\index_slides.php', 6)
 2 SYSTEMPATH\View\View.php(234): include('C:\\xampp\\htdocs\\Student_Management_Portal\\app\\Views\\dashboard\\courses\\index_slides.php')
 3 SYSTEMPATH\View\View.php(237): CodeIgniter\View\View->CodeIgniter\View\{closure}()
 4 SYSTEMPATH\Common.php(1171): CodeIgniter\View\View->render('dashboard/courses/index_slides', [], true)
 5 APPPATH\Controllers\Courses.php(537): view('dashboard/courses/index_slides', [...])
 6 SYSTEMPATH\CodeIgniter.php(933): App\Controllers\Courses->view_slides('public', 'assests', 'Logo.png')
 7 SYSTEMPATH\CodeIgniter.php(509): CodeIgniter\CodeIgniter->runController(Object(App\Controllers\Courses))
 8 SYSTEMPATH\CodeIgniter.php(355): CodeIgniter\CodeIgniter->handleRequest(null, Object(Config\Cache), false)
 9 SYSTEMPATH\Boot.php(325): CodeIgniter\CodeIgniter->run()
10 SYSTEMPATH\Boot.php(67): CodeIgniter\Boot::runCodeIgniter(Object(CodeIgniter\CodeIgniter))
11 FCPATH\index.php(56): CodeIgniter\Boot::bootWeb(Object(Config\Paths))
CRITICAL - 2025-01-03 00:41:21 --> ArgumentCountError: Too few arguments to function App\Controllers\Courses::download_slide(), 0 passed in C:\xampp\htdocs\Student_Management_Portal\system\CodeIgniter.php on line 933 and exactly 1 expected
[Method: GET, Route: courses/download_slide]
in APPPATH\Controllers\Courses.php on line 601.
 1 SYSTEMPATH\CodeIgniter.php(933): App\Controllers\Courses->download_slide()
 2 SYSTEMPATH\CodeIgniter.php(509): CodeIgniter\CodeIgniter->runController(Object(App\Controllers\Courses))
 3 SYSTEMPATH\CodeIgniter.php(355): CodeIgniter\CodeIgniter->handleRequest(null, Object(Config\Cache), false)
 4 SYSTEMPATH\Boot.php(325): CodeIgniter\CodeIgniter->run()
 5 SYSTEMPATH\Boot.php(67): CodeIgniter\Boot::runCodeIgniter(Object(CodeIgniter\CodeIgniter))
 6 FCPATH\index.php(56): CodeIgniter\Boot::bootWeb(Object(Config\Paths))
CRITICAL - 2025-01-03 00:41:23 --> ErrorException: Trying to access array offset on value of type null
[Method: GET, Route: courses/view_slides/public/assests/Logo.png]
in APPPATH\Views\dashboard\courses\index_slides.php on line 6.
 1 APPPATH\Views\dashboard\courses\index_slides.php(6): CodeIgniter\Debug\Exceptions->errorHandler(2, 'Trying to access array offset on value of type null', 'C:\\xampp\\htdocs\\Student_Management_Portal\\app\\Views\\dashboard\\courses\\index_slides.php', 6)
 2 SYSTEMPATH\View\View.php(234): include('C:\\xampp\\htdocs\\Student_Management_Portal\\app\\Views\\dashboard\\courses\\index_slides.php')
 3 SYSTEMPATH\View\View.php(237): CodeIgniter\View\View->CodeIgniter\View\{closure}()
 4 SYSTEMPATH\Common.php(1171): CodeIgniter\View\View->render('dashboard/courses/index_slides', [], true)
 5 APPPATH\Controllers\Courses.php(537): view('dashboard/courses/index_slides', [...])
 6 SYSTEMPATH\CodeIgniter.php(933): App\Controllers\Courses->view_slides('public', 'assests', 'Logo.png')
 7 SYSTEMPATH\CodeIgniter.php(509): CodeIgniter\CodeIgniter->runController(Object(App\Controllers\Courses))
 8 SYSTEMPATH\CodeIgniter.php(355): CodeIgniter\CodeIgniter->handleRequest(null, Object(Config\Cache), false)
 9 SYSTEMPATH\Boot.php(325): CodeIgniter\CodeIgniter->run()
10 SYSTEMPATH\Boot.php(67): CodeIgniter\Boot::runCodeIgniter(Object(CodeIgniter\CodeIgniter))
11 FCPATH\index.php(56): CodeIgniter\Boot::bootWeb(Object(Config\Paths))
CRITICAL - 2025-01-03 00:42:12 --> ErrorException: Trying to access array offset on value of type null
[Method: GET, Route: courses/view_slides/public/assests/Logo.png]
in APPPATH\Views\dashboard\courses\index_slides.php on line 6.
 1 APPPATH\Views\dashboard\courses\index_slides.php(6): CodeIgniter\Debug\Exceptions->errorHandler(2, 'Trying to access array offset on value of type null', 'C:\\xampp\\htdocs\\Student_Management_Portal\\app\\Views\\dashboard\\courses\\index_slides.php', 6)
 2 SYSTEMPATH\View\View.php(234): include('C:\\xampp\\htdocs\\Student_Management_Portal\\app\\Views\\dashboard\\courses\\index_slides.php')
 3 SYSTEMPATH\View\View.php(237): CodeIgniter\View\View->CodeIgniter\View\{closure}()
 4 SYSTEMPATH\Common.php(1171): CodeIgniter\View\View->render('dashboard/courses/index_slides', [], true)
 5 APPPATH\Controllers\Courses.php(537): view('dashboard/courses/index_slides', [...])
 6 SYSTEMPATH\CodeIgniter.php(933): App\Controllers\Courses->view_slides('public', 'assests', 'Logo.png')
 7 SYSTEMPATH\CodeIgniter.php(509): CodeIgniter\CodeIgniter->runController(Object(App\Controllers\Courses))
 8 SYSTEMPATH\CodeIgniter.php(355): CodeIgniter\CodeIgniter->handleRequest(null, Object(Config\Cache), false)
 9 SYSTEMPATH\Boot.php(325): CodeIgniter\CodeIgniter->run()
10 SYSTEMPATH\Boot.php(67): CodeIgniter\Boot::runCodeIgniter(Object(CodeIgniter\CodeIgniter))
11 FCPATH\index.php(56): CodeIgniter\Boot::bootWeb(Object(Config\Paths))
CRITICAL - 2025-01-03 00:42:18 --> ErrorException: Trying to access array offset on value of type null
[Method: GET, Route: courses/view_slides/public/assests/Logo.png]
in APPPATH\Views\dashboard\courses\index_slides.php on line 6.
 1 APPPATH\Views\dashboard\courses\index_slides.php(6): CodeIgniter\Debug\Exceptions->errorHandler(2, 'Trying to access array offset on value of type null', 'C:\\xampp\\htdocs\\Student_Management_Portal\\app\\Views\\dashboard\\courses\\index_slides.php', 6)
 2 SYSTEMPATH\View\View.php(234): include('C:\\xampp\\htdocs\\Student_Management_Portal\\app\\Views\\dashboard\\courses\\index_slides.php')
 3 SYSTEMPATH\View\View.php(237): CodeIgniter\View\View->CodeIgniter\View\{closure}()
 4 SYSTEMPATH\Common.php(1171): CodeIgniter\View\View->render('dashboard/courses/index_slides', [], true)
 5 APPPATH\Controllers\Courses.php(537): view('dashboard/courses/index_slides', [...])
 6 SYSTEMPATH\CodeIgniter.php(933): App\Controllers\Courses->view_slides('public', 'assests', 'Logo.png')
 7 SYSTEMPATH\CodeIgniter.php(509): CodeIgniter\CodeIgniter->runController(Object(App\Controllers\Courses))
 8 SYSTEMPATH\CodeIgniter.php(355): CodeIgniter\CodeIgniter->handleRequest(null, Object(Config\Cache), false)
 9 SYSTEMPATH\Boot.php(325): CodeIgniter\CodeIgniter->run()
10 SYSTEMPATH\Boot.php(67): CodeIgniter\Boot::runCodeIgniter(Object(CodeIgniter\CodeIgniter))
11 FCPATH\index.php(56): CodeIgniter\Boot::bootWeb(Object(Config\Paths))
CRITICAL - 2025-01-03 00:42:19 --> ErrorException: Trying to access array offset on value of type null
[Method: GET, Route: courses/view_slides/public/assests/Logo.png]
in APPPATH\Views\dashboard\courses\index_slides.php on line 6.
 1 APPPATH\Views\dashboard\courses\index_slides.php(6): CodeIgniter\Debug\Exceptions->errorHandler(2, 'Trying to access array offset on value of type null', 'C:\\xampp\\htdocs\\Student_Management_Portal\\app\\Views\\dashboard\\courses\\index_slides.php', 6)
 2 SYSTEMPATH\View\View.php(234): include('C:\\xampp\\htdocs\\Student_Management_Portal\\app\\Views\\dashboard\\courses\\index_slides.php')
 3 SYSTEMPATH\View\View.php(237): CodeIgniter\View\View->CodeIgniter\View\{closure}()
 4 SYSTEMPATH\Common.php(1171): CodeIgniter\View\View->render('dashboard/courses/index_slides', [], true)
 5 APPPATH\Controllers\Courses.php(537): view('dashboard/courses/index_slides', [...])
 6 SYSTEMPATH\CodeIgniter.php(933): App\Controllers\Courses->view_slides('public', 'assests', 'Logo.png')
 7 SYSTEMPATH\CodeIgniter.php(509): CodeIgniter\CodeIgniter->runController(Object(App\Controllers\Courses))
 8 SYSTEMPATH\CodeIgniter.php(355): CodeIgniter\CodeIgniter->handleRequest(null, Object(Config\Cache), false)
 9 SYSTEMPATH\Boot.php(325): CodeIgniter\CodeIgniter->run()
10 SYSTEMPATH\Boot.php(67): CodeIgniter\Boot::runCodeIgniter(Object(CodeIgniter\CodeIgniter))
11 FCPATH\index.php(56): CodeIgniter\Boot::bootWeb(Object(Config\Paths))
CRITICAL - 2025-01-03 00:42:21 --> ErrorException: Trying to access array offset on value of type null
[Method: GET, Route: courses/view_slides/public/assests/Logo.png]
in APPPATH\Views\dashboard\courses\index_slides.php on line 6.
 1 APPPATH\Views\dashboard\courses\index_slides.php(6): CodeIgniter\Debug\Exceptions->errorHandler(2, 'Trying to access array offset on value of type null', 'C:\\xampp\\htdocs\\Student_Management_Portal\\app\\Views\\dashboard\\courses\\index_slides.php', 6)
 2 SYSTEMPATH\View\View.php(234): include('C:\\xampp\\htdocs\\Student_Management_Portal\\app\\Views\\dashboard\\courses\\index_slides.php')
 3 SYSTEMPATH\View\View.php(237): CodeIgniter\View\View->CodeIgniter\View\{closure}()
 4 SYSTEMPATH\Common.php(1171): CodeIgniter\View\View->render('dashboard/courses/index_slides', [], true)
 5 APPPATH\Controllers\Courses.php(537): view('dashboard/courses/index_slides', [...])
 6 SYSTEMPATH\CodeIgniter.php(933): App\Controllers\Courses->view_slides('public', 'assests', 'Logo.png')
 7 SYSTEMPATH\CodeIgniter.php(509): CodeIgniter\CodeIgniter->runController(Object(App\Controllers\Courses))
 8 SYSTEMPATH\CodeIgniter.php(355): CodeIgniter\CodeIgniter->handleRequest(null, Object(Config\Cache), false)
 9 SYSTEMPATH\Boot.php(325): CodeIgniter\CodeIgniter->run()
10 SYSTEMPATH\Boot.php(67): CodeIgniter\Boot::runCodeIgniter(Object(CodeIgniter\CodeIgniter))
11 FCPATH\index.php(56): CodeIgniter\Boot::bootWeb(Object(Config\Paths))
CRITICAL - 2025-01-03 00:42:23 --> ErrorException: Trying to access array offset on value of type null
[Method: GET, Route: courses/view_slides/public/assests/Logo.png]
in APPPATH\Views\dashboard\courses\index_slides.php on line 6.
 1 APPPATH\Views\dashboard\courses\index_slides.php(6): CodeIgniter\Debug\Exceptions->errorHandler(2, 'Trying to access array offset on value of type null', 'C:\\xampp\\htdocs\\Student_Management_Portal\\app\\Views\\dashboard\\courses\\index_slides.php', 6)
 2 SYSTEMPATH\View\View.php(234): include('C:\\xampp\\htdocs\\Student_Management_Portal\\app\\Views\\dashboard\\courses\\index_slides.php')
 3 SYSTEMPATH\View\View.php(237): CodeIgniter\View\View->CodeIgniter\View\{closure}()
 4 SYSTEMPATH\Common.php(1171): CodeIgniter\View\View->render('dashboard/courses/index_slides', [], true)
 5 APPPATH\Controllers\Courses.php(537): view('dashboard/courses/index_slides', [...])
 6 SYSTEMPATH\CodeIgniter.php(933): App\Controllers\Courses->view_slides('public', 'assests', 'Logo.png')
 7 SYSTEMPATH\CodeIgniter.php(509): CodeIgniter\CodeIgniter->runController(Object(App\Controllers\Courses))
 8 SYSTEMPATH\CodeIgniter.php(355): CodeIgniter\CodeIgniter->handleRequest(null, Object(Config\Cache), false)
 9 SYSTEMPATH\Boot.php(325): CodeIgniter\CodeIgniter->run()
10 SYSTEMPATH\Boot.php(67): CodeIgniter\Boot::runCodeIgniter(Object(CodeIgniter\CodeIgniter))
11 FCPATH\index.php(56): CodeIgniter\Boot::bootWeb(Object(Config\Paths))
CRITICAL - 2025-01-03 00:42:26 --> ErrorException: Trying to access array offset on value of type null
[Method: GET, Route: courses/view_slides/public/assests/Logo.png]
in APPPATH\Views\dashboard\courses\index_slides.php on line 6.
 1 APPPATH\Views\dashboard\courses\index_slides.php(6): CodeIgniter\Debug\Exceptions->errorHandler(2, 'Trying to access array offset on value of type null', 'C:\\xampp\\htdocs\\Student_Management_Portal\\app\\Views\\dashboard\\courses\\index_slides.php', 6)
 2 SYSTEMPATH\View\View.php(234): include('C:\\xampp\\htdocs\\Student_Management_Portal\\app\\Views\\dashboard\\courses\\index_slides.php')
 3 SYSTEMPATH\View\View.php(237): CodeIgniter\View\View->CodeIgniter\View\{closure}()
 4 SYSTEMPATH\Common.php(1171): CodeIgniter\View\View->render('dashboard/courses/index_slides', [], true)
 5 APPPATH\Controllers\Courses.php(537): view('dashboard/courses/index_slides', [...])
 6 SYSTEMPATH\CodeIgniter.php(933): App\Controllers\Courses->view_slides('public', 'assests', 'Logo.png')
 7 SYSTEMPATH\CodeIgniter.php(509): CodeIgniter\CodeIgniter->runController(Object(App\Controllers\Courses))
 8 SYSTEMPATH\CodeIgniter.php(355): CodeIgniter\CodeIgniter->handleRequest(null, Object(Config\Cache), false)
 9 SYSTEMPATH\Boot.php(325): CodeIgniter\CodeIgniter->run()
10 SYSTEMPATH\Boot.php(67): CodeIgniter\Boot::runCodeIgniter(Object(CodeIgniter\CodeIgniter))
11 FCPATH\index.php(56): CodeIgniter\Boot::bootWeb(Object(Config\Paths))
CRITICAL - 2025-01-03 00:47:04 --> ErrorException: Trying to access array offset on value of type null
[Method: GET, Route: courses/view_slides/public/assests/Logo.png]
in APPPATH\Views\dashboard\courses\index_slides.php on line 6.
 1 APPPATH\Views\dashboard\courses\index_slides.php(6): CodeIgniter\Debug\Exceptions->errorHandler(2, 'Trying to access array offset on value of type null', 'C:\\xampp\\htdocs\\Student_Management_Portal\\app\\Views\\dashboard\\courses\\index_slides.php', 6)
 2 SYSTEMPATH\View\View.php(234): include('C:\\xampp\\htdocs\\Student_Management_Portal\\app\\Views\\dashboard\\courses\\index_slides.php')
 3 SYSTEMPATH\View\View.php(237): CodeIgniter\View\View->CodeIgniter\View\{closure}()
 4 SYSTEMPATH\Common.php(1171): CodeIgniter\View\View->render('dashboard/courses/index_slides', [], true)
 5 APPPATH\Controllers\Courses.php(537): view('dashboard/courses/index_slides', [...])
 6 SYSTEMPATH\CodeIgniter.php(933): App\Controllers\Courses->view_slides('public', 'assests', 'Logo.png')
 7 SYSTEMPATH\CodeIgniter.php(509): CodeIgniter\CodeIgniter->runController(Object(App\Controllers\Courses))
 8 SYSTEMPATH\CodeIgniter.php(355): CodeIgniter\CodeIgniter->handleRequest(null, Object(Config\Cache), false)
 9 SYSTEMPATH\Boot.php(325): CodeIgniter\CodeIgniter->run()
10 SYSTEMPATH\Boot.php(67): CodeIgniter\Boot::runCodeIgniter(Object(CodeIgniter\CodeIgniter))
11 FCPATH\index.php(56): CodeIgniter\Boot::bootWeb(Object(Config\Paths))
CRITICAL - 2025-01-03 00:47:05 --> ErrorException: Trying to access array offset on value of type null
[Method: GET, Route: courses/view_slides/public/assests/Logo.png]
in APPPATH\Views\dashboard\courses\index_slides.php on line 6.
 1 APPPATH\Views\dashboard\courses\index_slides.php(6): CodeIgniter\Debug\Exceptions->errorHandler(2, 'Trying to access array offset on value of type null', 'C:\\xampp\\htdocs\\Student_Management_Portal\\app\\Views\\dashboard\\courses\\index_slides.php', 6)
 2 SYSTEMPATH\View\View.php(234): include('C:\\xampp\\htdocs\\Student_Management_Portal\\app\\Views\\dashboard\\courses\\index_slides.php')
 3 SYSTEMPATH\View\View.php(237): CodeIgniter\View\View->CodeIgniter\View\{closure}()
 4 SYSTEMPATH\Common.php(1171): CodeIgniter\View\View->render('dashboard/courses/index_slides', [], true)
 5 APPPATH\Controllers\Courses.php(537): view('dashboard/courses/index_slides', [...])
 6 SYSTEMPATH\CodeIgniter.php(933): App\Controllers\Courses->view_slides('public', 'assests', 'Logo.png')
 7 SYSTEMPATH\CodeIgniter.php(509): CodeIgniter\CodeIgniter->runController(Object(App\Controllers\Courses))
 8 SYSTEMPATH\CodeIgniter.php(355): CodeIgniter\CodeIgniter->handleRequest(null, Object(Config\Cache), false)
 9 SYSTEMPATH\Boot.php(325): CodeIgniter\CodeIgniter->run()
10 SYSTEMPATH\Boot.php(67): CodeIgniter\Boot::runCodeIgniter(Object(CodeIgniter\CodeIgniter))
11 FCPATH\index.php(56): CodeIgniter\Boot::bootWeb(Object(Config\Paths))
INFO - 2025-01-03 00:47:11 --> Session: Class initialized using 'CodeIgniter\Session\Handlers\FileHandler' driver.
CRITICAL - 2025-01-03 00:47:11 --> ErrorException: Trying to access array offset on value of type null
[Method: GET, Route: courses/view_slides/public/assests/Logo.png]
in APPPATH\Views\dashboard\courses\index_slides.php on line 6.
 1 APPPATH\Views\dashboard\courses\index_slides.php(6): CodeIgniter\Debug\Exceptions->errorHandler(2, 'Trying to access array offset on value of type null', 'C:\\xampp\\htdocs\\Student_Management_Portal\\app\\Views\\dashboard\\courses\\index_slides.php', 6)
 2 SYSTEMPATH\View\View.php(234): include('C:\\xampp\\htdocs\\Student_Management_Portal\\app\\Views\\dashboard\\courses\\index_slides.php')
 3 SYSTEMPATH\View\View.php(237): CodeIgniter\View\View->CodeIgniter\View\{closure}()
 4 SYSTEMPATH\Common.php(1171): CodeIgniter\View\View->render('dashboard/courses/index_slides', [], true)
 5 APPPATH\Controllers\Courses.php(537): view('dashboard/courses/index_slides', [...])
 6 SYSTEMPATH\CodeIgniter.php(933): App\Controllers\Courses->view_slides('public', 'assests', 'Logo.png')
 7 SYSTEMPATH\CodeIgniter.php(509): CodeIgniter\CodeIgniter->runController(Object(App\Controllers\Courses))
 8 SYSTEMPATH\CodeIgniter.php(355): CodeIgniter\CodeIgniter->handleRequest(null, Object(Config\Cache), false)
 9 SYSTEMPATH\Boot.php(325): CodeIgniter\CodeIgniter->run()
10 SYSTEMPATH\Boot.php(67): CodeIgniter\Boot::runCodeIgniter(Object(CodeIgniter\CodeIgniter))
11 FCPATH\index.php(56): CodeIgniter\Boot::bootWeb(Object(Config\Paths))
CRITICAL - 2025-01-03 00:47:41 --> ErrorException: Trying to access array offset on value of type null
[Method: GET, Route: courses/view_slides/public/assests/Logo.png]
in APPPATH\Views\dashboard\courses\index_slides.php on line 6.
 1 APPPATH\Views\dashboard\courses\index_slides.php(6): CodeIgniter\Debug\Exceptions->errorHandler(2, 'Trying to access array offset on value of type null', 'C:\\xampp\\htdocs\\Student_Management_Portal\\app\\Views\\dashboard\\courses\\index_slides.php', 6)
 2 SYSTEMPATH\View\View.php(234): include('C:\\xampp\\htdocs\\Student_Management_Portal\\app\\Views\\dashboard\\courses\\index_slides.php')
 3 SYSTEMPATH\View\View.php(237): CodeIgniter\View\View->CodeIgniter\View\{closure}()
 4 SYSTEMPATH\Common.php(1171): CodeIgniter\View\View->render('dashboard/courses/index_slides', [], true)
 5 APPPATH\Controllers\Courses.php(537): view('dashboard/courses/index_slides', [...])
 6 SYSTEMPATH\CodeIgniter.php(933): App\Controllers\Courses->view_slides('public', 'assests', 'Logo.png')
 7 SYSTEMPATH\CodeIgniter.php(509): CodeIgniter\CodeIgniter->runController(Object(App\Controllers\Courses))
 8 SYSTEMPATH\CodeIgniter.php(355): CodeIgniter\CodeIgniter->handleRequest(null, Object(Config\Cache), false)
 9 SYSTEMPATH\Boot.php(325): CodeIgniter\CodeIgniter->run()
10 SYSTEMPATH\Boot.php(67): CodeIgniter\Boot::runCodeIgniter(Object(CodeIgniter\CodeIgniter))
11 FCPATH\index.php(56): CodeIgniter\Boot::bootWeb(Object(Config\Paths))
CRITICAL - 2025-01-03 00:47:48 --> ErrorException: Trying to access array offset on value of type null
[Method: GET, Route: courses/view_slides/public/assests/Logo.png]
in APPPATH\Views\dashboard\courses\index_slides.php on line 6.
 1 APPPATH\Views\dashboard\courses\index_slides.php(6): CodeIgniter\Debug\Exceptions->errorHandler(2, 'Trying to access array offset on value of type null', 'C:\\xampp\\htdocs\\Student_Management_Portal\\app\\Views\\dashboard\\courses\\index_slides.php', 6)
 2 SYSTEMPATH\View\View.php(234): include('C:\\xampp\\htdocs\\Student_Management_Portal\\app\\Views\\dashboard\\courses\\index_slides.php')
 3 SYSTEMPATH\View\View.php(237): CodeIgniter\View\View->CodeIgniter\View\{closure}()
 4 SYSTEMPATH\Common.php(1171): CodeIgniter\View\View->render('dashboard/courses/index_slides', [], true)
 5 APPPATH\Controllers\Courses.php(537): view('dashboard/courses/index_slides', [...])
 6 SYSTEMPATH\CodeIgniter.php(933): App\Controllers\Courses->view_slides('public', 'assests', 'Logo.png')
 7 SYSTEMPATH\CodeIgniter.php(509): CodeIgniter\CodeIgniter->runController(Object(App\Controllers\Courses))
 8 SYSTEMPATH\CodeIgniter.php(355): CodeIgniter\CodeIgniter->handleRequest(null, Object(Config\Cache), false)
 9 SYSTEMPATH\Boot.php(325): CodeIgniter\CodeIgniter->run()
10 SYSTEMPATH\Boot.php(67): CodeIgniter\Boot::runCodeIgniter(Object(CodeIgniter\CodeIgniter))
11 FCPATH\index.php(56): CodeIgniter\Boot::bootWeb(Object(Config\Paths))
CRITICAL - 2025-01-03 00:47:52 --> ErrorException: Trying to access array offset on value of type null
[Method: GET, Route: courses/view_slides/public/assests/Logo.png]
in APPPATH\Views\dashboard\courses\index_slides.php on line 6.
 1 APPPATH\Views\dashboard\courses\index_slides.php(6): CodeIgniter\Debug\Exceptions->errorHandler(2, 'Trying to access array offset on value of type null', 'C:\\xampp\\htdocs\\Student_Management_Portal\\app\\Views\\dashboard\\courses\\index_slides.php', 6)
 2 SYSTEMPATH\View\View.php(234): include('C:\\xampp\\htdocs\\Student_Management_Portal\\app\\Views\\dashboard\\courses\\index_slides.php')
 3 SYSTEMPATH\View\View.php(237): CodeIgniter\View\View->CodeIgniter\View\{closure}()
 4 SYSTEMPATH\Common.php(1171): CodeIgniter\View\View->render('dashboard/courses/index_slides', [], true)
 5 APPPATH\Controllers\Courses.php(537): view('dashboard/courses/index_slides', [...])
 6 SYSTEMPATH\CodeIgniter.php(933): App\Controllers\Courses->view_slides('public', 'assests', 'Logo.png')
 7 SYSTEMPATH\CodeIgniter.php(509): CodeIgniter\CodeIgniter->runController(Object(App\Controllers\Courses))
 8 SYSTEMPATH\CodeIgniter.php(355): CodeIgniter\CodeIgniter->handleRequest(null, Object(Config\Cache), false)
 9 SYSTEMPATH\Boot.php(325): CodeIgniter\CodeIgniter->run()
10 SYSTEMPATH\Boot.php(67): CodeIgniter\Boot::runCodeIgniter(Object(CodeIgniter\CodeIgniter))
11 FCPATH\index.php(56): CodeIgniter\Boot::bootWeb(Object(Config\Paths))
CRITICAL - 2025-01-03 00:49:51 --> ErrorException: Trying to access array offset on value of type null
[Method: GET, Route: courses/view_slides/public/assests/Logo.png]
in APPPATH\Views\dashboard\courses\index_slides.php on line 6.
 1 APPPATH\Views\dashboard\courses\index_slides.php(6): CodeIgniter\Debug\Exceptions->errorHandler(2, 'Trying to access array offset on value of type null', 'C:\\xampp\\htdocs\\Student_Management_Portal\\app\\Views\\dashboard\\courses\\index_slides.php', 6)
 2 SYSTEMPATH\View\View.php(234): include('C:\\xampp\\htdocs\\Student_Management_Portal\\app\\Views\\dashboard\\courses\\index_slides.php')
 3 SYSTEMPATH\View\View.php(237): CodeIgniter\View\View->CodeIgniter\View\{closure}()
 4 SYSTEMPATH\Common.php(1171): CodeIgniter\View\View->render('dashboard/courses/index_slides', [], true)
 5 APPPATH\Controllers\Courses.php(537): view('dashboard/courses/index_slides', [...])
 6 SYSTEMPATH\CodeIgniter.php(933): App\Controllers\Courses->view_slides('public', 'assests', 'Logo.png')
 7 SYSTEMPATH\CodeIgniter.php(509): CodeIgniter\CodeIgniter->runController(Object(App\Controllers\Courses))
 8 SYSTEMPATH\CodeIgniter.php(355): CodeIgniter\CodeIgniter->handleRequest(null, Object(Config\Cache), false)
 9 SYSTEMPATH\Boot.php(325): CodeIgniter\CodeIgniter->run()
10 SYSTEMPATH\Boot.php(67): CodeIgniter\Boot::runCodeIgniter(Object(CodeIgniter\CodeIgniter))
11 FCPATH\index.php(56): CodeIgniter\Boot::bootWeb(Object(Config\Paths))
CRITICAL - 2025-01-03 00:49:52 --> ErrorException: Undefined variable $fileNamw
[Method: GET, Route: courses/download_slide/uploads/slides/1735865230_67a3e1739cc267b687ff.pdf]
in APPPATH\Controllers\Courses.php on line 609.
 1 APPPATH\Controllers\Courses.php(609): CodeIgniter\Debug\Exceptions->errorHandler(2, 'Undefined variable $fileNamw', 'C:\\xampp\\htdocs\\Student_Management_Portal\\app\\Controllers\\Courses.php', 609)
 2 SYSTEMPATH\CodeIgniter.php(933): App\Controllers\Courses->download_slide('uploads', 'slides', '1735865230_67a3e1739cc267b687ff.pdf')
 3 SYSTEMPATH\CodeIgniter.php(509): CodeIgniter\CodeIgniter->runController(Object(App\Controllers\Courses))
 4 SYSTEMPATH\CodeIgniter.php(355): CodeIgniter\CodeIgniter->handleRequest(null, Object(Config\Cache), false)
 5 SYSTEMPATH\Boot.php(325): CodeIgniter\CodeIgniter->run()
 6 SYSTEMPATH\Boot.php(67): CodeIgniter\Boot::runCodeIgniter(Object(CodeIgniter\CodeIgniter))
 7 FCPATH\index.php(56): CodeIgniter\Boot::bootWeb(Object(Config\Paths))
CRITICAL - 2025-01-03 00:49:52 --> ErrorException: Undefined variable $fileNamw
[Method: GET, Route: courses/download_slide/uploads/slides/1735865230_67a3e1739cc267b687ff.pdf]
in APPPATH\Controllers\Courses.php on line 609.
 1 APPPATH\Controllers\Courses.php(609): CodeIgniter\Debug\Exceptions->errorHandler(2, 'Undefined variable $fileNamw', 'C:\\xampp\\htdocs\\Student_Management_Portal\\app\\Controllers\\Courses.php', 609)
 2 SYSTEMPATH\CodeIgniter.php(933): App\Controllers\Courses->download_slide('uploads', 'slides', '1735865230_67a3e1739cc267b687ff.pdf')
 3 SYSTEMPATH\CodeIgniter.php(509): CodeIgniter\CodeIgniter->runController(Object(App\Controllers\Courses))
 4 SYSTEMPATH\CodeIgniter.php(355): CodeIgniter\CodeIgniter->handleRequest(null, Object(Config\Cache), false)
 5 SYSTEMPATH\Boot.php(325): CodeIgniter\CodeIgniter->run()
 6 SYSTEMPATH\Boot.php(67): CodeIgniter\Boot::runCodeIgniter(Object(CodeIgniter\CodeIgniter))
 7 FCPATH\index.php(56): CodeIgniter\Boot::bootWeb(Object(Config\Paths))
CRITICAL - 2025-01-03 00:49:52 --> ErrorException: Undefined variable $fileNamw
[Method: GET, Route: courses/download_slide/uploads/slides/1735865230_67a3e1739cc267b687ff.pdf]
in APPPATH\Controllers\Courses.php on line 609.
 1 APPPATH\Controllers\Courses.php(609): CodeIgniter\Debug\Exceptions->errorHandler(2, 'Undefined variable $fileNamw', 'C:\\xampp\\htdocs\\Student_Management_Portal\\app\\Controllers\\Courses.php', 609)
 2 SYSTEMPATH\CodeIgniter.php(933): App\Controllers\Courses->download_slide('uploads', 'slides', '1735865230_67a3e1739cc267b687ff.pdf')
 3 SYSTEMPATH\CodeIgniter.php(509): CodeIgniter\CodeIgniter->runController(Object(App\Controllers\Courses))
 4 SYSTEMPATH\CodeIgniter.php(355): CodeIgniter\CodeIgniter->handleRequest(null, Object(Config\Cache), false)
 5 SYSTEMPATH\Boot.php(325): CodeIgniter\CodeIgniter->run()
 6 SYSTEMPATH\Boot.php(67): CodeIgniter\Boot::runCodeIgniter(Object(CodeIgniter\CodeIgniter))
 7 FCPATH\index.php(56): CodeIgniter\Boot::bootWeb(Object(Config\Paths))
CRITICAL - 2025-01-03 00:49:52 --> ErrorException: Undefined variable $fileNamw
[Method: GET, Route: courses/download_slide/uploads/slides/1735865230_67a3e1739cc267b687ff.pdf]
in APPPATH\Controllers\Courses.php on line 609.
 1 APPPATH\Controllers\Courses.php(609): CodeIgniter\Debug\Exceptions->errorHandler(2, 'Undefined variable $fileNamw', 'C:\\xampp\\htdocs\\Student_Management_Portal\\app\\Controllers\\Courses.php', 609)
 2 SYSTEMPATH\CodeIgniter.php(933): App\Controllers\Courses->download_slide('uploads', 'slides', '1735865230_67a3e1739cc267b687ff.pdf')
 3 SYSTEMPATH\CodeIgniter.php(509): CodeIgniter\CodeIgniter->runController(Object(App\Controllers\Courses))
 4 SYSTEMPATH\CodeIgniter.php(355): CodeIgniter\CodeIgniter->handleRequest(null, Object(Config\Cache), false)
 5 SYSTEMPATH\Boot.php(325): CodeIgniter\CodeIgniter->run()
 6 SYSTEMPATH\Boot.php(67): CodeIgniter\Boot::runCodeIgniter(Object(CodeIgniter\CodeIgniter))
 7 FCPATH\index.php(56): CodeIgniter\Boot::bootWeb(Object(Config\Paths))
CRITICAL - 2025-01-03 00:49:52 --> ErrorException: Undefined variable $fileNamw
[Method: GET, Route: courses/download_slide/uploads/slides/1735865230_67a3e1739cc267b687ff.pdf]
in APPPATH\Controllers\Courses.php on line 609.
 1 APPPATH\Controllers\Courses.php(609): CodeIgniter\Debug\Exceptions->errorHandler(2, 'Undefined variable $fileNamw', 'C:\\xampp\\htdocs\\Student_Management_Portal\\app\\Controllers\\Courses.php', 609)
 2 SYSTEMPATH\CodeIgniter.php(933): App\Controllers\Courses->download_slide('uploads', 'slides', '1735865230_67a3e1739cc267b687ff.pdf')
 3 SYSTEMPATH\CodeIgniter.php(509): CodeIgniter\CodeIgniter->runController(Object(App\Controllers\Courses))
 4 SYSTEMPATH\CodeIgniter.php(355): CodeIgniter\CodeIgniter->handleRequest(null, Object(Config\Cache), false)
 5 SYSTEMPATH\Boot.php(325): CodeIgniter\CodeIgniter->run()
 6 SYSTEMPATH\Boot.php(67): CodeIgniter\Boot::runCodeIgniter(Object(CodeIgniter\CodeIgniter))
 7 FCPATH\index.php(56): CodeIgniter\Boot::bootWeb(Object(Config\Paths))
CRITICAL - 2025-01-03 00:50:06 --> ErrorException: Trying to access array offset on value of type null
[Method: GET, Route: courses/view_slides/public/assests/Logo.png]
in APPPATH\Views\dashboard\courses\index_slides.php on line 6.
 1 APPPATH\Views\dashboard\courses\index_slides.php(6): CodeIgniter\Debug\Exceptions->errorHandler(2, 'Trying to access array offset on value of type null', 'C:\\xampp\\htdocs\\Student_Management_Portal\\app\\Views\\dashboard\\courses\\index_slides.php', 6)
 2 SYSTEMPATH\View\View.php(234): include('C:\\xampp\\htdocs\\Student_Management_Portal\\app\\Views\\dashboard\\courses\\index_slides.php')
 3 SYSTEMPATH\View\View.php(237): CodeIgniter\View\View->CodeIgniter\View\{closure}()
 4 SYSTEMPATH\Common.php(1171): CodeIgniter\View\View->render('dashboard/courses/index_slides', [], true)
 5 APPPATH\Controllers\Courses.php(537): view('dashboard/courses/index_slides', [...])
 6 SYSTEMPATH\CodeIgniter.php(933): App\Controllers\Courses->view_slides('public', 'assests', 'Logo.png')
 7 SYSTEMPATH\CodeIgniter.php(509): CodeIgniter\CodeIgniter->runController(Object(App\Controllers\Courses))
 8 SYSTEMPATH\CodeIgniter.php(355): CodeIgniter\CodeIgniter->handleRequest(null, Object(Config\Cache), false)
 9 SYSTEMPATH\Boot.php(325): CodeIgniter\CodeIgniter->run()
10 SYSTEMPATH\Boot.php(67): CodeIgniter\Boot::runCodeIgniter(Object(CodeIgniter\CodeIgniter))
11 FCPATH\index.php(56): CodeIgniter\Boot::bootWeb(Object(Config\Paths))
CRITICAL - 2025-01-03 00:50:07 --> CodeIgniter\Files\Exceptions\FileNotFoundException: File not found: "uploads"
[Method: GET, Route: courses/download_slide/uploads/slides/1735865230_67a3e1739cc267b687ff.pdf]
in SYSTEMPATH\Files\File.php on line 51.
 1 SYSTEMPATH\Files\File.php(51): CodeIgniter\Files\Exceptions\FileNotFoundException::forFileNotFound('uploads')
 2 SYSTEMPATH\HTTP\DownloadResponse.php(106): CodeIgniter\Files\File->__construct('uploads', true)
 3 SYSTEMPATH\HTTP\ResponseTrait.php(739): CodeIgniter\HTTP\DownloadResponse->setFilePath('uploads')
 4 APPPATH\Controllers\Courses.php(609): CodeIgniter\HTTP\Response->download('uploads', null)
 5 SYSTEMPATH\CodeIgniter.php(933): App\Controllers\Courses->download_slide('uploads', 'slides', '1735865230_67a3e1739cc267b687ff.pdf')
 6 SYSTEMPATH\CodeIgniter.php(509): CodeIgniter\CodeIgniter->runController(Object(App\Controllers\Courses))
 7 SYSTEMPATH\CodeIgniter.php(355): CodeIgniter\CodeIgniter->handleRequest(null, Object(Config\Cache), false)
 8 SYSTEMPATH\Boot.php(325): CodeIgniter\CodeIgniter->run()
 9 SYSTEMPATH\Boot.php(67): CodeIgniter\Boot::runCodeIgniter(Object(CodeIgniter\CodeIgniter))
10 FCPATH\index.php(56): CodeIgniter\Boot::bootWeb(Object(Config\Paths))
CRITICAL - 2025-01-03 00:50:08 --> CodeIgniter\Files\Exceptions\FileNotFoundException: File not found: "uploads"
[Method: GET, Route: courses/download_slide/uploads/slides/1735865230_67a3e1739cc267b687ff.pdf]
in SYSTEMPATH\Files\File.php on line 51.
 1 SYSTEMPATH\Files\File.php(51): CodeIgniter\Files\Exceptions\FileNotFoundException::forFileNotFound('uploads')
 2 SYSTEMPATH\HTTP\DownloadResponse.php(106): CodeIgniter\Files\File->__construct('uploads', true)
 3 SYSTEMPATH\HTTP\ResponseTrait.php(739): CodeIgniter\HTTP\DownloadResponse->setFilePath('uploads')
 4 APPPATH\Controllers\Courses.php(609): CodeIgniter\HTTP\Response->download('uploads', null)
 5 SYSTEMPATH\CodeIgniter.php(933): App\Controllers\Courses->download_slide('uploads', 'slides', '1735865230_67a3e1739cc267b687ff.pdf')
 6 SYSTEMPATH\CodeIgniter.php(509): CodeIgniter\CodeIgniter->runController(Object(App\Controllers\Courses))
 7 SYSTEMPATH\CodeIgniter.php(355): CodeIgniter\CodeIgniter->handleRequest(null, Object(Config\Cache), false)
 8 SYSTEMPATH\Boot.php(325): CodeIgniter\CodeIgniter->run()
 9 SYSTEMPATH\Boot.php(67): CodeIgniter\Boot::runCodeIgniter(Object(CodeIgniter\CodeIgniter))
10 FCPATH\index.php(56): CodeIgniter\Boot::bootWeb(Object(Config\Paths))
CRITICAL - 2025-01-03 00:50:08 --> CodeIgniter\Files\Exceptions\FileNotFoundException: File not found: "uploads"
[Method: GET, Route: courses/download_slide/uploads/slides/1735865230_67a3e1739cc267b687ff.pdf]
in SYSTEMPATH\Files\File.php on line 51.
 1 SYSTEMPATH\Files\File.php(51): CodeIgniter\Files\Exceptions\FileNotFoundException::forFileNotFound('uploads')
 2 SYSTEMPATH\HTTP\DownloadResponse.php(106): CodeIgniter\Files\File->__construct('uploads', true)
 3 SYSTEMPATH\HTTP\ResponseTrait.php(739): CodeIgniter\HTTP\DownloadResponse->setFilePath('uploads')
 4 APPPATH\Controllers\Courses.php(609): CodeIgniter\HTTP\Response->download('uploads', null)
 5 SYSTEMPATH\CodeIgniter.php(933): App\Controllers\Courses->download_slide('uploads', 'slides', '1735865230_67a3e1739cc267b687ff.pdf')
 6 SYSTEMPATH\CodeIgniter.php(509): CodeIgniter\CodeIgniter->runController(Object(App\Controllers\Courses))
 7 SYSTEMPATH\CodeIgniter.php(355): CodeIgniter\CodeIgniter->handleRequest(null, Object(Config\Cache), false)
 8 SYSTEMPATH\Boot.php(325): CodeIgniter\CodeIgniter->run()
 9 SYSTEMPATH\Boot.php(67): CodeIgniter\Boot::runCodeIgniter(Object(CodeIgniter\CodeIgniter))
10 FCPATH\index.php(56): CodeIgniter\Boot::bootWeb(Object(Config\Paths))
CRITICAL - 2025-01-03 00:50:08 --> CodeIgniter\Files\Exceptions\FileNotFoundException: File not found: "uploads"
[Method: GET, Route: courses/download_slide/uploads/slides/1735865230_67a3e1739cc267b687ff.pdf]
in SYSTEMPATH\Files\File.php on line 51.
 1 SYSTEMPATH\Files\File.php(51): CodeIgniter\Files\Exceptions\FileNotFoundException::forFileNotFound('uploads')
 2 SYSTEMPATH\HTTP\DownloadResponse.php(106): CodeIgniter\Files\File->__construct('uploads', true)
 3 SYSTEMPATH\HTTP\ResponseTrait.php(739): CodeIgniter\HTTP\DownloadResponse->setFilePath('uploads')
 4 APPPATH\Controllers\Courses.php(609): CodeIgniter\HTTP\Response->download('uploads', null)
 5 SYSTEMPATH\CodeIgniter.php(933): App\Controllers\Courses->download_slide('uploads', 'slides', '1735865230_67a3e1739cc267b687ff.pdf')
 6 SYSTEMPATH\CodeIgniter.php(509): CodeIgniter\CodeIgniter->runController(Object(App\Controllers\Courses))
 7 SYSTEMPATH\CodeIgniter.php(355): CodeIgniter\CodeIgniter->handleRequest(null, Object(Config\Cache), false)
 8 SYSTEMPATH\Boot.php(325): CodeIgniter\CodeIgniter->run()
 9 SYSTEMPATH\Boot.php(67): CodeIgniter\Boot::runCodeIgniter(Object(CodeIgniter\CodeIgniter))
10 FCPATH\index.php(56): CodeIgniter\Boot::bootWeb(Object(Config\Paths))
CRITICAL - 2025-01-03 00:50:08 --> CodeIgniter\Files\Exceptions\FileNotFoundException: File not found: "uploads"
[Method: GET, Route: courses/download_slide/uploads/slides/1735865230_67a3e1739cc267b687ff.pdf]
in SYSTEMPATH\Files\File.php on line 51.
 1 SYSTEMPATH\Files\File.php(51): CodeIgniter\Files\Exceptions\FileNotFoundException::forFileNotFound('uploads')
 2 SYSTEMPATH\HTTP\DownloadResponse.php(106): CodeIgniter\Files\File->__construct('uploads', true)
 3 SYSTEMPATH\HTTP\ResponseTrait.php(739): CodeIgniter\HTTP\DownloadResponse->setFilePath('uploads')
 4 APPPATH\Controllers\Courses.php(609): CodeIgniter\HTTP\Response->download('uploads', null)
 5 SYSTEMPATH\CodeIgniter.php(933): App\Controllers\Courses->download_slide('uploads', 'slides', '1735865230_67a3e1739cc267b687ff.pdf')
 6 SYSTEMPATH\CodeIgniter.php(509): CodeIgniter\CodeIgniter->runController(Object(App\Controllers\Courses))
 7 SYSTEMPATH\CodeIgniter.php(355): CodeIgniter\CodeIgniter->handleRequest(null, Object(Config\Cache), false)
 8 SYSTEMPATH\Boot.php(325): CodeIgniter\CodeIgniter->run()
 9 SYSTEMPATH\Boot.php(67): CodeIgniter\Boot::runCodeIgniter(Object(CodeIgniter\CodeIgniter))
10 FCPATH\index.php(56): CodeIgniter\Boot::bootWeb(Object(Config\Paths))
CRITICAL - 2025-01-03 00:50:30 --> ErrorException: Trying to access array offset on value of type null
[Method: GET, Route: courses/view_slides/public/assests/Logo.png]
in APPPATH\Views\dashboard\courses\index_slides.php on line 6.
 1 APPPATH\Views\dashboard\courses\index_slides.php(6): CodeIgniter\Debug\Exceptions->errorHandler(2, 'Trying to access array offset on value of type null', 'C:\\xampp\\htdocs\\Student_Management_Portal\\app\\Views\\dashboard\\courses\\index_slides.php', 6)
 2 SYSTEMPATH\View\View.php(234): include('C:\\xampp\\htdocs\\Student_Management_Portal\\app\\Views\\dashboard\\courses\\index_slides.php')
 3 SYSTEMPATH\View\View.php(237): CodeIgniter\View\View->CodeIgniter\View\{closure}()
 4 SYSTEMPATH\Common.php(1171): CodeIgniter\View\View->render('dashboard/courses/index_slides', [], true)
 5 APPPATH\Controllers\Courses.php(537): view('dashboard/courses/index_slides', [...])
 6 SYSTEMPATH\CodeIgniter.php(933): App\Controllers\Courses->view_slides('public', 'assests', 'Logo.png')
 7 SYSTEMPATH\CodeIgniter.php(509): CodeIgniter\CodeIgniter->runController(Object(App\Controllers\Courses))
 8 SYSTEMPATH\CodeIgniter.php(355): CodeIgniter\CodeIgniter->handleRequest(null, Object(Config\Cache), false)
 9 SYSTEMPATH\Boot.php(325): CodeIgniter\CodeIgniter->run()
10 SYSTEMPATH\Boot.php(67): CodeIgniter\Boot::runCodeIgniter(Object(CodeIgniter\CodeIgniter))
11 FCPATH\index.php(56): CodeIgniter\Boot::bootWeb(Object(Config\Paths))
CRITICAL - 2025-01-03 00:50:41 --> CodeIgniter\Files\Exceptions\FileNotFoundException: File not found: "uploads"
[Method: GET, Route: courses/download_slide/uploads/slides/1735865230_67a3e1739cc267b687ff.pdf]
in SYSTEMPATH\Files\File.php on line 51.
 1 SYSTEMPATH\Files\File.php(51): CodeIgniter\Files\Exceptions\FileNotFoundException::forFileNotFound('uploads')
 2 SYSTEMPATH\HTTP\DownloadResponse.php(106): CodeIgniter\Files\File->__construct('uploads', true)
 3 SYSTEMPATH\HTTP\ResponseTrait.php(739): CodeIgniter\HTTP\DownloadResponse->setFilePath('uploads')
 4 APPPATH\Controllers\Courses.php(609): CodeIgniter\HTTP\Response->download('uploads', null)
 5 SYSTEMPATH\CodeIgniter.php(933): App\Controllers\Courses->download_slide('uploads', 'slides', '1735865230_67a3e1739cc267b687ff.pdf')
 6 SYSTEMPATH\CodeIgniter.php(509): CodeIgniter\CodeIgniter->runController(Object(App\Controllers\Courses))
 7 SYSTEMPATH\CodeIgniter.php(355): CodeIgniter\CodeIgniter->handleRequest(null, Object(Config\Cache), false)
 8 SYSTEMPATH\Boot.php(325): CodeIgniter\CodeIgniter->run()
 9 SYSTEMPATH\Boot.php(67): CodeIgniter\Boot::runCodeIgniter(Object(CodeIgniter\CodeIgniter))
10 FCPATH\index.php(56): CodeIgniter\Boot::bootWeb(Object(Config\Paths))
CRITICAL - 2025-01-03 00:50:41 --> CodeIgniter\Files\Exceptions\FileNotFoundException: File not found: "uploads"
[Method: GET, Route: courses/download_slide/uploads/slides/1735865230_67a3e1739cc267b687ff.pdf]
in SYSTEMPATH\Files\File.php on line 51.
 1 SYSTEMPATH\Files\File.php(51): CodeIgniter\Files\Exceptions\FileNotFoundException::forFileNotFound('uploads')
 2 SYSTEMPATH\HTTP\DownloadResponse.php(106): CodeIgniter\Files\File->__construct('uploads', true)
 3 SYSTEMPATH\HTTP\ResponseTrait.php(739): CodeIgniter\HTTP\DownloadResponse->setFilePath('uploads')
 4 APPPATH\Controllers\Courses.php(609): CodeIgniter\HTTP\Response->download('uploads', null)
 5 SYSTEMPATH\CodeIgniter.php(933): App\Controllers\Courses->download_slide('uploads', 'slides', '1735865230_67a3e1739cc267b687ff.pdf')
 6 SYSTEMPATH\CodeIgniter.php(509): CodeIgniter\CodeIgniter->runController(Object(App\Controllers\Courses))
 7 SYSTEMPATH\CodeIgniter.php(355): CodeIgniter\CodeIgniter->handleRequest(null, Object(Config\Cache), false)
 8 SYSTEMPATH\Boot.php(325): CodeIgniter\CodeIgniter->run()
 9 SYSTEMPATH\Boot.php(67): CodeIgniter\Boot::runCodeIgniter(Object(CodeIgniter\CodeIgniter))
10 FCPATH\index.php(56): CodeIgniter\Boot::bootWeb(Object(Config\Paths))
CRITICAL - 2025-01-03 00:50:41 --> CodeIgniter\Files\Exceptions\FileNotFoundException: File not found: "uploads"
[Method: GET, Route: courses/download_slide/uploads/slides/1735865230_67a3e1739cc267b687ff.pdf]
in SYSTEMPATH\Files\File.php on line 51.
 1 SYSTEMPATH\Files\File.php(51): CodeIgniter\Files\Exceptions\FileNotFoundException::forFileNotFound('uploads')
 2 SYSTEMPATH\HTTP\DownloadResponse.php(106): CodeIgniter\Files\File->__construct('uploads', true)
 3 SYSTEMPATH\HTTP\ResponseTrait.php(739): CodeIgniter\HTTP\DownloadResponse->setFilePath('uploads')
 4 APPPATH\Controllers\Courses.php(609): CodeIgniter\HTTP\Response->download('uploads', null)
 5 SYSTEMPATH\CodeIgniter.php(933): App\Controllers\Courses->download_slide('uploads', 'slides', '1735865230_67a3e1739cc267b687ff.pdf')
 6 SYSTEMPATH\CodeIgniter.php(509): CodeIgniter\CodeIgniter->runController(Object(App\Controllers\Courses))
 7 SYSTEMPATH\CodeIgniter.php(355): CodeIgniter\CodeIgniter->handleRequest(null, Object(Config\Cache), false)
 8 SYSTEMPATH\Boot.php(325): CodeIgniter\CodeIgniter->run()
 9 SYSTEMPATH\Boot.php(67): CodeIgniter\Boot::runCodeIgniter(Object(CodeIgniter\CodeIgniter))
10 FCPATH\index.php(56): CodeIgniter\Boot::bootWeb(Object(Config\Paths))
CRITICAL - 2025-01-03 00:50:41 --> CodeIgniter\Files\Exceptions\FileNotFoundException: File not found: "uploads"
[Method: GET, Route: courses/download_slide/uploads/slides/1735865230_67a3e1739cc267b687ff.pdf]
in SYSTEMPATH\Files\File.php on line 51.
 1 SYSTEMPATH\Files\File.php(51): CodeIgniter\Files\Exceptions\FileNotFoundException::forFileNotFound('uploads')
 2 SYSTEMPATH\HTTP\DownloadResponse.php(106): CodeIgniter\Files\File->__construct('uploads', true)
 3 SYSTEMPATH\HTTP\ResponseTrait.php(739): CodeIgniter\HTTP\DownloadResponse->setFilePath('uploads')
 4 APPPATH\Controllers\Courses.php(609): CodeIgniter\HTTP\Response->download('uploads', null)
 5 SYSTEMPATH\CodeIgniter.php(933): App\Controllers\Courses->download_slide('uploads', 'slides', '1735865230_67a3e1739cc267b687ff.pdf')
 6 SYSTEMPATH\CodeIgniter.php(509): CodeIgniter\CodeIgniter->runController(Object(App\Controllers\Courses))
 7 SYSTEMPATH\CodeIgniter.php(355): CodeIgniter\CodeIgniter->handleRequest(null, Object(Config\Cache), false)
 8 SYSTEMPATH\Boot.php(325): CodeIgniter\CodeIgniter->run()
 9 SYSTEMPATH\Boot.php(67): CodeIgniter\Boot::runCodeIgniter(Object(CodeIgniter\CodeIgniter))
10 FCPATH\index.php(56): CodeIgniter\Boot::bootWeb(Object(Config\Paths))
CRITICAL - 2025-01-03 00:50:41 --> CodeIgniter\Files\Exceptions\FileNotFoundException: File not found: "uploads"
[Method: GET, Route: courses/download_slide/uploads/slides/1735865230_67a3e1739cc267b687ff.pdf]
in SYSTEMPATH\Files\File.php on line 51.
 1 SYSTEMPATH\Files\File.php(51): CodeIgniter\Files\Exceptions\FileNotFoundException::forFileNotFound('uploads')
 2 SYSTEMPATH\HTTP\DownloadResponse.php(106): CodeIgniter\Files\File->__construct('uploads', true)
 3 SYSTEMPATH\HTTP\ResponseTrait.php(739): CodeIgniter\HTTP\DownloadResponse->setFilePath('uploads')
 4 APPPATH\Controllers\Courses.php(609): CodeIgniter\HTTP\Response->download('uploads', null)
 5 SYSTEMPATH\CodeIgniter.php(933): App\Controllers\Courses->download_slide('uploads', 'slides', '1735865230_67a3e1739cc267b687ff.pdf')
 6 SYSTEMPATH\CodeIgniter.php(509): CodeIgniter\CodeIgniter->runController(Object(App\Controllers\Courses))
 7 SYSTEMPATH\CodeIgniter.php(355): CodeIgniter\CodeIgniter->handleRequest(null, Object(Config\Cache), false)
 8 SYSTEMPATH\Boot.php(325): CodeIgniter\CodeIgniter->run()
 9 SYSTEMPATH\Boot.php(67): CodeIgniter\Boot::runCodeIgniter(Object(CodeIgniter\CodeIgniter))
10 FCPATH\index.php(56): CodeIgniter\Boot::bootWeb(Object(Config\Paths))
CRITICAL - 2025-01-03 00:51:49 --> ErrorException: Trying to access array offset on value of type null
[Method: GET, Route: courses/view_slides/public/assests/Logo.png]
in APPPATH\Views\dashboard\courses\index_slides.php on line 6.
 1 APPPATH\Views\dashboard\courses\index_slides.php(6): CodeIgniter\Debug\Exceptions->errorHandler(2, 'Trying to access array offset on value of type null', 'C:\\xampp\\htdocs\\Student_Management_Portal\\app\\Views\\dashboard\\courses\\index_slides.php', 6)
 2 SYSTEMPATH\View\View.php(234): include('C:\\xampp\\htdocs\\Student_Management_Portal\\app\\Views\\dashboard\\courses\\index_slides.php')
 3 SYSTEMPATH\View\View.php(237): CodeIgniter\View\View->CodeIgniter\View\{closure}()
 4 SYSTEMPATH\Common.php(1171): CodeIgniter\View\View->render('dashboard/courses/index_slides', [], true)
 5 APPPATH\Controllers\Courses.php(537): view('dashboard/courses/index_slides', [...])
 6 SYSTEMPATH\CodeIgniter.php(933): App\Controllers\Courses->view_slides('public', 'assests', 'Logo.png')
 7 SYSTEMPATH\CodeIgniter.php(509): CodeIgniter\CodeIgniter->runController(Object(App\Controllers\Courses))
 8 SYSTEMPATH\CodeIgniter.php(355): CodeIgniter\CodeIgniter->handleRequest(null, Object(Config\Cache), false)
 9 SYSTEMPATH\Boot.php(325): CodeIgniter\CodeIgniter->run()
10 SYSTEMPATH\Boot.php(67): CodeIgniter\Boot::runCodeIgniter(Object(CodeIgniter\CodeIgniter))
11 FCPATH\index.php(56): CodeIgniter\Boot::bootWeb(Object(Config\Paths))
CRITICAL - 2025-01-03 00:52:00 --> ErrorException: Trying to access array offset on value of type null
[Method: GET, Route: courses/view_slides/public/assests/Logo.png]
in APPPATH\Views\dashboard\courses\index_slides.php on line 6.
 1 APPPATH\Views\dashboard\courses\index_slides.php(6): CodeIgniter\Debug\Exceptions->errorHandler(2, 'Trying to access array offset on value of type null', 'C:\\xampp\\htdocs\\Student_Management_Portal\\app\\Views\\dashboard\\courses\\index_slides.php', 6)
 2 SYSTEMPATH\View\View.php(234): include('C:\\xampp\\htdocs\\Student_Management_Portal\\app\\Views\\dashboard\\courses\\index_slides.php')
 3 SYSTEMPATH\View\View.php(237): CodeIgniter\View\View->CodeIgniter\View\{closure}()
 4 SYSTEMPATH\Common.php(1171): CodeIgniter\View\View->render('dashboard/courses/index_slides', [], true)
 5 APPPATH\Controllers\Courses.php(537): view('dashboard/courses/index_slides', [...])
 6 SYSTEMPATH\CodeIgniter.php(933): App\Controllers\Courses->view_slides('public', 'assests', 'Logo.png')
 7 SYSTEMPATH\CodeIgniter.php(509): CodeIgniter\CodeIgniter->runController(Object(App\Controllers\Courses))
 8 SYSTEMPATH\CodeIgniter.php(355): CodeIgniter\CodeIgniter->handleRequest(null, Object(Config\Cache), false)
 9 SYSTEMPATH\Boot.php(325): CodeIgniter\CodeIgniter->run()
10 SYSTEMPATH\Boot.php(67): CodeIgniter\Boot::runCodeIgniter(Object(CodeIgniter\CodeIgniter))
11 FCPATH\index.php(56): CodeIgniter\Boot::bootWeb(Object(Config\Paths))
INFO - 2025-01-03 00:52:06 --> Session: Class initialized using 'CodeIgniter\Session\Handlers\FileHandler' driver.
CRITICAL - 2025-01-03 00:52:06 --> ErrorException: Trying to access array offset on value of type null
[Method: GET, Route: courses/view_slides/public/assests/Logo.png]
in APPPATH\Views\dashboard\courses\index_slides.php on line 6.
 1 APPPATH\Views\dashboard\courses\index_slides.php(6): CodeIgniter\Debug\Exceptions->errorHandler(2, 'Trying to access array offset on value of type null', 'C:\\xampp\\htdocs\\Student_Management_Portal\\app\\Views\\dashboard\\courses\\index_slides.php', 6)
 2 SYSTEMPATH\View\View.php(234): include('C:\\xampp\\htdocs\\Student_Management_Portal\\app\\Views\\dashboard\\courses\\index_slides.php')
 3 SYSTEMPATH\View\View.php(237): CodeIgniter\View\View->CodeIgniter\View\{closure}()
 4 SYSTEMPATH\Common.php(1171): CodeIgniter\View\View->render('dashboard/courses/index_slides', [], true)
 5 APPPATH\Controllers\Courses.php(537): view('dashboard/courses/index_slides', [...])
 6 SYSTEMPATH\CodeIgniter.php(933): App\Controllers\Courses->view_slides('public', 'assests', 'Logo.png')
 7 SYSTEMPATH\CodeIgniter.php(509): CodeIgniter\CodeIgniter->runController(Object(App\Controllers\Courses))
 8 SYSTEMPATH\CodeIgniter.php(355): CodeIgniter\CodeIgniter->handleRequest(null, Object(Config\Cache), false)
 9 SYSTEMPATH\Boot.php(325): CodeIgniter\CodeIgniter->run()
10 SYSTEMPATH\Boot.php(67): CodeIgniter\Boot::runCodeIgniter(Object(CodeIgniter\CodeIgniter))
11 FCPATH\index.php(56): CodeIgniter\Boot::bootWeb(Object(Config\Paths))
CRITICAL - 2025-01-03 00:55:48 --> ErrorException: Trying to access array offset on value of type null
[Method: GET, Route: courses/view_slides/public/assests/Logo.png]
in APPPATH\Views\dashboard\courses\index_slides.php on line 6.
 1 APPPATH\Views\dashboard\courses\index_slides.php(6): CodeIgniter\Debug\Exceptions->errorHandler(2, 'Trying to access array offset on value of type null', 'C:\\xampp\\htdocs\\Student_Management_Portal\\app\\Views\\dashboard\\courses\\index_slides.php', 6)
 2 SYSTEMPATH\View\View.php(234): include('C:\\xampp\\htdocs\\Student_Management_Portal\\app\\Views\\dashboard\\courses\\index_slides.php')
 3 SYSTEMPATH\View\View.php(237): CodeIgniter\View\View->CodeIgniter\View\{closure}()
 4 SYSTEMPATH\Common.php(1171): CodeIgniter\View\View->render('dashboard/courses/index_slides', [], true)
 5 APPPATH\Controllers\Courses.php(537): view('dashboard/courses/index_slides', [...])
 6 SYSTEMPATH\CodeIgniter.php(933): App\Controllers\Courses->view_slides('public', 'assests', 'Logo.png')
 7 SYSTEMPATH\CodeIgniter.php(509): CodeIgniter\CodeIgniter->runController(Object(App\Controllers\Courses))
 8 SYSTEMPATH\CodeIgniter.php(355): CodeIgniter\CodeIgniter->handleRequest(null, Object(Config\Cache), false)
 9 SYSTEMPATH\Boot.php(325): CodeIgniter\CodeIgniter->run()
10 SYSTEMPATH\Boot.php(67): CodeIgniter\Boot::runCodeIgniter(Object(CodeIgniter\CodeIgniter))
11 FCPATH\index.php(56): CodeIgniter\Boot::bootWeb(Object(Config\Paths))
CRITICAL - 2025-01-03 00:55:49 --> ErrorException: Trying to access array offset on value of type null
[Method: GET, Route: courses/view_slides/public/assests/Logo.png]
in APPPATH\Views\dashboard\courses\index_slides.php on line 6.
 1 APPPATH\Views\dashboard\courses\index_slides.php(6): CodeIgniter\Debug\Exceptions->errorHandler(2, 'Trying to access array offset on value of type null', 'C:\\xampp\\htdocs\\Student_Management_Portal\\app\\Views\\dashboard\\courses\\index_slides.php', 6)
 2 SYSTEMPATH\View\View.php(234): include('C:\\xampp\\htdocs\\Student_Management_Portal\\app\\Views\\dashboard\\courses\\index_slides.php')
 3 SYSTEMPATH\View\View.php(237): CodeIgniter\View\View->CodeIgniter\View\{closure}()
 4 SYSTEMPATH\Common.php(1171): CodeIgniter\View\View->render('dashboard/courses/index_slides', [], true)
 5 APPPATH\Controllers\Courses.php(537): view('dashboard/courses/index_slides', [...])
 6 SYSTEMPATH\CodeIgniter.php(933): App\Controllers\Courses->view_slides('public', 'assests', 'Logo.png')
 7 SYSTEMPATH\CodeIgniter.php(509): CodeIgniter\CodeIgniter->runController(Object(App\Controllers\Courses))
 8 SYSTEMPATH\CodeIgniter.php(355): CodeIgniter\CodeIgniter->handleRequest(null, Object(Config\Cache), false)
 9 SYSTEMPATH\Boot.php(325): CodeIgniter\CodeIgniter->run()
10 SYSTEMPATH\Boot.php(67): CodeIgniter\Boot::runCodeIgniter(Object(CodeIgniter\CodeIgniter))
11 FCPATH\index.php(56): CodeIgniter\Boot::bootWeb(Object(Config\Paths))
CRITICAL - 2025-01-03 00:55:54 --> Error: Call to undefined method CodeIgniter\HTTP\IncomingRequest::hasFile()
[Method: POST, Route: courses/save_slide/15]
in APPPATH\Controllers\Courses.php on line 560.
 1 SYSTEMPATH\CodeIgniter.php(933): App\Controllers\Courses->save_slide('15')
 2 SYSTEMPATH\CodeIgniter.php(509): CodeIgniter\CodeIgniter->runController(Object(App\Controllers\Courses))
 3 SYSTEMPATH\CodeIgniter.php(355): CodeIgniter\CodeIgniter->handleRequest(null, Object(Config\Cache), false)
 4 SYSTEMPATH\Boot.php(325): CodeIgniter\CodeIgniter->run()
 5 SYSTEMPATH\Boot.php(67): CodeIgniter\Boot::runCodeIgniter(Object(CodeIgniter\CodeIgniter))
 6 FCPATH\index.php(56): CodeIgniter\Boot::bootWeb(Object(Config\Paths))
INFO - 2025-01-03 00:56:14 --> Session: Class initialized using 'CodeIgniter\Session\Handlers\FileHandler' driver.
CRITICAL - 2025-01-03 00:56:15 --> ErrorException: Trying to access array offset on value of type null
[Method: GET, Route: courses/view_slides/public/assests/Logo.png]
in APPPATH\Views\dashboard\courses\index_slides.php on line 6.
 1 APPPATH\Views\dashboard\courses\index_slides.php(6): CodeIgniter\Debug\Exceptions->errorHandler(2, 'Trying to access array offset on value of type null', 'C:\\xampp\\htdocs\\Student_Management_Portal\\app\\Views\\dashboard\\courses\\index_slides.php', 6)
 2 SYSTEMPATH\View\View.php(234): include('C:\\xampp\\htdocs\\Student_Management_Portal\\app\\Views\\dashboard\\courses\\index_slides.php')
 3 SYSTEMPATH\View\View.php(237): CodeIgniter\View\View->CodeIgniter\View\{closure}()
 4 SYSTEMPATH\Common.php(1171): CodeIgniter\View\View->render('dashboard/courses/index_slides', [], true)
 5 APPPATH\Controllers\Courses.php(537): view('dashboard/courses/index_slides', [...])
 6 SYSTEMPATH\CodeIgniter.php(933): App\Controllers\Courses->view_slides('public', 'assests', 'Logo.png')
 7 SYSTEMPATH\CodeIgniter.php(509): CodeIgniter\CodeIgniter->runController(Object(App\Controllers\Courses))
 8 SYSTEMPATH\CodeIgniter.php(355): CodeIgniter\CodeIgniter->handleRequest(null, Object(Config\Cache), false)
 9 SYSTEMPATH\Boot.php(325): CodeIgniter\CodeIgniter->run()
10 SYSTEMPATH\Boot.php(67): CodeIgniter\Boot::runCodeIgniter(Object(CodeIgniter\CodeIgniter))
11 FCPATH\index.php(56): CodeIgniter\Boot::bootWeb(Object(Config\Paths))
CRITICAL - 2025-01-03 00:56:21 --> ErrorException: Trying to access array offset on value of type null
[Method: GET, Route: courses/view_slides/public/assests/Logo.png]
in APPPATH\Views\dashboard\courses\index_slides.php on line 6.
 1 APPPATH\Views\dashboard\courses\index_slides.php(6): CodeIgniter\Debug\Exceptions->errorHandler(2, 'Trying to access array offset on value of type null', 'C:\\xampp\\htdocs\\Student_Management_Portal\\app\\Views\\dashboard\\courses\\index_slides.php', 6)
 2 SYSTEMPATH\View\View.php(234): include('C:\\xampp\\htdocs\\Student_Management_Portal\\app\\Views\\dashboard\\courses\\index_slides.php')
 3 SYSTEMPATH\View\View.php(237): CodeIgniter\View\View->CodeIgniter\View\{closure}()
 4 SYSTEMPATH\Common.php(1171): CodeIgniter\View\View->render('dashboard/courses/index_slides', [], true)
 5 APPPATH\Controllers\Courses.php(537): view('dashboard/courses/index_slides', [...])
 6 SYSTEMPATH\CodeIgniter.php(933): App\Controllers\Courses->view_slides('public', 'assests', 'Logo.png')
 7 SYSTEMPATH\CodeIgniter.php(509): CodeIgniter\CodeIgniter->runController(Object(App\Controllers\Courses))
 8 SYSTEMPATH\CodeIgniter.php(355): CodeIgniter\CodeIgniter->handleRequest(null, Object(Config\Cache), false)
 9 SYSTEMPATH\Boot.php(325): CodeIgniter\CodeIgniter->run()
10 SYSTEMPATH\Boot.php(67): CodeIgniter\Boot::runCodeIgniter(Object(CodeIgniter\CodeIgniter))
11 FCPATH\index.php(56): CodeIgniter\Boot::bootWeb(Object(Config\Paths))
INFO - 2025-01-03 00:57:14 --> Session: Class initialized using 'CodeIgniter\Session\Handlers\FileHandler' driver.
CRITICAL - 2025-01-03 00:57:15 --> ErrorException: Trying to access array offset on value of type null
[Method: GET, Route: courses/view_slides/public/assests/Logo.png]
in APPPATH\Views\dashboard\courses\index_slides.php on line 6.
 1 APPPATH\Views\dashboard\courses\index_slides.php(6): CodeIgniter\Debug\Exceptions->errorHandler(2, 'Trying to access array offset on value of type null', 'C:\\xampp\\htdocs\\Student_Management_Portal\\app\\Views\\dashboard\\courses\\index_slides.php', 6)
 2 SYSTEMPATH\View\View.php(234): include('C:\\xampp\\htdocs\\Student_Management_Portal\\app\\Views\\dashboard\\courses\\index_slides.php')
 3 SYSTEMPATH\View\View.php(237): CodeIgniter\View\View->CodeIgniter\View\{closure}()
 4 SYSTEMPATH\Common.php(1171): CodeIgniter\View\View->render('dashboard/courses/index_slides', [], true)
 5 APPPATH\Controllers\Courses.php(537): view('dashboard/courses/index_slides', [...])
 6 SYSTEMPATH\CodeIgniter.php(933): App\Controllers\Courses->view_slides('public', 'assests', 'Logo.png')
 7 SYSTEMPATH\CodeIgniter.php(509): CodeIgniter\CodeIgniter->runController(Object(App\Controllers\Courses))
 8 SYSTEMPATH\CodeIgniter.php(355): CodeIgniter\CodeIgniter->handleRequest(null, Object(Config\Cache), false)
 9 SYSTEMPATH\Boot.php(325): CodeIgniter\CodeIgniter->run()
10 SYSTEMPATH\Boot.php(67): CodeIgniter\Boot::runCodeIgniter(Object(CodeIgniter\CodeIgniter))
11 FCPATH\index.php(56): CodeIgniter\Boot::bootWeb(Object(Config\Paths))
CRITICAL - 2025-01-03 00:58:07 --> ErrorException: Trying to access array offset on value of type null
[Method: GET, Route: courses/view_slides/public/assests/Logo.png]
in APPPATH\Views\dashboard\courses\index_slides.php on line 6.
 1 APPPATH\Views\dashboard\courses\index_slides.php(6): CodeIgniter\Debug\Exceptions->errorHandler(2, 'Trying to access array offset on value of type null', 'C:\\xampp\\htdocs\\Student_Management_Portal\\app\\Views\\dashboard\\courses\\index_slides.php', 6)
 2 SYSTEMPATH\View\View.php(234): include('C:\\xampp\\htdocs\\Student_Management_Portal\\app\\Views\\dashboard\\courses\\index_slides.php')
 3 SYSTEMPATH\View\View.php(237): CodeIgniter\View\View->CodeIgniter\View\{closure}()
 4 SYSTEMPATH\Common.php(1171): CodeIgniter\View\View->render('dashboard/courses/index_slides', [], true)
 5 APPPATH\Controllers\Courses.php(537): view('dashboard/courses/index_slides', [...])
 6 SYSTEMPATH\CodeIgniter.php(933): App\Controllers\Courses->view_slides('public', 'assests', 'Logo.png')
 7 SYSTEMPATH\CodeIgniter.php(509): CodeIgniter\CodeIgniter->runController(Object(App\Controllers\Courses))
 8 SYSTEMPATH\CodeIgniter.php(355): CodeIgniter\CodeIgniter->handleRequest(null, Object(Config\Cache), false)
 9 SYSTEMPATH\Boot.php(325): CodeIgniter\CodeIgniter->run()
10 SYSTEMPATH\Boot.php(67): CodeIgniter\Boot::runCodeIgniter(Object(CodeIgniter\CodeIgniter))
11 FCPATH\index.php(56): CodeIgniter\Boot::bootWeb(Object(Config\Paths))
CRITICAL - 2025-01-03 00:58:12 --> Error: Call to undefined method CodeIgniter\HTTP\IncomingRequest::hasFile()
[Method: POST, Route: courses/save_slide/15]
in APPPATH\Controllers\Courses.php on line 560.
 1 SYSTEMPATH\CodeIgniter.php(933): App\Controllers\Courses->save_slide('15')
 2 SYSTEMPATH\CodeIgniter.php(509): CodeIgniter\CodeIgniter->runController(Object(App\Controllers\Courses))
 3 SYSTEMPATH\CodeIgniter.php(355): CodeIgniter\CodeIgniter->handleRequest(null, Object(Config\Cache), false)
 4 SYSTEMPATH\Boot.php(325): CodeIgniter\CodeIgniter->run()
 5 SYSTEMPATH\Boot.php(67): CodeIgniter\Boot::runCodeIgniter(Object(CodeIgniter\CodeIgniter))
 6 FCPATH\index.php(56): CodeIgniter\Boot::bootWeb(Object(Config\Paths))
CRITICAL - 2025-01-03 00:58:34 --> Error: Call to undefined method CodeIgniter\HTTP\IncomingRequest::hasFile()
[Method: POST, Route: courses/save_slide/15]
in APPPATH\Controllers\Courses.php on line 560.
 1 SYSTEMPATH\CodeIgniter.php(933): App\Controllers\Courses->save_slide('15')
 2 SYSTEMPATH\CodeIgniter.php(509): CodeIgniter\CodeIgniter->runController(Object(App\Controllers\Courses))
 3 SYSTEMPATH\CodeIgniter.php(355): CodeIgniter\CodeIgniter->handleRequest(null, Object(Config\Cache), false)
 4 SYSTEMPATH\Boot.php(325): CodeIgniter\CodeIgniter->run()
 5 SYSTEMPATH\Boot.php(67): CodeIgniter\Boot::runCodeIgniter(Object(CodeIgniter\CodeIgniter))
 6 FCPATH\index.php(56): CodeIgniter\Boot::bootWeb(Object(Config\Paths))
INFO - 2025-01-03 00:59:16 --> Session: Class initialized using 'CodeIgniter\Session\Handlers\FileHandler' driver.
CRITICAL - 2025-01-03 00:59:17 --> ErrorException: Trying to access array offset on value of type null
[Method: GET, Route: courses/view_slides/public/assests/Logo.png]
in APPPATH\Views\dashboard\courses\index_slides.php on line 6.
 1 APPPATH\Views\dashboard\courses\index_slides.php(6): CodeIgniter\Debug\Exceptions->errorHandler(2, 'Trying to access array offset on value of type null', 'C:\\xampp\\htdocs\\Student_Management_Portal\\app\\Views\\dashboard\\courses\\index_slides.php', 6)
 2 SYSTEMPATH\View\View.php(234): include('C:\\xampp\\htdocs\\Student_Management_Portal\\app\\Views\\dashboard\\courses\\index_slides.php')
 3 SYSTEMPATH\View\View.php(237): CodeIgniter\View\View->CodeIgniter\View\{closure}()
 4 SYSTEMPATH\Common.php(1171): CodeIgniter\View\View->render('dashboard/courses/index_slides', [], true)
 5 APPPATH\Controllers\Courses.php(537): view('dashboard/courses/index_slides', [...])
 6 SYSTEMPATH\CodeIgniter.php(933): App\Controllers\Courses->view_slides('public', 'assests', 'Logo.png')
 7 SYSTEMPATH\CodeIgniter.php(509): CodeIgniter\CodeIgniter->runController(Object(App\Controllers\Courses))
 8 SYSTEMPATH\CodeIgniter.php(355): CodeIgniter\CodeIgniter->handleRequest(null, Object(Config\Cache), false)
 9 SYSTEMPATH\Boot.php(325): CodeIgniter\CodeIgniter->run()
10 SYSTEMPATH\Boot.php(67): CodeIgniter\Boot::runCodeIgniter(Object(CodeIgniter\CodeIgniter))
11 FCPATH\index.php(56): CodeIgniter\Boot::bootWeb(Object(Config\Paths))
CRITICAL - 2025-01-03 00:59:24 --> ErrorException: Trying to access array offset on value of type null
[Method: GET, Route: courses/view_slides/public/assests/Logo.png]
in APPPATH\Views\dashboard\courses\index_slides.php on line 6.
 1 APPPATH\Views\dashboard\courses\index_slides.php(6): CodeIgniter\Debug\Exceptions->errorHandler(2, 'Trying to access array offset on value of type null', 'C:\\xampp\\htdocs\\Student_Management_Portal\\app\\Views\\dashboard\\courses\\index_slides.php', 6)
 2 SYSTEMPATH\View\View.php(234): include('C:\\xampp\\htdocs\\Student_Management_Portal\\app\\Views\\dashboard\\courses\\index_slides.php')
 3 SYSTEMPATH\View\View.php(237): CodeIgniter\View\View->CodeIgniter\View\{closure}()
 4 SYSTEMPATH\Common.php(1171): CodeIgniter\View\View->render('dashboard/courses/index_slides', [], true)
 5 APPPATH\Controllers\Courses.php(537): view('dashboard/courses/index_slides', [...])
 6 SYSTEMPATH\CodeIgniter.php(933): App\Controllers\Courses->view_slides('public', 'assests', 'Logo.png')
 7 SYSTEMPATH\CodeIgniter.php(509): CodeIgniter\CodeIgniter->runController(Object(App\Controllers\Courses))
 8 SYSTEMPATH\CodeIgniter.php(355): CodeIgniter\CodeIgniter->handleRequest(null, Object(Config\Cache), false)
 9 SYSTEMPATH\Boot.php(325): CodeIgniter\CodeIgniter->run()
10 SYSTEMPATH\Boot.php(67): CodeIgniter\Boot::runCodeIgniter(Object(CodeIgniter\CodeIgniter))
11 FCPATH\index.php(56): CodeIgniter\Boot::bootWeb(Object(Config\Paths))
CRITICAL - 2025-01-03 00:59:27 --> ErrorException: Trying to access array offset on value of type null
[Method: GET, Route: courses/view_slides/public/assests/Logo.png]
in APPPATH\Views\dashboard\courses\index_slides.php on line 6.
 1 APPPATH\Views\dashboard\courses\index_slides.php(6): CodeIgniter\Debug\Exceptions->errorHandler(2, 'Trying to access array offset on value of type null', 'C:\\xampp\\htdocs\\Student_Management_Portal\\app\\Views\\dashboard\\courses\\index_slides.php', 6)
 2 SYSTEMPATH\View\View.php(234): include('C:\\xampp\\htdocs\\Student_Management_Portal\\app\\Views\\dashboard\\courses\\index_slides.php')
 3 SYSTEMPATH\View\View.php(237): CodeIgniter\View\View->CodeIgniter\View\{closure}()
 4 SYSTEMPATH\Common.php(1171): CodeIgniter\View\View->render('dashboard/courses/index_slides', [], true)
 5 APPPATH\Controllers\Courses.php(537): view('dashboard/courses/index_slides', [...])
 6 SYSTEMPATH\CodeIgniter.php(933): App\Controllers\Courses->view_slides('public', 'assests', 'Logo.png')
 7 SYSTEMPATH\CodeIgniter.php(509): CodeIgniter\CodeIgniter->runController(Object(App\Controllers\Courses))
 8 SYSTEMPATH\CodeIgniter.php(355): CodeIgniter\CodeIgniter->handleRequest(null, Object(Config\Cache), false)
 9 SYSTEMPATH\Boot.php(325): CodeIgniter\CodeIgniter->run()
10 SYSTEMPATH\Boot.php(67): CodeIgniter\Boot::runCodeIgniter(Object(CodeIgniter\CodeIgniter))
11 FCPATH\index.php(56): CodeIgniter\Boot::bootWeb(Object(Config\Paths))
CRITICAL - 2025-01-03 00:59:30 --> ErrorException: Trying to access array offset on value of type null
[Method: GET, Route: courses/view_slides/public/assests/Logo.png]
in APPPATH\Views\dashboard\courses\index_slides.php on line 6.
 1 APPPATH\Views\dashboard\courses\index_slides.php(6): CodeIgniter\Debug\Exceptions->errorHandler(2, 'Trying to access array offset on value of type null', 'C:\\xampp\\htdocs\\Student_Management_Portal\\app\\Views\\dashboard\\courses\\index_slides.php', 6)
 2 SYSTEMPATH\View\View.php(234): include('C:\\xampp\\htdocs\\Student_Management_Portal\\app\\Views\\dashboard\\courses\\index_slides.php')
 3 SYSTEMPATH\View\View.php(237): CodeIgniter\View\View->CodeIgniter\View\{closure}()
 4 SYSTEMPATH\Common.php(1171): CodeIgniter\View\View->render('dashboard/courses/index_slides', [], true)
 5 APPPATH\Controllers\Courses.php(537): view('dashboard/courses/index_slides', [...])
 6 SYSTEMPATH\CodeIgniter.php(933): App\Controllers\Courses->view_slides('public', 'assests', 'Logo.png')
 7 SYSTEMPATH\CodeIgniter.php(509): CodeIgniter\CodeIgniter->runController(Object(App\Controllers\Courses))
 8 SYSTEMPATH\CodeIgniter.php(355): CodeIgniter\CodeIgniter->handleRequest(null, Object(Config\Cache), false)
 9 SYSTEMPATH\Boot.php(325): CodeIgniter\CodeIgniter->run()
10 SYSTEMPATH\Boot.php(67): CodeIgniter\Boot::runCodeIgniter(Object(CodeIgniter\CodeIgniter))
11 FCPATH\index.php(56): CodeIgniter\Boot::bootWeb(Object(Config\Paths))
CRITICAL - 2025-01-03 01:01:49 --> ErrorException: Trying to access array offset on value of type null
[Method: GET, Route: courses/view_slides/public/assests/Logo.png]
in APPPATH\Views\dashboard\courses\index_slides.php on line 6.
 1 APPPATH\Views\dashboard\courses\index_slides.php(6): CodeIgniter\Debug\Exceptions->errorHandler(2, 'Trying to access array offset on value of type null', 'C:\\xampp\\htdocs\\Student_Management_Portal\\app\\Views\\dashboard\\courses\\index_slides.php', 6)
 2 SYSTEMPATH\View\View.php(234): include('C:\\xampp\\htdocs\\Student_Management_Portal\\app\\Views\\dashboard\\courses\\index_slides.php')
 3 SYSTEMPATH\View\View.php(237): CodeIgniter\View\View->CodeIgniter\View\{closure}()
 4 SYSTEMPATH\Common.php(1171): CodeIgniter\View\View->render('dashboard/courses/index_slides', [], true)
 5 APPPATH\Controllers\Courses.php(537): view('dashboard/courses/index_slides', [...])
 6 SYSTEMPATH\CodeIgniter.php(933): App\Controllers\Courses->view_slides('public', 'assests', 'Logo.png')
 7 SYSTEMPATH\CodeIgniter.php(509): CodeIgniter\CodeIgniter->runController(Object(App\Controllers\Courses))
 8 SYSTEMPATH\CodeIgniter.php(355): CodeIgniter\CodeIgniter->handleRequest(null, Object(Config\Cache), false)
 9 SYSTEMPATH\Boot.php(325): CodeIgniter\CodeIgniter->run()
10 SYSTEMPATH\Boot.php(67): CodeIgniter\Boot::runCodeIgniter(Object(CodeIgniter\CodeIgniter))
11 FCPATH\index.php(56): CodeIgniter\Boot::bootWeb(Object(Config\Paths))
INFO - 2025-01-03 01:02:03 --> Session: Class initialized using 'CodeIgniter\Session\Handlers\FileHandler' driver.
CRITICAL - 2025-01-03 01:02:03 --> ErrorException: Trying to access array offset on value of type null
[Method: GET, Route: courses/view_slides/public/assests/Logo.png]
in APPPATH\Views\dashboard\courses\index_slides.php on line 6.
 1 APPPATH\Views\dashboard\courses\index_slides.php(6): CodeIgniter\Debug\Exceptions->errorHandler(2, 'Trying to access array offset on value of type null', 'C:\\xampp\\htdocs\\Student_Management_Portal\\app\\Views\\dashboard\\courses\\index_slides.php', 6)
 2 SYSTEMPATH\View\View.php(234): include('C:\\xampp\\htdocs\\Student_Management_Portal\\app\\Views\\dashboard\\courses\\index_slides.php')
 3 SYSTEMPATH\View\View.php(237): CodeIgniter\View\View->CodeIgniter\View\{closure}()
 4 SYSTEMPATH\Common.php(1171): CodeIgniter\View\View->render('dashboard/courses/index_slides', [], true)
 5 APPPATH\Controllers\Courses.php(537): view('dashboard/courses/index_slides', [...])
 6 SYSTEMPATH\CodeIgniter.php(933): App\Controllers\Courses->view_slides('public', 'assests', 'Logo.png')
 7 SYSTEMPATH\CodeIgniter.php(509): CodeIgniter\CodeIgniter->runController(Object(App\Controllers\Courses))
 8 SYSTEMPATH\CodeIgniter.php(355): CodeIgniter\CodeIgniter->handleRequest(null, Object(Config\Cache), false)
 9 SYSTEMPATH\Boot.php(325): CodeIgniter\CodeIgniter->run()
10 SYSTEMPATH\Boot.php(67): CodeIgniter\Boot::runCodeIgniter(Object(CodeIgniter\CodeIgniter))
11 FCPATH\index.php(56): CodeIgniter\Boot::bootWeb(Object(Config\Paths))
CRITICAL - 2025-01-03 01:02:38 --> ParseError: syntax error, unexpected token "public", expecting end of file
[Method: GET, Route: courses/view_slides/15]
in APPPATH\Controllers\Courses.php on line 614.
 1 SYSTEMPATH\Autoloader\Autoloader.php(296): CodeIgniter\Autoloader\Autoloader->includeFile('C:\\xampp\\htdocs\\Student_Management_Portal\\app\\Controllers\\Courses.php')
 2 SYSTEMPATH\Autoloader\Autoloader.php(272): CodeIgniter\Autoloader\Autoloader->loadInNamespace('App\\Controllers\\Courses')
 3 [internal function]: CodeIgniter\Autoloader\Autoloader->loadClass('App\\Controllers\\Courses')
 4 SYSTEMPATH\CodeIgniter.php(887): class_exists('\\App\\Controllers\\Courses', true)
 5 SYSTEMPATH\CodeIgniter.php(496): CodeIgniter\CodeIgniter->startController()
 6 SYSTEMPATH\CodeIgniter.php(355): CodeIgniter\CodeIgniter->handleRequest(null, Object(Config\Cache), false)
 7 SYSTEMPATH\Boot.php(325): CodeIgniter\CodeIgniter->run()
 8 SYSTEMPATH\Boot.php(67): CodeIgniter\Boot::runCodeIgniter(Object(CodeIgniter\CodeIgniter))
 9 FCPATH\index.php(56): CodeIgniter\Boot::bootWeb(Object(Config\Paths))
INFO - 2025-01-03 01:03:42 --> Session: Class initialized using 'CodeIgniter\Session\Handlers\FileHandler' driver.
CRITICAL - 2025-01-03 01:03:42 --> ErrorException: Trying to access array offset on value of type null
[Method: GET, Route: courses/view_slides/public/assests/Logo.png]
in APPPATH\Views\dashboard\courses\index_slides.php on line 6.
 1 APPPATH\Views\dashboard\courses\index_slides.php(6): CodeIgniter\Debug\Exceptions->errorHandler(2, 'Trying to access array offset on value of type null', 'C:\\xampp\\htdocs\\Student_Management_Portal\\app\\Views\\dashboard\\courses\\index_slides.php', 6)
 2 SYSTEMPATH\View\View.php(234): include('C:\\xampp\\htdocs\\Student_Management_Portal\\app\\Views\\dashboard\\courses\\index_slides.php')
 3 SYSTEMPATH\View\View.php(237): CodeIgniter\View\View->CodeIgniter\View\{closure}()
 4 SYSTEMPATH\Common.php(1171): CodeIgniter\View\View->render('dashboard/courses/index_slides', [], true)
 5 APPPATH\Controllers\Courses.php(537): view('dashboard/courses/index_slides', [...])
 6 SYSTEMPATH\CodeIgniter.php(933): App\Controllers\Courses->view_slides('public', 'assests', 'Logo.png')
 7 SYSTEMPATH\CodeIgniter.php(509): CodeIgniter\CodeIgniter->runController(Object(App\Controllers\Courses))
 8 SYSTEMPATH\CodeIgniter.php(355): CodeIgniter\CodeIgniter->handleRequest(null, Object(Config\Cache), false)
 9 SYSTEMPATH\Boot.php(325): CodeIgniter\CodeIgniter->run()
10 SYSTEMPATH\Boot.php(67): CodeIgniter\Boot::runCodeIgniter(Object(CodeIgniter\CodeIgniter))
11 FCPATH\index.php(56): CodeIgniter\Boot::bootWeb(Object(Config\Paths))
CRITICAL - 2025-01-03 01:03:48 --> ErrorException: Trying to access array offset on value of type null
[Method: GET, Route: courses/view_slides/public/assests/Logo.png]
in APPPATH\Views\dashboard\courses\index_slides.php on line 6.
 1 APPPATH\Views\dashboard\courses\index_slides.php(6): CodeIgniter\Debug\Exceptions->errorHandler(2, 'Trying to access array offset on value of type null', 'C:\\xampp\\htdocs\\Student_Management_Portal\\app\\Views\\dashboard\\courses\\index_slides.php', 6)
 2 SYSTEMPATH\View\View.php(234): include('C:\\xampp\\htdocs\\Student_Management_Portal\\app\\Views\\dashboard\\courses\\index_slides.php')
 3 SYSTEMPATH\View\View.php(237): CodeIgniter\View\View->CodeIgniter\View\{closure}()
 4 SYSTEMPATH\Common.php(1171): CodeIgniter\View\View->render('dashboard/courses/index_slides', [], true)
 5 APPPATH\Controllers\Courses.php(537): view('dashboard/courses/index_slides', [...])
 6 SYSTEMPATH\CodeIgniter.php(933): App\Controllers\Courses->view_slides('public', 'assests', 'Logo.png')
 7 SYSTEMPATH\CodeIgniter.php(509): CodeIgniter\CodeIgniter->runController(Object(App\Controllers\Courses))
 8 SYSTEMPATH\CodeIgniter.php(355): CodeIgniter\CodeIgniter->handleRequest(null, Object(Config\Cache), false)
 9 SYSTEMPATH\Boot.php(325): CodeIgniter\CodeIgniter->run()
10 SYSTEMPATH\Boot.php(67): CodeIgniter\Boot::runCodeIgniter(Object(CodeIgniter\CodeIgniter))
11 FCPATH\index.php(56): CodeIgniter\Boot::bootWeb(Object(Config\Paths))
CRITICAL - 2025-01-03 01:05:28 --> ErrorException: Trying to access array offset on value of type null
[Method: GET, Route: courses/view_slides/public/assests/Logo.png]
in APPPATH\Views\dashboard\courses\index_slides.php on line 6.
 1 APPPATH\Views\dashboard\courses\index_slides.php(6): CodeIgniter\Debug\Exceptions->errorHandler(2, 'Trying to access array offset on value of type null', 'C:\\xampp\\htdocs\\Student_Management_Portal\\app\\Views\\dashboard\\courses\\index_slides.php', 6)
 2 SYSTEMPATH\View\View.php(234): include('C:\\xampp\\htdocs\\Student_Management_Portal\\app\\Views\\dashboard\\courses\\index_slides.php')
 3 SYSTEMPATH\View\View.php(237): CodeIgniter\View\View->CodeIgniter\View\{closure}()
 4 SYSTEMPATH\Common.php(1171): CodeIgniter\View\View->render('dashboard/courses/index_slides', [], true)
 5 APPPATH\Controllers\Courses.php(537): view('dashboard/courses/index_slides', [...])
 6 SYSTEMPATH\CodeIgniter.php(933): App\Controllers\Courses->view_slides('public', 'assests', 'Logo.png')
 7 SYSTEMPATH\CodeIgniter.php(509): CodeIgniter\CodeIgniter->runController(Object(App\Controllers\Courses))
 8 SYSTEMPATH\CodeIgniter.php(355): CodeIgniter\CodeIgniter->handleRequest(null, Object(Config\Cache), false)
 9 SYSTEMPATH\Boot.php(325): CodeIgniter\CodeIgniter->run()
10 SYSTEMPATH\Boot.php(67): CodeIgniter\Boot::runCodeIgniter(Object(CodeIgniter\CodeIgniter))
11 FCPATH\index.php(56): CodeIgniter\Boot::bootWeb(Object(Config\Paths))
CRITICAL - 2025-01-03 01:10:18 --> ErrorException: Trying to access array offset on value of type null
[Method: GET, Route: courses/view_slides/public/assests/Logo.png]
in APPPATH\Views\dashboard\courses\index_slides.php on line 6.
 1 APPPATH\Views\dashboard\courses\index_slides.php(6): CodeIgniter\Debug\Exceptions->errorHandler(2, 'Trying to access array offset on value of type null', 'C:\\xampp\\htdocs\\Student_Management_Portal\\app\\Views\\dashboard\\courses\\index_slides.php', 6)
 2 SYSTEMPATH\View\View.php(234): include('C:\\xampp\\htdocs\\Student_Management_Portal\\app\\Views\\dashboard\\courses\\index_slides.php')
 3 SYSTEMPATH\View\View.php(237): CodeIgniter\View\View->CodeIgniter\View\{closure}()
 4 SYSTEMPATH\Common.php(1171): CodeIgniter\View\View->render('dashboard/courses/index_slides', [], true)
 5 APPPATH\Controllers\Courses.php(537): view('dashboard/courses/index_slides', [...])
 6 SYSTEMPATH\CodeIgniter.php(933): App\Controllers\Courses->view_slides('public', 'assests', 'Logo.png')
 7 SYSTEMPATH\CodeIgniter.php(509): CodeIgniter\CodeIgniter->runController(Object(App\Controllers\Courses))
 8 SYSTEMPATH\CodeIgniter.php(355): CodeIgniter\CodeIgniter->handleRequest(null, Object(Config\Cache), false)
 9 SYSTEMPATH\Boot.php(325): CodeIgniter\CodeIgniter->run()
10 SYSTEMPATH\Boot.php(67): CodeIgniter\Boot::runCodeIgniter(Object(CodeIgniter\CodeIgniter))
11 FCPATH\index.php(56): CodeIgniter\Boot::bootWeb(Object(Config\Paths))
CRITICAL - 2025-01-03 01:10:47 --> ErrorException: Trying to access array offset on value of type null
[Method: GET, Route: courses/view_slides/public/assests/Logo.png]
in APPPATH\Views\dashboard\courses\index_slides.php on line 6.
 1 APPPATH\Views\dashboard\courses\index_slides.php(6): CodeIgniter\Debug\Exceptions->errorHandler(2, 'Trying to access array offset on value of type null', 'C:\\xampp\\htdocs\\Student_Management_Portal\\app\\Views\\dashboard\\courses\\index_slides.php', 6)
 2 SYSTEMPATH\View\View.php(234): include('C:\\xampp\\htdocs\\Student_Management_Portal\\app\\Views\\dashboard\\courses\\index_slides.php')
 3 SYSTEMPATH\View\View.php(237): CodeIgniter\View\View->CodeIgniter\View\{closure}()
 4 SYSTEMPATH\Common.php(1171): CodeIgniter\View\View->render('dashboard/courses/index_slides', [], true)
 5 APPPATH\Controllers\Courses.php(537): view('dashboard/courses/index_slides', [...])
 6 SYSTEMPATH\CodeIgniter.php(933): App\Controllers\Courses->view_slides('public', 'assests', 'Logo.png')
 7 SYSTEMPATH\CodeIgniter.php(509): CodeIgniter\CodeIgniter->runController(Object(App\Controllers\Courses))
 8 SYSTEMPATH\CodeIgniter.php(355): CodeIgniter\CodeIgniter->handleRequest(null, Object(Config\Cache), false)
 9 SYSTEMPATH\Boot.php(325): CodeIgniter\CodeIgniter->run()
10 SYSTEMPATH\Boot.php(67): CodeIgniter\Boot::runCodeIgniter(Object(CodeIgniter\CodeIgniter))
11 FCPATH\index.php(56): CodeIgniter\Boot::bootWeb(Object(Config\Paths))
CRITICAL - 2025-01-03 01:10:53 --> ErrorException: Trying to access array offset on value of type null
[Method: GET, Route: courses/view_slides/public/assests/Logo.png]
in APPPATH\Views\dashboard\courses\index_slides.php on line 6.
 1 APPPATH\Views\dashboard\courses\index_slides.php(6): CodeIgniter\Debug\Exceptions->errorHandler(2, 'Trying to access array offset on value of type null', 'C:\\xampp\\htdocs\\Student_Management_Portal\\app\\Views\\dashboard\\courses\\index_slides.php', 6)
 2 SYSTEMPATH\View\View.php(234): include('C:\\xampp\\htdocs\\Student_Management_Portal\\app\\Views\\dashboard\\courses\\index_slides.php')
 3 SYSTEMPATH\View\View.php(237): CodeIgniter\View\View->CodeIgniter\View\{closure}()
 4 SYSTEMPATH\Common.php(1171): CodeIgniter\View\View->render('dashboard/courses/index_slides', [], true)
 5 APPPATH\Controllers\Courses.php(537): view('dashboard/courses/index_slides', [...])
 6 SYSTEMPATH\CodeIgniter.php(933): App\Controllers\Courses->view_slides('public', 'assests', 'Logo.png')
 7 SYSTEMPATH\CodeIgniter.php(509): CodeIgniter\CodeIgniter->runController(Object(App\Controllers\Courses))
 8 SYSTEMPATH\CodeIgniter.php(355): CodeIgniter\CodeIgniter->handleRequest(null, Object(Config\Cache), false)
 9 SYSTEMPATH\Boot.php(325): CodeIgniter\CodeIgniter->run()
10 SYSTEMPATH\Boot.php(67): CodeIgniter\Boot::runCodeIgniter(Object(CodeIgniter\CodeIgniter))
11 FCPATH\index.php(56): CodeIgniter\Boot::bootWeb(Object(Config\Paths))
CRITICAL - 2025-01-03 01:10:56 --> CodeIgniter\View\Exceptions\ViewException: Invalid file: "courses/edit_slide.php"
[Method: GET, Route: courses/edit_slide/16]
in SYSTEMPATH\Exceptions\FrameworkException.php on line 41.
 1 SYSTEMPATH\View\View.php(222): CodeIgniter\Exceptions\FrameworkException::forInvalidFile('courses/edit_slide.php')
 2 SYSTEMPATH\Common.php(1171): CodeIgniter\View\View->render('courses/edit_slide', [], true)
 3 APPPATH\Controllers\Courses.php(617): view('courses/edit_slide', [...])
 4 SYSTEMPATH\CodeIgniter.php(933): App\Controllers\Courses->edit_slide('16')
 5 SYSTEMPATH\CodeIgniter.php(509): CodeIgniter\CodeIgniter->runController(Object(App\Controllers\Courses))
 6 SYSTEMPATH\CodeIgniter.php(355): CodeIgniter\CodeIgniter->handleRequest(null, Object(Config\Cache), false)
 7 SYSTEMPATH\Boot.php(325): CodeIgniter\CodeIgniter->run()
 8 SYSTEMPATH\Boot.php(67): CodeIgniter\Boot::runCodeIgniter(Object(CodeIgniter\CodeIgniter))
 9 FCPATH\index.php(56): CodeIgniter\Boot::bootWeb(Object(Config\Paths))
CRITICAL - 2025-01-03 01:10:59 --> ErrorException: Trying to access array offset on value of type null
[Method: GET, Route: courses/view_slides/public/assests/Logo.png]
in APPPATH\Views\dashboard\courses\index_slides.php on line 6.
 1 APPPATH\Views\dashboard\courses\index_slides.php(6): CodeIgniter\Debug\Exceptions->errorHandler(2, 'Trying to access array offset on value of type null', 'C:\\xampp\\htdocs\\Student_Management_Portal\\app\\Views\\dashboard\\courses\\index_slides.php', 6)
 2 SYSTEMPATH\View\View.php(234): include('C:\\xampp\\htdocs\\Student_Management_Portal\\app\\Views\\dashboard\\courses\\index_slides.php')
 3 SYSTEMPATH\View\View.php(237): CodeIgniter\View\View->CodeIgniter\View\{closure}()
 4 SYSTEMPATH\Common.php(1171): CodeIgniter\View\View->render('dashboard/courses/index_slides', [], true)
 5 APPPATH\Controllers\Courses.php(537): view('dashboard/courses/index_slides', [...])
 6 SYSTEMPATH\CodeIgniter.php(933): App\Controllers\Courses->view_slides('public', 'assests', 'Logo.png')
 7 SYSTEMPATH\CodeIgniter.php(509): CodeIgniter\CodeIgniter->runController(Object(App\Controllers\Courses))
 8 SYSTEMPATH\CodeIgniter.php(355): CodeIgniter\CodeIgniter->handleRequest(null, Object(Config\Cache), false)
 9 SYSTEMPATH\Boot.php(325): CodeIgniter\CodeIgniter->run()
10 SYSTEMPATH\Boot.php(67): CodeIgniter\Boot::runCodeIgniter(Object(CodeIgniter\CodeIgniter))
11 FCPATH\index.php(56): CodeIgniter\Boot::bootWeb(Object(Config\Paths))
CRITICAL - 2025-01-03 01:12:20 --> ErrorException: Trying to access array offset on value of type null
[Method: GET, Route: courses/view_slides/public/assests/Logo.png]
in APPPATH\Views\dashboard\courses\index_slides.php on line 6.
 1 APPPATH\Views\dashboard\courses\index_slides.php(6): CodeIgniter\Debug\Exceptions->errorHandler(2, 'Trying to access array offset on value of type null', 'C:\\xampp\\htdocs\\Student_Management_Portal\\app\\Views\\dashboard\\courses\\index_slides.php', 6)
 2 SYSTEMPATH\View\View.php(234): include('C:\\xampp\\htdocs\\Student_Management_Portal\\app\\Views\\dashboard\\courses\\index_slides.php')
 3 SYSTEMPATH\View\View.php(237): CodeIgniter\View\View->CodeIgniter\View\{closure}()
 4 SYSTEMPATH\Common.php(1171): CodeIgniter\View\View->render('dashboard/courses/index_slides', [], true)
 5 APPPATH\Controllers\Courses.php(537): view('dashboard/courses/index_slides', [...])
 6 SYSTEMPATH\CodeIgniter.php(933): App\Controllers\Courses->view_slides('public', 'assests', 'Logo.png')
 7 SYSTEMPATH\CodeIgniter.php(509): CodeIgniter\CodeIgniter->runController(Object(App\Controllers\Courses))
 8 SYSTEMPATH\CodeIgniter.php(355): CodeIgniter\CodeIgniter->handleRequest(null, Object(Config\Cache), false)
 9 SYSTEMPATH\Boot.php(325): CodeIgniter\CodeIgniter->run()
10 SYSTEMPATH\Boot.php(67): CodeIgniter\Boot::runCodeIgniter(Object(CodeIgniter\CodeIgniter))
11 FCPATH\index.php(56): CodeIgniter\Boot::bootWeb(Object(Config\Paths))
CRITICAL - 2025-01-03 01:12:22 --> ErrorException: Undefined variable $data
[Method: GET, Route: courses/download_slide/uploads/slides/1735865230_67a3e1739cc267b687ff.pdf]
in APPPATH\Controllers\Courses.php on line 596.
 1 APPPATH\Controllers\Courses.php(596): CodeIgniter\Debug\Exceptions->errorHandler(2, 'Undefined variable $data', 'C:\\xampp\\htdocs\\Student_Management_Portal\\app\\Controllers\\Courses.php', 596)
 2 SYSTEMPATH\CodeIgniter.php(933): App\Controllers\Courses->download_slide('uploads', 'slides', '1735865230_67a3e1739cc267b687ff.pdf')
 3 SYSTEMPATH\CodeIgniter.php(509): CodeIgniter\CodeIgniter->runController(Object(App\Controllers\Courses))
 4 SYSTEMPATH\CodeIgniter.php(355): CodeIgniter\CodeIgniter->handleRequest(null, Object(Config\Cache), false)
 5 SYSTEMPATH\Boot.php(325): CodeIgniter\CodeIgniter->run()
 6 SYSTEMPATH\Boot.php(67): CodeIgniter\Boot::runCodeIgniter(Object(CodeIgniter\CodeIgniter))
 7 FCPATH\index.php(56): CodeIgniter\Boot::bootWeb(Object(Config\Paths))
CRITICAL - 2025-01-03 01:12:22 --> ErrorException: Undefined variable $data
[Method: GET, Route: courses/download_slide/uploads/slides/1735865230_67a3e1739cc267b687ff.pdf]
in APPPATH\Controllers\Courses.php on line 596.
 1 APPPATH\Controllers\Courses.php(596): CodeIgniter\Debug\Exceptions->errorHandler(2, 'Undefined variable $data', 'C:\\xampp\\htdocs\\Student_Management_Portal\\app\\Controllers\\Courses.php', 596)
 2 SYSTEMPATH\CodeIgniter.php(933): App\Controllers\Courses->download_slide('uploads', 'slides', '1735865230_67a3e1739cc267b687ff.pdf')
 3 SYSTEMPATH\CodeIgniter.php(509): CodeIgniter\CodeIgniter->runController(Object(App\Controllers\Courses))
 4 SYSTEMPATH\CodeIgniter.php(355): CodeIgniter\CodeIgniter->handleRequest(null, Object(Config\Cache), false)
 5 SYSTEMPATH\Boot.php(325): CodeIgniter\CodeIgniter->run()
 6 SYSTEMPATH\Boot.php(67): CodeIgniter\Boot::runCodeIgniter(Object(CodeIgniter\CodeIgniter))
 7 FCPATH\index.php(56): CodeIgniter\Boot::bootWeb(Object(Config\Paths))
CRITICAL - 2025-01-03 01:12:22 --> ErrorException: Undefined variable $data
[Method: GET, Route: courses/download_slide/uploads/slides/1735865230_67a3e1739cc267b687ff.pdf]
in APPPATH\Controllers\Courses.php on line 596.
 1 APPPATH\Controllers\Courses.php(596): CodeIgniter\Debug\Exceptions->errorHandler(2, 'Undefined variable $data', 'C:\\xampp\\htdocs\\Student_Management_Portal\\app\\Controllers\\Courses.php', 596)
 2 SYSTEMPATH\CodeIgniter.php(933): App\Controllers\Courses->download_slide('uploads', 'slides', '1735865230_67a3e1739cc267b687ff.pdf')
 3 SYSTEMPATH\CodeIgniter.php(509): CodeIgniter\CodeIgniter->runController(Object(App\Controllers\Courses))
 4 SYSTEMPATH\CodeIgniter.php(355): CodeIgniter\CodeIgniter->handleRequest(null, Object(Config\Cache), false)
 5 SYSTEMPATH\Boot.php(325): CodeIgniter\CodeIgniter->run()
 6 SYSTEMPATH\Boot.php(67): CodeIgniter\Boot::runCodeIgniter(Object(CodeIgniter\CodeIgniter))
 7 FCPATH\index.php(56): CodeIgniter\Boot::bootWeb(Object(Config\Paths))
CRITICAL - 2025-01-03 01:12:22 --> ErrorException: Undefined variable $data
[Method: GET, Route: courses/download_slide/uploads/slides/1735865230_67a3e1739cc267b687ff.pdf]
in APPPATH\Controllers\Courses.php on line 596.
 1 APPPATH\Controllers\Courses.php(596): CodeIgniter\Debug\Exceptions->errorHandler(2, 'Undefined variable $data', 'C:\\xampp\\htdocs\\Student_Management_Portal\\app\\Controllers\\Courses.php', 596)
 2 SYSTEMPATH\CodeIgniter.php(933): App\Controllers\Courses->download_slide('uploads', 'slides', '1735865230_67a3e1739cc267b687ff.pdf')
 3 SYSTEMPATH\CodeIgniter.php(509): CodeIgniter\CodeIgniter->runController(Object(App\Controllers\Courses))
 4 SYSTEMPATH\CodeIgniter.php(355): CodeIgniter\CodeIgniter->handleRequest(null, Object(Config\Cache), false)
 5 SYSTEMPATH\Boot.php(325): CodeIgniter\CodeIgniter->run()
 6 SYSTEMPATH\Boot.php(67): CodeIgniter\Boot::runCodeIgniter(Object(CodeIgniter\CodeIgniter))
 7 FCPATH\index.php(56): CodeIgniter\Boot::bootWeb(Object(Config\Paths))
CRITICAL - 2025-01-03 01:12:22 --> ErrorException: Undefined variable $data
[Method: GET, Route: courses/download_slide/uploads/slides/1735865230_67a3e1739cc267b687ff.pdf]
in APPPATH\Controllers\Courses.php on line 596.
 1 APPPATH\Controllers\Courses.php(596): CodeIgniter\Debug\Exceptions->errorHandler(2, 'Undefined variable $data', 'C:\\xampp\\htdocs\\Student_Management_Portal\\app\\Controllers\\Courses.php', 596)
 2 SYSTEMPATH\CodeIgniter.php(933): App\Controllers\Courses->download_slide('uploads', 'slides', '1735865230_67a3e1739cc267b687ff.pdf')
 3 SYSTEMPATH\CodeIgniter.php(509): CodeIgniter\CodeIgniter->runController(Object(App\Controllers\Courses))
 4 SYSTEMPATH\CodeIgniter.php(355): CodeIgniter\CodeIgniter->handleRequest(null, Object(Config\Cache), false)
 5 SYSTEMPATH\Boot.php(325): CodeIgniter\CodeIgniter->run()
 6 SYSTEMPATH\Boot.php(67): CodeIgniter\Boot::runCodeIgniter(Object(CodeIgniter\CodeIgniter))
 7 FCPATH\index.php(56): CodeIgniter\Boot::bootWeb(Object(Config\Paths))
CRITICAL - 2025-01-03 01:12:30 --> ErrorException: Trying to access array offset on value of type null
[Method: GET, Route: courses/view_slides/public/assests/Logo.png]
in APPPATH\Views\dashboard\courses\index_slides.php on line 6.
 1 APPPATH\Views\dashboard\courses\index_slides.php(6): CodeIgniter\Debug\Exceptions->errorHandler(2, 'Trying to access array offset on value of type null', 'C:\\xampp\\htdocs\\Student_Management_Portal\\app\\Views\\dashboard\\courses\\index_slides.php', 6)
 2 SYSTEMPATH\View\View.php(234): include('C:\\xampp\\htdocs\\Student_Management_Portal\\app\\Views\\dashboard\\courses\\index_slides.php')
 3 SYSTEMPATH\View\View.php(237): CodeIgniter\View\View->CodeIgniter\View\{closure}()
 4 SYSTEMPATH\Common.php(1171): CodeIgniter\View\View->render('dashboard/courses/index_slides', [], true)
 5 APPPATH\Controllers\Courses.php(537): view('dashboard/courses/index_slides', [...])
 6 SYSTEMPATH\CodeIgniter.php(933): App\Controllers\Courses->view_slides('public', 'assests', 'Logo.png')
 7 SYSTEMPATH\CodeIgniter.php(509): CodeIgniter\CodeIgniter->runController(Object(App\Controllers\Courses))
 8 SYSTEMPATH\CodeIgniter.php(355): CodeIgniter\CodeIgniter->handleRequest(null, Object(Config\Cache), false)
 9 SYSTEMPATH\Boot.php(325): CodeIgniter\CodeIgniter->run()
10 SYSTEMPATH\Boot.php(67): CodeIgniter\Boot::runCodeIgniter(Object(CodeIgniter\CodeIgniter))
11 FCPATH\index.php(56): CodeIgniter\Boot::bootWeb(Object(Config\Paths))
CRITICAL - 2025-01-03 01:13:10 --> ErrorException: Undefined variable $data
[Method: GET, Route: courses/download_slide/uploads/slides/1735864874_fc3f42566793df6f1101.pdf]
in APPPATH\Controllers\Courses.php on line 596.
 1 APPPATH\Controllers\Courses.php(596): CodeIgniter\Debug\Exceptions->errorHandler(2, 'Undefined variable $data', 'C:\\xampp\\htdocs\\Student_Management_Portal\\app\\Controllers\\Courses.php', 596)
 2 SYSTEMPATH\CodeIgniter.php(933): App\Controllers\Courses->download_slide('uploads', 'slides', '1735864874_fc3f42566793df6f1101.pdf')
 3 SYSTEMPATH\CodeIgniter.php(509): CodeIgniter\CodeIgniter->runController(Object(App\Controllers\Courses))
 4 SYSTEMPATH\CodeIgniter.php(355): CodeIgniter\CodeIgniter->handleRequest(null, Object(Config\Cache), false)
 5 SYSTEMPATH\Boot.php(325): CodeIgniter\CodeIgniter->run()
 6 SYSTEMPATH\Boot.php(67): CodeIgniter\Boot::runCodeIgniter(Object(CodeIgniter\CodeIgniter))
 7 FCPATH\index.php(56): CodeIgniter\Boot::bootWeb(Object(Config\Paths))
CRITICAL - 2025-01-03 01:13:10 --> ErrorException: Undefined variable $data
[Method: GET, Route: courses/download_slide/uploads/slides/1735864874_fc3f42566793df6f1101.pdf]
in APPPATH\Controllers\Courses.php on line 596.
 1 APPPATH\Controllers\Courses.php(596): CodeIgniter\Debug\Exceptions->errorHandler(2, 'Undefined variable $data', 'C:\\xampp\\htdocs\\Student_Management_Portal\\app\\Controllers\\Courses.php', 596)
 2 SYSTEMPATH\CodeIgniter.php(933): App\Controllers\Courses->download_slide('uploads', 'slides', '1735864874_fc3f42566793df6f1101.pdf')
 3 SYSTEMPATH\CodeIgniter.php(509): CodeIgniter\CodeIgniter->runController(Object(App\Controllers\Courses))
 4 SYSTEMPATH\CodeIgniter.php(355): CodeIgniter\CodeIgniter->handleRequest(null, Object(Config\Cache), false)
 5 SYSTEMPATH\Boot.php(325): CodeIgniter\CodeIgniter->run()
 6 SYSTEMPATH\Boot.php(67): CodeIgniter\Boot::runCodeIgniter(Object(CodeIgniter\CodeIgniter))
 7 FCPATH\index.php(56): CodeIgniter\Boot::bootWeb(Object(Config\Paths))
CRITICAL - 2025-01-03 01:13:10 --> ErrorException: Undefined variable $data
[Method: GET, Route: courses/download_slide/uploads/slides/1735864874_fc3f42566793df6f1101.pdf]
in APPPATH\Controllers\Courses.php on line 596.
 1 APPPATH\Controllers\Courses.php(596): CodeIgniter\Debug\Exceptions->errorHandler(2, 'Undefined variable $data', 'C:\\xampp\\htdocs\\Student_Management_Portal\\app\\Controllers\\Courses.php', 596)
 2 SYSTEMPATH\CodeIgniter.php(933): App\Controllers\Courses->download_slide('uploads', 'slides', '1735864874_fc3f42566793df6f1101.pdf')
 3 SYSTEMPATH\CodeIgniter.php(509): CodeIgniter\CodeIgniter->runController(Object(App\Controllers\Courses))
 4 SYSTEMPATH\CodeIgniter.php(355): CodeIgniter\CodeIgniter->handleRequest(null, Object(Config\Cache), false)
 5 SYSTEMPATH\Boot.php(325): CodeIgniter\CodeIgniter->run()
 6 SYSTEMPATH\Boot.php(67): CodeIgniter\Boot::runCodeIgniter(Object(CodeIgniter\CodeIgniter))
 7 FCPATH\index.php(56): CodeIgniter\Boot::bootWeb(Object(Config\Paths))
CRITICAL - 2025-01-03 01:13:10 --> ErrorException: Undefined variable $data
[Method: GET, Route: courses/download_slide/uploads/slides/1735864874_fc3f42566793df6f1101.pdf]
in APPPATH\Controllers\Courses.php on line 596.
 1 APPPATH\Controllers\Courses.php(596): CodeIgniter\Debug\Exceptions->errorHandler(2, 'Undefined variable $data', 'C:\\xampp\\htdocs\\Student_Management_Portal\\app\\Controllers\\Courses.php', 596)
 2 SYSTEMPATH\CodeIgniter.php(933): App\Controllers\Courses->download_slide('uploads', 'slides', '1735864874_fc3f42566793df6f1101.pdf')
 3 SYSTEMPATH\CodeIgniter.php(509): CodeIgniter\CodeIgniter->runController(Object(App\Controllers\Courses))
 4 SYSTEMPATH\CodeIgniter.php(355): CodeIgniter\CodeIgniter->handleRequest(null, Object(Config\Cache), false)
 5 SYSTEMPATH\Boot.php(325): CodeIgniter\CodeIgniter->run()
 6 SYSTEMPATH\Boot.php(67): CodeIgniter\Boot::runCodeIgniter(Object(CodeIgniter\CodeIgniter))
 7 FCPATH\index.php(56): CodeIgniter\Boot::bootWeb(Object(Config\Paths))
CRITICAL - 2025-01-03 01:13:11 --> ErrorException: Undefined variable $data
[Method: GET, Route: courses/download_slide/uploads/slides/1735864874_fc3f42566793df6f1101.pdf]
in APPPATH\Controllers\Courses.php on line 596.
 1 APPPATH\Controllers\Courses.php(596): CodeIgniter\Debug\Exceptions->errorHandler(2, 'Undefined variable $data', 'C:\\xampp\\htdocs\\Student_Management_Portal\\app\\Controllers\\Courses.php', 596)
 2 SYSTEMPATH\CodeIgniter.php(933): App\Controllers\Courses->download_slide('uploads', 'slides', '1735864874_fc3f42566793df6f1101.pdf')
 3 SYSTEMPATH\CodeIgniter.php(509): CodeIgniter\CodeIgniter->runController(Object(App\Controllers\Courses))
 4 SYSTEMPATH\CodeIgniter.php(355): CodeIgniter\CodeIgniter->handleRequest(null, Object(Config\Cache), false)
 5 SYSTEMPATH\Boot.php(325): CodeIgniter\CodeIgniter->run()
 6 SYSTEMPATH\Boot.php(67): CodeIgniter\Boot::runCodeIgniter(Object(CodeIgniter\CodeIgniter))
 7 FCPATH\index.php(56): CodeIgniter\Boot::bootWeb(Object(Config\Paths))
CRITICAL - 2025-01-03 01:13:56 --> ErrorException: Trying to access array offset on value of type null
[Method: GET, Route: courses/view_slides/public/assests/Logo.png]
in APPPATH\Views\dashboard\courses\index_slides.php on line 6.
 1 APPPATH\Views\dashboard\courses\index_slides.php(6): CodeIgniter\Debug\Exceptions->errorHandler(2, 'Trying to access array offset on value of type null', 'C:\\xampp\\htdocs\\Student_Management_Portal\\app\\Views\\dashboard\\courses\\index_slides.php', 6)
 2 SYSTEMPATH\View\View.php(234): include('C:\\xampp\\htdocs\\Student_Management_Portal\\app\\Views\\dashboard\\courses\\index_slides.php')
 3 SYSTEMPATH\View\View.php(237): CodeIgniter\View\View->CodeIgniter\View\{closure}()
 4 SYSTEMPATH\Common.php(1171): CodeIgniter\View\View->render('dashboard/courses/index_slides', [], true)
 5 APPPATH\Controllers\Courses.php(537): view('dashboard/courses/index_slides', [...])
 6 SYSTEMPATH\CodeIgniter.php(933): App\Controllers\Courses->view_slides('public', 'assests', 'Logo.png')
 7 SYSTEMPATH\CodeIgniter.php(509): CodeIgniter\CodeIgniter->runController(Object(App\Controllers\Courses))
 8 SYSTEMPATH\CodeIgniter.php(355): CodeIgniter\CodeIgniter->handleRequest(null, Object(Config\Cache), false)
 9 SYSTEMPATH\Boot.php(325): CodeIgniter\CodeIgniter->run()
10 SYSTEMPATH\Boot.php(67): CodeIgniter\Boot::runCodeIgniter(Object(CodeIgniter\CodeIgniter))
11 FCPATH\index.php(56): CodeIgniter\Boot::bootWeb(Object(Config\Paths))
CRITICAL - 2025-01-03 01:14:31 --> ErrorException: Trying to access array offset on value of type null
[Method: GET, Route: courses/view_slides/public/assests/Logo.png]
in APPPATH\Views\dashboard\courses\index_slides.php on line 6.
 1 APPPATH\Views\dashboard\courses\index_slides.php(6): CodeIgniter\Debug\Exceptions->errorHandler(2, 'Trying to access array offset on value of type null', 'C:\\xampp\\htdocs\\Student_Management_Portal\\app\\Views\\dashboard\\courses\\index_slides.php', 6)
 2 SYSTEMPATH\View\View.php(234): include('C:\\xampp\\htdocs\\Student_Management_Portal\\app\\Views\\dashboard\\courses\\index_slides.php')
 3 SYSTEMPATH\View\View.php(237): CodeIgniter\View\View->CodeIgniter\View\{closure}()
 4 SYSTEMPATH\Common.php(1171): CodeIgniter\View\View->render('dashboard/courses/index_slides', [], true)
 5 APPPATH\Controllers\Courses.php(537): view('dashboard/courses/index_slides', [...])
 6 SYSTEMPATH\CodeIgniter.php(933): App\Controllers\Courses->view_slides('public', 'assests', 'Logo.png')
 7 SYSTEMPATH\CodeIgniter.php(509): CodeIgniter\CodeIgniter->runController(Object(App\Controllers\Courses))
 8 SYSTEMPATH\CodeIgniter.php(355): CodeIgniter\CodeIgniter->handleRequest(null, Object(Config\Cache), false)
 9 SYSTEMPATH\Boot.php(325): CodeIgniter\CodeIgniter->run()
10 SYSTEMPATH\Boot.php(67): CodeIgniter\Boot::runCodeIgniter(Object(CodeIgniter\CodeIgniter))
11 FCPATH\index.php(56): CodeIgniter\Boot::bootWeb(Object(Config\Paths))
CRITICAL - 2025-01-03 01:15:29 --> ErrorException: Trying to access array offset on value of type null
[Method: GET, Route: courses/view_slides/public/assests/Logo.png]
in APPPATH\Views\dashboard\courses\index_slides.php on line 6.
 1 APPPATH\Views\dashboard\courses\index_slides.php(6): CodeIgniter\Debug\Exceptions->errorHandler(2, 'Trying to access array offset on value of type null', 'C:\\xampp\\htdocs\\Student_Management_Portal\\app\\Views\\dashboard\\courses\\index_slides.php', 6)
 2 SYSTEMPATH\View\View.php(234): include('C:\\xampp\\htdocs\\Student_Management_Portal\\app\\Views\\dashboard\\courses\\index_slides.php')
 3 SYSTEMPATH\View\View.php(237): CodeIgniter\View\View->CodeIgniter\View\{closure}()
 4 SYSTEMPATH\Common.php(1171): CodeIgniter\View\View->render('dashboard/courses/index_slides', [], true)
 5 APPPATH\Controllers\Courses.php(537): view('dashboard/courses/index_slides', [...])
 6 SYSTEMPATH\CodeIgniter.php(933): App\Controllers\Courses->view_slides('public', 'assests', 'Logo.png')
 7 SYSTEMPATH\CodeIgniter.php(509): CodeIgniter\CodeIgniter->runController(Object(App\Controllers\Courses))
 8 SYSTEMPATH\CodeIgniter.php(355): CodeIgniter\CodeIgniter->handleRequest(null, Object(Config\Cache), false)
 9 SYSTEMPATH\Boot.php(325): CodeIgniter\CodeIgniter->run()
10 SYSTEMPATH\Boot.php(67): CodeIgniter\Boot::runCodeIgniter(Object(CodeIgniter\CodeIgniter))
11 FCPATH\index.php(56): CodeIgniter\Boot::bootWeb(Object(Config\Paths))
CRITICAL - 2025-01-03 01:15:35 --> ErrorException: Trying to access array offset on value of type null
[Method: GET, Route: courses/view_slides/public/assests/Logo.png]
in APPPATH\Views\dashboard\courses\index_slides.php on line 6.
 1 APPPATH\Views\dashboard\courses\index_slides.php(6): CodeIgniter\Debug\Exceptions->errorHandler(2, 'Trying to access array offset on value of type null', 'C:\\xampp\\htdocs\\Student_Management_Portal\\app\\Views\\dashboard\\courses\\index_slides.php', 6)
 2 SYSTEMPATH\View\View.php(234): include('C:\\xampp\\htdocs\\Student_Management_Portal\\app\\Views\\dashboard\\courses\\index_slides.php')
 3 SYSTEMPATH\View\View.php(237): CodeIgniter\View\View->CodeIgniter\View\{closure}()
 4 SYSTEMPATH\Common.php(1171): CodeIgniter\View\View->render('dashboard/courses/index_slides', [], true)
 5 APPPATH\Controllers\Courses.php(537): view('dashboard/courses/index_slides', [...])
 6 SYSTEMPATH\CodeIgniter.php(933): App\Controllers\Courses->view_slides('public', 'assests', 'Logo.png')
 7 SYSTEMPATH\CodeIgniter.php(509): CodeIgniter\CodeIgniter->runController(Object(App\Controllers\Courses))
 8 SYSTEMPATH\CodeIgniter.php(355): CodeIgniter\CodeIgniter->handleRequest(null, Object(Config\Cache), false)
 9 SYSTEMPATH\Boot.php(325): CodeIgniter\CodeIgniter->run()
10 SYSTEMPATH\Boot.php(67): CodeIgniter\Boot::runCodeIgniter(Object(CodeIgniter\CodeIgniter))
11 FCPATH\index.php(56): CodeIgniter\Boot::bootWeb(Object(Config\Paths))
CRITICAL - 2025-01-03 01:15:40 --> ErrorException: Trying to access array offset on value of type null
[Method: GET, Route: courses/view_slides/public/assests/Logo.png]
in APPPATH\Views\dashboard\courses\index_slides.php on line 6.
 1 APPPATH\Views\dashboard\courses\index_slides.php(6): CodeIgniter\Debug\Exceptions->errorHandler(2, 'Trying to access array offset on value of type null', 'C:\\xampp\\htdocs\\Student_Management_Portal\\app\\Views\\dashboard\\courses\\index_slides.php', 6)
 2 SYSTEMPATH\View\View.php(234): include('C:\\xampp\\htdocs\\Student_Management_Portal\\app\\Views\\dashboard\\courses\\index_slides.php')
 3 SYSTEMPATH\View\View.php(237): CodeIgniter\View\View->CodeIgniter\View\{closure}()
 4 SYSTEMPATH\Common.php(1171): CodeIgniter\View\View->render('dashboard/courses/index_slides', [], true)
 5 APPPATH\Controllers\Courses.php(537): view('dashboard/courses/index_slides', [...])
 6 SYSTEMPATH\CodeIgniter.php(933): App\Controllers\Courses->view_slides('public', 'assests', 'Logo.png')
 7 SYSTEMPATH\CodeIgniter.php(509): CodeIgniter\CodeIgniter->runController(Object(App\Controllers\Courses))
 8 SYSTEMPATH\CodeIgniter.php(355): CodeIgniter\CodeIgniter->handleRequest(null, Object(Config\Cache), false)
 9 SYSTEMPATH\Boot.php(325): CodeIgniter\CodeIgniter->run()
10 SYSTEMPATH\Boot.php(67): CodeIgniter\Boot::runCodeIgniter(Object(CodeIgniter\CodeIgniter))
11 FCPATH\index.php(56): CodeIgniter\Boot::bootWeb(Object(Config\Paths))
CRITICAL - 2025-01-03 01:16:10 --> ErrorException: Trying to access array offset on value of type null
[Method: GET, Route: courses/view_slides/public/assests/Logo.png]
in APPPATH\Views\dashboard\courses\index_slides.php on line 6.
 1 APPPATH\Views\dashboard\courses\index_slides.php(6): CodeIgniter\Debug\Exceptions->errorHandler(2, 'Trying to access array offset on value of type null', 'C:\\xampp\\htdocs\\Student_Management_Portal\\app\\Views\\dashboard\\courses\\index_slides.php', 6)
 2 SYSTEMPATH\View\View.php(234): include('C:\\xampp\\htdocs\\Student_Management_Portal\\app\\Views\\dashboard\\courses\\index_slides.php')
 3 SYSTEMPATH\View\View.php(237): CodeIgniter\View\View->CodeIgniter\View\{closure}()
 4 SYSTEMPATH\Common.php(1171): CodeIgniter\View\View->render('dashboard/courses/index_slides', [], true)
 5 APPPATH\Controllers\Courses.php(537): view('dashboard/courses/index_slides', [...])
 6 SYSTEMPATH\CodeIgniter.php(933): App\Controllers\Courses->view_slides('public', 'assests', 'Logo.png')
 7 SYSTEMPATH\CodeIgniter.php(509): CodeIgniter\CodeIgniter->runController(Object(App\Controllers\Courses))
 8 SYSTEMPATH\CodeIgniter.php(355): CodeIgniter\CodeIgniter->handleRequest(null, Object(Config\Cache), false)
 9 SYSTEMPATH\Boot.php(325): CodeIgniter\CodeIgniter->run()
10 SYSTEMPATH\Boot.php(67): CodeIgniter\Boot::runCodeIgniter(Object(CodeIgniter\CodeIgniter))
11 FCPATH\index.php(56): CodeIgniter\Boot::bootWeb(Object(Config\Paths))
CRITICAL - 2025-01-03 01:16:27 --> ErrorException: Trying to access array offset on value of type null
[Method: GET, Route: courses/view_slides/public/assests/Logo.png]
in APPPATH\Views\dashboard\courses\index_slides.php on line 6.
 1 APPPATH\Views\dashboard\courses\index_slides.php(6): CodeIgniter\Debug\Exceptions->errorHandler(2, 'Trying to access array offset on value of type null', 'C:\\xampp\\htdocs\\Student_Management_Portal\\app\\Views\\dashboard\\courses\\index_slides.php', 6)
 2 SYSTEMPATH\View\View.php(234): include('C:\\xampp\\htdocs\\Student_Management_Portal\\app\\Views\\dashboard\\courses\\index_slides.php')
 3 SYSTEMPATH\View\View.php(237): CodeIgniter\View\View->CodeIgniter\View\{closure}()
 4 SYSTEMPATH\Common.php(1171): CodeIgniter\View\View->render('dashboard/courses/index_slides', [], true)
 5 APPPATH\Controllers\Courses.php(537): view('dashboard/courses/index_slides', [...])
 6 SYSTEMPATH\CodeIgniter.php(933): App\Controllers\Courses->view_slides('public', 'assests', 'Logo.png')
 7 SYSTEMPATH\CodeIgniter.php(509): CodeIgniter\CodeIgniter->runController(Object(App\Controllers\Courses))
 8 SYSTEMPATH\CodeIgniter.php(355): CodeIgniter\CodeIgniter->handleRequest(null, Object(Config\Cache), false)
 9 SYSTEMPATH\Boot.php(325): CodeIgniter\CodeIgniter->run()
10 SYSTEMPATH\Boot.php(67): CodeIgniter\Boot::runCodeIgniter(Object(CodeIgniter\CodeIgniter))
11 FCPATH\index.php(56): CodeIgniter\Boot::bootWeb(Object(Config\Paths))
CRITICAL - 2025-01-03 01:16:32 --> ErrorException: Trying to access array offset on value of type null
[Method: GET, Route: courses/view_slides/public/assests/Logo.png]
in APPPATH\Views\dashboard\courses\index_slides.php on line 6.
 1 APPPATH\Views\dashboard\courses\index_slides.php(6): CodeIgniter\Debug\Exceptions->errorHandler(2, 'Trying to access array offset on value of type null', 'C:\\xampp\\htdocs\\Student_Management_Portal\\app\\Views\\dashboard\\courses\\index_slides.php', 6)
 2 SYSTEMPATH\View\View.php(234): include('C:\\xampp\\htdocs\\Student_Management_Portal\\app\\Views\\dashboard\\courses\\index_slides.php')
 3 SYSTEMPATH\View\View.php(237): CodeIgniter\View\View->CodeIgniter\View\{closure}()
 4 SYSTEMPATH\Common.php(1171): CodeIgniter\View\View->render('dashboard/courses/index_slides', [], true)
 5 APPPATH\Controllers\Courses.php(537): view('dashboard/courses/index_slides', [...])
 6 SYSTEMPATH\CodeIgniter.php(933): App\Controllers\Courses->view_slides('public', 'assests', 'Logo.png')
 7 SYSTEMPATH\CodeIgniter.php(509): CodeIgniter\CodeIgniter->runController(Object(App\Controllers\Courses))
 8 SYSTEMPATH\CodeIgniter.php(355): CodeIgniter\CodeIgniter->handleRequest(null, Object(Config\Cache), false)
 9 SYSTEMPATH\Boot.php(325): CodeIgniter\CodeIgniter->run()
10 SYSTEMPATH\Boot.php(67): CodeIgniter\Boot::runCodeIgniter(Object(CodeIgniter\CodeIgniter))
11 FCPATH\index.php(56): CodeIgniter\Boot::bootWeb(Object(Config\Paths))
CRITICAL - 2025-01-03 01:20:08 --> ErrorException: Trying to access array offset on value of type null
[Method: GET, Route: courses/view_slides/public/assests/Logo.png]
in APPPATH\Views\dashboard\courses\index_slides.php on line 6.
 1 APPPATH\Views\dashboard\courses\index_slides.php(6): CodeIgniter\Debug\Exceptions->errorHandler(2, 'Trying to access array offset on value of type null', 'C:\\xampp\\htdocs\\Student_Management_Portal\\app\\Views\\dashboard\\courses\\index_slides.php', 6)
 2 SYSTEMPATH\View\View.php(234): include('C:\\xampp\\htdocs\\Student_Management_Portal\\app\\Views\\dashboard\\courses\\index_slides.php')
 3 SYSTEMPATH\View\View.php(237): CodeIgniter\View\View->CodeIgniter\View\{closure}()
 4 SYSTEMPATH\Common.php(1171): CodeIgniter\View\View->render('dashboard/courses/index_slides', [], true)
 5 APPPATH\Controllers\Courses.php(537): view('dashboard/courses/index_slides', [...])
 6 SYSTEMPATH\CodeIgniter.php(933): App\Controllers\Courses->view_slides('public', 'assests', 'Logo.png')
 7 SYSTEMPATH\CodeIgniter.php(509): CodeIgniter\CodeIgniter->runController(Object(App\Controllers\Courses))
 8 SYSTEMPATH\CodeIgniter.php(355): CodeIgniter\CodeIgniter->handleRequest(null, Object(Config\Cache), false)
 9 SYSTEMPATH\Boot.php(325): CodeIgniter\CodeIgniter->run()
10 SYSTEMPATH\Boot.php(67): CodeIgniter\Boot::runCodeIgniter(Object(CodeIgniter\CodeIgniter))
11 FCPATH\index.php(56): CodeIgniter\Boot::bootWeb(Object(Config\Paths))
CRITICAL - 2025-01-03 01:20:14 --> ErrorException: Trying to access array offset on value of type null
[Method: GET, Route: courses/view_slides/public/assests/Logo.png]
in APPPATH\Views\dashboard\courses\index_slides.php on line 6.
 1 APPPATH\Views\dashboard\courses\index_slides.php(6): CodeIgniter\Debug\Exceptions->errorHandler(2, 'Trying to access array offset on value of type null', 'C:\\xampp\\htdocs\\Student_Management_Portal\\app\\Views\\dashboard\\courses\\index_slides.php', 6)
 2 SYSTEMPATH\View\View.php(234): include('C:\\xampp\\htdocs\\Student_Management_Portal\\app\\Views\\dashboard\\courses\\index_slides.php')
 3 SYSTEMPATH\View\View.php(237): CodeIgniter\View\View->CodeIgniter\View\{closure}()
 4 SYSTEMPATH\Common.php(1171): CodeIgniter\View\View->render('dashboard/courses/index_slides', [], true)
 5 APPPATH\Controllers\Courses.php(537): view('dashboard/courses/index_slides', [...])
 6 SYSTEMPATH\CodeIgniter.php(933): App\Controllers\Courses->view_slides('public', 'assests', 'Logo.png')
 7 SYSTEMPATH\CodeIgniter.php(509): CodeIgniter\CodeIgniter->runController(Object(App\Controllers\Courses))
 8 SYSTEMPATH\CodeIgniter.php(355): CodeIgniter\CodeIgniter->handleRequest(null, Object(Config\Cache), false)
 9 SYSTEMPATH\Boot.php(325): CodeIgniter\CodeIgniter->run()
10 SYSTEMPATH\Boot.php(67): CodeIgniter\Boot::runCodeIgniter(Object(CodeIgniter\CodeIgniter))
11 FCPATH\index.php(56): CodeIgniter\Boot::bootWeb(Object(Config\Paths))
CRITICAL - 2025-01-03 01:20:19 --> ErrorException: Trying to access array offset on value of type null
[Method: GET, Route: courses/view_slides/public/assests/Logo.png]
in APPPATH\Views\dashboard\courses\index_slides.php on line 6.
 1 APPPATH\Views\dashboard\courses\index_slides.php(6): CodeIgniter\Debug\Exceptions->errorHandler(2, 'Trying to access array offset on value of type null', 'C:\\xampp\\htdocs\\Student_Management_Portal\\app\\Views\\dashboard\\courses\\index_slides.php', 6)
 2 SYSTEMPATH\View\View.php(234): include('C:\\xampp\\htdocs\\Student_Management_Portal\\app\\Views\\dashboard\\courses\\index_slides.php')
 3 SYSTEMPATH\View\View.php(237): CodeIgniter\View\View->CodeIgniter\View\{closure}()
 4 SYSTEMPATH\Common.php(1171): CodeIgniter\View\View->render('dashboard/courses/index_slides', [], true)
 5 APPPATH\Controllers\Courses.php(537): view('dashboard/courses/index_slides', [...])
 6 SYSTEMPATH\CodeIgniter.php(933): App\Controllers\Courses->view_slides('public', 'assests', 'Logo.png')
 7 SYSTEMPATH\CodeIgniter.php(509): CodeIgniter\CodeIgniter->runController(Object(App\Controllers\Courses))
 8 SYSTEMPATH\CodeIgniter.php(355): CodeIgniter\CodeIgniter->handleRequest(null, Object(Config\Cache), false)
 9 SYSTEMPATH\Boot.php(325): CodeIgniter\CodeIgniter->run()
10 SYSTEMPATH\Boot.php(67): CodeIgniter\Boot::runCodeIgniter(Object(CodeIgniter\CodeIgniter))
11 FCPATH\index.php(56): CodeIgniter\Boot::bootWeb(Object(Config\Paths))
CRITICAL - 2025-01-03 01:22:10 --> ErrorException: Trying to access array offset on value of type null
[Method: GET, Route: courses/view_slides/public/assests/Logo.png]
in APPPATH\Views\dashboard\courses\index_slides.php on line 6.
 1 APPPATH\Views\dashboard\courses\index_slides.php(6): CodeIgniter\Debug\Exceptions->errorHandler(2, 'Trying to access array offset on value of type null', 'C:\\xampp\\htdocs\\Student_Management_Portal\\app\\Views\\dashboard\\courses\\index_slides.php', 6)
 2 SYSTEMPATH\View\View.php(234): include('C:\\xampp\\htdocs\\Student_Management_Portal\\app\\Views\\dashboard\\courses\\index_slides.php')
 3 SYSTEMPATH\View\View.php(237): CodeIgniter\View\View->CodeIgniter\View\{closure}()
 4 SYSTEMPATH\Common.php(1171): CodeIgniter\View\View->render('dashboard/courses/index_slides', [], true)
 5 APPPATH\Controllers\Courses.php(537): view('dashboard/courses/index_slides', [...])
 6 SYSTEMPATH\CodeIgniter.php(933): App\Controllers\Courses->view_slides('public', 'assests', 'Logo.png')
 7 SYSTEMPATH\CodeIgniter.php(509): CodeIgniter\CodeIgniter->runController(Object(App\Controllers\Courses))
 8 SYSTEMPATH\CodeIgniter.php(355): CodeIgniter\CodeIgniter->handleRequest(null, Object(Config\Cache), false)
 9 SYSTEMPATH\Boot.php(325): CodeIgniter\CodeIgniter->run()
10 SYSTEMPATH\Boot.php(67): CodeIgniter\Boot::runCodeIgniter(Object(CodeIgniter\CodeIgniter))
11 FCPATH\index.php(56): CodeIgniter\Boot::bootWeb(Object(Config\Paths))
INFO - 2025-01-03 01:22:23 --> Session: Class initialized using 'CodeIgniter\Session\Handlers\FileHandler' driver.
CRITICAL - 2025-01-03 01:22:23 --> ErrorException: Trying to access array offset on value of type null
[Method: GET, Route: courses/view_slides/public/assests/Logo.png]
in APPPATH\Views\dashboard\courses\index_slides.php on line 6.
 1 APPPATH\Views\dashboard\courses\index_slides.php(6): CodeIgniter\Debug\Exceptions->errorHandler(2, 'Trying to access array offset on value of type null', 'C:\\xampp\\htdocs\\Student_Management_Portal\\app\\Views\\dashboard\\courses\\index_slides.php', 6)
 2 SYSTEMPATH\View\View.php(234): include('C:\\xampp\\htdocs\\Student_Management_Portal\\app\\Views\\dashboard\\courses\\index_slides.php')
 3 SYSTEMPATH\View\View.php(237): CodeIgniter\View\View->CodeIgniter\View\{closure}()
 4 SYSTEMPATH\Common.php(1171): CodeIgniter\View\View->render('dashboard/courses/index_slides', [], true)
 5 APPPATH\Controllers\Courses.php(537): view('dashboard/courses/index_slides', [...])
 6 SYSTEMPATH\CodeIgniter.php(933): App\Controllers\Courses->view_slides('public', 'assests', 'Logo.png')
 7 SYSTEMPATH\CodeIgniter.php(509): CodeIgniter\CodeIgniter->runController(Object(App\Controllers\Courses))
 8 SYSTEMPATH\CodeIgniter.php(355): CodeIgniter\CodeIgniter->handleRequest(null, Object(Config\Cache), false)
 9 SYSTEMPATH\Boot.php(325): CodeIgniter\CodeIgniter->run()
10 SYSTEMPATH\Boot.php(67): CodeIgniter\Boot::runCodeIgniter(Object(CodeIgniter\CodeIgniter))
11 FCPATH\index.php(56): CodeIgniter\Boot::bootWeb(Object(Config\Paths))
CRITICAL - 2025-01-03 01:30:56 --> ErrorException: Trying to access array offset on value of type null
[Method: GET, Route: courses/view_slides/public/assests/Logo.png]
in APPPATH\Views\dashboard\courses\index_slides.php on line 6.
 1 APPPATH\Views\dashboard\courses\index_slides.php(6): CodeIgniter\Debug\Exceptions->errorHandler(2, 'Trying to access array offset on value of type null', 'C:\\xampp\\htdocs\\Student_Management_Portal\\app\\Views\\dashboard\\courses\\index_slides.php', 6)
 2 SYSTEMPATH\View\View.php(234): include('C:\\xampp\\htdocs\\Student_Management_Portal\\app\\Views\\dashboard\\courses\\index_slides.php')
 3 SYSTEMPATH\View\View.php(237): CodeIgniter\View\View->CodeIgniter\View\{closure}()
 4 SYSTEMPATH\Common.php(1171): CodeIgniter\View\View->render('dashboard/courses/index_slides', [], true)
 5 APPPATH\Controllers\Courses.php(537): view('dashboard/courses/index_slides', [...])
 6 SYSTEMPATH\CodeIgniter.php(933): App\Controllers\Courses->view_slides('public', 'assests', 'Logo.png')
 7 SYSTEMPATH\CodeIgniter.php(509): CodeIgniter\CodeIgniter->runController(Object(App\Controllers\Courses))
 8 SYSTEMPATH\CodeIgniter.php(355): CodeIgniter\CodeIgniter->handleRequest(null, Object(Config\Cache), false)
 9 SYSTEMPATH\Boot.php(325): CodeIgniter\CodeIgniter->run()
10 SYSTEMPATH\Boot.php(67): CodeIgniter\Boot::runCodeIgniter(Object(CodeIgniter\CodeIgniter))
11 FCPATH\index.php(56): CodeIgniter\Boot::bootWeb(Object(Config\Paths))
INFO - 2025-01-03 01:31:06 --> Session: Class initialized using 'CodeIgniter\Session\Handlers\FileHandler' driver.
CRITICAL - 2025-01-03 01:31:09 --> ErrorException: Undefined array key "subject_id"
[Method: POST, Route: courses/update_slide/14]
in APPPATH\Controllers\Courses.php on line 662.
 1 APPPATH\Controllers\Courses.php(662): CodeIgniter\Debug\Exceptions->errorHandler(2, 'Undefined array key "subject_id"', 'C:\\xampp\\htdocs\\Student_Management_Portal\\app\\Controllers\\Courses.php', 662)
 2 SYSTEMPATH\CodeIgniter.php(933): App\Controllers\Courses->update_slide('14')
 3 SYSTEMPATH\CodeIgniter.php(509): CodeIgniter\CodeIgniter->runController(Object(App\Controllers\Courses))
 4 SYSTEMPATH\CodeIgniter.php(355): CodeIgniter\CodeIgniter->handleRequest(null, Object(Config\Cache), false)
 5 SYSTEMPATH\Boot.php(325): CodeIgniter\CodeIgniter->run()
 6 SYSTEMPATH\Boot.php(67): CodeIgniter\Boot::runCodeIgniter(Object(CodeIgniter\CodeIgniter))
 7 FCPATH\index.php(56): CodeIgniter\Boot::bootWeb(Object(Config\Paths))
INFO - 2025-01-03 01:31:11 --> Session: Class initialized using 'CodeIgniter\Session\Handlers\FileHandler' driver.
CRITICAL - 2025-01-03 01:31:12 --> ErrorException: Trying to access array offset on value of type null
[Method: GET, Route: courses/view_slides/public/assests/Logo.png]
in APPPATH\Views\dashboard\courses\index_slides.php on line 6.
 1 APPPATH\Views\dashboard\courses\index_slides.php(6): CodeIgniter\Debug\Exceptions->errorHandler(2, 'Trying to access array offset on value of type null', 'C:\\xampp\\htdocs\\Student_Management_Portal\\app\\Views\\dashboard\\courses\\index_slides.php', 6)
 2 SYSTEMPATH\View\View.php(234): include('C:\\xampp\\htdocs\\Student_Management_Portal\\app\\Views\\dashboard\\courses\\index_slides.php')
 3 SYSTEMPATH\View\View.php(237): CodeIgniter\View\View->CodeIgniter\View\{closure}()
 4 SYSTEMPATH\Common.php(1171): CodeIgniter\View\View->render('dashboard/courses/index_slides', [], true)
 5 APPPATH\Controllers\Courses.php(537): view('dashboard/courses/index_slides', [...])
 6 SYSTEMPATH\CodeIgniter.php(933): App\Controllers\Courses->view_slides('public', 'assests', 'Logo.png')
 7 SYSTEMPATH\CodeIgniter.php(509): CodeIgniter\CodeIgniter->runController(Object(App\Controllers\Courses))
 8 SYSTEMPATH\CodeIgniter.php(355): CodeIgniter\CodeIgniter->handleRequest(null, Object(Config\Cache), false)
 9 SYSTEMPATH\Boot.php(325): CodeIgniter\CodeIgniter->run()
10 SYSTEMPATH\Boot.php(67): CodeIgniter\Boot::runCodeIgniter(Object(CodeIgniter\CodeIgniter))
11 FCPATH\index.php(56): CodeIgniter\Boot::bootWeb(Object(Config\Paths))
CRITICAL - 2025-01-03 01:31:41 --> ErrorException: Trying to access array offset on value of type null
[Method: GET, Route: courses/view_slides/public/assests/Logo.png]
in APPPATH\Views\dashboard\courses\index_slides.php on line 6.
 1 APPPATH\Views\dashboard\courses\index_slides.php(6): CodeIgniter\Debug\Exceptions->errorHandler(2, 'Trying to access array offset on value of type null', 'C:\\xampp\\htdocs\\Student_Management_Portal\\app\\Views\\dashboard\\courses\\index_slides.php', 6)
 2 SYSTEMPATH\View\View.php(234): include('C:\\xampp\\htdocs\\Student_Management_Portal\\app\\Views\\dashboard\\courses\\index_slides.php')
 3 SYSTEMPATH\View\View.php(237): CodeIgniter\View\View->CodeIgniter\View\{closure}()
 4 SYSTEMPATH\Common.php(1171): CodeIgniter\View\View->render('dashboard/courses/index_slides', [], true)
 5 APPPATH\Controllers\Courses.php(537): view('dashboard/courses/index_slides', [...])
 6 SYSTEMPATH\CodeIgniter.php(933): App\Controllers\Courses->view_slides('public', 'assests', 'Logo.png')
 7 SYSTEMPATH\CodeIgniter.php(509): CodeIgniter\CodeIgniter->runController(Object(App\Controllers\Courses))
 8 SYSTEMPATH\CodeIgniter.php(355): CodeIgniter\CodeIgniter->handleRequest(null, Object(Config\Cache), false)
 9 SYSTEMPATH\Boot.php(325): CodeIgniter\CodeIgniter->run()
10 SYSTEMPATH\Boot.php(67): CodeIgniter\Boot::runCodeIgniter(Object(CodeIgniter\CodeIgniter))
11 FCPATH\index.php(56): CodeIgniter\Boot::bootWeb(Object(Config\Paths))
INFO - 2025-01-03 01:31:47 --> Session: Class initialized using 'CodeIgniter\Session\Handlers\FileHandler' driver.
CRITICAL - 2025-01-03 01:31:50 --> ErrorException: Trying to access array offset on value of type null
[Method: GET, Route: courses/view_slides/public/assests/Logo.png]
in APPPATH\Views\dashboard\courses\index_slides.php on line 6.
 1 APPPATH\Views\dashboard\courses\index_slides.php(6): CodeIgniter\Debug\Exceptions->errorHandler(2, 'Trying to access array offset on value of type null', 'C:\\xampp\\htdocs\\Student_Management_Portal\\app\\Views\\dashboard\\courses\\index_slides.php', 6)
 2 SYSTEMPATH\View\View.php(234): include('C:\\xampp\\htdocs\\Student_Management_Portal\\app\\Views\\dashboard\\courses\\index_slides.php')
 3 SYSTEMPATH\View\View.php(237): CodeIgniter\View\View->CodeIgniter\View\{closure}()
 4 SYSTEMPATH\Common.php(1171): CodeIgniter\View\View->render('dashboard/courses/index_slides', [], true)
 5 APPPATH\Controllers\Courses.php(537): view('dashboard/courses/index_slides', [...])
 6 SYSTEMPATH\CodeIgniter.php(933): App\Controllers\Courses->view_slides('public', 'assests', 'Logo.png')
 7 SYSTEMPATH\CodeIgniter.php(509): CodeIgniter\CodeIgniter->runController(Object(App\Controllers\Courses))
 8 SYSTEMPATH\CodeIgniter.php(355): CodeIgniter\CodeIgniter->handleRequest(null, Object(Config\Cache), false)
 9 SYSTEMPATH\Boot.php(325): CodeIgniter\CodeIgniter->run()
10 SYSTEMPATH\Boot.php(67): CodeIgniter\Boot::runCodeIgniter(Object(CodeIgniter\CodeIgniter))
11 FCPATH\index.php(56): CodeIgniter\Boot::bootWeb(Object(Config\Paths))
CRITICAL - 2025-01-03 01:32:03 --> ErrorException: Trying to access array offset on value of type null
[Method: GET, Route: courses/view_slides/public/assests/Logo.png]
in APPPATH\Views\dashboard\courses\index_slides.php on line 6.
 1 APPPATH\Views\dashboard\courses\index_slides.php(6): CodeIgniter\Debug\Exceptions->errorHandler(2, 'Trying to access array offset on value of type null', 'C:\\xampp\\htdocs\\Student_Management_Portal\\app\\Views\\dashboard\\courses\\index_slides.php', 6)
 2 SYSTEMPATH\View\View.php(234): include('C:\\xampp\\htdocs\\Student_Management_Portal\\app\\Views\\dashboard\\courses\\index_slides.php')
 3 SYSTEMPATH\View\View.php(237): CodeIgniter\View\View->CodeIgniter\View\{closure}()
 4 SYSTEMPATH\Common.php(1171): CodeIgniter\View\View->render('dashboard/courses/index_slides', [], true)
 5 APPPATH\Controllers\Courses.php(537): view('dashboard/courses/index_slides', [...])
 6 SYSTEMPATH\CodeIgniter.php(933): App\Controllers\Courses->view_slides('public', 'assests', 'Logo.png')
 7 SYSTEMPATH\CodeIgniter.php(509): CodeIgniter\CodeIgniter->runController(Object(App\Controllers\Courses))
 8 SYSTEMPATH\CodeIgniter.php(355): CodeIgniter\CodeIgniter->handleRequest(null, Object(Config\Cache), false)
 9 SYSTEMPATH\Boot.php(325): CodeIgniter\CodeIgniter->run()
10 SYSTEMPATH\Boot.php(67): CodeIgniter\Boot::runCodeIgniter(Object(CodeIgniter\CodeIgniter))
11 FCPATH\index.php(56): CodeIgniter\Boot::bootWeb(Object(Config\Paths))
CRITICAL - 2025-01-03 01:32:08 --> ErrorException: Trying to access array offset on value of type null
[Method: GET, Route: courses/view_slides/public/assests/Logo.png]
in APPPATH\Views\dashboard\courses\index_slides.php on line 6.
 1 APPPATH\Views\dashboard\courses\index_slides.php(6): CodeIgniter\Debug\Exceptions->errorHandler(2, 'Trying to access array offset on value of type null', 'C:\\xampp\\htdocs\\Student_Management_Portal\\app\\Views\\dashboard\\courses\\index_slides.php', 6)
 2 SYSTEMPATH\View\View.php(234): include('C:\\xampp\\htdocs\\Student_Management_Portal\\app\\Views\\dashboard\\courses\\index_slides.php')
 3 SYSTEMPATH\View\View.php(237): CodeIgniter\View\View->CodeIgniter\View\{closure}()
 4 SYSTEMPATH\Common.php(1171): CodeIgniter\View\View->render('dashboard/courses/index_slides', [], true)
 5 APPPATH\Controllers\Courses.php(537): view('dashboard/courses/index_slides', [...])
 6 SYSTEMPATH\CodeIgniter.php(933): App\Controllers\Courses->view_slides('public', 'assests', 'Logo.png')
 7 SYSTEMPATH\CodeIgniter.php(509): CodeIgniter\CodeIgniter->runController(Object(App\Controllers\Courses))
 8 SYSTEMPATH\CodeIgniter.php(355): CodeIgniter\CodeIgniter->handleRequest(null, Object(Config\Cache), false)
 9 SYSTEMPATH\Boot.php(325): CodeIgniter\CodeIgniter->run()
10 SYSTEMPATH\Boot.php(67): CodeIgniter\Boot::runCodeIgniter(Object(CodeIgniter\CodeIgniter))
11 FCPATH\index.php(56): CodeIgniter\Boot::bootWeb(Object(Config\Paths))
INFO - 2025-01-03 01:32:09 --> Session: Class initialized using 'CodeIgniter\Session\Handlers\FileHandler' driver.
CRITICAL - 2025-01-03 01:32:14 --> ErrorException: Undefined array key "subject_id"
[Method: POST, Route: courses/update_slide/15]
in APPPATH\Controllers\Courses.php on line 662.
 1 APPPATH\Controllers\Courses.php(662): CodeIgniter\Debug\Exceptions->errorHandler(2, 'Undefined array key "subject_id"', 'C:\\xampp\\htdocs\\Student_Management_Portal\\app\\Controllers\\Courses.php', 662)
 2 SYSTEMPATH\CodeIgniter.php(933): App\Controllers\Courses->update_slide('15')
 3 SYSTEMPATH\CodeIgniter.php(509): CodeIgniter\CodeIgniter->runController(Object(App\Controllers\Courses))
 4 SYSTEMPATH\CodeIgniter.php(355): CodeIgniter\CodeIgniter->handleRequest(null, Object(Config\Cache), false)
 5 SYSTEMPATH\Boot.php(325): CodeIgniter\CodeIgniter->run()
 6 SYSTEMPATH\Boot.php(67): CodeIgniter\Boot::runCodeIgniter(Object(CodeIgniter\CodeIgniter))
 7 FCPATH\index.php(56): CodeIgniter\Boot::bootWeb(Object(Config\Paths))
INFO - 2025-01-03 01:34:13 --> Session: Class initialized using 'CodeIgniter\Session\Handlers\FileHandler' driver.
CRITICAL - 2025-01-03 01:34:14 --> ErrorException: Trying to access array offset on value of type null
[Method: GET, Route: courses/view_slides/public/assests/Logo.png]
in APPPATH\Views\dashboard\courses\index_slides.php on line 6.
 1 APPPATH\Views\dashboard\courses\index_slides.php(6): CodeIgniter\Debug\Exceptions->errorHandler(2, 'Trying to access array offset on value of type null', 'C:\\xampp\\htdocs\\Student_Management_Portal\\app\\Views\\dashboard\\courses\\index_slides.php', 6)
 2 SYSTEMPATH\View\View.php(234): include('C:\\xampp\\htdocs\\Student_Management_Portal\\app\\Views\\dashboard\\courses\\index_slides.php')
 3 SYSTEMPATH\View\View.php(237): CodeIgniter\View\View->CodeIgniter\View\{closure}()
 4 SYSTEMPATH\Common.php(1171): CodeIgniter\View\View->render('dashboard/courses/index_slides', [], true)
 5 APPPATH\Controllers\Courses.php(537): view('dashboard/courses/index_slides', [...])
 6 SYSTEMPATH\CodeIgniter.php(933): App\Controllers\Courses->view_slides('public', 'assests', 'Logo.png')
 7 SYSTEMPATH\CodeIgniter.php(509): CodeIgniter\CodeIgniter->runController(Object(App\Controllers\Courses))
 8 SYSTEMPATH\CodeIgniter.php(355): CodeIgniter\CodeIgniter->handleRequest(null, Object(Config\Cache), false)
 9 SYSTEMPATH\Boot.php(325): CodeIgniter\CodeIgniter->run()
10 SYSTEMPATH\Boot.php(67): CodeIgniter\Boot::runCodeIgniter(Object(CodeIgniter\CodeIgniter))
11 FCPATH\index.php(56): CodeIgniter\Boot::bootWeb(Object(Config\Paths))
CRITICAL - 2025-01-03 01:34:16 --> ErrorException: Trying to access array offset on value of type null
[Method: GET, Route: courses/view_slides/public/assests/Logo.png]
in APPPATH\Views\dashboard\courses\index_slides.php on line 6.
 1 APPPATH\Views\dashboard\courses\index_slides.php(6): CodeIgniter\Debug\Exceptions->errorHandler(2, 'Trying to access array offset on value of type null', 'C:\\xampp\\htdocs\\Student_Management_Portal\\app\\Views\\dashboard\\courses\\index_slides.php', 6)
 2 SYSTEMPATH\View\View.php(234): include('C:\\xampp\\htdocs\\Student_Management_Portal\\app\\Views\\dashboard\\courses\\index_slides.php')
 3 SYSTEMPATH\View\View.php(237): CodeIgniter\View\View->CodeIgniter\View\{closure}()
 4 SYSTEMPATH\Common.php(1171): CodeIgniter\View\View->render('dashboard/courses/index_slides', [], true)
 5 APPPATH\Controllers\Courses.php(537): view('dashboard/courses/index_slides', [...])
 6 SYSTEMPATH\CodeIgniter.php(933): App\Controllers\Courses->view_slides('public', 'assests', 'Logo.png')
 7 SYSTEMPATH\CodeIgniter.php(509): CodeIgniter\CodeIgniter->runController(Object(App\Controllers\Courses))
 8 SYSTEMPATH\CodeIgniter.php(355): CodeIgniter\CodeIgniter->handleRequest(null, Object(Config\Cache), false)
 9 SYSTEMPATH\Boot.php(325): CodeIgniter\CodeIgniter->run()
10 SYSTEMPATH\Boot.php(67): CodeIgniter\Boot::runCodeIgniter(Object(CodeIgniter\CodeIgniter))
11 FCPATH\index.php(56): CodeIgniter\Boot::bootWeb(Object(Config\Paths))
CRITICAL - 2025-01-03 01:34:25 --> ErrorException: Trying to access array offset on value of type null
[Method: GET, Route: courses/view_slides/public/assests/Logo.png]
in APPPATH\Views\dashboard\courses\index_slides.php on line 6.
 1 APPPATH\Views\dashboard\courses\index_slides.php(6): CodeIgniter\Debug\Exceptions->errorHandler(2, 'Trying to access array offset on value of type null', 'C:\\xampp\\htdocs\\Student_Management_Portal\\app\\Views\\dashboard\\courses\\index_slides.php', 6)
 2 SYSTEMPATH\View\View.php(234): include('C:\\xampp\\htdocs\\Student_Management_Portal\\app\\Views\\dashboard\\courses\\index_slides.php')
 3 SYSTEMPATH\View\View.php(237): CodeIgniter\View\View->CodeIgniter\View\{closure}()
 4 SYSTEMPATH\Common.php(1171): CodeIgniter\View\View->render('dashboard/courses/index_slides', [], true)
 5 APPPATH\Controllers\Courses.php(537): view('dashboard/courses/index_slides', [...])
 6 SYSTEMPATH\CodeIgniter.php(933): App\Controllers\Courses->view_slides('public', 'assests', 'Logo.png')
 7 SYSTEMPATH\CodeIgniter.php(509): CodeIgniter\CodeIgniter->runController(Object(App\Controllers\Courses))
 8 SYSTEMPATH\CodeIgniter.php(355): CodeIgniter\CodeIgniter->handleRequest(null, Object(Config\Cache), false)
 9 SYSTEMPATH\Boot.php(325): CodeIgniter\CodeIgniter->run()
10 SYSTEMPATH\Boot.php(67): CodeIgniter\Boot::runCodeIgniter(Object(CodeIgniter\CodeIgniter))
11 FCPATH\index.php(56): CodeIgniter\Boot::bootWeb(Object(Config\Paths))
CRITICAL - 2025-01-03 01:34:30 --> ErrorException: Trying to access array offset on value of type null
[Method: GET, Route: courses/view_slides/public/assests/Logo.png]
in APPPATH\Views\dashboard\courses\index_slides.php on line 6.
 1 APPPATH\Views\dashboard\courses\index_slides.php(6): CodeIgniter\Debug\Exceptions->errorHandler(2, 'Trying to access array offset on value of type null', 'C:\\xampp\\htdocs\\Student_Management_Portal\\app\\Views\\dashboard\\courses\\index_slides.php', 6)
 2 SYSTEMPATH\View\View.php(234): include('C:\\xampp\\htdocs\\Student_Management_Portal\\app\\Views\\dashboard\\courses\\index_slides.php')
 3 SYSTEMPATH\View\View.php(237): CodeIgniter\View\View->CodeIgniter\View\{closure}()
 4 SYSTEMPATH\Common.php(1171): CodeIgniter\View\View->render('dashboard/courses/index_slides', [], true)
 5 APPPATH\Controllers\Courses.php(537): view('dashboard/courses/index_slides', [...])
 6 SYSTEMPATH\CodeIgniter.php(933): App\Controllers\Courses->view_slides('public', 'assests', 'Logo.png')
 7 SYSTEMPATH\CodeIgniter.php(509): CodeIgniter\CodeIgniter->runController(Object(App\Controllers\Courses))
 8 SYSTEMPATH\CodeIgniter.php(355): CodeIgniter\CodeIgniter->handleRequest(null, Object(Config\Cache), false)
 9 SYSTEMPATH\Boot.php(325): CodeIgniter\CodeIgniter->run()
10 SYSTEMPATH\Boot.php(67): CodeIgniter\Boot::runCodeIgniter(Object(CodeIgniter\CodeIgniter))
11 FCPATH\index.php(56): CodeIgniter\Boot::bootWeb(Object(Config\Paths))
INFO - 2025-01-03 01:34:31 --> Session: Class initialized using 'CodeIgniter\Session\Handlers\FileHandler' driver.
CRITICAL - 2025-01-03 01:35:42 --> ErrorException: Trying to access array offset on value of type null
[Method: GET, Route: courses/view_slides/public/assests/Logo.png]
in APPPATH\Views\dashboard\courses\index_slides.php on line 22.
 1 APPPATH\Views\dashboard\courses\index_slides.php(22): CodeIgniter\Debug\Exceptions->errorHandler(2, 'Trying to access array offset on value of type null', 'C:\\xampp\\htdocs\\Student_Management_Portal\\app\\Views\\dashboard\\courses\\index_slides.php', 22)
 2 SYSTEMPATH\View\View.php(234): include('C:\\xampp\\htdocs\\Student_Management_Portal\\app\\Views\\dashboard\\courses\\index_slides.php')
 3 SYSTEMPATH\View\View.php(237): CodeIgniter\View\View->CodeIgniter\View\{closure}()
 4 SYSTEMPATH\Common.php(1171): CodeIgniter\View\View->render('dashboard/courses/index_slides', [], true)
 5 APPPATH\Controllers\Courses.php(537): view('dashboard/courses/index_slides', [...])
 6 SYSTEMPATH\CodeIgniter.php(933): App\Controllers\Courses->view_slides('public', 'assests', 'Logo.png')
 7 SYSTEMPATH\CodeIgniter.php(509): CodeIgniter\CodeIgniter->runController(Object(App\Controllers\Courses))
 8 SYSTEMPATH\CodeIgniter.php(355): CodeIgniter\CodeIgniter->handleRequest(null, Object(Config\Cache), false)
 9 SYSTEMPATH\Boot.php(325): CodeIgniter\CodeIgniter->run()
10 SYSTEMPATH\Boot.php(67): CodeIgniter\Boot::runCodeIgniter(Object(CodeIgniter\CodeIgniter))
11 FCPATH\index.php(56): CodeIgniter\Boot::bootWeb(Object(Config\Paths))
CRITICAL - 2025-01-03 01:35:44 --> ErrorException: Trying to access array offset on value of type null
[Method: GET, Route: courses/view_slides/public/assests/Logo.png]
in APPPATH\Views\dashboard\courses\index_slides.php on line 22.
 1 APPPATH\Views\dashboard\courses\index_slides.php(22): CodeIgniter\Debug\Exceptions->errorHandler(2, 'Trying to access array offset on value of type null', 'C:\\xampp\\htdocs\\Student_Management_Portal\\app\\Views\\dashboard\\courses\\index_slides.php', 22)
 2 SYSTEMPATH\View\View.php(234): include('C:\\xampp\\htdocs\\Student_Management_Portal\\app\\Views\\dashboard\\courses\\index_slides.php')
 3 SYSTEMPATH\View\View.php(237): CodeIgniter\View\View->CodeIgniter\View\{closure}()
 4 SYSTEMPATH\Common.php(1171): CodeIgniter\View\View->render('dashboard/courses/index_slides', [], true)
 5 APPPATH\Controllers\Courses.php(537): view('dashboard/courses/index_slides', [...])
 6 SYSTEMPATH\CodeIgniter.php(933): App\Controllers\Courses->view_slides('public', 'assests', 'Logo.png')
 7 SYSTEMPATH\CodeIgniter.php(509): CodeIgniter\CodeIgniter->runController(Object(App\Controllers\Courses))
 8 SYSTEMPATH\CodeIgniter.php(355): CodeIgniter\CodeIgniter->handleRequest(null, Object(Config\Cache), false)
 9 SYSTEMPATH\Boot.php(325): CodeIgniter\CodeIgniter->run()
10 SYSTEMPATH\Boot.php(67): CodeIgniter\Boot::runCodeIgniter(Object(CodeIgniter\CodeIgniter))
11 FCPATH\index.php(56): CodeIgniter\Boot::bootWeb(Object(Config\Paths))
CRITICAL - 2025-01-03 01:35:50 --> ErrorException: Trying to access array offset on value of type null
[Method: GET, Route: courses/view_slides/public/assests/Logo.png]
in APPPATH\Views\dashboard\courses\index_slides.php on line 22.
 1 APPPATH\Views\dashboard\courses\index_slides.php(22): CodeIgniter\Debug\Exceptions->errorHandler(2, 'Trying to access array offset on value of type null', 'C:\\xampp\\htdocs\\Student_Management_Portal\\app\\Views\\dashboard\\courses\\index_slides.php', 22)
 2 SYSTEMPATH\View\View.php(234): include('C:\\xampp\\htdocs\\Student_Management_Portal\\app\\Views\\dashboard\\courses\\index_slides.php')
 3 SYSTEMPATH\View\View.php(237): CodeIgniter\View\View->CodeIgniter\View\{closure}()
 4 SYSTEMPATH\Common.php(1171): CodeIgniter\View\View->render('dashboard/courses/index_slides', [], true)
 5 APPPATH\Controllers\Courses.php(537): view('dashboard/courses/index_slides', [...])
 6 SYSTEMPATH\CodeIgniter.php(933): App\Controllers\Courses->view_slides('public', 'assests', 'Logo.png')
 7 SYSTEMPATH\CodeIgniter.php(509): CodeIgniter\CodeIgniter->runController(Object(App\Controllers\Courses))
 8 SYSTEMPATH\CodeIgniter.php(355): CodeIgniter\CodeIgniter->handleRequest(null, Object(Config\Cache), false)
 9 SYSTEMPATH\Boot.php(325): CodeIgniter\CodeIgniter->run()
10 SYSTEMPATH\Boot.php(67): CodeIgniter\Boot::runCodeIgniter(Object(CodeIgniter\CodeIgniter))
11 FCPATH\index.php(56): CodeIgniter\Boot::bootWeb(Object(Config\Paths))
INFO - 2025-01-03 01:35:52 --> Session: Class initialized using 'CodeIgniter\Session\Handlers\FileHandler' driver.
CRITICAL - 2025-01-03 01:35:56 --> ErrorException: Undefined array key "subject_id"
[Method: POST, Route: courses/update_slide/17]
in APPPATH\Controllers\Courses.php on line 662.
 1 APPPATH\Controllers\Courses.php(662): CodeIgniter\Debug\Exceptions->errorHandler(2, 'Undefined array key "subject_id"', 'C:\\xampp\\htdocs\\Student_Management_Portal\\app\\Controllers\\Courses.php', 662)
 2 SYSTEMPATH\CodeIgniter.php(933): App\Controllers\Courses->update_slide('17')
 3 SYSTEMPATH\CodeIgniter.php(509): CodeIgniter\CodeIgniter->runController(Object(App\Controllers\Courses))
 4 SYSTEMPATH\CodeIgniter.php(355): CodeIgniter\CodeIgniter->handleRequest(null, Object(Config\Cache), false)
 5 SYSTEMPATH\Boot.php(325): CodeIgniter\CodeIgniter->run()
 6 SYSTEMPATH\Boot.php(67): CodeIgniter\Boot::runCodeIgniter(Object(CodeIgniter\CodeIgniter))
 7 FCPATH\index.php(56): CodeIgniter\Boot::bootWeb(Object(Config\Paths))
INFO - 2025-01-03 02:02:17 --> Session: Class initialized using 'CodeIgniter\Session\Handlers\FileHandler' driver.
INFO - 2025-01-03 02:02:46 --> Session: Class initialized using 'CodeIgniter\Session\Handlers\FileHandler' driver.
INFO - 2025-01-03 02:02:46 --> Session: Class initialized using 'CodeIgniter\Session\Handlers\FileHandler' driver.
INFO - 2025-01-03 02:02:53 --> Session: Class initialized using 'CodeIgniter\Session\Handlers\FileHandler' driver.
INFO - 2025-01-03 02:02:54 --> Session: Class initialized using 'CodeIgniter\Session\Handlers\FileHandler' driver.
INFO - 2025-01-03 02:03:11 --> Session: Class initialized using 'CodeIgniter\Session\Handlers\FileHandler' driver.
INFO - 2025-01-03 02:03:11 --> Session: Class initialized using 'CodeIgniter\Session\Handlers\FileHandler' driver.
INFO - 2025-01-03 02:03:13 --> Session: Class initialized using 'CodeIgniter\Session\Handlers\FileHandler' driver.
CRITICAL - 2025-01-03 02:03:15 --> ErrorException: Trying to access array offset on value of type null
[Method: GET, Route: courses/department_syllabus/public/assests/Logo.png]
in APPPATH\Views\dashboard\courses\index_syllabus.php on line 6.
 1 APPPATH\Views\dashboard\courses\index_syllabus.php(6): CodeIgniter\Debug\Exceptions->errorHandler(2, 'Trying to access array offset on value of type null', 'C:\\xampp\\htdocs\\Student_Management_Portal\\app\\Views\\dashboard\\courses\\index_syllabus.php', 6)
 2 SYSTEMPATH\View\View.php(234): include('C:\\xampp\\htdocs\\Student_Management_Portal\\app\\Views\\dashboard\\courses\\index_syllabus.php')
 3 SYSTEMPATH\View\View.php(237): CodeIgniter\View\View->CodeIgniter\View\{closure}()
 4 SYSTEMPATH\Common.php(1171): CodeIgniter\View\View->render('dashboard/courses/index_syllabus', [], true)
 5 APPPATH\Controllers\Courses.php(78): view('dashboard/courses/index_syllabus', [...])
 6 SYSTEMPATH\CodeIgniter.php(933): App\Controllers\Courses->department_syllabus('public', 'assests', 'Logo.png')
 7 SYSTEMPATH\CodeIgniter.php(509): CodeIgniter\CodeIgniter->runController(Object(App\Controllers\Courses))
 8 SYSTEMPATH\CodeIgniter.php(355): CodeIgniter\CodeIgniter->handleRequest(null, Object(Config\Cache), false)
 9 SYSTEMPATH\Boot.php(325): CodeIgniter\CodeIgniter->run()
10 SYSTEMPATH\Boot.php(67): CodeIgniter\Boot::runCodeIgniter(Object(CodeIgniter\CodeIgniter))
11 FCPATH\index.php(56): CodeIgniter\Boot::bootWeb(Object(Config\Paths))
CRITICAL - 2025-01-03 02:03:15 --> ErrorException: Trying to access array offset on value of type null
[Method: GET, Route: courses/department_syllabus/public/assests/Logo.png]
in APPPATH\Views\dashboard\courses\index_syllabus.php on line 6.
 1 APPPATH\Views\dashboard\courses\index_syllabus.php(6): CodeIgniter\Debug\Exceptions->errorHandler(2, 'Trying to access array offset on value of type null', 'C:\\xampp\\htdocs\\Student_Management_Portal\\app\\Views\\dashboard\\courses\\index_syllabus.php', 6)
 2 SYSTEMPATH\View\View.php(234): include('C:\\xampp\\htdocs\\Student_Management_Portal\\app\\Views\\dashboard\\courses\\index_syllabus.php')
 3 SYSTEMPATH\View\View.php(237): CodeIgniter\View\View->CodeIgniter\View\{closure}()
 4 SYSTEMPATH\Common.php(1171): CodeIgniter\View\View->render('dashboard/courses/index_syllabus', [], true)
 5 APPPATH\Controllers\Courses.php(78): view('dashboard/courses/index_syllabus', [...])
 6 SYSTEMPATH\CodeIgniter.php(933): App\Controllers\Courses->department_syllabus('public', 'assests', 'Logo.png')
 7 SYSTEMPATH\CodeIgniter.php(509): CodeIgniter\CodeIgniter->runController(Object(App\Controllers\Courses))
 8 SYSTEMPATH\CodeIgniter.php(355): CodeIgniter\CodeIgniter->handleRequest(null, Object(Config\Cache), false)
 9 SYSTEMPATH\Boot.php(325): CodeIgniter\CodeIgniter->run()
10 SYSTEMPATH\Boot.php(67): CodeIgniter\Boot::runCodeIgniter(Object(CodeIgniter\CodeIgniter))
11 FCPATH\index.php(56): CodeIgniter\Boot::bootWeb(Object(Config\Paths))
CRITICAL - 2025-01-03 02:03:17 --> ErrorException: Trying to access array offset on value of type null
[Method: GET, Route: courses/syllabus_subjects/2/public/assests/Logo.png]
in APPPATH\Views\dashboard\courses\index_subject.php on line 6.
 1 APPPATH\Views\dashboard\courses\index_subject.php(6): CodeIgniter\Debug\Exceptions->errorHandler(2, 'Trying to access array offset on value of type null', 'C:\\xampp\\htdocs\\Student_Management_Portal\\app\\Views\\dashboard\\courses\\index_subject.php', 6)
 2 SYSTEMPATH\View\View.php(234): include('C:\\xampp\\htdocs\\Student_Management_Portal\\app\\Views\\dashboard\\courses\\index_subject.php')
 3 SYSTEMPATH\View\View.php(237): CodeIgniter\View\View->CodeIgniter\View\{closure}()
 4 SYSTEMPATH\Common.php(1171): CodeIgniter\View\View->render('dashboard/courses/index_subject', [], true)
 5 APPPATH\Controllers\Courses.php(123): view('dashboard/courses/index_subject', [...])
 6 SYSTEMPATH\CodeIgniter.php(933): App\Controllers\Courses->syllabus_subjects('2', 'public', 'assests', 'Logo.png')
 7 SYSTEMPATH\CodeIgniter.php(509): CodeIgniter\CodeIgniter->runController(Object(App\Controllers\Courses))
 8 SYSTEMPATH\CodeIgniter.php(355): CodeIgniter\CodeIgniter->handleRequest(null, Object(Config\Cache), false)
 9 SYSTEMPATH\Boot.php(325): CodeIgniter\CodeIgniter->run()
10 SYSTEMPATH\Boot.php(67): CodeIgniter\Boot::runCodeIgniter(Object(CodeIgniter\CodeIgniter))
11 FCPATH\index.php(56): CodeIgniter\Boot::bootWeb(Object(Config\Paths))
CRITICAL - 2025-01-03 02:03:17 --> ErrorException: Trying to access array offset on value of type null
[Method: GET, Route: courses/syllabus_subjects/2/public/assests/Logo.png]
in APPPATH\Views\dashboard\courses\index_subject.php on line 6.
 1 APPPATH\Views\dashboard\courses\index_subject.php(6): CodeIgniter\Debug\Exceptions->errorHandler(2, 'Trying to access array offset on value of type null', 'C:\\xampp\\htdocs\\Student_Management_Portal\\app\\Views\\dashboard\\courses\\index_subject.php', 6)
 2 SYSTEMPATH\View\View.php(234): include('C:\\xampp\\htdocs\\Student_Management_Portal\\app\\Views\\dashboard\\courses\\index_subject.php')
 3 SYSTEMPATH\View\View.php(237): CodeIgniter\View\View->CodeIgniter\View\{closure}()
 4 SYSTEMPATH\Common.php(1171): CodeIgniter\View\View->render('dashboard/courses/index_subject', [], true)
 5 APPPATH\Controllers\Courses.php(123): view('dashboard/courses/index_subject', [...])
 6 SYSTEMPATH\CodeIgniter.php(933): App\Controllers\Courses->syllabus_subjects('2', 'public', 'assests', 'Logo.png')
 7 SYSTEMPATH\CodeIgniter.php(509): CodeIgniter\CodeIgniter->runController(Object(App\Controllers\Courses))
 8 SYSTEMPATH\CodeIgniter.php(355): CodeIgniter\CodeIgniter->handleRequest(null, Object(Config\Cache), false)
 9 SYSTEMPATH\Boot.php(325): CodeIgniter\CodeIgniter->run()
10 SYSTEMPATH\Boot.php(67): CodeIgniter\Boot::runCodeIgniter(Object(CodeIgniter\CodeIgniter))
11 FCPATH\index.php(56): CodeIgniter\Boot::bootWeb(Object(Config\Paths))
CRITICAL - 2025-01-03 02:03:20 --> ErrorException: Trying to access array offset on value of type null
[Method: GET, Route: courses/view_slides/public/assests/Logo.png]
in APPPATH\Views\dashboard\courses\index_slides.php on line 22.
 1 APPPATH\Views\dashboard\courses\index_slides.php(22): CodeIgniter\Debug\Exceptions->errorHandler(2, 'Trying to access array offset on value of type null', 'C:\\xampp\\htdocs\\Student_Management_Portal\\app\\Views\\dashboard\\courses\\index_slides.php', 22)
 2 SYSTEMPATH\View\View.php(234): include('C:\\xampp\\htdocs\\Student_Management_Portal\\app\\Views\\dashboard\\courses\\index_slides.php')
 3 SYSTEMPATH\View\View.php(237): CodeIgniter\View\View->CodeIgniter\View\{closure}()
 4 SYSTEMPATH\Common.php(1171): CodeIgniter\View\View->render('dashboard/courses/index_slides', [], true)
 5 APPPATH\Controllers\Courses.php(537): view('dashboard/courses/index_slides', [...])
 6 SYSTEMPATH\CodeIgniter.php(933): App\Controllers\Courses->view_slides('public', 'assests', 'Logo.png')
 7 SYSTEMPATH\CodeIgniter.php(509): CodeIgniter\CodeIgniter->runController(Object(App\Controllers\Courses))
 8 SYSTEMPATH\CodeIgniter.php(355): CodeIgniter\CodeIgniter->handleRequest(null, Object(Config\Cache), false)
 9 SYSTEMPATH\Boot.php(325): CodeIgniter\CodeIgniter->run()
10 SYSTEMPATH\Boot.php(67): CodeIgniter\Boot::runCodeIgniter(Object(CodeIgniter\CodeIgniter))
11 FCPATH\index.php(56): CodeIgniter\Boot::bootWeb(Object(Config\Paths))
CRITICAL - 2025-01-03 02:03:20 --> ErrorException: Trying to access array offset on value of type null
[Method: GET, Route: courses/view_slides/public/assests/Logo.png]
in APPPATH\Views\dashboard\courses\index_slides.php on line 22.
 1 APPPATH\Views\dashboard\courses\index_slides.php(22): CodeIgniter\Debug\Exceptions->errorHandler(2, 'Trying to access array offset on value of type null', 'C:\\xampp\\htdocs\\Student_Management_Portal\\app\\Views\\dashboard\\courses\\index_slides.php', 22)
 2 SYSTEMPATH\View\View.php(234): include('C:\\xampp\\htdocs\\Student_Management_Portal\\app\\Views\\dashboard\\courses\\index_slides.php')
 3 SYSTEMPATH\View\View.php(237): CodeIgniter\View\View->CodeIgniter\View\{closure}()
 4 SYSTEMPATH\Common.php(1171): CodeIgniter\View\View->render('dashboard/courses/index_slides', [], true)
 5 APPPATH\Controllers\Courses.php(537): view('dashboard/courses/index_slides', [...])
 6 SYSTEMPATH\CodeIgniter.php(933): App\Controllers\Courses->view_slides('public', 'assests', 'Logo.png')
 7 SYSTEMPATH\CodeIgniter.php(509): CodeIgniter\CodeIgniter->runController(Object(App\Controllers\Courses))
 8 SYSTEMPATH\CodeIgniter.php(355): CodeIgniter\CodeIgniter->handleRequest(null, Object(Config\Cache), false)
 9 SYSTEMPATH\Boot.php(325): CodeIgniter\CodeIgniter->run()
10 SYSTEMPATH\Boot.php(67): CodeIgniter\Boot::runCodeIgniter(Object(CodeIgniter\CodeIgniter))
11 FCPATH\index.php(56): CodeIgniter\Boot::bootWeb(Object(Config\Paths))
INFO - 2025-01-03 02:03:22 --> Session: Class initialized using 'CodeIgniter\Session\Handlers\FileHandler' driver.
CRITICAL - 2025-01-03 02:03:32 --> ErrorException: Undefined array key "subject_id"
[Method: POST, Route: courses/update_slide/17]
in APPPATH\Controllers\Courses.php on line 662.
 1 APPPATH\Controllers\Courses.php(662): CodeIgniter\Debug\Exceptions->errorHandler(2, 'Undefined array key "subject_id"', 'C:\\xampp\\htdocs\\Student_Management_Portal\\app\\Controllers\\Courses.php', 662)
 2 SYSTEMPATH\CodeIgniter.php(933): App\Controllers\Courses->update_slide('17')
 3 SYSTEMPATH\CodeIgniter.php(509): CodeIgniter\CodeIgniter->runController(Object(App\Controllers\Courses))
 4 SYSTEMPATH\CodeIgniter.php(355): CodeIgniter\CodeIgniter->handleRequest(null, Object(Config\Cache), false)
 5 SYSTEMPATH\Boot.php(325): CodeIgniter\CodeIgniter->run()
 6 SYSTEMPATH\Boot.php(67): CodeIgniter\Boot::runCodeIgniter(Object(CodeIgniter\CodeIgniter))
 7 FCPATH\index.php(56): CodeIgniter\Boot::bootWeb(Object(Config\Paths))
INFO - 2025-01-03 02:05:54 --> Session: Class initialized using 'CodeIgniter\Session\Handlers\FileHandler' driver.
INFO - 2025-01-03 02:05:56 --> Session: Class initialized using 'CodeIgniter\Session\Handlers\FileHandler' driver.
CRITICAL - 2025-01-03 02:06:00 --> Error: Call to undefined method CodeIgniter\HTTP\IncomingRequest::hasFile()
[Method: POST, Route: courses/update_slide/17]
in APPPATH\Controllers\Courses.php on line 653.
 1 SYSTEMPATH\CodeIgniter.php(933): App\Controllers\Courses->update_slide('17')
 2 SYSTEMPATH\CodeIgniter.php(509): CodeIgniter\CodeIgniter->runController(Object(App\Controllers\Courses))
 3 SYSTEMPATH\CodeIgniter.php(355): CodeIgniter\CodeIgniter->handleRequest(null, Object(Config\Cache), false)
 4 SYSTEMPATH\Boot.php(325): CodeIgniter\CodeIgniter->run()
 5 SYSTEMPATH\Boot.php(67): CodeIgniter\Boot::runCodeIgniter(Object(CodeIgniter\CodeIgniter))
 6 FCPATH\index.php(56): CodeIgniter\Boot::bootWeb(Object(Config\Paths))
INFO - 2025-01-03 02:06:06 --> Session: Class initialized using 'CodeIgniter\Session\Handlers\FileHandler' driver.
CRITICAL - 2025-01-03 02:06:07 --> ErrorException: Trying to access array offset on value of type null
[Method: GET, Route: courses/view_slides/public/assests/Logo.png]
in APPPATH\Views\dashboard\courses\index_slides.php on line 22.
 1 APPPATH\Views\dashboard\courses\index_slides.php(22): CodeIgniter\Debug\Exceptions->errorHandler(2, 'Trying to access array offset on value of type null', 'C:\\xampp\\htdocs\\Student_Management_Portal\\app\\Views\\dashboard\\courses\\index_slides.php', 22)
 2 SYSTEMPATH\View\View.php(234): include('C:\\xampp\\htdocs\\Student_Management_Portal\\app\\Views\\dashboard\\courses\\index_slides.php')
 3 SYSTEMPATH\View\View.php(237): CodeIgniter\View\View->CodeIgniter\View\{closure}()
 4 SYSTEMPATH\Common.php(1171): CodeIgniter\View\View->render('dashboard/courses/index_slides', [], true)
 5 APPPATH\Controllers\Courses.php(537): view('dashboard/courses/index_slides', [...])
 6 SYSTEMPATH\CodeIgniter.php(933): App\Controllers\Courses->view_slides('public', 'assests', 'Logo.png')
 7 SYSTEMPATH\CodeIgniter.php(509): CodeIgniter\CodeIgniter->runController(Object(App\Controllers\Courses))
 8 SYSTEMPATH\CodeIgniter.php(355): CodeIgniter\CodeIgniter->handleRequest(null, Object(Config\Cache), false)
 9 SYSTEMPATH\Boot.php(325): CodeIgniter\CodeIgniter->run()
10 SYSTEMPATH\Boot.php(67): CodeIgniter\Boot::runCodeIgniter(Object(CodeIgniter\CodeIgniter))
11 FCPATH\index.php(56): CodeIgniter\Boot::bootWeb(Object(Config\Paths))
CRITICAL - 2025-01-03 02:06:07 --> ErrorException: Trying to access array offset on value of type null
[Method: GET, Route: courses/view_slides/public/assests/Logo.png]
in APPPATH\Views\dashboard\courses\index_slides.php on line 22.
 1 APPPATH\Views\dashboard\courses\index_slides.php(22): CodeIgniter\Debug\Exceptions->errorHandler(2, 'Trying to access array offset on value of type null', 'C:\\xampp\\htdocs\\Student_Management_Portal\\app\\Views\\dashboard\\courses\\index_slides.php', 22)
 2 SYSTEMPATH\View\View.php(234): include('C:\\xampp\\htdocs\\Student_Management_Portal\\app\\Views\\dashboard\\courses\\index_slides.php')
 3 SYSTEMPATH\View\View.php(237): CodeIgniter\View\View->CodeIgniter\View\{closure}()
 4 SYSTEMPATH\Common.php(1171): CodeIgniter\View\View->render('dashboard/courses/index_slides', [], true)
 5 APPPATH\Controllers\Courses.php(537): view('dashboard/courses/index_slides', [...])
 6 SYSTEMPATH\CodeIgniter.php(933): App\Controllers\Courses->view_slides('public', 'assests', 'Logo.png')
 7 SYSTEMPATH\CodeIgniter.php(509): CodeIgniter\CodeIgniter->runController(Object(App\Controllers\Courses))
 8 SYSTEMPATH\CodeIgniter.php(355): CodeIgniter\CodeIgniter->handleRequest(null, Object(Config\Cache), false)
 9 SYSTEMPATH\Boot.php(325): CodeIgniter\CodeIgniter->run()
10 SYSTEMPATH\Boot.php(67): CodeIgniter\Boot::runCodeIgniter(Object(CodeIgniter\CodeIgniter))
11 FCPATH\index.php(56): CodeIgniter\Boot::bootWeb(Object(Config\Paths))
INFO - 2025-01-03 02:06:19 --> Session: Class initialized using 'CodeIgniter\Session\Handlers\FileHandler' driver.
CRITICAL - 2025-01-03 02:06:20 --> ErrorException: Trying to access array offset on value of type null
[Method: GET, Route: courses/view_slides/public/assests/Logo.png]
in APPPATH\Views\dashboard\courses\index_slides.php on line 22.
 1 APPPATH\Views\dashboard\courses\index_slides.php(22): CodeIgniter\Debug\Exceptions->errorHandler(2, 'Trying to access array offset on value of type null', 'C:\\xampp\\htdocs\\Student_Management_Portal\\app\\Views\\dashboard\\courses\\index_slides.php', 22)
 2 SYSTEMPATH\View\View.php(234): include('C:\\xampp\\htdocs\\Student_Management_Portal\\app\\Views\\dashboard\\courses\\index_slides.php')
 3 SYSTEMPATH\View\View.php(237): CodeIgniter\View\View->CodeIgniter\View\{closure}()
 4 SYSTEMPATH\Common.php(1171): CodeIgniter\View\View->render('dashboard/courses/index_slides', [], true)
 5 APPPATH\Controllers\Courses.php(537): view('dashboard/courses/index_slides', [...])
 6 SYSTEMPATH\CodeIgniter.php(933): App\Controllers\Courses->view_slides('public', 'assests', 'Logo.png')
 7 SYSTEMPATH\CodeIgniter.php(509): CodeIgniter\CodeIgniter->runController(Object(App\Controllers\Courses))
 8 SYSTEMPATH\CodeIgniter.php(355): CodeIgniter\CodeIgniter->handleRequest(null, Object(Config\Cache), false)
 9 SYSTEMPATH\Boot.php(325): CodeIgniter\CodeIgniter->run()
10 SYSTEMPATH\Boot.php(67): CodeIgniter\Boot::runCodeIgniter(Object(CodeIgniter\CodeIgniter))
11 FCPATH\index.php(56): CodeIgniter\Boot::bootWeb(Object(Config\Paths))
INFO - 2025-01-03 02:06:22 --> Session: Class initialized using 'CodeIgniter\Session\Handlers\FileHandler' driver.
CRITICAL - 2025-01-03 02:06:29 --> Error: Call to undefined method CodeIgniter\HTTP\IncomingRequest::hasFile()
[Method: POST, Route: courses/update_slide/19]
in APPPATH\Controllers\Courses.php on line 653.
 1 SYSTEMPATH\CodeIgniter.php(933): App\Controllers\Courses->update_slide('19')
 2 SYSTEMPATH\CodeIgniter.php(509): CodeIgniter\CodeIgniter->runController(Object(App\Controllers\Courses))
 3 SYSTEMPATH\CodeIgniter.php(355): CodeIgniter\CodeIgniter->handleRequest(null, Object(Config\Cache), false)
 4 SYSTEMPATH\Boot.php(325): CodeIgniter\CodeIgniter->run()
 5 SYSTEMPATH\Boot.php(67): CodeIgniter\Boot::runCodeIgniter(Object(CodeIgniter\CodeIgniter))
 6 FCPATH\index.php(56): CodeIgniter\Boot::bootWeb(Object(Config\Paths))
INFO - 2025-01-03 02:09:24 --> Session: Class initialized using 'CodeIgniter\Session\Handlers\FileHandler' driver.
CRITICAL - 2025-01-03 02:09:26 --> ErrorException: Undefined array key "subject_id"
[Method: POST, Route: courses/update_slide/19]
in APPPATH\Controllers\Courses.php on line 656.
 1 APPPATH\Controllers\Courses.php(656): CodeIgniter\Debug\Exceptions->errorHandler(2, 'Undefined array key "subject_id"', 'C:\\xampp\\htdocs\\Student_Management_Portal\\app\\Controllers\\Courses.php', 656)
 2 SYSTEMPATH\CodeIgniter.php(933): App\Controllers\Courses->update_slide('19')
 3 SYSTEMPATH\CodeIgniter.php(509): CodeIgniter\CodeIgniter->runController(Object(App\Controllers\Courses))
 4 SYSTEMPATH\CodeIgniter.php(355): CodeIgniter\CodeIgniter->handleRequest(null, Object(Config\Cache), false)
 5 SYSTEMPATH\Boot.php(325): CodeIgniter\CodeIgniter->run()
 6 SYSTEMPATH\Boot.php(67): CodeIgniter\Boot::runCodeIgniter(Object(CodeIgniter\CodeIgniter))
 7 FCPATH\index.php(56): CodeIgniter\Boot::bootWeb(Object(Config\Paths))
INFO - 2025-01-03 02:09:29 --> Session: Class initialized using 'CodeIgniter\Session\Handlers\FileHandler' driver.
CRITICAL - 2025-01-03 02:09:30 --> ErrorException: Trying to access array offset on value of type null
[Method: GET, Route: courses/view_slides/public/assests/Logo.png]
in APPPATH\Views\dashboard\courses\index_slides.php on line 22.
 1 APPPATH\Views\dashboard\courses\index_slides.php(22): CodeIgniter\Debug\Exceptions->errorHandler(2, 'Trying to access array offset on value of type null', 'C:\\xampp\\htdocs\\Student_Management_Portal\\app\\Views\\dashboard\\courses\\index_slides.php', 22)
 2 SYSTEMPATH\View\View.php(234): include('C:\\xampp\\htdocs\\Student_Management_Portal\\app\\Views\\dashboard\\courses\\index_slides.php')
 3 SYSTEMPATH\View\View.php(237): CodeIgniter\View\View->CodeIgniter\View\{closure}()
 4 SYSTEMPATH\Common.php(1171): CodeIgniter\View\View->render('dashboard/courses/index_slides', [], true)
 5 APPPATH\Controllers\Courses.php(537): view('dashboard/courses/index_slides', [...])
 6 SYSTEMPATH\CodeIgniter.php(933): App\Controllers\Courses->view_slides('public', 'assests', 'Logo.png')
 7 SYSTEMPATH\CodeIgniter.php(509): CodeIgniter\CodeIgniter->runController(Object(App\Controllers\Courses))
 8 SYSTEMPATH\CodeIgniter.php(355): CodeIgniter\CodeIgniter->handleRequest(null, Object(Config\Cache), false)
 9 SYSTEMPATH\Boot.php(325): CodeIgniter\CodeIgniter->run()
10 SYSTEMPATH\Boot.php(67): CodeIgniter\Boot::runCodeIgniter(Object(CodeIgniter\CodeIgniter))
11 FCPATH\index.php(56): CodeIgniter\Boot::bootWeb(Object(Config\Paths))
CRITICAL - 2025-01-03 02:09:34 --> ErrorException: Trying to access array offset on value of type null
[Method: GET, Route: courses/view_slides/public/assests/Logo.png]
in APPPATH\Views\dashboard\courses\index_slides.php on line 22.
 1 APPPATH\Views\dashboard\courses\index_slides.php(22): CodeIgniter\Debug\Exceptions->errorHandler(2, 'Trying to access array offset on value of type null', 'C:\\xampp\\htdocs\\Student_Management_Portal\\app\\Views\\dashboard\\courses\\index_slides.php', 22)
 2 SYSTEMPATH\View\View.php(234): include('C:\\xampp\\htdocs\\Student_Management_Portal\\app\\Views\\dashboard\\courses\\index_slides.php')
 3 SYSTEMPATH\View\View.php(237): CodeIgniter\View\View->CodeIgniter\View\{closure}()
 4 SYSTEMPATH\Common.php(1171): CodeIgniter\View\View->render('dashboard/courses/index_slides', [], true)
 5 APPPATH\Controllers\Courses.php(537): view('dashboard/courses/index_slides', [...])
 6 SYSTEMPATH\CodeIgniter.php(933): App\Controllers\Courses->view_slides('public', 'assests', 'Logo.png')
 7 SYSTEMPATH\CodeIgniter.php(509): CodeIgniter\CodeIgniter->runController(Object(App\Controllers\Courses))
 8 SYSTEMPATH\CodeIgniter.php(355): CodeIgniter\CodeIgniter->handleRequest(null, Object(Config\Cache), false)
 9 SYSTEMPATH\Boot.php(325): CodeIgniter\CodeIgniter->run()
10 SYSTEMPATH\Boot.php(67): CodeIgniter\Boot::runCodeIgniter(Object(CodeIgniter\CodeIgniter))
11 FCPATH\index.php(56): CodeIgniter\Boot::bootWeb(Object(Config\Paths))
INFO - 2025-01-03 02:09:35 --> Session: Class initialized using 'CodeIgniter\Session\Handlers\FileHandler' driver.
CRITICAL - 2025-01-03 02:09:39 --> ErrorException: Undefined array key "subject_id"
[Method: POST, Route: courses/update_slide/21]
in APPPATH\Controllers\Courses.php on line 656.
 1 APPPATH\Controllers\Courses.php(656): CodeIgniter\Debug\Exceptions->errorHandler(2, 'Undefined array key "subject_id"', 'C:\\xampp\\htdocs\\Student_Management_Portal\\app\\Controllers\\Courses.php', 656)
 2 SYSTEMPATH\CodeIgniter.php(933): App\Controllers\Courses->update_slide('21')
 3 SYSTEMPATH\CodeIgniter.php(509): CodeIgniter\CodeIgniter->runController(Object(App\Controllers\Courses))
 4 SYSTEMPATH\CodeIgniter.php(355): CodeIgniter\CodeIgniter->handleRequest(null, Object(Config\Cache), false)
 5 SYSTEMPATH\Boot.php(325): CodeIgniter\CodeIgniter->run()
 6 SYSTEMPATH\Boot.php(67): CodeIgniter\Boot::runCodeIgniter(Object(CodeIgniter\CodeIgniter))
 7 FCPATH\index.php(56): CodeIgniter\Boot::bootWeb(Object(Config\Paths))
INFO - 2025-01-03 02:10:55 --> Session: Class initialized using 'CodeIgniter\Session\Handlers\FileHandler' driver.
INFO - 2025-01-03 02:10:56 --> Session: Class initialized using 'CodeIgniter\Session\Handlers\FileHandler' driver.
CRITICAL - 2025-01-03 02:10:57 --> ErrorException: Trying to access array offset on value of type null
[Method: GET, Route: courses/view_slides/public/assests/Logo.png]
in APPPATH\Views\dashboard\courses\index_slides.php on line 22.
 1 APPPATH\Views\dashboard\courses\index_slides.php(22): CodeIgniter\Debug\Exceptions->errorHandler(2, 'Trying to access array offset on value of type null', 'C:\\xampp\\htdocs\\Student_Management_Portal\\app\\Views\\dashboard\\courses\\index_slides.php', 22)
 2 SYSTEMPATH\View\View.php(234): include('C:\\xampp\\htdocs\\Student_Management_Portal\\app\\Views\\dashboard\\courses\\index_slides.php')
 3 SYSTEMPATH\View\View.php(237): CodeIgniter\View\View->CodeIgniter\View\{closure}()
 4 SYSTEMPATH\Common.php(1171): CodeIgniter\View\View->render('dashboard/courses/index_slides', [], true)
 5 APPPATH\Controllers\Courses.php(537): view('dashboard/courses/index_slides', [...])
 6 SYSTEMPATH\CodeIgniter.php(933): App\Controllers\Courses->view_slides('public', 'assests', 'Logo.png')
 7 SYSTEMPATH\CodeIgniter.php(509): CodeIgniter\CodeIgniter->runController(Object(App\Controllers\Courses))
 8 SYSTEMPATH\CodeIgniter.php(355): CodeIgniter\CodeIgniter->handleRequest(null, Object(Config\Cache), false)
 9 SYSTEMPATH\Boot.php(325): CodeIgniter\CodeIgniter->run()
10 SYSTEMPATH\Boot.php(67): CodeIgniter\Boot::runCodeIgniter(Object(CodeIgniter\CodeIgniter))
11 FCPATH\index.php(56): CodeIgniter\Boot::bootWeb(Object(Config\Paths))
CRITICAL - 2025-01-03 02:11:04 --> ErrorException: Trying to access array offset on value of type null
[Method: GET, Route: courses/view_slides/public/assests/Logo.png]
in APPPATH\Views\dashboard\courses\index_slides.php on line 22.
 1 APPPATH\Views\dashboard\courses\index_slides.php(22): CodeIgniter\Debug\Exceptions->errorHandler(2, 'Trying to access array offset on value of type null', 'C:\\xampp\\htdocs\\Student_Management_Portal\\app\\Views\\dashboard\\courses\\index_slides.php', 22)
 2 SYSTEMPATH\View\View.php(234): include('C:\\xampp\\htdocs\\Student_Management_Portal\\app\\Views\\dashboard\\courses\\index_slides.php')
 3 SYSTEMPATH\View\View.php(237): CodeIgniter\View\View->CodeIgniter\View\{closure}()
 4 SYSTEMPATH\Common.php(1171): CodeIgniter\View\View->render('dashboard/courses/index_slides', [], true)
 5 APPPATH\Controllers\Courses.php(537): view('dashboard/courses/index_slides', [...])
 6 SYSTEMPATH\CodeIgniter.php(933): App\Controllers\Courses->view_slides('public', 'assests', 'Logo.png')
 7 SYSTEMPATH\CodeIgniter.php(509): CodeIgniter\CodeIgniter->runController(Object(App\Controllers\Courses))
 8 SYSTEMPATH\CodeIgniter.php(355): CodeIgniter\CodeIgniter->handleRequest(null, Object(Config\Cache), false)
 9 SYSTEMPATH\Boot.php(325): CodeIgniter\CodeIgniter->run()
10 SYSTEMPATH\Boot.php(67): CodeIgniter\Boot::runCodeIgniter(Object(CodeIgniter\CodeIgniter))
11 FCPATH\index.php(56): CodeIgniter\Boot::bootWeb(Object(Config\Paths))
INFO - 2025-01-03 04:58:24 --> Session: Class initialized using 'CodeIgniter\Session\Handlers\FileHandler' driver.
INFO - 2025-01-03 04:58:51 --> Session: Class initialized using 'CodeIgniter\Session\Handlers\FileHandler' driver.
INFO - 2025-01-03 04:58:51 --> Session: Class initialized using 'CodeIgniter\Session\Handlers\FileHandler' driver.
INFO - 2025-01-03 04:59:06 --> Session: Class initialized using 'CodeIgniter\Session\Handlers\FileHandler' driver.
CRITICAL - 2025-01-03 04:59:08 --> ErrorException: Trying to access array offset on value of type null
[Method: GET, Route: courses/department_syllabus/public/assests/Logo.png]
in APPPATH\Views\dashboard\courses\index_syllabus.php on line 6.
 1 APPPATH\Views\dashboard\courses\index_syllabus.php(6): CodeIgniter\Debug\Exceptions->errorHandler(2, 'Trying to access array offset on value of type null', 'C:\\xampp\\htdocs\\Student_Management_Portal\\app\\Views\\dashboard\\courses\\index_syllabus.php', 6)
 2 SYSTEMPATH\View\View.php(234): include('C:\\xampp\\htdocs\\Student_Management_Portal\\app\\Views\\dashboard\\courses\\index_syllabus.php')
 3 SYSTEMPATH\View\View.php(237): CodeIgniter\View\View->CodeIgniter\View\{closure}()
 4 SYSTEMPATH\Common.php(1171): CodeIgniter\View\View->render('dashboard/courses/index_syllabus', [], true)
 5 APPPATH\Controllers\Courses.php(78): view('dashboard/courses/index_syllabus', [...])
 6 SYSTEMPATH\CodeIgniter.php(933): App\Controllers\Courses->department_syllabus('public', 'assests', 'Logo.png')
 7 SYSTEMPATH\CodeIgniter.php(509): CodeIgniter\CodeIgniter->runController(Object(App\Controllers\Courses))
 8 SYSTEMPATH\CodeIgniter.php(355): CodeIgniter\CodeIgniter->handleRequest(null, Object(Config\Cache), false)
 9 SYSTEMPATH\Boot.php(325): CodeIgniter\CodeIgniter->run()
10 SYSTEMPATH\Boot.php(67): CodeIgniter\Boot::runCodeIgniter(Object(CodeIgniter\CodeIgniter))
11 FCPATH\index.php(56): CodeIgniter\Boot::bootWeb(Object(Config\Paths))
CRITICAL - 2025-01-03 04:59:08 --> ErrorException: Trying to access array offset on value of type null
[Method: GET, Route: courses/department_syllabus/public/assests/Logo.png]
in APPPATH\Views\dashboard\courses\index_syllabus.php on line 6.
 1 APPPATH\Views\dashboard\courses\index_syllabus.php(6): CodeIgniter\Debug\Exceptions->errorHandler(2, 'Trying to access array offset on value of type null', 'C:\\xampp\\htdocs\\Student_Management_Portal\\app\\Views\\dashboard\\courses\\index_syllabus.php', 6)
 2 SYSTEMPATH\View\View.php(234): include('C:\\xampp\\htdocs\\Student_Management_Portal\\app\\Views\\dashboard\\courses\\index_syllabus.php')
 3 SYSTEMPATH\View\View.php(237): CodeIgniter\View\View->CodeIgniter\View\{closure}()
 4 SYSTEMPATH\Common.php(1171): CodeIgniter\View\View->render('dashboard/courses/index_syllabus', [], true)
 5 APPPATH\Controllers\Courses.php(78): view('dashboard/courses/index_syllabus', [...])
 6 SYSTEMPATH\CodeIgniter.php(933): App\Controllers\Courses->department_syllabus('public', 'assests', 'Logo.png')
 7 SYSTEMPATH\CodeIgniter.php(509): CodeIgniter\CodeIgniter->runController(Object(App\Controllers\Courses))
 8 SYSTEMPATH\CodeIgniter.php(355): CodeIgniter\CodeIgniter->handleRequest(null, Object(Config\Cache), false)
 9 SYSTEMPATH\Boot.php(325): CodeIgniter\CodeIgniter->run()
10 SYSTEMPATH\Boot.php(67): CodeIgniter\Boot::runCodeIgniter(Object(CodeIgniter\CodeIgniter))
11 FCPATH\index.php(56): CodeIgniter\Boot::bootWeb(Object(Config\Paths))
CRITICAL - 2025-01-03 04:59:11 --> ErrorException: Trying to access array offset on value of type null
[Method: GET, Route: courses/syllabus_subjects/2/public/assests/Logo.png]
in APPPATH\Views\dashboard\courses\index_subject.php on line 6.
 1 APPPATH\Views\dashboard\courses\index_subject.php(6): CodeIgniter\Debug\Exceptions->errorHandler(2, 'Trying to access array offset on value of type null', 'C:\\xampp\\htdocs\\Student_Management_Portal\\app\\Views\\dashboard\\courses\\index_subject.php', 6)
 2 SYSTEMPATH\View\View.php(234): include('C:\\xampp\\htdocs\\Student_Management_Portal\\app\\Views\\dashboard\\courses\\index_subject.php')
 3 SYSTEMPATH\View\View.php(237): CodeIgniter\View\View->CodeIgniter\View\{closure}()
 4 SYSTEMPATH\Common.php(1171): CodeIgniter\View\View->render('dashboard/courses/index_subject', [], true)
 5 APPPATH\Controllers\Courses.php(123): view('dashboard/courses/index_subject', [...])
 6 SYSTEMPATH\CodeIgniter.php(933): App\Controllers\Courses->syllabus_subjects('2', 'public', 'assests', 'Logo.png')
 7 SYSTEMPATH\CodeIgniter.php(509): CodeIgniter\CodeIgniter->runController(Object(App\Controllers\Courses))
 8 SYSTEMPATH\CodeIgniter.php(355): CodeIgniter\CodeIgniter->handleRequest(null, Object(Config\Cache), false)
 9 SYSTEMPATH\Boot.php(325): CodeIgniter\CodeIgniter->run()
10 SYSTEMPATH\Boot.php(67): CodeIgniter\Boot::runCodeIgniter(Object(CodeIgniter\CodeIgniter))
11 FCPATH\index.php(56): CodeIgniter\Boot::bootWeb(Object(Config\Paths))
CRITICAL - 2025-01-03 04:59:11 --> ErrorException: Trying to access array offset on value of type null
[Method: GET, Route: courses/syllabus_subjects/2/public/assests/Logo.png]
in APPPATH\Views\dashboard\courses\index_subject.php on line 6.
 1 APPPATH\Views\dashboard\courses\index_subject.php(6): CodeIgniter\Debug\Exceptions->errorHandler(2, 'Trying to access array offset on value of type null', 'C:\\xampp\\htdocs\\Student_Management_Portal\\app\\Views\\dashboard\\courses\\index_subject.php', 6)
 2 SYSTEMPATH\View\View.php(234): include('C:\\xampp\\htdocs\\Student_Management_Portal\\app\\Views\\dashboard\\courses\\index_subject.php')
 3 SYSTEMPATH\View\View.php(237): CodeIgniter\View\View->CodeIgniter\View\{closure}()
 4 SYSTEMPATH\Common.php(1171): CodeIgniter\View\View->render('dashboard/courses/index_subject', [], true)
 5 APPPATH\Controllers\Courses.php(123): view('dashboard/courses/index_subject', [...])
 6 SYSTEMPATH\CodeIgniter.php(933): App\Controllers\Courses->syllabus_subjects('2', 'public', 'assests', 'Logo.png')
 7 SYSTEMPATH\CodeIgniter.php(509): CodeIgniter\CodeIgniter->runController(Object(App\Controllers\Courses))
 8 SYSTEMPATH\CodeIgniter.php(355): CodeIgniter\CodeIgniter->handleRequest(null, Object(Config\Cache), false)
 9 SYSTEMPATH\Boot.php(325): CodeIgniter\CodeIgniter->run()
10 SYSTEMPATH\Boot.php(67): CodeIgniter\Boot::runCodeIgniter(Object(CodeIgniter\CodeIgniter))
11 FCPATH\index.php(56): CodeIgniter\Boot::bootWeb(Object(Config\Paths))
CRITICAL - 2025-01-03 04:59:13 --> ErrorException: Trying to access array offset on value of type null
[Method: GET, Route: courses/view_slides/public/assests/Logo.png]
in APPPATH\Views\dashboard\courses\index_slides.php on line 22.
 1 APPPATH\Views\dashboard\courses\index_slides.php(22): CodeIgniter\Debug\Exceptions->errorHandler(2, 'Trying to access array offset on value of type null', 'C:\\xampp\\htdocs\\Student_Management_Portal\\app\\Views\\dashboard\\courses\\index_slides.php', 22)
 2 SYSTEMPATH\View\View.php(234): include('C:\\xampp\\htdocs\\Student_Management_Portal\\app\\Views\\dashboard\\courses\\index_slides.php')
 3 SYSTEMPATH\View\View.php(237): CodeIgniter\View\View->CodeIgniter\View\{closure}()
 4 SYSTEMPATH\Common.php(1171): CodeIgniter\View\View->render('dashboard/courses/index_slides', [], true)
 5 APPPATH\Controllers\Courses.php(537): view('dashboard/courses/index_slides', [...])
 6 SYSTEMPATH\CodeIgniter.php(933): App\Controllers\Courses->view_slides('public', 'assests', 'Logo.png')
 7 SYSTEMPATH\CodeIgniter.php(509): CodeIgniter\CodeIgniter->runController(Object(App\Controllers\Courses))
 8 SYSTEMPATH\CodeIgniter.php(355): CodeIgniter\CodeIgniter->handleRequest(null, Object(Config\Cache), false)
 9 SYSTEMPATH\Boot.php(325): CodeIgniter\CodeIgniter->run()
10 SYSTEMPATH\Boot.php(67): CodeIgniter\Boot::runCodeIgniter(Object(CodeIgniter\CodeIgniter))
11 FCPATH\index.php(56): CodeIgniter\Boot::bootWeb(Object(Config\Paths))
CRITICAL - 2025-01-03 04:59:13 --> ErrorException: Trying to access array offset on value of type null
[Method: GET, Route: courses/view_slides/public/assests/Logo.png]
in APPPATH\Views\dashboard\courses\index_slides.php on line 22.
 1 APPPATH\Views\dashboard\courses\index_slides.php(22): CodeIgniter\Debug\Exceptions->errorHandler(2, 'Trying to access array offset on value of type null', 'C:\\xampp\\htdocs\\Student_Management_Portal\\app\\Views\\dashboard\\courses\\index_slides.php', 22)
 2 SYSTEMPATH\View\View.php(234): include('C:\\xampp\\htdocs\\Student_Management_Portal\\app\\Views\\dashboard\\courses\\index_slides.php')
 3 SYSTEMPATH\View\View.php(237): CodeIgniter\View\View->CodeIgniter\View\{closure}()
 4 SYSTEMPATH\Common.php(1171): CodeIgniter\View\View->render('dashboard/courses/index_slides', [], true)
 5 APPPATH\Controllers\Courses.php(537): view('dashboard/courses/index_slides', [...])
 6 SYSTEMPATH\CodeIgniter.php(933): App\Controllers\Courses->view_slides('public', 'assests', 'Logo.png')
 7 SYSTEMPATH\CodeIgniter.php(509): CodeIgniter\CodeIgniter->runController(Object(App\Controllers\Courses))
 8 SYSTEMPATH\CodeIgniter.php(355): CodeIgniter\CodeIgniter->handleRequest(null, Object(Config\Cache), false)
 9 SYSTEMPATH\Boot.php(325): CodeIgniter\CodeIgniter->run()
10 SYSTEMPATH\Boot.php(67): CodeIgniter\Boot::runCodeIgniter(Object(CodeIgniter\CodeIgniter))
11 FCPATH\index.php(56): CodeIgniter\Boot::bootWeb(Object(Config\Paths))
CRITICAL - 2025-01-03 04:59:18 --> ErrorException: Trying to access array offset on value of type null
[Method: GET, Route: courses/syllabus_subjects/2/public/assests/Logo.png]
in APPPATH\Views\dashboard\courses\index_subject.php on line 6.
 1 APPPATH\Views\dashboard\courses\index_subject.php(6): CodeIgniter\Debug\Exceptions->errorHandler(2, 'Trying to access array offset on value of type null', 'C:\\xampp\\htdocs\\Student_Management_Portal\\app\\Views\\dashboard\\courses\\index_subject.php', 6)
 2 SYSTEMPATH\View\View.php(234): include('C:\\xampp\\htdocs\\Student_Management_Portal\\app\\Views\\dashboard\\courses\\index_subject.php')
 3 SYSTEMPATH\View\View.php(237): CodeIgniter\View\View->CodeIgniter\View\{closure}()
 4 SYSTEMPATH\Common.php(1171): CodeIgniter\View\View->render('dashboard/courses/index_subject', [], true)
 5 APPPATH\Controllers\Courses.php(123): view('dashboard/courses/index_subject', [...])
 6 SYSTEMPATH\CodeIgniter.php(933): App\Controllers\Courses->syllabus_subjects('2', 'public', 'assests', 'Logo.png')
 7 SYSTEMPATH\CodeIgniter.php(509): CodeIgniter\CodeIgniter->runController(Object(App\Controllers\Courses))
 8 SYSTEMPATH\CodeIgniter.php(355): CodeIgniter\CodeIgniter->handleRequest(null, Object(Config\Cache), false)
 9 SYSTEMPATH\Boot.php(325): CodeIgniter\CodeIgniter->run()
10 SYSTEMPATH\Boot.php(67): CodeIgniter\Boot::runCodeIgniter(Object(CodeIgniter\CodeIgniter))
11 FCPATH\index.php(56): CodeIgniter\Boot::bootWeb(Object(Config\Paths))
CRITICAL - 2025-01-03 04:59:19 --> ErrorException: Trying to access array offset on value of type null
[Method: GET, Route: courses/department_syllabus/public/assests/Logo.png]
in APPPATH\Views\dashboard\courses\index_syllabus.php on line 6.
 1 APPPATH\Views\dashboard\courses\index_syllabus.php(6): CodeIgniter\Debug\Exceptions->errorHandler(2, 'Trying to access array offset on value of type null', 'C:\\xampp\\htdocs\\Student_Management_Portal\\app\\Views\\dashboard\\courses\\index_syllabus.php', 6)
 2 SYSTEMPATH\View\View.php(234): include('C:\\xampp\\htdocs\\Student_Management_Portal\\app\\Views\\dashboard\\courses\\index_syllabus.php')
 3 SYSTEMPATH\View\View.php(237): CodeIgniter\View\View->CodeIgniter\View\{closure}()
 4 SYSTEMPATH\Common.php(1171): CodeIgniter\View\View->render('dashboard/courses/index_syllabus', [], true)
 5 APPPATH\Controllers\Courses.php(78): view('dashboard/courses/index_syllabus', [...])
 6 SYSTEMPATH\CodeIgniter.php(933): App\Controllers\Courses->department_syllabus('public', 'assests', 'Logo.png')
 7 SYSTEMPATH\CodeIgniter.php(509): CodeIgniter\CodeIgniter->runController(Object(App\Controllers\Courses))
 8 SYSTEMPATH\CodeIgniter.php(355): CodeIgniter\CodeIgniter->handleRequest(null, Object(Config\Cache), false)
 9 SYSTEMPATH\Boot.php(325): CodeIgniter\CodeIgniter->run()
10 SYSTEMPATH\Boot.php(67): CodeIgniter\Boot::runCodeIgniter(Object(CodeIgniter\CodeIgniter))
11 FCPATH\index.php(56): CodeIgniter\Boot::bootWeb(Object(Config\Paths))
INFO - 2025-01-03 04:59:20 --> Session: Class initialized using 'CodeIgniter\Session\Handlers\FileHandler' driver.
INFO - 2025-01-03 05:00:42 --> Session: Class initialized using 'CodeIgniter\Session\Handlers\FileHandler' driver.
INFO - 2025-01-03 05:00:44 --> Session: Class initialized using 'CodeIgniter\Session\Handlers\FileHandler' driver.
INFO - 2025-01-03 05:00:46 --> Session: Class initialized using 'CodeIgniter\Session\Handlers\FileHandler' driver.
INFO - 2025-01-03 05:00:46 --> Session: Class initialized using 'CodeIgniter\Session\Handlers\FileHandler' driver.
INFO - 2025-01-03 05:00:46 --> Session: Class initialized using 'CodeIgniter\Session\Handlers\FileHandler' driver.
INFO - 2025-01-03 05:00:46 --> Session: Class initialized using 'CodeIgniter\Session\Handlers\FileHandler' driver.
INFO - 2025-01-03 05:00:46 --> Session: Class initialized using 'CodeIgniter\Session\Handlers\FileHandler' driver.
INFO - 2025-01-03 05:00:48 --> Session: Class initialized using 'CodeIgniter\Session\Handlers\FileHandler' driver.
INFO - 2025-01-03 05:00:55 --> Session: Class initialized using 'CodeIgniter\Session\Handlers\FileHandler' driver.
INFO - 2025-01-03 05:00:55 --> Session: Class initialized using 'CodeIgniter\Session\Handlers\FileHandler' driver.
INFO - 2025-01-03 05:00:58 --> Session: Class initialized using 'CodeIgniter\Session\Handlers\FileHandler' driver.
INFO - 2025-01-03 05:01:02 --> Session: Class initialized using 'CodeIgniter\Session\Handlers\FileHandler' driver.
INFO - 2025-01-03 05:01:04 --> Session: Class initialized using 'CodeIgniter\Session\Handlers\FileHandler' driver.
INFO - 2025-01-03 05:01:06 --> Session: Class initialized using 'CodeIgniter\Session\Handlers\FileHandler' driver.
INFO - 2025-01-03 05:01:07 --> Session: Class initialized using 'CodeIgniter\Session\Handlers\FileHandler' driver.
INFO - 2025-01-03 05:01:10 --> Session: Class initialized using 'CodeIgniter\Session\Handlers\FileHandler' driver.
INFO - 2025-01-03 05:01:11 --> Session: Class initialized using 'CodeIgniter\Session\Handlers\FileHandler' driver.
CRITICAL - 2025-01-03 05:01:11 --> ErrorException: Trying to access array offset on value of type null
[Method: GET, Route: admins/edit/dashboard.js]
in APPPATH\Views\dashboard\admins\edit_admin.php on line 9.
 1 APPPATH\Views\dashboard\admins\edit_admin.php(9): CodeIgniter\Debug\Exceptions->errorHandler(2, 'Trying to access array offset on value of type null', 'C:\\xampp\\htdocs\\Student_Management_Portal\\app\\Views\\dashboard\\admins\\edit_admin.php', 9)
 2 SYSTEMPATH\View\View.php(234): include('C:\\xampp\\htdocs\\Student_Management_Portal\\app\\Views\\dashboard\\admins\\edit_admin.php')
 3 SYSTEMPATH\View\View.php(237): CodeIgniter\View\View->CodeIgniter\View\{closure}()
 4 SYSTEMPATH\Common.php(1171): CodeIgniter\View\View->render('dashboard/admins/edit_admin', [], true)
 5 APPPATH\Controllers\Admins.php(84): view('dashboard/admins/edit_admin', [...])
 6 SYSTEMPATH\CodeIgniter.php(933): App\Controllers\Admins->edit('dashboard.js')
 7 SYSTEMPATH\CodeIgniter.php(509): CodeIgniter\CodeIgniter->runController(Object(App\Controllers\Admins))
 8 SYSTEMPATH\CodeIgniter.php(355): CodeIgniter\CodeIgniter->handleRequest(null, Object(Config\Cache), false)
 9 SYSTEMPATH\Boot.php(325): CodeIgniter\CodeIgniter->run()
10 SYSTEMPATH\Boot.php(67): CodeIgniter\Boot::runCodeIgniter(Object(CodeIgniter\CodeIgniter))
11 FCPATH\index.php(56): CodeIgniter\Boot::bootWeb(Object(Config\Paths))
INFO - 2025-01-03 05:01:11 --> Session: Class initialized using 'CodeIgniter\Session\Handlers\FileHandler' driver.
INFO - 2025-01-03 05:01:11 --> Session: Class initialized using 'CodeIgniter\Session\Handlers\FileHandler' driver.
INFO - 2025-01-03 05:01:11 --> Session: Class initialized using 'CodeIgniter\Session\Handlers\FileHandler' driver.
CRITICAL - 2025-01-03 05:01:11 --> ErrorException: Trying to access array offset on value of type null
[Method: GET, Route: admins/edit/public/assests/Logo.png]
in APPPATH\Views\dashboard\admins\edit_admin.php on line 9.
 1 APPPATH\Views\dashboard\admins\edit_admin.php(9): CodeIgniter\Debug\Exceptions->errorHandler(2, 'Trying to access array offset on value of type null', 'C:\\xampp\\htdocs\\Student_Management_Portal\\app\\Views\\dashboard\\admins\\edit_admin.php', 9)
 2 SYSTEMPATH\View\View.php(234): include('C:\\xampp\\htdocs\\Student_Management_Portal\\app\\Views\\dashboard\\admins\\edit_admin.php')
 3 SYSTEMPATH\View\View.php(237): CodeIgniter\View\View->CodeIgniter\View\{closure}()
 4 SYSTEMPATH\Common.php(1171): CodeIgniter\View\View->render('dashboard/admins/edit_admin', [], true)
 5 APPPATH\Controllers\Admins.php(84): view('dashboard/admins/edit_admin', [...])
 6 SYSTEMPATH\CodeIgniter.php(933): App\Controllers\Admins->edit('public', 'assests', 'Logo.png')
 7 SYSTEMPATH\CodeIgniter.php(509): CodeIgniter\CodeIgniter->runController(Object(App\Controllers\Admins))
 8 SYSTEMPATH\CodeIgniter.php(355): CodeIgniter\CodeIgniter->handleRequest(null, Object(Config\Cache), false)
 9 SYSTEMPATH\Boot.php(325): CodeIgniter\CodeIgniter->run()
10 SYSTEMPATH\Boot.php(67): CodeIgniter\Boot::runCodeIgniter(Object(CodeIgniter\CodeIgniter))
11 FCPATH\index.php(56): CodeIgniter\Boot::bootWeb(Object(Config\Paths))
INFO - 2025-01-03 05:01:11 --> Session: Class initialized using 'CodeIgniter\Session\Handlers\FileHandler' driver.
CRITICAL - 2025-01-03 05:01:11 --> ErrorException: Trying to access array offset on value of type null
[Method: GET, Route: admins/edit/public/assests/Logo.png]
in APPPATH\Views\dashboard\admins\edit_admin.php on line 9.
 1 APPPATH\Views\dashboard\admins\edit_admin.php(9): CodeIgniter\Debug\Exceptions->errorHandler(2, 'Trying to access array offset on value of type null', 'C:\\xampp\\htdocs\\Student_Management_Portal\\app\\Views\\dashboard\\admins\\edit_admin.php', 9)
 2 SYSTEMPATH\View\View.php(234): include('C:\\xampp\\htdocs\\Student_Management_Portal\\app\\Views\\dashboard\\admins\\edit_admin.php')
 3 SYSTEMPATH\View\View.php(237): CodeIgniter\View\View->CodeIgniter\View\{closure}()
 4 SYSTEMPATH\Common.php(1171): CodeIgniter\View\View->render('dashboard/admins/edit_admin', [], true)
 5 APPPATH\Controllers\Admins.php(84): view('dashboard/admins/edit_admin', [...])
 6 SYSTEMPATH\CodeIgniter.php(933): App\Controllers\Admins->edit('public', 'assests', 'Logo.png')
 7 SYSTEMPATH\CodeIgniter.php(509): CodeIgniter\CodeIgniter->runController(Object(App\Controllers\Admins))
 8 SYSTEMPATH\CodeIgniter.php(355): CodeIgniter\CodeIgniter->handleRequest(null, Object(Config\Cache), false)
 9 SYSTEMPATH\Boot.php(325): CodeIgniter\CodeIgniter->run()
10 SYSTEMPATH\Boot.php(67): CodeIgniter\Boot::runCodeIgniter(Object(CodeIgniter\CodeIgniter))
11 FCPATH\index.php(56): CodeIgniter\Boot::bootWeb(Object(Config\Paths))
INFO - 2025-01-03 05:01:12 --> Session: Class initialized using 'CodeIgniter\Session\Handlers\FileHandler' driver.
INFO - 2025-01-03 05:01:14 --> Session: Class initialized using 'CodeIgniter\Session\Handlers\FileHandler' driver.
INFO - 2025-01-03 05:01:17 --> Session: Class initialized using 'CodeIgniter\Session\Handlers\FileHandler' driver.
INFO - 2025-01-03 05:01:27 --> Session: Class initialized using 'CodeIgniter\Session\Handlers\FileHandler' driver.
INFO - 2025-01-03 05:12:55 --> Session: Class initialized using 'CodeIgniter\Session\Handlers\FileHandler' driver.
INFO - 2025-01-03 05:12:57 --> Session: Class initialized using 'CodeIgniter\Session\Handlers\FileHandler' driver.
INFO - 2025-01-03 05:14:19 --> Session: Class initialized using 'CodeIgniter\Session\Handlers\FileHandler' driver.
INFO - 2025-01-03 05:14:20 --> Session: Class initialized using 'CodeIgniter\Session\Handlers\FileHandler' driver.
CRITICAL - 2025-01-03 05:14:23 --> ErrorException: Trying to access array offset on value of type null
[Method: GET, Route: courses/department_syllabus/public/assests/Logo.png]
in APPPATH\Views\dashboard\courses\index_syllabus.php on line 6.
 1 APPPATH\Views\dashboard\courses\index_syllabus.php(6): CodeIgniter\Debug\Exceptions->errorHandler(2, 'Trying to access array offset on value of type null', 'C:\\xampp\\htdocs\\Student_Management_Portal\\app\\Views\\dashboard\\courses\\index_syllabus.php', 6)
 2 SYSTEMPATH\View\View.php(234): include('C:\\xampp\\htdocs\\Student_Management_Portal\\app\\Views\\dashboard\\courses\\index_syllabus.php')
 3 SYSTEMPATH\View\View.php(237): CodeIgniter\View\View->CodeIgniter\View\{closure}()
 4 SYSTEMPATH\Common.php(1171): CodeIgniter\View\View->render('dashboard/courses/index_syllabus', [], true)
 5 APPPATH\Controllers\Courses.php(78): view('dashboard/courses/index_syllabus', [...])
 6 SYSTEMPATH\CodeIgniter.php(933): App\Controllers\Courses->department_syllabus('public', 'assests', 'Logo.png')
 7 SYSTEMPATH\CodeIgniter.php(509): CodeIgniter\CodeIgniter->runController(Object(App\Controllers\Courses))
 8 SYSTEMPATH\CodeIgniter.php(355): CodeIgniter\CodeIgniter->handleRequest(null, Object(Config\Cache), false)
 9 SYSTEMPATH\Boot.php(325): CodeIgniter\CodeIgniter->run()
10 SYSTEMPATH\Boot.php(67): CodeIgniter\Boot::runCodeIgniter(Object(CodeIgniter\CodeIgniter))
11 FCPATH\index.php(56): CodeIgniter\Boot::bootWeb(Object(Config\Paths))
CRITICAL - 2025-01-03 05:14:23 --> ErrorException: Trying to access array offset on value of type null
[Method: GET, Route: courses/department_syllabus/public/assests/Logo.png]
in APPPATH\Views\dashboard\courses\index_syllabus.php on line 6.
 1 APPPATH\Views\dashboard\courses\index_syllabus.php(6): CodeIgniter\Debug\Exceptions->errorHandler(2, 'Trying to access array offset on value of type null', 'C:\\xampp\\htdocs\\Student_Management_Portal\\app\\Views\\dashboard\\courses\\index_syllabus.php', 6)
 2 SYSTEMPATH\View\View.php(234): include('C:\\xampp\\htdocs\\Student_Management_Portal\\app\\Views\\dashboard\\courses\\index_syllabus.php')
 3 SYSTEMPATH\View\View.php(237): CodeIgniter\View\View->CodeIgniter\View\{closure}()
 4 SYSTEMPATH\Common.php(1171): CodeIgniter\View\View->render('dashboard/courses/index_syllabus', [], true)
 5 APPPATH\Controllers\Courses.php(78): view('dashboard/courses/index_syllabus', [...])
 6 SYSTEMPATH\CodeIgniter.php(933): App\Controllers\Courses->department_syllabus('public', 'assests', 'Logo.png')
 7 SYSTEMPATH\CodeIgniter.php(509): CodeIgniter\CodeIgniter->runController(Object(App\Controllers\Courses))
 8 SYSTEMPATH\CodeIgniter.php(355): CodeIgniter\CodeIgniter->handleRequest(null, Object(Config\Cache), false)
 9 SYSTEMPATH\Boot.php(325): CodeIgniter\CodeIgniter->run()
10 SYSTEMPATH\Boot.php(67): CodeIgniter\Boot::runCodeIgniter(Object(CodeIgniter\CodeIgniter))
11 FCPATH\index.php(56): CodeIgniter\Boot::bootWeb(Object(Config\Paths))
CRITICAL - 2025-01-03 05:14:24 --> ErrorException: Trying to access array offset on value of type null
[Method: GET, Route: courses/syllabus_subjects/2/public/assests/Logo.png]
in APPPATH\Views\dashboard\courses\index_subject.php on line 6.
 1 APPPATH\Views\dashboard\courses\index_subject.php(6): CodeIgniter\Debug\Exceptions->errorHandler(2, 'Trying to access array offset on value of type null', 'C:\\xampp\\htdocs\\Student_Management_Portal\\app\\Views\\dashboard\\courses\\index_subject.php', 6)
 2 SYSTEMPATH\View\View.php(234): include('C:\\xampp\\htdocs\\Student_Management_Portal\\app\\Views\\dashboard\\courses\\index_subject.php')
 3 SYSTEMPATH\View\View.php(237): CodeIgniter\View\View->CodeIgniter\View\{closure}()
 4 SYSTEMPATH\Common.php(1171): CodeIgniter\View\View->render('dashboard/courses/index_subject', [], true)
 5 APPPATH\Controllers\Courses.php(123): view('dashboard/courses/index_subject', [...])
 6 SYSTEMPATH\CodeIgniter.php(933): App\Controllers\Courses->syllabus_subjects('2', 'public', 'assests', 'Logo.png')
 7 SYSTEMPATH\CodeIgniter.php(509): CodeIgniter\CodeIgniter->runController(Object(App\Controllers\Courses))
 8 SYSTEMPATH\CodeIgniter.php(355): CodeIgniter\CodeIgniter->handleRequest(null, Object(Config\Cache), false)
 9 SYSTEMPATH\Boot.php(325): CodeIgniter\CodeIgniter->run()
10 SYSTEMPATH\Boot.php(67): CodeIgniter\Boot::runCodeIgniter(Object(CodeIgniter\CodeIgniter))
11 FCPATH\index.php(56): CodeIgniter\Boot::bootWeb(Object(Config\Paths))
CRITICAL - 2025-01-03 05:14:24 --> ErrorException: Trying to access array offset on value of type null
[Method: GET, Route: courses/syllabus_subjects/2/public/assests/Logo.png]
in APPPATH\Views\dashboard\courses\index_subject.php on line 6.
 1 APPPATH\Views\dashboard\courses\index_subject.php(6): CodeIgniter\Debug\Exceptions->errorHandler(2, 'Trying to access array offset on value of type null', 'C:\\xampp\\htdocs\\Student_Management_Portal\\app\\Views\\dashboard\\courses\\index_subject.php', 6)
 2 SYSTEMPATH\View\View.php(234): include('C:\\xampp\\htdocs\\Student_Management_Portal\\app\\Views\\dashboard\\courses\\index_subject.php')
 3 SYSTEMPATH\View\View.php(237): CodeIgniter\View\View->CodeIgniter\View\{closure}()
 4 SYSTEMPATH\Common.php(1171): CodeIgniter\View\View->render('dashboard/courses/index_subject', [], true)
 5 APPPATH\Controllers\Courses.php(123): view('dashboard/courses/index_subject', [...])
 6 SYSTEMPATH\CodeIgniter.php(933): App\Controllers\Courses->syllabus_subjects('2', 'public', 'assests', 'Logo.png')
 7 SYSTEMPATH\CodeIgniter.php(509): CodeIgniter\CodeIgniter->runController(Object(App\Controllers\Courses))
 8 SYSTEMPATH\CodeIgniter.php(355): CodeIgniter\CodeIgniter->handleRequest(null, Object(Config\Cache), false)
 9 SYSTEMPATH\Boot.php(325): CodeIgniter\CodeIgniter->run()
10 SYSTEMPATH\Boot.php(67): CodeIgniter\Boot::runCodeIgniter(Object(CodeIgniter\CodeIgniter))
11 FCPATH\index.php(56): CodeIgniter\Boot::bootWeb(Object(Config\Paths))
CRITICAL - 2025-01-03 05:14:26 --> ErrorException: Trying to access array offset on value of type null
[Method: GET, Route: courses/view_slides/public/assests/Logo.png]
in APPPATH\Views\dashboard\courses\index_slides.php on line 22.
 1 APPPATH\Views\dashboard\courses\index_slides.php(22): CodeIgniter\Debug\Exceptions->errorHandler(2, 'Trying to access array offset on value of type null', 'C:\\xampp\\htdocs\\Student_Management_Portal\\app\\Views\\dashboard\\courses\\index_slides.php', 22)
 2 SYSTEMPATH\View\View.php(234): include('C:\\xampp\\htdocs\\Student_Management_Portal\\app\\Views\\dashboard\\courses\\index_slides.php')
 3 SYSTEMPATH\View\View.php(237): CodeIgniter\View\View->CodeIgniter\View\{closure}()
 4 SYSTEMPATH\Common.php(1171): CodeIgniter\View\View->render('dashboard/courses/index_slides', [], true)
 5 APPPATH\Controllers\Courses.php(537): view('dashboard/courses/index_slides', [...])
 6 SYSTEMPATH\CodeIgniter.php(933): App\Controllers\Courses->view_slides('public', 'assests', 'Logo.png')
 7 SYSTEMPATH\CodeIgniter.php(509): CodeIgniter\CodeIgniter->runController(Object(App\Controllers\Courses))
 8 SYSTEMPATH\CodeIgniter.php(355): CodeIgniter\CodeIgniter->handleRequest(null, Object(Config\Cache), false)
 9 SYSTEMPATH\Boot.php(325): CodeIgniter\CodeIgniter->run()
10 SYSTEMPATH\Boot.php(67): CodeIgniter\Boot::runCodeIgniter(Object(CodeIgniter\CodeIgniter))
11 FCPATH\index.php(56): CodeIgniter\Boot::bootWeb(Object(Config\Paths))
CRITICAL - 2025-01-03 05:14:26 --> ErrorException: Trying to access array offset on value of type null
[Method: GET, Route: courses/view_slides/public/assests/Logo.png]
in APPPATH\Views\dashboard\courses\index_slides.php on line 22.
 1 APPPATH\Views\dashboard\courses\index_slides.php(22): CodeIgniter\Debug\Exceptions->errorHandler(2, 'Trying to access array offset on value of type null', 'C:\\xampp\\htdocs\\Student_Management_Portal\\app\\Views\\dashboard\\courses\\index_slides.php', 22)
 2 SYSTEMPATH\View\View.php(234): include('C:\\xampp\\htdocs\\Student_Management_Portal\\app\\Views\\dashboard\\courses\\index_slides.php')
 3 SYSTEMPATH\View\View.php(237): CodeIgniter\View\View->CodeIgniter\View\{closure}()
 4 SYSTEMPATH\Common.php(1171): CodeIgniter\View\View->render('dashboard/courses/index_slides', [], true)
 5 APPPATH\Controllers\Courses.php(537): view('dashboard/courses/index_slides', [...])
 6 SYSTEMPATH\CodeIgniter.php(933): App\Controllers\Courses->view_slides('public', 'assests', 'Logo.png')
 7 SYSTEMPATH\CodeIgniter.php(509): CodeIgniter\CodeIgniter->runController(Object(App\Controllers\Courses))
 8 SYSTEMPATH\CodeIgniter.php(355): CodeIgniter\CodeIgniter->handleRequest(null, Object(Config\Cache), false)
 9 SYSTEMPATH\Boot.php(325): CodeIgniter\CodeIgniter->run()
10 SYSTEMPATH\Boot.php(67): CodeIgniter\Boot::runCodeIgniter(Object(CodeIgniter\CodeIgniter))
11 FCPATH\index.php(56): CodeIgniter\Boot::bootWeb(Object(Config\Paths))
CRITICAL - 2025-01-03 05:14:30 --> ErrorException: Trying to access array offset on value of type null
[Method: GET, Route: courses/syllabus_subjects/2/public/assests/Logo.png]
in APPPATH\Views\dashboard\courses\index_subject.php on line 6.
 1 APPPATH\Views\dashboard\courses\index_subject.php(6): CodeIgniter\Debug\Exceptions->errorHandler(2, 'Trying to access array offset on value of type null', 'C:\\xampp\\htdocs\\Student_Management_Portal\\app\\Views\\dashboard\\courses\\index_subject.php', 6)
 2 SYSTEMPATH\View\View.php(234): include('C:\\xampp\\htdocs\\Student_Management_Portal\\app\\Views\\dashboard\\courses\\index_subject.php')
 3 SYSTEMPATH\View\View.php(237): CodeIgniter\View\View->CodeIgniter\View\{closure}()
 4 SYSTEMPATH\Common.php(1171): CodeIgniter\View\View->render('dashboard/courses/index_subject', [], true)
 5 APPPATH\Controllers\Courses.php(123): view('dashboard/courses/index_subject', [...])
 6 SYSTEMPATH\CodeIgniter.php(933): App\Controllers\Courses->syllabus_subjects('2', 'public', 'assests', 'Logo.png')
 7 SYSTEMPATH\CodeIgniter.php(509): CodeIgniter\CodeIgniter->runController(Object(App\Controllers\Courses))
 8 SYSTEMPATH\CodeIgniter.php(355): CodeIgniter\CodeIgniter->handleRequest(null, Object(Config\Cache), false)
 9 SYSTEMPATH\Boot.php(325): CodeIgniter\CodeIgniter->run()
10 SYSTEMPATH\Boot.php(67): CodeIgniter\Boot::runCodeIgniter(Object(CodeIgniter\CodeIgniter))
11 FCPATH\index.php(56): CodeIgniter\Boot::bootWeb(Object(Config\Paths))
CRITICAL - 2025-01-03 05:14:30 --> ErrorException: Trying to access array offset on value of type null
[Method: GET, Route: courses/department_syllabus/public/assests/Logo.png]
in APPPATH\Views\dashboard\courses\index_syllabus.php on line 6.
 1 APPPATH\Views\dashboard\courses\index_syllabus.php(6): CodeIgniter\Debug\Exceptions->errorHandler(2, 'Trying to access array offset on value of type null', 'C:\\xampp\\htdocs\\Student_Management_Portal\\app\\Views\\dashboard\\courses\\index_syllabus.php', 6)
 2 SYSTEMPATH\View\View.php(234): include('C:\\xampp\\htdocs\\Student_Management_Portal\\app\\Views\\dashboard\\courses\\index_syllabus.php')
 3 SYSTEMPATH\View\View.php(237): CodeIgniter\View\View->CodeIgniter\View\{closure}()
 4 SYSTEMPATH\Common.php(1171): CodeIgniter\View\View->render('dashboard/courses/index_syllabus', [], true)
 5 APPPATH\Controllers\Courses.php(78): view('dashboard/courses/index_syllabus', [...])
 6 SYSTEMPATH\CodeIgniter.php(933): App\Controllers\Courses->department_syllabus('public', 'assests', 'Logo.png')
 7 SYSTEMPATH\CodeIgniter.php(509): CodeIgniter\CodeIgniter->runController(Object(App\Controllers\Courses))
 8 SYSTEMPATH\CodeIgniter.php(355): CodeIgniter\CodeIgniter->handleRequest(null, Object(Config\Cache), false)
 9 SYSTEMPATH\Boot.php(325): CodeIgniter\CodeIgniter->run()
10 SYSTEMPATH\Boot.php(67): CodeIgniter\Boot::runCodeIgniter(Object(CodeIgniter\CodeIgniter))
11 FCPATH\index.php(56): CodeIgniter\Boot::bootWeb(Object(Config\Paths))
INFO - 2025-01-03 05:15:39 --> Session: Class initialized using 'CodeIgniter\Session\Handlers\FileHandler' driver.
INFO - 2025-01-03 05:15:48 --> Session: Class initialized using 'CodeIgniter\Session\Handlers\FileHandler' driver.
CRITICAL - 2025-01-03 05:15:56 --> ErrorException: Trying to access array offset on value of type null
[Method: GET, Route: courses/department_syllabus/public/assests/Logo.png]
in APPPATH\Views\dashboard\courses\index_syllabus.php on line 6.
 1 APPPATH\Views\dashboard\courses\index_syllabus.php(6): CodeIgniter\Debug\Exceptions->errorHandler(2, 'Trying to access array offset on value of type null', 'C:\\xampp\\htdocs\\Student_Management_Portal\\app\\Views\\dashboard\\courses\\index_syllabus.php', 6)
 2 SYSTEMPATH\View\View.php(234): include('C:\\xampp\\htdocs\\Student_Management_Portal\\app\\Views\\dashboard\\courses\\index_syllabus.php')
 3 SYSTEMPATH\View\View.php(237): CodeIgniter\View\View->CodeIgniter\View\{closure}()
 4 SYSTEMPATH\Common.php(1171): CodeIgniter\View\View->render('dashboard/courses/index_syllabus', [], true)
 5 APPPATH\Controllers\Courses.php(78): view('dashboard/courses/index_syllabus', [...])
 6 SYSTEMPATH\CodeIgniter.php(933): App\Controllers\Courses->department_syllabus('public', 'assests', 'Logo.png')
 7 SYSTEMPATH\CodeIgniter.php(509): CodeIgniter\CodeIgniter->runController(Object(App\Controllers\Courses))
 8 SYSTEMPATH\CodeIgniter.php(355): CodeIgniter\CodeIgniter->handleRequest(null, Object(Config\Cache), false)
 9 SYSTEMPATH\Boot.php(325): CodeIgniter\CodeIgniter->run()
10 SYSTEMPATH\Boot.php(67): CodeIgniter\Boot::runCodeIgniter(Object(CodeIgniter\CodeIgniter))
11 FCPATH\index.php(56): CodeIgniter\Boot::bootWeb(Object(Config\Paths))
INFO - 2025-01-03 05:15:58 --> Session: Class initialized using 'CodeIgniter\Session\Handlers\FileHandler' driver.
INFO - 2025-01-03 05:16:05 --> Session: Class initialized using 'CodeIgniter\Session\Handlers\FileHandler' driver.
INFO - 2025-01-03 05:16:15 --> Session: Class initialized using 'CodeIgniter\Session\Handlers\FileHandler' driver.
CRITICAL - 2025-01-03 05:16:25 --> ErrorException: Trying to access array offset on value of type null
[Method: GET, Route: courses/department_syllabus/public/assests/Logo.png]
in APPPATH\Views\dashboard\courses\index_syllabus.php on line 6.
 1 APPPATH\Views\dashboard\courses\index_syllabus.php(6): CodeIgniter\Debug\Exceptions->errorHandler(2, 'Trying to access array offset on value of type null', 'C:\\xampp\\htdocs\\Student_Management_Portal\\app\\Views\\dashboard\\courses\\index_syllabus.php', 6)
 2 SYSTEMPATH\View\View.php(234): include('C:\\xampp\\htdocs\\Student_Management_Portal\\app\\Views\\dashboard\\courses\\index_syllabus.php')
 3 SYSTEMPATH\View\View.php(237): CodeIgniter\View\View->CodeIgniter\View\{closure}()
 4 SYSTEMPATH\Common.php(1171): CodeIgniter\View\View->render('dashboard/courses/index_syllabus', [], true)
 5 APPPATH\Controllers\Courses.php(78): view('dashboard/courses/index_syllabus', [...])
 6 SYSTEMPATH\CodeIgniter.php(933): App\Controllers\Courses->department_syllabus('public', 'assests', 'Logo.png')
 7 SYSTEMPATH\CodeIgniter.php(509): CodeIgniter\CodeIgniter->runController(Object(App\Controllers\Courses))
 8 SYSTEMPATH\CodeIgniter.php(355): CodeIgniter\CodeIgniter->handleRequest(null, Object(Config\Cache), false)
 9 SYSTEMPATH\Boot.php(325): CodeIgniter\CodeIgniter->run()
10 SYSTEMPATH\Boot.php(67): CodeIgniter\Boot::runCodeIgniter(Object(CodeIgniter\CodeIgniter))
11 FCPATH\index.php(56): CodeIgniter\Boot::bootWeb(Object(Config\Paths))
CRITICAL - 2025-01-03 05:16:27 --> ErrorException: Trying to access array offset on value of type null
[Method: GET, Route: courses/syllabus_subjects/2/public/assests/Logo.png]
in APPPATH\Views\dashboard\courses\index_subject.php on line 6.
 1 APPPATH\Views\dashboard\courses\index_subject.php(6): CodeIgniter\Debug\Exceptions->errorHandler(2, 'Trying to access array offset on value of type null', 'C:\\xampp\\htdocs\\Student_Management_Portal\\app\\Views\\dashboard\\courses\\index_subject.php', 6)
 2 SYSTEMPATH\View\View.php(234): include('C:\\xampp\\htdocs\\Student_Management_Portal\\app\\Views\\dashboard\\courses\\index_subject.php')
 3 SYSTEMPATH\View\View.php(237): CodeIgniter\View\View->CodeIgniter\View\{closure}()
 4 SYSTEMPATH\Common.php(1171): CodeIgniter\View\View->render('dashboard/courses/index_subject', [], true)
 5 APPPATH\Controllers\Courses.php(123): view('dashboard/courses/index_subject', [...])
 6 SYSTEMPATH\CodeIgniter.php(933): App\Controllers\Courses->syllabus_subjects('2', 'public', 'assests', 'Logo.png')
 7 SYSTEMPATH\CodeIgniter.php(509): CodeIgniter\CodeIgniter->runController(Object(App\Controllers\Courses))
 8 SYSTEMPATH\CodeIgniter.php(355): CodeIgniter\CodeIgniter->handleRequest(null, Object(Config\Cache), false)
 9 SYSTEMPATH\Boot.php(325): CodeIgniter\CodeIgniter->run()
10 SYSTEMPATH\Boot.php(67): CodeIgniter\Boot::runCodeIgniter(Object(CodeIgniter\CodeIgniter))
11 FCPATH\index.php(56): CodeIgniter\Boot::bootWeb(Object(Config\Paths))
CRITICAL - 2025-01-03 05:16:34 --> ErrorException: Trying to access array offset on value of type null
[Method: GET, Route: courses/view_slides/public/assests/Logo.png]
in APPPATH\Views\dashboard\courses\index_slides.php on line 22.
 1 APPPATH\Views\dashboard\courses\index_slides.php(22): CodeIgniter\Debug\Exceptions->errorHandler(2, 'Trying to access array offset on value of type null', 'C:\\xampp\\htdocs\\Student_Management_Portal\\app\\Views\\dashboard\\courses\\index_slides.php', 22)
 2 SYSTEMPATH\View\View.php(234): include('C:\\xampp\\htdocs\\Student_Management_Portal\\app\\Views\\dashboard\\courses\\index_slides.php')
 3 SYSTEMPATH\View\View.php(237): CodeIgniter\View\View->CodeIgniter\View\{closure}()
 4 SYSTEMPATH\Common.php(1171): CodeIgniter\View\View->render('dashboard/courses/index_slides', [], true)
 5 APPPATH\Controllers\Courses.php(537): view('dashboard/courses/index_slides', [...])
 6 SYSTEMPATH\CodeIgniter.php(933): App\Controllers\Courses->view_slides('public', 'assests', 'Logo.png')
 7 SYSTEMPATH\CodeIgniter.php(509): CodeIgniter\CodeIgniter->runController(Object(App\Controllers\Courses))
 8 SYSTEMPATH\CodeIgniter.php(355): CodeIgniter\CodeIgniter->handleRequest(null, Object(Config\Cache), false)
 9 SYSTEMPATH\Boot.php(325): CodeIgniter\CodeIgniter->run()
10 SYSTEMPATH\Boot.php(67): CodeIgniter\Boot::runCodeIgniter(Object(CodeIgniter\CodeIgniter))
11 FCPATH\index.php(56): CodeIgniter\Boot::bootWeb(Object(Config\Paths))
CRITICAL - 2025-01-03 05:16:35 --> ErrorException: Trying to access array offset on value of type null
[Method: GET, Route: courses/syllabus_subjects/2/public/assests/Logo.png]
in APPPATH\Views\dashboard\courses\index_subject.php on line 6.
 1 APPPATH\Views\dashboard\courses\index_subject.php(6): CodeIgniter\Debug\Exceptions->errorHandler(2, 'Trying to access array offset on value of type null', 'C:\\xampp\\htdocs\\Student_Management_Portal\\app\\Views\\dashboard\\courses\\index_subject.php', 6)
 2 SYSTEMPATH\View\View.php(234): include('C:\\xampp\\htdocs\\Student_Management_Portal\\app\\Views\\dashboard\\courses\\index_subject.php')
 3 SYSTEMPATH\View\View.php(237): CodeIgniter\View\View->CodeIgniter\View\{closure}()
 4 SYSTEMPATH\Common.php(1171): CodeIgniter\View\View->render('dashboard/courses/index_subject', [], true)
 5 APPPATH\Controllers\Courses.php(123): view('dashboard/courses/index_subject', [...])
 6 SYSTEMPATH\CodeIgniter.php(933): App\Controllers\Courses->syllabus_subjects('2', 'public', 'assests', 'Logo.png')
 7 SYSTEMPATH\CodeIgniter.php(509): CodeIgniter\CodeIgniter->runController(Object(App\Controllers\Courses))
 8 SYSTEMPATH\CodeIgniter.php(355): CodeIgniter\CodeIgniter->handleRequest(null, Object(Config\Cache), false)
 9 SYSTEMPATH\Boot.php(325): CodeIgniter\CodeIgniter->run()
10 SYSTEMPATH\Boot.php(67): CodeIgniter\Boot::runCodeIgniter(Object(CodeIgniter\CodeIgniter))
11 FCPATH\index.php(56): CodeIgniter\Boot::bootWeb(Object(Config\Paths))
CRITICAL - 2025-01-03 05:16:36 --> ErrorException: Trying to access array offset on value of type null
[Method: GET, Route: courses/department_syllabus/public/assests/Logo.png]
in APPPATH\Views\dashboard\courses\index_syllabus.php on line 6.
 1 APPPATH\Views\dashboard\courses\index_syllabus.php(6): CodeIgniter\Debug\Exceptions->errorHandler(2, 'Trying to access array offset on value of type null', 'C:\\xampp\\htdocs\\Student_Management_Portal\\app\\Views\\dashboard\\courses\\index_syllabus.php', 6)
 2 SYSTEMPATH\View\View.php(234): include('C:\\xampp\\htdocs\\Student_Management_Portal\\app\\Views\\dashboard\\courses\\index_syllabus.php')
 3 SYSTEMPATH\View\View.php(237): CodeIgniter\View\View->CodeIgniter\View\{closure}()
 4 SYSTEMPATH\Common.php(1171): CodeIgniter\View\View->render('dashboard/courses/index_syllabus', [], true)
 5 APPPATH\Controllers\Courses.php(78): view('dashboard/courses/index_syllabus', [...])
 6 SYSTEMPATH\CodeIgniter.php(933): App\Controllers\Courses->department_syllabus('public', 'assests', 'Logo.png')
 7 SYSTEMPATH\CodeIgniter.php(509): CodeIgniter\CodeIgniter->runController(Object(App\Controllers\Courses))
 8 SYSTEMPATH\CodeIgniter.php(355): CodeIgniter\CodeIgniter->handleRequest(null, Object(Config\Cache), false)
 9 SYSTEMPATH\Boot.php(325): CodeIgniter\CodeIgniter->run()
10 SYSTEMPATH\Boot.php(67): CodeIgniter\Boot::runCodeIgniter(Object(CodeIgniter\CodeIgniter))
11 FCPATH\index.php(56): CodeIgniter\Boot::bootWeb(Object(Config\Paths))
INFO - 2025-01-03 05:16:38 --> Session: Class initialized using 'CodeIgniter\Session\Handlers\FileHandler' driver.
INFO - 2025-01-03 05:16:44 --> Session: Class initialized using 'CodeIgniter\Session\Handlers\FileHandler' driver.
INFO - 2025-01-03 05:16:46 --> Session: Class initialized using 'CodeIgniter\Session\Handlers\FileHandler' driver.
INFO - 2025-01-03 05:16:48 --> Session: Class initialized using 'CodeIgniter\Session\Handlers\FileHandler' driver.
INFO - 2025-01-03 05:16:49 --> Session: Class initialized using 'CodeIgniter\Session\Handlers\FileHandler' driver.
INFO - 2025-01-03 05:16:49 --> Session: Class initialized using 'CodeIgniter\Session\Handlers\FileHandler' driver.
INFO - 2025-01-03 05:16:50 --> Session: Class initialized using 'CodeIgniter\Session\Handlers\FileHandler' driver.
INFO - 2025-01-03 05:16:55 --> Session: Class initialized using 'CodeIgniter\Session\Handlers\FileHandler' driver.
INFO - 2025-01-03 05:17:07 --> Session: Class initialized using 'CodeIgniter\Session\Handlers\FileHandler' driver.
INFO - 2025-01-03 05:17:07 --> Session: Class initialized using 'CodeIgniter\Session\Handlers\FileHandler' driver.
INFO - 2025-01-03 05:17:14 --> Session: Class initialized using 'CodeIgniter\Session\Handlers\FileHandler' driver.
INFO - 2025-01-03 05:17:15 --> Session: Class initialized using 'CodeIgniter\Session\Handlers\FileHandler' driver.
INFO - 2025-01-03 05:17:15 --> Session: Class initialized using 'CodeIgniter\Session\Handlers\FileHandler' driver.
INFO - 2025-01-03 05:17:39 --> Session: Class initialized using 'CodeIgniter\Session\Handlers\FileHandler' driver.
INFO - 2025-01-03 05:17:39 --> Session: Class initialized using 'CodeIgniter\Session\Handlers\FileHandler' driver.
CRITICAL - 2025-01-03 05:19:17 --> ErrorException: Trying to access array offset on value of type null
[Method: GET, Route: courses/department_syllabus/public/assests/Logo.png]
in APPPATH\Views\dashboard\courses\index_syllabus.php on line 6.
 1 APPPATH\Views\dashboard\courses\index_syllabus.php(6): CodeIgniter\Debug\Exceptions->errorHandler(2, 'Trying to access array offset on value of type null', 'C:\\xampp\\htdocs\\Student_Management_Portal\\app\\Views\\dashboard\\courses\\index_syllabus.php', 6)
 2 SYSTEMPATH\View\View.php(234): include('C:\\xampp\\htdocs\\Student_Management_Portal\\app\\Views\\dashboard\\courses\\index_syllabus.php')
 3 SYSTEMPATH\View\View.php(237): CodeIgniter\View\View->CodeIgniter\View\{closure}()
 4 SYSTEMPATH\Common.php(1171): CodeIgniter\View\View->render('dashboard/courses/index_syllabus', [], true)
 5 APPPATH\Controllers\Courses.php(78): view('dashboard/courses/index_syllabus', [...])
 6 SYSTEMPATH\CodeIgniter.php(933): App\Controllers\Courses->department_syllabus('public', 'assests', 'Logo.png')
 7 SYSTEMPATH\CodeIgniter.php(509): CodeIgniter\CodeIgniter->runController(Object(App\Controllers\Courses))
 8 SYSTEMPATH\CodeIgniter.php(355): CodeIgniter\CodeIgniter->handleRequest(null, Object(Config\Cache), false)
 9 SYSTEMPATH\Boot.php(325): CodeIgniter\CodeIgniter->run()
10 SYSTEMPATH\Boot.php(67): CodeIgniter\Boot::runCodeIgniter(Object(CodeIgniter\CodeIgniter))
11 FCPATH\index.php(56): CodeIgniter\Boot::bootWeb(Object(Config\Paths))
INFO - 2025-01-03 05:19:27 --> Session: Class initialized using 'CodeIgniter\Session\Handlers\FileHandler' driver.
CRITICAL - 2025-01-03 05:19:36 --> ErrorException: Trying to access array offset on value of type null
[Method: GET, Route: courses/department_syllabus/public/assests/Logo.png]
in APPPATH\Views\dashboard\courses\index_syllabus.php on line 6.
 1 APPPATH\Views\dashboard\courses\index_syllabus.php(6): CodeIgniter\Debug\Exceptions->errorHandler(2, 'Trying to access array offset on value of type null', 'C:\\xampp\\htdocs\\Student_Management_Portal\\app\\Views\\dashboard\\courses\\index_syllabus.php', 6)
 2 SYSTEMPATH\View\View.php(234): include('C:\\xampp\\htdocs\\Student_Management_Portal\\app\\Views\\dashboard\\courses\\index_syllabus.php')
 3 SYSTEMPATH\View\View.php(237): CodeIgniter\View\View->CodeIgniter\View\{closure}()
 4 SYSTEMPATH\Common.php(1171): CodeIgniter\View\View->render('dashboard/courses/index_syllabus', [], true)
 5 APPPATH\Controllers\Courses.php(78): view('dashboard/courses/index_syllabus', [...])
 6 SYSTEMPATH\CodeIgniter.php(933): App\Controllers\Courses->department_syllabus('public', 'assests', 'Logo.png')
 7 SYSTEMPATH\CodeIgniter.php(509): CodeIgniter\CodeIgniter->runController(Object(App\Controllers\Courses))
 8 SYSTEMPATH\CodeIgniter.php(355): CodeIgniter\CodeIgniter->handleRequest(null, Object(Config\Cache), false)
 9 SYSTEMPATH\Boot.php(325): CodeIgniter\CodeIgniter->run()
10 SYSTEMPATH\Boot.php(67): CodeIgniter\Boot::runCodeIgniter(Object(CodeIgniter\CodeIgniter))
11 FCPATH\index.php(56): CodeIgniter\Boot::bootWeb(Object(Config\Paths))
INFO - 2025-01-03 05:19:38 --> Session: Class initialized using 'CodeIgniter\Session\Handlers\FileHandler' driver.
CRITICAL - 2025-01-03 05:19:42 --> ErrorException: Trying to access array offset on value of type null
[Method: GET, Route: courses/department_syllabus/public/assests/Logo.png]
in APPPATH\Views\dashboard\courses\index_syllabus.php on line 6.
 1 APPPATH\Views\dashboard\courses\index_syllabus.php(6): CodeIgniter\Debug\Exceptions->errorHandler(2, 'Trying to access array offset on value of type null', 'C:\\xampp\\htdocs\\Student_Management_Portal\\app\\Views\\dashboard\\courses\\index_syllabus.php', 6)
 2 SYSTEMPATH\View\View.php(234): include('C:\\xampp\\htdocs\\Student_Management_Portal\\app\\Views\\dashboard\\courses\\index_syllabus.php')
 3 SYSTEMPATH\View\View.php(237): CodeIgniter\View\View->CodeIgniter\View\{closure}()
 4 SYSTEMPATH\Common.php(1171): CodeIgniter\View\View->render('dashboard/courses/index_syllabus', [], true)
 5 APPPATH\Controllers\Courses.php(78): view('dashboard/courses/index_syllabus', [...])
 6 SYSTEMPATH\CodeIgniter.php(933): App\Controllers\Courses->department_syllabus('public', 'assests', 'Logo.png')
 7 SYSTEMPATH\CodeIgniter.php(509): CodeIgniter\CodeIgniter->runController(Object(App\Controllers\Courses))
 8 SYSTEMPATH\CodeIgniter.php(355): CodeIgniter\CodeIgniter->handleRequest(null, Object(Config\Cache), false)
 9 SYSTEMPATH\Boot.php(325): CodeIgniter\CodeIgniter->run()
10 SYSTEMPATH\Boot.php(67): CodeIgniter\Boot::runCodeIgniter(Object(CodeIgniter\CodeIgniter))
11 FCPATH\index.php(56): CodeIgniter\Boot::bootWeb(Object(Config\Paths))
INFO - 2025-01-03 05:19:52 --> Session: Class initialized using 'CodeIgniter\Session\Handlers\FileHandler' driver.
INFO - 2025-01-03 05:19:53 --> Session: Class initialized using 'CodeIgniter\Session\Handlers\FileHandler' driver.
INFO - 2025-01-03 05:19:53 --> Session: Class initialized using 'CodeIgniter\Session\Handlers\FileHandler' driver.
INFO - 2025-01-03 05:19:53 --> Session: Class initialized using 'CodeIgniter\Session\Handlers\FileHandler' driver.
INFO - 2025-01-03 05:20:05 --> Session: Class initialized using 'CodeIgniter\Session\Handlers\FileHandler' driver.
CRITICAL - 2025-01-03 05:20:05 --> ErrorException: Trying to access array offset on value of type null
[Method: GET, Route: courses/department_syllabus/public/assests/Logo.png]
in APPPATH\Views\dashboard\courses\index_syllabus.php on line 6.
 1 APPPATH\Views\dashboard\courses\index_syllabus.php(6): CodeIgniter\Debug\Exceptions->errorHandler(2, 'Trying to access array offset on value of type null', 'C:\\xampp\\htdocs\\Student_Management_Portal\\app\\Views\\dashboard\\courses\\index_syllabus.php', 6)
 2 SYSTEMPATH\View\View.php(234): include('C:\\xampp\\htdocs\\Student_Management_Portal\\app\\Views\\dashboard\\courses\\index_syllabus.php')
 3 SYSTEMPATH\View\View.php(237): CodeIgniter\View\View->CodeIgniter\View\{closure}()
 4 SYSTEMPATH\Common.php(1171): CodeIgniter\View\View->render('dashboard/courses/index_syllabus', [], true)
 5 APPPATH\Controllers\Courses.php(78): view('dashboard/courses/index_syllabus', [...])
 6 SYSTEMPATH\CodeIgniter.php(933): App\Controllers\Courses->department_syllabus('public', 'assests', 'Logo.png')
 7 SYSTEMPATH\CodeIgniter.php(509): CodeIgniter\CodeIgniter->runController(Object(App\Controllers\Courses))
 8 SYSTEMPATH\CodeIgniter.php(355): CodeIgniter\CodeIgniter->handleRequest(null, Object(Config\Cache), false)
 9 SYSTEMPATH\Boot.php(325): CodeIgniter\CodeIgniter->run()
10 SYSTEMPATH\Boot.php(67): CodeIgniter\Boot::runCodeIgniter(Object(CodeIgniter\CodeIgniter))
11 FCPATH\index.php(56): CodeIgniter\Boot::bootWeb(Object(Config\Paths))
CRITICAL - 2025-01-03 05:20:17 --> ErrorException: Trying to access array offset on value of type null
[Method: GET, Route: courses/syllabus_subjects/1/public/assests/Logo.png]
in APPPATH\Views\dashboard\courses\index_subject.php on line 6.
 1 APPPATH\Views\dashboard\courses\index_subject.php(6): CodeIgniter\Debug\Exceptions->errorHandler(2, 'Trying to access array offset on value of type null', 'C:\\xampp\\htdocs\\Student_Management_Portal\\app\\Views\\dashboard\\courses\\index_subject.php', 6)
 2 SYSTEMPATH\View\View.php(234): include('C:\\xampp\\htdocs\\Student_Management_Portal\\app\\Views\\dashboard\\courses\\index_subject.php')
 3 SYSTEMPATH\View\View.php(237): CodeIgniter\View\View->CodeIgniter\View\{closure}()
 4 SYSTEMPATH\Common.php(1171): CodeIgniter\View\View->render('dashboard/courses/index_subject', [], true)
 5 APPPATH\Controllers\Courses.php(123): view('dashboard/courses/index_subject', [...])
 6 SYSTEMPATH\CodeIgniter.php(933): App\Controllers\Courses->syllabus_subjects('1', 'public', 'assests', 'Logo.png')
 7 SYSTEMPATH\CodeIgniter.php(509): CodeIgniter\CodeIgniter->runController(Object(App\Controllers\Courses))
 8 SYSTEMPATH\CodeIgniter.php(355): CodeIgniter\CodeIgniter->handleRequest(null, Object(Config\Cache), false)
 9 SYSTEMPATH\Boot.php(325): CodeIgniter\CodeIgniter->run()
10 SYSTEMPATH\Boot.php(67): CodeIgniter\Boot::runCodeIgniter(Object(CodeIgniter\CodeIgniter))
11 FCPATH\index.php(56): CodeIgniter\Boot::bootWeb(Object(Config\Paths))
CRITICAL - 2025-01-03 05:20:17 --> ErrorException: Trying to access array offset on value of type null
[Method: GET, Route: courses/syllabus_subjects/1/public/assests/Logo.png]
in APPPATH\Views\dashboard\courses\index_subject.php on line 6.
 1 APPPATH\Views\dashboard\courses\index_subject.php(6): CodeIgniter\Debug\Exceptions->errorHandler(2, 'Trying to access array offset on value of type null', 'C:\\xampp\\htdocs\\Student_Management_Portal\\app\\Views\\dashboard\\courses\\index_subject.php', 6)
 2 SYSTEMPATH\View\View.php(234): include('C:\\xampp\\htdocs\\Student_Management_Portal\\app\\Views\\dashboard\\courses\\index_subject.php')
 3 SYSTEMPATH\View\View.php(237): CodeIgniter\View\View->CodeIgniter\View\{closure}()
 4 SYSTEMPATH\Common.php(1171): CodeIgniter\View\View->render('dashboard/courses/index_subject', [], true)
 5 APPPATH\Controllers\Courses.php(123): view('dashboard/courses/index_subject', [...])
 6 SYSTEMPATH\CodeIgniter.php(933): App\Controllers\Courses->syllabus_subjects('1', 'public', 'assests', 'Logo.png')
 7 SYSTEMPATH\CodeIgniter.php(509): CodeIgniter\CodeIgniter->runController(Object(App\Controllers\Courses))
 8 SYSTEMPATH\CodeIgniter.php(355): CodeIgniter\CodeIgniter->handleRequest(null, Object(Config\Cache), false)
 9 SYSTEMPATH\Boot.php(325): CodeIgniter\CodeIgniter->run()
10 SYSTEMPATH\Boot.php(67): CodeIgniter\Boot::runCodeIgniter(Object(CodeIgniter\CodeIgniter))
11 FCPATH\index.php(56): CodeIgniter\Boot::bootWeb(Object(Config\Paths))
CRITICAL - 2025-01-03 05:20:48 --> ErrorException: Trying to access array offset on value of type null
[Method: GET, Route: courses/add_subject/1/public/assests/Logo.png]
in APPPATH\Views\dashboard\courses\add_new_subject.php on line 42.
 1 APPPATH\Views\dashboard\courses\add_new_subject.php(42): CodeIgniter\Debug\Exceptions->errorHandler(2, 'Trying to access array offset on value of type null', 'C:\\xampp\\htdocs\\Student_Management_Portal\\app\\Views\\dashboard\\courses\\add_new_subject.php', 42)
 2 SYSTEMPATH\View\View.php(234): include('C:\\xampp\\htdocs\\Student_Management_Portal\\app\\Views\\dashboard\\courses\\add_new_subject.php')
 3 SYSTEMPATH\View\View.php(237): CodeIgniter\View\View->CodeIgniter\View\{closure}()
 4 SYSTEMPATH\Common.php(1171): CodeIgniter\View\View->render('dashboard/courses/add_new_subject', [], true)
 5 APPPATH\Controllers\Courses.php(417): view('dashboard/courses/add_new_subject', [...])
 6 SYSTEMPATH\CodeIgniter.php(933): App\Controllers\Courses->add_subject('1', 'public', 'assests', 'Logo.png')
 7 SYSTEMPATH\CodeIgniter.php(509): CodeIgniter\CodeIgniter->runController(Object(App\Controllers\Courses))
 8 SYSTEMPATH\CodeIgniter.php(355): CodeIgniter\CodeIgniter->handleRequest(null, Object(Config\Cache), false)
 9 SYSTEMPATH\Boot.php(325): CodeIgniter\CodeIgniter->run()
10 SYSTEMPATH\Boot.php(67): CodeIgniter\Boot::runCodeIgniter(Object(CodeIgniter\CodeIgniter))
11 FCPATH\index.php(56): CodeIgniter\Boot::bootWeb(Object(Config\Paths))
CRITICAL - 2025-01-03 05:20:48 --> ErrorException: Trying to access array offset on value of type null
[Method: GET, Route: courses/add_subject/1/public/assests/Logo.png]
in APPPATH\Views\dashboard\courses\add_new_subject.php on line 42.
 1 APPPATH\Views\dashboard\courses\add_new_subject.php(42): CodeIgniter\Debug\Exceptions->errorHandler(2, 'Trying to access array offset on value of type null', 'C:\\xampp\\htdocs\\Student_Management_Portal\\app\\Views\\dashboard\\courses\\add_new_subject.php', 42)
 2 SYSTEMPATH\View\View.php(234): include('C:\\xampp\\htdocs\\Student_Management_Portal\\app\\Views\\dashboard\\courses\\add_new_subject.php')
 3 SYSTEMPATH\View\View.php(237): CodeIgniter\View\View->CodeIgniter\View\{closure}()
 4 SYSTEMPATH\Common.php(1171): CodeIgniter\View\View->render('dashboard/courses/add_new_subject', [], true)
 5 APPPATH\Controllers\Courses.php(417): view('dashboard/courses/add_new_subject', [...])
 6 SYSTEMPATH\CodeIgniter.php(933): App\Controllers\Courses->add_subject('1', 'public', 'assests', 'Logo.png')
 7 SYSTEMPATH\CodeIgniter.php(509): CodeIgniter\CodeIgniter->runController(Object(App\Controllers\Courses))
 8 SYSTEMPATH\CodeIgniter.php(355): CodeIgniter\CodeIgniter->handleRequest(null, Object(Config\Cache), false)
 9 SYSTEMPATH\Boot.php(325): CodeIgniter\CodeIgniter->run()
10 SYSTEMPATH\Boot.php(67): CodeIgniter\Boot::runCodeIgniter(Object(CodeIgniter\CodeIgniter))
11 FCPATH\index.php(56): CodeIgniter\Boot::bootWeb(Object(Config\Paths))
CRITICAL - 2025-01-03 05:24:55 --> ErrorException: Trying to access array offset on value of type null
[Method: GET, Route: courses/syllabus_subjects/1/public/assests/Logo.png]
in APPPATH\Views\dashboard\courses\index_subject.php on line 6.
 1 APPPATH\Views\dashboard\courses\index_subject.php(6): CodeIgniter\Debug\Exceptions->errorHandler(2, 'Trying to access array offset on value of type null', 'C:\\xampp\\htdocs\\Student_Management_Portal\\app\\Views\\dashboard\\courses\\index_subject.php', 6)
 2 SYSTEMPATH\View\View.php(234): include('C:\\xampp\\htdocs\\Student_Management_Portal\\app\\Views\\dashboard\\courses\\index_subject.php')
 3 SYSTEMPATH\View\View.php(237): CodeIgniter\View\View->CodeIgniter\View\{closure}()
 4 SYSTEMPATH\Common.php(1171): CodeIgniter\View\View->render('dashboard/courses/index_subject', [], true)
 5 APPPATH\Controllers\Courses.php(123): view('dashboard/courses/index_subject', [...])
 6 SYSTEMPATH\CodeIgniter.php(933): App\Controllers\Courses->syllabus_subjects('1', 'public', 'assests', 'Logo.png')
 7 SYSTEMPATH\CodeIgniter.php(509): CodeIgniter\CodeIgniter->runController(Object(App\Controllers\Courses))
 8 SYSTEMPATH\CodeIgniter.php(355): CodeIgniter\CodeIgniter->handleRequest(null, Object(Config\Cache), false)
 9 SYSTEMPATH\Boot.php(325): CodeIgniter\CodeIgniter->run()
10 SYSTEMPATH\Boot.php(67): CodeIgniter\Boot::runCodeIgniter(Object(CodeIgniter\CodeIgniter))
11 FCPATH\index.php(56): CodeIgniter\Boot::bootWeb(Object(Config\Paths))
INFO - 2025-01-03 05:25:04 --> Session: Class initialized using 'CodeIgniter\Session\Handlers\FileHandler' driver.
INFO - 2025-01-03 05:25:05 --> Session: Class initialized using 'CodeIgniter\Session\Handlers\FileHandler' driver.
INFO - 2025-01-03 05:25:05 --> Session: Class initialized using 'CodeIgniter\Session\Handlers\FileHandler' driver.
INFO - 2025-01-03 05:25:05 --> Session: Class initialized using 'CodeIgniter\Session\Handlers\FileHandler' driver.
INFO - 2025-01-03 05:25:05 --> Session: Class initialized using 'CodeIgniter\Session\Handlers\FileHandler' driver.
INFO - 2025-01-03 05:25:23 --> Session: Class initialized using 'CodeIgniter\Session\Handlers\FileHandler' driver.
INFO - 2025-01-03 05:25:23 --> Session: Class initialized using 'CodeIgniter\Session\Handlers\FileHandler' driver.
INFO - 2025-01-03 05:25:26 --> Session: Class initialized using 'CodeIgniter\Session\Handlers\FileHandler' driver.
CRITICAL - 2025-01-03 05:25:28 --> ErrorException: Trying to access array offset on value of type null
[Method: GET, Route: courses/department_syllabus/public/assests/Logo.png]
in APPPATH\Views\dashboard\courses\index_syllabus.php on line 6.
 1 APPPATH\Views\dashboard\courses\index_syllabus.php(6): CodeIgniter\Debug\Exceptions->errorHandler(2, 'Trying to access array offset on value of type null', 'C:\\xampp\\htdocs\\Student_Management_Portal\\app\\Views\\dashboard\\courses\\index_syllabus.php', 6)
 2 SYSTEMPATH\View\View.php(234): include('C:\\xampp\\htdocs\\Student_Management_Portal\\app\\Views\\dashboard\\courses\\index_syllabus.php')
 3 SYSTEMPATH\View\View.php(237): CodeIgniter\View\View->CodeIgniter\View\{closure}()
 4 SYSTEMPATH\Common.php(1171): CodeIgniter\View\View->render('dashboard/courses/index_syllabus', [], true)
 5 APPPATH\Controllers\Courses.php(78): view('dashboard/courses/index_syllabus', [...])
 6 SYSTEMPATH\CodeIgniter.php(933): App\Controllers\Courses->department_syllabus('public', 'assests', 'Logo.png')
 7 SYSTEMPATH\CodeIgniter.php(509): CodeIgniter\CodeIgniter->runController(Object(App\Controllers\Courses))
 8 SYSTEMPATH\CodeIgniter.php(355): CodeIgniter\CodeIgniter->handleRequest(null, Object(Config\Cache), false)
 9 SYSTEMPATH\Boot.php(325): CodeIgniter\CodeIgniter->run()
10 SYSTEMPATH\Boot.php(67): CodeIgniter\Boot::runCodeIgniter(Object(CodeIgniter\CodeIgniter))
11 FCPATH\index.php(56): CodeIgniter\Boot::bootWeb(Object(Config\Paths))
CRITICAL - 2025-01-03 05:25:30 --> ErrorException: Trying to access array offset on value of type null
[Method: GET, Route: courses/syllabus_subjects/2/public/assests/Logo.png]
in APPPATH\Views\dashboard\courses\index_subject.php on line 6.
 1 APPPATH\Views\dashboard\courses\index_subject.php(6): CodeIgniter\Debug\Exceptions->errorHandler(2, 'Trying to access array offset on value of type null', 'C:\\xampp\\htdocs\\Student_Management_Portal\\app\\Views\\dashboard\\courses\\index_subject.php', 6)
 2 SYSTEMPATH\View\View.php(234): include('C:\\xampp\\htdocs\\Student_Management_Portal\\app\\Views\\dashboard\\courses\\index_subject.php')
 3 SYSTEMPATH\View\View.php(237): CodeIgniter\View\View->CodeIgniter\View\{closure}()
 4 SYSTEMPATH\Common.php(1171): CodeIgniter\View\View->render('dashboard/courses/index_subject', [], true)
 5 APPPATH\Controllers\Courses.php(123): view('dashboard/courses/index_subject', [...])
 6 SYSTEMPATH\CodeIgniter.php(933): App\Controllers\Courses->syllabus_subjects('2', 'public', 'assests', 'Logo.png')
 7 SYSTEMPATH\CodeIgniter.php(509): CodeIgniter\CodeIgniter->runController(Object(App\Controllers\Courses))
 8 SYSTEMPATH\CodeIgniter.php(355): CodeIgniter\CodeIgniter->handleRequest(null, Object(Config\Cache), false)
 9 SYSTEMPATH\Boot.php(325): CodeIgniter\CodeIgniter->run()
10 SYSTEMPATH\Boot.php(67): CodeIgniter\Boot::runCodeIgniter(Object(CodeIgniter\CodeIgniter))
11 FCPATH\index.php(56): CodeIgniter\Boot::bootWeb(Object(Config\Paths))
CRITICAL - 2025-01-03 05:25:45 --> ErrorException: Trying to access array offset on value of type null
[Method: GET, Route: courses/view_slides/public/assests/Logo.png]
in APPPATH\Views\dashboard\courses\index_slides.php on line 22.
 1 APPPATH\Views\dashboard\courses\index_slides.php(22): CodeIgniter\Debug\Exceptions->errorHandler(2, 'Trying to access array offset on value of type null', 'C:\\xampp\\htdocs\\Student_Management_Portal\\app\\Views\\dashboard\\courses\\index_slides.php', 22)
 2 SYSTEMPATH\View\View.php(234): include('C:\\xampp\\htdocs\\Student_Management_Portal\\app\\Views\\dashboard\\courses\\index_slides.php')
 3 SYSTEMPATH\View\View.php(237): CodeIgniter\View\View->CodeIgniter\View\{closure}()
 4 SYSTEMPATH\Common.php(1171): CodeIgniter\View\View->render('dashboard/courses/index_slides', [], true)
 5 APPPATH\Controllers\Courses.php(537): view('dashboard/courses/index_slides', [...])
 6 SYSTEMPATH\CodeIgniter.php(933): App\Controllers\Courses->view_slides('public', 'assests', 'Logo.png')
 7 SYSTEMPATH\CodeIgniter.php(509): CodeIgniter\CodeIgniter->runController(Object(App\Controllers\Courses))
 8 SYSTEMPATH\CodeIgniter.php(355): CodeIgniter\CodeIgniter->handleRequest(null, Object(Config\Cache), false)
 9 SYSTEMPATH\Boot.php(325): CodeIgniter\CodeIgniter->run()
10 SYSTEMPATH\Boot.php(67): CodeIgniter\Boot::runCodeIgniter(Object(CodeIgniter\CodeIgniter))
11 FCPATH\index.php(56): CodeIgniter\Boot::bootWeb(Object(Config\Paths))
CRITICAL - 2025-01-03 05:25:56 --> ErrorException: Trying to access array offset on value of type null
[Method: GET, Route: courses/syllabus_subjects/2/public/assests/Logo.png]
in APPPATH\Views\dashboard\courses\index_subject.php on line 6.
 1 APPPATH\Views\dashboard\courses\index_subject.php(6): CodeIgniter\Debug\Exceptions->errorHandler(2, 'Trying to access array offset on value of type null', 'C:\\xampp\\htdocs\\Student_Management_Portal\\app\\Views\\dashboard\\courses\\index_subject.php', 6)
 2 SYSTEMPATH\View\View.php(234): include('C:\\xampp\\htdocs\\Student_Management_Portal\\app\\Views\\dashboard\\courses\\index_subject.php')
 3 SYSTEMPATH\View\View.php(237): CodeIgniter\View\View->CodeIgniter\View\{closure}()
 4 SYSTEMPATH\Common.php(1171): CodeIgniter\View\View->render('dashboard/courses/index_subject', [], true)
 5 APPPATH\Controllers\Courses.php(123): view('dashboard/courses/index_subject', [...])
 6 SYSTEMPATH\CodeIgniter.php(933): App\Controllers\Courses->syllabus_subjects('2', 'public', 'assests', 'Logo.png')
 7 SYSTEMPATH\CodeIgniter.php(509): CodeIgniter\CodeIgniter->runController(Object(App\Controllers\Courses))
 8 SYSTEMPATH\CodeIgniter.php(355): CodeIgniter\CodeIgniter->handleRequest(null, Object(Config\Cache), false)
 9 SYSTEMPATH\Boot.php(325): CodeIgniter\CodeIgniter->run()
10 SYSTEMPATH\Boot.php(67): CodeIgniter\Boot::runCodeIgniter(Object(CodeIgniter\CodeIgniter))
11 FCPATH\index.php(56): CodeIgniter\Boot::bootWeb(Object(Config\Paths))
CRITICAL - 2025-01-03 05:26:04 --> ErrorException: Trying to access array offset on value of type null
[Method: GET, Route: courses/view_slides/public/assests/Logo.png]
in APPPATH\Views\dashboard\courses\index_slides.php on line 22.
 1 APPPATH\Views\dashboard\courses\index_slides.php(22): CodeIgniter\Debug\Exceptions->errorHandler(2, 'Trying to access array offset on value of type null', 'C:\\xampp\\htdocs\\Student_Management_Portal\\app\\Views\\dashboard\\courses\\index_slides.php', 22)
 2 SYSTEMPATH\View\View.php(234): include('C:\\xampp\\htdocs\\Student_Management_Portal\\app\\Views\\dashboard\\courses\\index_slides.php')
 3 SYSTEMPATH\View\View.php(237): CodeIgniter\View\View->CodeIgniter\View\{closure}()
 4 SYSTEMPATH\Common.php(1171): CodeIgniter\View\View->render('dashboard/courses/index_slides', [], true)
 5 APPPATH\Controllers\Courses.php(537): view('dashboard/courses/index_slides', [...])
 6 SYSTEMPATH\CodeIgniter.php(933): App\Controllers\Courses->view_slides('public', 'assests', 'Logo.png')
 7 SYSTEMPATH\CodeIgniter.php(509): CodeIgniter\CodeIgniter->runController(Object(App\Controllers\Courses))
 8 SYSTEMPATH\CodeIgniter.php(355): CodeIgniter\CodeIgniter->handleRequest(null, Object(Config\Cache), false)
 9 SYSTEMPATH\Boot.php(325): CodeIgniter\CodeIgniter->run()
10 SYSTEMPATH\Boot.php(67): CodeIgniter\Boot::runCodeIgniter(Object(CodeIgniter\CodeIgniter))
11 FCPATH\index.php(56): CodeIgniter\Boot::bootWeb(Object(Config\Paths))
INFO - 2025-01-03 05:26:27 --> Session: Class initialized using 'CodeIgniter\Session\Handlers\FileHandler' driver.
CRITICAL - 2025-01-03 05:26:27 --> ErrorException: Trying to access array offset on value of type null
[Method: GET, Route: courses/view_slides/public/assests/Logo.png]
in APPPATH\Views\dashboard\courses\index_slides.php on line 22.
 1 APPPATH\Views\dashboard\courses\index_slides.php(22): CodeIgniter\Debug\Exceptions->errorHandler(2, 'Trying to access array offset on value of type null', 'C:\\xampp\\htdocs\\Student_Management_Portal\\app\\Views\\dashboard\\courses\\index_slides.php', 22)
 2 SYSTEMPATH\View\View.php(234): include('C:\\xampp\\htdocs\\Student_Management_Portal\\app\\Views\\dashboard\\courses\\index_slides.php')
 3 SYSTEMPATH\View\View.php(237): CodeIgniter\View\View->CodeIgniter\View\{closure}()
 4 SYSTEMPATH\Common.php(1171): CodeIgniter\View\View->render('dashboard/courses/index_slides', [], true)
 5 APPPATH\Controllers\Courses.php(537): view('dashboard/courses/index_slides', [...])
 6 SYSTEMPATH\CodeIgniter.php(933): App\Controllers\Courses->view_slides('public', 'assests', 'Logo.png')
 7 SYSTEMPATH\CodeIgniter.php(509): CodeIgniter\CodeIgniter->runController(Object(App\Controllers\Courses))
 8 SYSTEMPATH\CodeIgniter.php(355): CodeIgniter\CodeIgniter->handleRequest(null, Object(Config\Cache), false)
 9 SYSTEMPATH\Boot.php(325): CodeIgniter\CodeIgniter->run()
10 SYSTEMPATH\Boot.php(67): CodeIgniter\Boot::runCodeIgniter(Object(CodeIgniter\CodeIgniter))
11 FCPATH\index.php(56): CodeIgniter\Boot::bootWeb(Object(Config\Paths))
CRITICAL - 2025-01-03 05:26:57 --> ErrorException: Trying to access array offset on value of type null
[Method: GET, Route: courses/view_slides/public/assests/Logo.png]
in APPPATH\Views\dashboard\courses\index_slides.php on line 22.
 1 APPPATH\Views\dashboard\courses\index_slides.php(22): CodeIgniter\Debug\Exceptions->errorHandler(2, 'Trying to access array offset on value of type null', 'C:\\xampp\\htdocs\\Student_Management_Portal\\app\\Views\\dashboard\\courses\\index_slides.php', 22)
 2 SYSTEMPATH\View\View.php(234): include('C:\\xampp\\htdocs\\Student_Management_Portal\\app\\Views\\dashboard\\courses\\index_slides.php')
 3 SYSTEMPATH\View\View.php(237): CodeIgniter\View\View->CodeIgniter\View\{closure}()
 4 SYSTEMPATH\Common.php(1171): CodeIgniter\View\View->render('dashboard/courses/index_slides', [], true)
 5 APPPATH\Controllers\Courses.php(537): view('dashboard/courses/index_slides', [...])
 6 SYSTEMPATH\CodeIgniter.php(933): App\Controllers\Courses->view_slides('public', 'assests', 'Logo.png')
 7 SYSTEMPATH\CodeIgniter.php(509): CodeIgniter\CodeIgniter->runController(Object(App\Controllers\Courses))
 8 SYSTEMPATH\CodeIgniter.php(355): CodeIgniter\CodeIgniter->handleRequest(null, Object(Config\Cache), false)
 9 SYSTEMPATH\Boot.php(325): CodeIgniter\CodeIgniter->run()
10 SYSTEMPATH\Boot.php(67): CodeIgniter\Boot::runCodeIgniter(Object(CodeIgniter\CodeIgniter))
11 FCPATH\index.php(56): CodeIgniter\Boot::bootWeb(Object(Config\Paths))
CRITICAL - 2025-01-03 05:26:59 --> ErrorException: Trying to access array offset on value of type null
[Method: GET, Route: courses/syllabus_subjects/2/public/assests/Logo.png]
in APPPATH\Views\dashboard\courses\index_subject.php on line 6.
 1 APPPATH\Views\dashboard\courses\index_subject.php(6): CodeIgniter\Debug\Exceptions->errorHandler(2, 'Trying to access array offset on value of type null', 'C:\\xampp\\htdocs\\Student_Management_Portal\\app\\Views\\dashboard\\courses\\index_subject.php', 6)
 2 SYSTEMPATH\View\View.php(234): include('C:\\xampp\\htdocs\\Student_Management_Portal\\app\\Views\\dashboard\\courses\\index_subject.php')
 3 SYSTEMPATH\View\View.php(237): CodeIgniter\View\View->CodeIgniter\View\{closure}()
 4 SYSTEMPATH\Common.php(1171): CodeIgniter\View\View->render('dashboard/courses/index_subject', [], true)
 5 APPPATH\Controllers\Courses.php(123): view('dashboard/courses/index_subject', [...])
 6 SYSTEMPATH\CodeIgniter.php(933): App\Controllers\Courses->syllabus_subjects('2', 'public', 'assests', 'Logo.png')
 7 SYSTEMPATH\CodeIgniter.php(509): CodeIgniter\CodeIgniter->runController(Object(App\Controllers\Courses))
 8 SYSTEMPATH\CodeIgniter.php(355): CodeIgniter\CodeIgniter->handleRequest(null, Object(Config\Cache), false)
 9 SYSTEMPATH\Boot.php(325): CodeIgniter\CodeIgniter->run()
10 SYSTEMPATH\Boot.php(67): CodeIgniter\Boot::runCodeIgniter(Object(CodeIgniter\CodeIgniter))
11 FCPATH\index.php(56): CodeIgniter\Boot::bootWeb(Object(Config\Paths))
INFO - 2025-01-03 05:27:17 --> Session: Class initialized using 'CodeIgniter\Session\Handlers\FileHandler' driver.
CRITICAL - 2025-01-03 05:27:20 --> ErrorException: Trying to access array offset on value of type null
[Method: GET, Route: courses/syllabus_subjects/2/public/assests/Logo.png]
in APPPATH\Views\dashboard\courses\index_subject.php on line 6.
 1 APPPATH\Views\dashboard\courses\index_subject.php(6): CodeIgniter\Debug\Exceptions->errorHandler(2, 'Trying to access array offset on value of type null', 'C:\\xampp\\htdocs\\Student_Management_Portal\\app\\Views\\dashboard\\courses\\index_subject.php', 6)
 2 SYSTEMPATH\View\View.php(234): include('C:\\xampp\\htdocs\\Student_Management_Portal\\app\\Views\\dashboard\\courses\\index_subject.php')
 3 SYSTEMPATH\View\View.php(237): CodeIgniter\View\View->CodeIgniter\View\{closure}()
 4 SYSTEMPATH\Common.php(1171): CodeIgniter\View\View->render('dashboard/courses/index_subject', [], true)
 5 APPPATH\Controllers\Courses.php(123): view('dashboard/courses/index_subject', [...])
 6 SYSTEMPATH\CodeIgniter.php(933): App\Controllers\Courses->syllabus_subjects('2', 'public', 'assests', 'Logo.png')
 7 SYSTEMPATH\CodeIgniter.php(509): CodeIgniter\CodeIgniter->runController(Object(App\Controllers\Courses))
 8 SYSTEMPATH\CodeIgniter.php(355): CodeIgniter\CodeIgniter->handleRequest(null, Object(Config\Cache), false)
 9 SYSTEMPATH\Boot.php(325): CodeIgniter\CodeIgniter->run()
10 SYSTEMPATH\Boot.php(67): CodeIgniter\Boot::runCodeIgniter(Object(CodeIgniter\CodeIgniter))
11 FCPATH\index.php(56): CodeIgniter\Boot::bootWeb(Object(Config\Paths))
INFO - 2025-01-03 05:27:57 --> Session: Class initialized using 'CodeIgniter\Session\Handlers\FileHandler' driver.
INFO - 2025-01-03 05:28:00 --> Session: Class initialized using 'CodeIgniter\Session\Handlers\FileHandler' driver.
INFO - 2025-01-03 05:28:40 --> Session: Class initialized using 'CodeIgniter\Session\Handlers\FileHandler' driver.
CRITICAL - 2025-01-03 05:28:43 --> ErrorException: Trying to access array offset on value of type null
[Method: GET, Route: courses/department_syllabus/public/assests/Logo.png]
in APPPATH\Views\dashboard\courses\index_syllabus.php on line 6.
 1 APPPATH\Views\dashboard\courses\index_syllabus.php(6): CodeIgniter\Debug\Exceptions->errorHandler(2, 'Trying to access array offset on value of type null', 'C:\\xampp\\htdocs\\Student_Management_Portal\\app\\Views\\dashboard\\courses\\index_syllabus.php', 6)
 2 SYSTEMPATH\View\View.php(234): include('C:\\xampp\\htdocs\\Student_Management_Portal\\app\\Views\\dashboard\\courses\\index_syllabus.php')
 3 SYSTEMPATH\View\View.php(237): CodeIgniter\View\View->CodeIgniter\View\{closure}()
 4 SYSTEMPATH\Common.php(1171): CodeIgniter\View\View->render('dashboard/courses/index_syllabus', [], true)
 5 APPPATH\Controllers\Courses.php(78): view('dashboard/courses/index_syllabus', [...])
 6 SYSTEMPATH\CodeIgniter.php(933): App\Controllers\Courses->department_syllabus('public', 'assests', 'Logo.png')
 7 SYSTEMPATH\CodeIgniter.php(509): CodeIgniter\CodeIgniter->runController(Object(App\Controllers\Courses))
 8 SYSTEMPATH\CodeIgniter.php(355): CodeIgniter\CodeIgniter->handleRequest(null, Object(Config\Cache), false)
 9 SYSTEMPATH\Boot.php(325): CodeIgniter\CodeIgniter->run()
10 SYSTEMPATH\Boot.php(67): CodeIgniter\Boot::runCodeIgniter(Object(CodeIgniter\CodeIgniter))
11 FCPATH\index.php(56): CodeIgniter\Boot::bootWeb(Object(Config\Paths))
CRITICAL - 2025-01-03 05:28:52 --> ErrorException: Trying to access array offset on value of type null
[Method: GET, Route: courses/syllabus_subjects/2/public/assests/Logo.png]
in APPPATH\Views\dashboard\courses\index_subject.php on line 6.
 1 APPPATH\Views\dashboard\courses\index_subject.php(6): CodeIgniter\Debug\Exceptions->errorHandler(2, 'Trying to access array offset on value of type null', 'C:\\xampp\\htdocs\\Student_Management_Portal\\app\\Views\\dashboard\\courses\\index_subject.php', 6)
 2 SYSTEMPATH\View\View.php(234): include('C:\\xampp\\htdocs\\Student_Management_Portal\\app\\Views\\dashboard\\courses\\index_subject.php')
 3 SYSTEMPATH\View\View.php(237): CodeIgniter\View\View->CodeIgniter\View\{closure}()
 4 SYSTEMPATH\Common.php(1171): CodeIgniter\View\View->render('dashboard/courses/index_subject', [], true)
 5 APPPATH\Controllers\Courses.php(123): view('dashboard/courses/index_subject', [...])
 6 SYSTEMPATH\CodeIgniter.php(933): App\Controllers\Courses->syllabus_subjects('2', 'public', 'assests', 'Logo.png')
 7 SYSTEMPATH\CodeIgniter.php(509): CodeIgniter\CodeIgniter->runController(Object(App\Controllers\Courses))
 8 SYSTEMPATH\CodeIgniter.php(355): CodeIgniter\CodeIgniter->handleRequest(null, Object(Config\Cache), false)
 9 SYSTEMPATH\Boot.php(325): CodeIgniter\CodeIgniter->run()
10 SYSTEMPATH\Boot.php(67): CodeIgniter\Boot::runCodeIgniter(Object(CodeIgniter\CodeIgniter))
11 FCPATH\index.php(56): CodeIgniter\Boot::bootWeb(Object(Config\Paths))
INFO - 2025-01-03 05:30:16 --> Session: Class initialized using 'CodeIgniter\Session\Handlers\FileHandler' driver.
INFO - 2025-01-03 06:06:16 --> Session: Class initialized using 'CodeIgniter\Session\Handlers\FileHandler' driver.
CRITICAL - 2025-01-03 06:07:08 --> ErrorException: Trying to access array offset on value of type null
[Method: GET, Route: courses/department_syllabus/public/assests/Logo.png]
in APPPATH\Views\dashboard\courses\index_syllabus.php on line 6.
 1 APPPATH\Views\dashboard\courses\index_syllabus.php(6): CodeIgniter\Debug\Exceptions->errorHandler(2, 'Trying to access array offset on value of type null', 'C:\\xampp\\htdocs\\Student_Management_Portal\\app\\Views\\dashboard\\courses\\index_syllabus.php', 6)
 2 SYSTEMPATH\View\View.php(234): include('C:\\xampp\\htdocs\\Student_Management_Portal\\app\\Views\\dashboard\\courses\\index_syllabus.php')
 3 SYSTEMPATH\View\View.php(237): CodeIgniter\View\View->CodeIgniter\View\{closure}()
 4 SYSTEMPATH\Common.php(1171): CodeIgniter\View\View->render('dashboard/courses/index_syllabus', [], true)
 5 APPPATH\Controllers\Courses.php(78): view('dashboard/courses/index_syllabus', [...])
 6 SYSTEMPATH\CodeIgniter.php(933): App\Controllers\Courses->department_syllabus('public', 'assests', 'Logo.png')
 7 SYSTEMPATH\CodeIgniter.php(509): CodeIgniter\CodeIgniter->runController(Object(App\Controllers\Courses))
 8 SYSTEMPATH\CodeIgniter.php(355): CodeIgniter\CodeIgniter->handleRequest(null, Object(Config\Cache), false)
 9 SYSTEMPATH\Boot.php(325): CodeIgniter\CodeIgniter->run()
10 SYSTEMPATH\Boot.php(67): CodeIgniter\Boot::runCodeIgniter(Object(CodeIgniter\CodeIgniter))
11 FCPATH\index.php(56): CodeIgniter\Boot::bootWeb(Object(Config\Paths))
CRITICAL - 2025-01-03 06:07:08 --> ErrorException: Trying to access array offset on value of type null
[Method: GET, Route: courses/department_syllabus/public/assests/Logo.png]
in APPPATH\Views\dashboard\courses\index_syllabus.php on line 6.
 1 APPPATH\Views\dashboard\courses\index_syllabus.php(6): CodeIgniter\Debug\Exceptions->errorHandler(2, 'Trying to access array offset on value of type null', 'C:\\xampp\\htdocs\\Student_Management_Portal\\app\\Views\\dashboard\\courses\\index_syllabus.php', 6)
 2 SYSTEMPATH\View\View.php(234): include('C:\\xampp\\htdocs\\Student_Management_Portal\\app\\Views\\dashboard\\courses\\index_syllabus.php')
 3 SYSTEMPATH\View\View.php(237): CodeIgniter\View\View->CodeIgniter\View\{closure}()
 4 SYSTEMPATH\Common.php(1171): CodeIgniter\View\View->render('dashboard/courses/index_syllabus', [], true)
 5 APPPATH\Controllers\Courses.php(78): view('dashboard/courses/index_syllabus', [...])
 6 SYSTEMPATH\CodeIgniter.php(933): App\Controllers\Courses->department_syllabus('public', 'assests', 'Logo.png')
 7 SYSTEMPATH\CodeIgniter.php(509): CodeIgniter\CodeIgniter->runController(Object(App\Controllers\Courses))
 8 SYSTEMPATH\CodeIgniter.php(355): CodeIgniter\CodeIgniter->handleRequest(null, Object(Config\Cache), false)
 9 SYSTEMPATH\Boot.php(325): CodeIgniter\CodeIgniter->run()
10 SYSTEMPATH\Boot.php(67): CodeIgniter\Boot::runCodeIgniter(Object(CodeIgniter\CodeIgniter))
11 FCPATH\index.php(56): CodeIgniter\Boot::bootWeb(Object(Config\Paths))
INFO - 2025-01-03 06:07:10 --> Session: Class initialized using 'CodeIgniter\Session\Handlers\FileHandler' driver.
INFO - 2025-01-03 06:13:15 --> Session: Class initialized using 'CodeIgniter\Session\Handlers\FileHandler' driver.
INFO - 2025-01-03 06:17:07 --> Session: Class initialized using 'CodeIgniter\Session\Handlers\FileHandler' driver.
CRITICAL - 2025-01-03 06:17:12 --> ErrorException: Trying to access array offset on value of type null
[Method: GET, Route: courses/department_syllabus/public/assests/Logo.png]
in APPPATH\Views\dashboard\courses\index_syllabus.php on line 6.
 1 APPPATH\Views\dashboard\courses\index_syllabus.php(6): CodeIgniter\Debug\Exceptions->errorHandler(2, 'Trying to access array offset on value of type null', 'C:\\xampp\\htdocs\\Student_Management_Portal\\app\\Views\\dashboard\\courses\\index_syllabus.php', 6)
 2 SYSTEMPATH\View\View.php(234): include('C:\\xampp\\htdocs\\Student_Management_Portal\\app\\Views\\dashboard\\courses\\index_syllabus.php')
 3 SYSTEMPATH\View\View.php(237): CodeIgniter\View\View->CodeIgniter\View\{closure}()
 4 SYSTEMPATH\Common.php(1171): CodeIgniter\View\View->render('dashboard/courses/index_syllabus', [], true)
 5 APPPATH\Controllers\Courses.php(78): view('dashboard/courses/index_syllabus', [...])
 6 SYSTEMPATH\CodeIgniter.php(933): App\Controllers\Courses->department_syllabus('public', 'assests', 'Logo.png')
 7 SYSTEMPATH\CodeIgniter.php(509): CodeIgniter\CodeIgniter->runController(Object(App\Controllers\Courses))
 8 SYSTEMPATH\CodeIgniter.php(355): CodeIgniter\CodeIgniter->handleRequest(null, Object(Config\Cache), false)
 9 SYSTEMPATH\Boot.php(325): CodeIgniter\CodeIgniter->run()
10 SYSTEMPATH\Boot.php(67): CodeIgniter\Boot::runCodeIgniter(Object(CodeIgniter\CodeIgniter))
11 FCPATH\index.php(56): CodeIgniter\Boot::bootWeb(Object(Config\Paths))
INFO - 2025-01-03 06:17:14 --> Session: Class initialized using 'CodeIgniter\Session\Handlers\FileHandler' driver.
INFO - 2025-01-03 06:17:17 --> Session: Class initialized using 'CodeIgniter\Session\Handlers\FileHandler' driver.
INFO - 2025-01-03 06:17:18 --> Session: Class initialized using 'CodeIgniter\Session\Handlers\FileHandler' driver.
INFO - 2025-01-03 06:17:18 --> Session: Class initialized using 'CodeIgniter\Session\Handlers\FileHandler' driver.
INFO - 2025-01-03 06:17:18 --> Session: Class initialized using 'CodeIgniter\Session\Handlers\FileHandler' driver.
INFO - 2025-01-03 06:17:18 --> Session: Class initialized using 'CodeIgniter\Session\Handlers\FileHandler' driver.
INFO - 2025-01-03 06:17:29 --> Session: Class initialized using 'CodeIgniter\Session\Handlers\FileHandler' driver.
INFO - 2025-01-03 06:17:29 --> Session: Class initialized using 'CodeIgniter\Session\Handlers\FileHandler' driver.
INFO - 2025-01-03 06:17:36 --> Session: Class initialized using 'CodeIgniter\Session\Handlers\FileHandler' driver.
INFO - 2025-01-03 06:17:36 --> Session: Class initialized using 'CodeIgniter\Session\Handlers\FileHandler' driver.
INFO - 2025-01-03 06:17:37 --> Session: Class initialized using 'CodeIgniter\Session\Handlers\FileHandler' driver.
INFO - 2025-01-03 06:17:49 --> Session: Class initialized using 'CodeIgniter\Session\Handlers\FileHandler' driver.
INFO - 2025-01-03 06:17:50 --> Session: Class initialized using 'CodeIgniter\Session\Handlers\FileHandler' driver.
INFO - 2025-01-03 06:17:52 --> Session: Class initialized using 'CodeIgniter\Session\Handlers\FileHandler' driver.
INFO - 2025-01-03 06:17:57 --> Session: Class initialized using 'CodeIgniter\Session\Handlers\FileHandler' driver.
INFO - 2025-01-03 06:17:57 --> Session: Class initialized using 'CodeIgniter\Session\Handlers\FileHandler' driver.
INFO - 2025-01-03 06:18:00 --> Session: Class initialized using 'CodeIgniter\Session\Handlers\FileHandler' driver.
INFO - 2025-01-03 06:18:13 --> Session: Class initialized using 'CodeIgniter\Session\Handlers\FileHandler' driver.
INFO - 2025-01-03 06:18:13 --> Session: Class initialized using 'CodeIgniter\Session\Handlers\FileHandler' driver.
INFO - 2025-01-03 06:18:14 --> Session: Class initialized using 'CodeIgniter\Session\Handlers\FileHandler' driver.
INFO - 2025-01-03 06:18:24 --> Session: Class initialized using 'CodeIgniter\Session\Handlers\FileHandler' driver.
INFO - 2025-01-03 06:18:24 --> Session: Class initialized using 'CodeIgniter\Session\Handlers\FileHandler' driver.
INFO - 2025-01-03 06:18:30 --> Session: Class initialized using 'CodeIgniter\Session\Handlers\FileHandler' driver.
INFO - 2025-01-03 06:18:30 --> Session: Class initialized using 'CodeIgniter\Session\Handlers\FileHandler' driver.
INFO - 2025-01-03 06:18:30 --> Session: Class initialized using 'CodeIgniter\Session\Handlers\FileHandler' driver.
INFO - 2025-01-03 06:18:41 --> Session: Class initialized using 'CodeIgniter\Session\Handlers\FileHandler' driver.
INFO - 2025-01-03 06:18:41 --> Session: Class initialized using 'CodeIgniter\Session\Handlers\FileHandler' driver.
INFO - 2025-01-03 06:21:33 --> Session: Class initialized using 'CodeIgniter\Session\Handlers\FileHandler' driver.
CRITICAL - 2025-01-03 06:21:36 --> ErrorException: Trying to access array offset on value of type null
[Method: GET, Route: courses/department_syllabus/public/assests/Logo.png]
in APPPATH\Views\dashboard\courses\index_syllabus.php on line 6.
 1 APPPATH\Views\dashboard\courses\index_syllabus.php(6): CodeIgniter\Debug\Exceptions->errorHandler(2, 'Trying to access array offset on value of type null', 'C:\\xampp\\htdocs\\Student_Management_Portal\\app\\Views\\dashboard\\courses\\index_syllabus.php', 6)
 2 SYSTEMPATH\View\View.php(234): include('C:\\xampp\\htdocs\\Student_Management_Portal\\app\\Views\\dashboard\\courses\\index_syllabus.php')
 3 SYSTEMPATH\View\View.php(237): CodeIgniter\View\View->CodeIgniter\View\{closure}()
 4 SYSTEMPATH\Common.php(1171): CodeIgniter\View\View->render('dashboard/courses/index_syllabus', [], true)
 5 APPPATH\Controllers\Courses.php(78): view('dashboard/courses/index_syllabus', [...])
 6 SYSTEMPATH\CodeIgniter.php(933): App\Controllers\Courses->department_syllabus('public', 'assests', 'Logo.png')
 7 SYSTEMPATH\CodeIgniter.php(509): CodeIgniter\CodeIgniter->runController(Object(App\Controllers\Courses))
 8 SYSTEMPATH\CodeIgniter.php(355): CodeIgniter\CodeIgniter->handleRequest(null, Object(Config\Cache), false)
 9 SYSTEMPATH\Boot.php(325): CodeIgniter\CodeIgniter->run()
10 SYSTEMPATH\Boot.php(67): CodeIgniter\Boot::runCodeIgniter(Object(CodeIgniter\CodeIgniter))
11 FCPATH\index.php(56): CodeIgniter\Boot::bootWeb(Object(Config\Paths))
INFO - 2025-01-03 06:21:38 --> Session: Class initialized using 'CodeIgniter\Session\Handlers\FileHandler' driver.
INFO - 2025-01-03 06:46:05 --> Session: Class initialized using 'CodeIgniter\Session\Handlers\FileHandler' driver.
CRITICAL - 2025-01-03 06:46:08 --> ErrorException: Trying to access array offset on value of type null
[Method: GET, Route: courses/department_syllabus/public/assests/Logo.png]
in APPPATH\Views\dashboard\courses\index_syllabus.php on line 6.
 1 APPPATH\Views\dashboard\courses\index_syllabus.php(6): CodeIgniter\Debug\Exceptions->errorHandler(2, 'Trying to access array offset on value of type null', 'C:\\xampp\\htdocs\\Student_Management_Portal\\app\\Views\\dashboard\\courses\\index_syllabus.php', 6)
 2 SYSTEMPATH\View\View.php(234): include('C:\\xampp\\htdocs\\Student_Management_Portal\\app\\Views\\dashboard\\courses\\index_syllabus.php')
 3 SYSTEMPATH\View\View.php(237): CodeIgniter\View\View->CodeIgniter\View\{closure}()
 4 SYSTEMPATH\Common.php(1171): CodeIgniter\View\View->render('dashboard/courses/index_syllabus', [], true)
 5 APPPATH\Controllers\Courses.php(78): view('dashboard/courses/index_syllabus', [...])
 6 SYSTEMPATH\CodeIgniter.php(933): App\Controllers\Courses->department_syllabus('public', 'assests', 'Logo.png')
 7 SYSTEMPATH\CodeIgniter.php(509): CodeIgniter\CodeIgniter->runController(Object(App\Controllers\Courses))
 8 SYSTEMPATH\CodeIgniter.php(355): CodeIgniter\CodeIgniter->handleRequest(null, Object(Config\Cache), false)
 9 SYSTEMPATH\Boot.php(325): CodeIgniter\CodeIgniter->run()
10 SYSTEMPATH\Boot.php(67): CodeIgniter\Boot::runCodeIgniter(Object(CodeIgniter\CodeIgniter))
11 FCPATH\index.php(56): CodeIgniter\Boot::bootWeb(Object(Config\Paths))
CRITICAL - 2025-01-03 06:46:10 --> ErrorException: Trying to access array offset on value of type null
[Method: GET, Route: courses/syllabus_subjects/2/public/assests/Logo.png]
in APPPATH\Views\dashboard\courses\index_subject.php on line 6.
 1 APPPATH\Views\dashboard\courses\index_subject.php(6): CodeIgniter\Debug\Exceptions->errorHandler(2, 'Trying to access array offset on value of type null', 'C:\\xampp\\htdocs\\Student_Management_Portal\\app\\Views\\dashboard\\courses\\index_subject.php', 6)
 2 SYSTEMPATH\View\View.php(234): include('C:\\xampp\\htdocs\\Student_Management_Portal\\app\\Views\\dashboard\\courses\\index_subject.php')
 3 SYSTEMPATH\View\View.php(237): CodeIgniter\View\View->CodeIgniter\View\{closure}()
 4 SYSTEMPATH\Common.php(1171): CodeIgniter\View\View->render('dashboard/courses/index_subject', [], true)
 5 APPPATH\Controllers\Courses.php(123): view('dashboard/courses/index_subject', [...])
 6 SYSTEMPATH\CodeIgniter.php(933): App\Controllers\Courses->syllabus_subjects('2', 'public', 'assests', 'Logo.png')
 7 SYSTEMPATH\CodeIgniter.php(509): CodeIgniter\CodeIgniter->runController(Object(App\Controllers\Courses))
 8 SYSTEMPATH\CodeIgniter.php(355): CodeIgniter\CodeIgniter->handleRequest(null, Object(Config\Cache), false)
 9 SYSTEMPATH\Boot.php(325): CodeIgniter\CodeIgniter->run()
10 SYSTEMPATH\Boot.php(67): CodeIgniter\Boot::runCodeIgniter(Object(CodeIgniter\CodeIgniter))
11 FCPATH\index.php(56): CodeIgniter\Boot::bootWeb(Object(Config\Paths))
CRITICAL - 2025-01-03 06:46:10 --> ErrorException: Trying to access array offset on value of type null
[Method: GET, Route: courses/syllabus_subjects/2/public/assests/Logo.png]
in APPPATH\Views\dashboard\courses\index_subject.php on line 6.
 1 APPPATH\Views\dashboard\courses\index_subject.php(6): CodeIgniter\Debug\Exceptions->errorHandler(2, 'Trying to access array offset on value of type null', 'C:\\xampp\\htdocs\\Student_Management_Portal\\app\\Views\\dashboard\\courses\\index_subject.php', 6)
 2 SYSTEMPATH\View\View.php(234): include('C:\\xampp\\htdocs\\Student_Management_Portal\\app\\Views\\dashboard\\courses\\index_subject.php')
 3 SYSTEMPATH\View\View.php(237): CodeIgniter\View\View->CodeIgniter\View\{closure}()
 4 SYSTEMPATH\Common.php(1171): CodeIgniter\View\View->render('dashboard/courses/index_subject', [], true)
 5 APPPATH\Controllers\Courses.php(123): view('dashboard/courses/index_subject', [...])
 6 SYSTEMPATH\CodeIgniter.php(933): App\Controllers\Courses->syllabus_subjects('2', 'public', 'assests', 'Logo.png')
 7 SYSTEMPATH\CodeIgniter.php(509): CodeIgniter\CodeIgniter->runController(Object(App\Controllers\Courses))
 8 SYSTEMPATH\CodeIgniter.php(355): CodeIgniter\CodeIgniter->handleRequest(null, Object(Config\Cache), false)
 9 SYSTEMPATH\Boot.php(325): CodeIgniter\CodeIgniter->run()
10 SYSTEMPATH\Boot.php(67): CodeIgniter\Boot::runCodeIgniter(Object(CodeIgniter\CodeIgniter))
11 FCPATH\index.php(56): CodeIgniter\Boot::bootWeb(Object(Config\Paths))
CRITICAL - 2025-01-03 06:46:12 --> ErrorException: Trying to access array offset on value of type null
[Method: GET, Route: courses/view_slides/public/assests/Logo.png]
in APPPATH\Views\dashboard\courses\index_slides.php on line 22.
 1 APPPATH\Views\dashboard\courses\index_slides.php(22): CodeIgniter\Debug\Exceptions->errorHandler(2, 'Trying to access array offset on value of type null', 'C:\\xampp\\htdocs\\Student_Management_Portal\\app\\Views\\dashboard\\courses\\index_slides.php', 22)
 2 SYSTEMPATH\View\View.php(234): include('C:\\xampp\\htdocs\\Student_Management_Portal\\app\\Views\\dashboard\\courses\\index_slides.php')
 3 SYSTEMPATH\View\View.php(237): CodeIgniter\View\View->CodeIgniter\View\{closure}()
 4 SYSTEMPATH\Common.php(1171): CodeIgniter\View\View->render('dashboard/courses/index_slides', [], true)
 5 APPPATH\Controllers\Courses.php(537): view('dashboard/courses/index_slides', [...])
 6 SYSTEMPATH\CodeIgniter.php(933): App\Controllers\Courses->view_slides('public', 'assests', 'Logo.png')
 7 SYSTEMPATH\CodeIgniter.php(509): CodeIgniter\CodeIgniter->runController(Object(App\Controllers\Courses))
 8 SYSTEMPATH\CodeIgniter.php(355): CodeIgniter\CodeIgniter->handleRequest(null, Object(Config\Cache), false)
 9 SYSTEMPATH\Boot.php(325): CodeIgniter\CodeIgniter->run()
10 SYSTEMPATH\Boot.php(67): CodeIgniter\Boot::runCodeIgniter(Object(CodeIgniter\CodeIgniter))
11 FCPATH\index.php(56): CodeIgniter\Boot::bootWeb(Object(Config\Paths))
CRITICAL - 2025-01-03 06:46:12 --> ErrorException: Trying to access array offset on value of type null
[Method: GET, Route: courses/view_slides/public/assests/Logo.png]
in APPPATH\Views\dashboard\courses\index_slides.php on line 22.
 1 APPPATH\Views\dashboard\courses\index_slides.php(22): CodeIgniter\Debug\Exceptions->errorHandler(2, 'Trying to access array offset on value of type null', 'C:\\xampp\\htdocs\\Student_Management_Portal\\app\\Views\\dashboard\\courses\\index_slides.php', 22)
 2 SYSTEMPATH\View\View.php(234): include('C:\\xampp\\htdocs\\Student_Management_Portal\\app\\Views\\dashboard\\courses\\index_slides.php')
 3 SYSTEMPATH\View\View.php(237): CodeIgniter\View\View->CodeIgniter\View\{closure}()
 4 SYSTEMPATH\Common.php(1171): CodeIgniter\View\View->render('dashboard/courses/index_slides', [], true)
 5 APPPATH\Controllers\Courses.php(537): view('dashboard/courses/index_slides', [...])
 6 SYSTEMPATH\CodeIgniter.php(933): App\Controllers\Courses->view_slides('public', 'assests', 'Logo.png')
 7 SYSTEMPATH\CodeIgniter.php(509): CodeIgniter\CodeIgniter->runController(Object(App\Controllers\Courses))
 8 SYSTEMPATH\CodeIgniter.php(355): CodeIgniter\CodeIgniter->handleRequest(null, Object(Config\Cache), false)
 9 SYSTEMPATH\Boot.php(325): CodeIgniter\CodeIgniter->run()
10 SYSTEMPATH\Boot.php(67): CodeIgniter\Boot::runCodeIgniter(Object(CodeIgniter\CodeIgniter))
11 FCPATH\index.php(56): CodeIgniter\Boot::bootWeb(Object(Config\Paths))
INFO - 2025-01-03 06:46:15 --> Session: Class initialized using 'CodeIgniter\Session\Handlers\FileHandler' driver.
INFO - 2025-01-03 06:50:05 --> Session: Class initialized using 'CodeIgniter\Session\Handlers\FileHandler' driver.
