INFO - 2024-12-31 04:04:10 --> Session: Class initialized using 'CodeIgniter\Session\Handlers\FileHandler' driver.
INFO - 2024-12-31 04:04:36 --> Session: Class initialized using 'CodeIgniter\Session\Handlers\FileHandler' driver.
ERROR - 2024-12-31 04:04:36 --> mysqli_sql_exception: Unknown column 'uniid' in 'field list' in C:\xampp\htdocs\Student_Management_Portal\system\Database\MySQLi\Connection.php:312
Stack trace:
#0 C:\xampp\htdocs\Student_Management_Portal\system\Database\MySQLi\Connection.php(312): mysqli->query('SELECT `uniid`,...', 0)
#1 C:\xampp\htdocs\Student_Management_Portal\system\Database\BaseConnection.php(734): CodeIgniter\Database\MySQLi\Connection->execute('SELECT `uniid`,...')
#2 C:\xampp\htdocs\Student_Management_Portal\system\Database\BaseConnection.php(648): CodeIgniter\Database\BaseConnection->simpleQuery('SELECT `uniid`,...')
#3 C:\xampp\htdocs\Student_Management_Portal\system\Database\BaseBuilder.php(1644): CodeIgniter\Database\BaseConnection->query('SELECT `uniid`,...', Array, false)
#4 C:\xampp\htdocs\Student_Management_Portal\app\Models\LoginModel.php(13): CodeIgniter\Database\BaseBuilder->get()
#5 C:\xampp\htdocs\Student_Management_Portal\app\Controllers\Login.php(47): App\Models\LoginModel->verifyUsername('19APC4054')
#6 C:\xampp\htdocs\Student_Management_Portal\system\CodeIgniter.php(933): App\Controllers\Login->index()
#7 C:\xampp\htdocs\Student_Management_Portal\system\CodeIgniter.php(509): CodeIgniter\CodeIgniter->runController(Object(App\Controllers\Login))
#8 C:\xampp\htdocs\Student_Management_Portal\system\CodeIgniter.php(355): CodeIgniter\CodeIgniter->handleRequest(NULL, Object(Config\Cache), false)
#9 C:\xampp\htdocs\Student_Management_Portal\system\Boot.php(325): CodeIgniter\CodeIgniter->run()
#10 C:\xampp\htdocs\Student_Management_Portal\system\Boot.php(67): CodeIgniter\Boot::runCodeIgniter(Object(CodeIgniter\CodeIgniter))
#11 C:\xampp\htdocs\Student_Management_Portal\index.php(56): CodeIgniter\Boot::bootWeb(Object(Config\Paths))
#12 {main}
CRITICAL - 2024-12-31 04:04:36 --> CodeIgniter\Database\Exceptions\DatabaseException: Unknown column 'uniid' in 'field list'
[Method: POST, Route: login]
in SYSTEMPATH\Database\BaseConnection.php on line 688.
 1 SYSTEMPATH\Database\BaseBuilder.php(1644): CodeIgniter\Database\BaseConnection->query('SELECT `uniid`, `status`, `password`
FROM `user`
WHERE `username` = :username:', [...], false)
 2 APPPATH\Models\LoginModel.php(13): CodeIgniter\Database\BaseBuilder->get()
 3 APPPATH\Controllers\Login.php(47): App\Models\LoginModel->verifyUsername('19APC4054')
 4 SYSTEMPATH\CodeIgniter.php(933): App\Controllers\Login->index()
 5 SYSTEMPATH\CodeIgniter.php(509): CodeIgniter\CodeIgniter->runController(Object(App\Controllers\Login))
 6 SYSTEMPATH\CodeIgniter.php(355): CodeIgniter\CodeIgniter->handleRequest(null, Object(Config\Cache), false)
 7 SYSTEMPATH\Boot.php(325): CodeIgniter\CodeIgniter->run()
 8 SYSTEMPATH\Boot.php(67): CodeIgniter\Boot::runCodeIgniter(Object(CodeIgniter\CodeIgniter))
 9 FCPATH\index.php(56): CodeIgniter\Boot::bootWeb(Object(Config\Paths))
CRITICAL - 2024-12-31 04:04:36 --> [Caused by] CodeIgniter\Database\Exceptions\DatabaseException: Unknown column 'uniid' in 'field list'
in SYSTEMPATH\Database\MySQLi\Connection.php on line 317.
 1 SYSTEMPATH\Database\BaseConnection.php(734): CodeIgniter\Database\MySQLi\Connection->execute('SELECT `uniid`, `status`, `password`
FROM `user`
WHERE `username` = \'19APC4054\'')
 2 SYSTEMPATH\Database\BaseConnection.php(648): CodeIgniter\Database\BaseConnection->simpleQuery('SELECT `uniid`, `status`, `password`
FROM `user`
WHERE `username` = \'19APC4054\'')
 3 SYSTEMPATH\Database\BaseBuilder.php(1644): CodeIgniter\Database\BaseConnection->query('SELECT `uniid`, `status`, `password`
FROM `user`
WHERE `username` = :username:', [...], false)
 4 APPPATH\Models\LoginModel.php(13): CodeIgniter\Database\BaseBuilder->get()
 5 APPPATH\Controllers\Login.php(47): App\Models\LoginModel->verifyUsername('19APC4054')
 6 SYSTEMPATH\CodeIgniter.php(933): App\Controllers\Login->index()
 7 SYSTEMPATH\CodeIgniter.php(509): CodeIgniter\CodeIgniter->runController(Object(App\Controllers\Login))
 8 SYSTEMPATH\CodeIgniter.php(355): CodeIgniter\CodeIgniter->handleRequest(null, Object(Config\Cache), false)
 9 SYSTEMPATH\Boot.php(325): CodeIgniter\CodeIgniter->run()
10 SYSTEMPATH\Boot.php(67): CodeIgniter\Boot::runCodeIgniter(Object(CodeIgniter\CodeIgniter))
11 FCPATH\index.php(56): CodeIgniter\Boot::bootWeb(Object(Config\Paths))
CRITICAL - 2024-12-31 04:04:36 --> [Caused by] mysqli_sql_exception: Unknown column 'uniid' in 'field list'
in SYSTEMPATH\Database\MySQLi\Connection.php on line 312.
 1 SYSTEMPATH\Database\MySQLi\Connection.php(312): mysqli->query('SELECT `uniid`, `status`, `password`
FROM `user`
WHERE `username` = \'19APC4054\'', 0)
 2 SYSTEMPATH\Database\BaseConnection.php(734): CodeIgniter\Database\MySQLi\Connection->execute('SELECT `uniid`, `status`, `password`
FROM `user`
WHERE `username` = \'19APC4054\'')
 3 SYSTEMPATH\Database\BaseConnection.php(648): CodeIgniter\Database\BaseConnection->simpleQuery('SELECT `uniid`, `status`, `password`
FROM `user`
WHERE `username` = \'19APC4054\'')
 4 SYSTEMPATH\Database\BaseBuilder.php(1644): CodeIgniter\Database\BaseConnection->query('SELECT `uniid`, `status`, `password`
FROM `user`
WHERE `username` = :username:', [...], false)
 5 APPPATH\Models\LoginModel.php(13): CodeIgniter\Database\BaseBuilder->get()
 6 APPPATH\Controllers\Login.php(47): App\Models\LoginModel->verifyUsername('19APC4054')
 7 SYSTEMPATH\CodeIgniter.php(933): App\Controllers\Login->index()
 8 SYSTEMPATH\CodeIgniter.php(509): CodeIgniter\CodeIgniter->runController(Object(App\Controllers\Login))
 9 SYSTEMPATH\CodeIgniter.php(355): CodeIgniter\CodeIgniter->handleRequest(null, Object(Config\Cache), false)
10 SYSTEMPATH\Boot.php(325): CodeIgniter\CodeIgniter->run()
11 SYSTEMPATH\Boot.php(67): CodeIgniter\Boot::runCodeIgniter(Object(CodeIgniter\CodeIgniter))
12 FCPATH\index.php(56): CodeIgniter\Boot::bootWeb(Object(Config\Paths))
INFO - 2024-12-31 04:08:18 --> Session: Class initialized using 'CodeIgniter\Session\Handlers\FileHandler' driver.
INFO - 2024-12-31 04:08:28 --> Session: Class initialized using 'CodeIgniter\Session\Handlers\FileHandler' driver.
INFO - 2024-12-31 04:08:28 --> Session: Class initialized using 'CodeIgniter\Session\Handlers\FileHandler' driver.
INFO - 2024-12-31 04:08:46 --> Session: Class initialized using 'CodeIgniter\Session\Handlers\FileHandler' driver.
INFO - 2024-12-31 04:09:08 --> Session: Class initialized using 'CodeIgniter\Session\Handlers\FileHandler' driver.
INFO - 2024-12-31 04:09:08 --> Session: Class initialized using 'CodeIgniter\Session\Handlers\FileHandler' driver.
INFO - 2024-12-31 04:09:15 --> Session: Class initialized using 'CodeIgniter\Session\Handlers\FileHandler' driver.
CRITICAL - 2024-12-31 04:10:03 --> ErrorException: Trying to access array offset on value of type null
[Method: GET, Route: courses/department_syllabus/public/assests/Logo.png]
in APPPATH\Views\dashboard\courses\index_syllabus.php on line 6.
 1 APPPATH\Views\dashboard\courses\index_syllabus.php(6): CodeIgniter\Debug\Exceptions->errorHandler(2, 'Trying to access array offset on value of type null', 'C:\\xampp\\htdocs\\Student_Management_Portal\\app\\Views\\dashboard\\courses\\index_syllabus.php', 6)
 2 SYSTEMPATH\View\View.php(234): include('C:\\xampp\\htdocs\\Student_Management_Portal\\app\\Views\\dashboard\\courses\\index_syllabus.php')
 3 SYSTEMPATH\View\View.php(237): CodeIgniter\View\View->CodeIgniter\View\{closure}()
 4 SYSTEMPATH\Common.php(1171): CodeIgniter\View\View->render('dashboard/courses/index_syllabus', [], true)
 5 APPPATH\Controllers\Courses.php(42): view('dashboard/courses/index_syllabus', [...])
 6 SYSTEMPATH\CodeIgniter.php(933): App\Controllers\Courses->department_syllabus('public', 'assests', 'Logo.png')
 7 SYSTEMPATH\CodeIgniter.php(509): CodeIgniter\CodeIgniter->runController(Object(App\Controllers\Courses))
 8 SYSTEMPATH\CodeIgniter.php(355): CodeIgniter\CodeIgniter->handleRequest(null, Object(Config\Cache), false)
 9 SYSTEMPATH\Boot.php(325): CodeIgniter\CodeIgniter->run()
10 SYSTEMPATH\Boot.php(67): CodeIgniter\Boot::runCodeIgniter(Object(CodeIgniter\CodeIgniter))
11 FCPATH\index.php(56): CodeIgniter\Boot::bootWeb(Object(Config\Paths))
CRITICAL - 2024-12-31 04:10:03 --> ErrorException: Trying to access array offset on value of type null
[Method: GET, Route: courses/department_syllabus/public/assests/Logo.png]
in APPPATH\Views\dashboard\courses\index_syllabus.php on line 6.
 1 APPPATH\Views\dashboard\courses\index_syllabus.php(6): CodeIgniter\Debug\Exceptions->errorHandler(2, 'Trying to access array offset on value of type null', 'C:\\xampp\\htdocs\\Student_Management_Portal\\app\\Views\\dashboard\\courses\\index_syllabus.php', 6)
 2 SYSTEMPATH\View\View.php(234): include('C:\\xampp\\htdocs\\Student_Management_Portal\\app\\Views\\dashboard\\courses\\index_syllabus.php')
 3 SYSTEMPATH\View\View.php(237): CodeIgniter\View\View->CodeIgniter\View\{closure}()
 4 SYSTEMPATH\Common.php(1171): CodeIgniter\View\View->render('dashboard/courses/index_syllabus', [], true)
 5 APPPATH\Controllers\Courses.php(42): view('dashboard/courses/index_syllabus', [...])
 6 SYSTEMPATH\CodeIgniter.php(933): App\Controllers\Courses->department_syllabus('public', 'assests', 'Logo.png')
 7 SYSTEMPATH\CodeIgniter.php(509): CodeIgniter\CodeIgniter->runController(Object(App\Controllers\Courses))
 8 SYSTEMPATH\CodeIgniter.php(355): CodeIgniter\CodeIgniter->handleRequest(null, Object(Config\Cache), false)
 9 SYSTEMPATH\Boot.php(325): CodeIgniter\CodeIgniter->run()
10 SYSTEMPATH\Boot.php(67): CodeIgniter\Boot::runCodeIgniter(Object(CodeIgniter\CodeIgniter))
11 FCPATH\index.php(56): CodeIgniter\Boot::bootWeb(Object(Config\Paths))
CRITICAL - 2024-12-31 04:10:37 --> ErrorException: Trying to access array offset on value of type null
[Method: GET, Route: courses/syllabus_subjects/3/public/assests/Logo.png]
in APPPATH\Views\dashboard\courses\index_subject.php on line 6.
 1 APPPATH\Views\dashboard\courses\index_subject.php(6): CodeIgniter\Debug\Exceptions->errorHandler(2, 'Trying to access array offset on value of type null', 'C:\\xampp\\htdocs\\Student_Management_Portal\\app\\Views\\dashboard\\courses\\index_subject.php', 6)
 2 SYSTEMPATH\View\View.php(234): include('C:\\xampp\\htdocs\\Student_Management_Portal\\app\\Views\\dashboard\\courses\\index_subject.php')
 3 SYSTEMPATH\View\View.php(237): CodeIgniter\View\View->CodeIgniter\View\{closure}()
 4 SYSTEMPATH\Common.php(1171): CodeIgniter\View\View->render('dashboard/courses/index_subject', [], true)
 5 APPPATH\Controllers\Courses.php(71): view('dashboard/courses/index_subject', [...])
 6 SYSTEMPATH\CodeIgniter.php(933): App\Controllers\Courses->syllabus_subjects('3', 'public', 'assests', 'Logo.png')
 7 SYSTEMPATH\CodeIgniter.php(509): CodeIgniter\CodeIgniter->runController(Object(App\Controllers\Courses))
 8 SYSTEMPATH\CodeIgniter.php(355): CodeIgniter\CodeIgniter->handleRequest(null, Object(Config\Cache), false)
 9 SYSTEMPATH\Boot.php(325): CodeIgniter\CodeIgniter->run()
10 SYSTEMPATH\Boot.php(67): CodeIgniter\Boot::runCodeIgniter(Object(CodeIgniter\CodeIgniter))
11 FCPATH\index.php(56): CodeIgniter\Boot::bootWeb(Object(Config\Paths))
CRITICAL - 2024-12-31 04:10:38 --> ErrorException: Trying to access array offset on value of type null
[Method: GET, Route: courses/syllabus_subjects/3/public/assests/Logo.png]
in APPPATH\Views\dashboard\courses\index_subject.php on line 6.
 1 APPPATH\Views\dashboard\courses\index_subject.php(6): CodeIgniter\Debug\Exceptions->errorHandler(2, 'Trying to access array offset on value of type null', 'C:\\xampp\\htdocs\\Student_Management_Portal\\app\\Views\\dashboard\\courses\\index_subject.php', 6)
 2 SYSTEMPATH\View\View.php(234): include('C:\\xampp\\htdocs\\Student_Management_Portal\\app\\Views\\dashboard\\courses\\index_subject.php')
 3 SYSTEMPATH\View\View.php(237): CodeIgniter\View\View->CodeIgniter\View\{closure}()
 4 SYSTEMPATH\Common.php(1171): CodeIgniter\View\View->render('dashboard/courses/index_subject', [], true)
 5 APPPATH\Controllers\Courses.php(71): view('dashboard/courses/index_subject', [...])
 6 SYSTEMPATH\CodeIgniter.php(933): App\Controllers\Courses->syllabus_subjects('3', 'public', 'assests', 'Logo.png')
 7 SYSTEMPATH\CodeIgniter.php(509): CodeIgniter\CodeIgniter->runController(Object(App\Controllers\Courses))
 8 SYSTEMPATH\CodeIgniter.php(355): CodeIgniter\CodeIgniter->handleRequest(null, Object(Config\Cache), false)
 9 SYSTEMPATH\Boot.php(325): CodeIgniter\CodeIgniter->run()
10 SYSTEMPATH\Boot.php(67): CodeIgniter\Boot::runCodeIgniter(Object(CodeIgniter\CodeIgniter))
11 FCPATH\index.php(56): CodeIgniter\Boot::bootWeb(Object(Config\Paths))
CRITICAL - 2024-12-31 04:11:46 --> ErrorException: Trying to access array offset on value of type null
[Method: GET, Route: courses/syllabus_subjects/3/public/assests/Logo.png]
in APPPATH\Views\dashboard\courses\index_subject.php on line 6.
 1 APPPATH\Views\dashboard\courses\index_subject.php(6): CodeIgniter\Debug\Exceptions->errorHandler(2, 'Trying to access array offset on value of type null', 'C:\\xampp\\htdocs\\Student_Management_Portal\\app\\Views\\dashboard\\courses\\index_subject.php', 6)
 2 SYSTEMPATH\View\View.php(234): include('C:\\xampp\\htdocs\\Student_Management_Portal\\app\\Views\\dashboard\\courses\\index_subject.php')
 3 SYSTEMPATH\View\View.php(237): CodeIgniter\View\View->CodeIgniter\View\{closure}()
 4 SYSTEMPATH\Common.php(1171): CodeIgniter\View\View->render('dashboard/courses/index_subject', [], true)
 5 APPPATH\Controllers\Courses.php(71): view('dashboard/courses/index_subject', [...])
 6 SYSTEMPATH\CodeIgniter.php(933): App\Controllers\Courses->syllabus_subjects('3', 'public', 'assests', 'Logo.png')
 7 SYSTEMPATH\CodeIgniter.php(509): CodeIgniter\CodeIgniter->runController(Object(App\Controllers\Courses))
 8 SYSTEMPATH\CodeIgniter.php(355): CodeIgniter\CodeIgniter->handleRequest(null, Object(Config\Cache), false)
 9 SYSTEMPATH\Boot.php(325): CodeIgniter\CodeIgniter->run()
10 SYSTEMPATH\Boot.php(67): CodeIgniter\Boot::runCodeIgniter(Object(CodeIgniter\CodeIgniter))
11 FCPATH\index.php(56): CodeIgniter\Boot::bootWeb(Object(Config\Paths))
CRITICAL - 2024-12-31 04:11:56 --> ErrorException: Trying to access array offset on value of type null
[Method: GET, Route: courses/department_syllabus/public/assests/Logo.png]
in APPPATH\Views\dashboard\courses\index_syllabus.php on line 6.
 1 APPPATH\Views\dashboard\courses\index_syllabus.php(6): CodeIgniter\Debug\Exceptions->errorHandler(2, 'Trying to access array offset on value of type null', 'C:\\xampp\\htdocs\\Student_Management_Portal\\app\\Views\\dashboard\\courses\\index_syllabus.php', 6)
 2 SYSTEMPATH\View\View.php(234): include('C:\\xampp\\htdocs\\Student_Management_Portal\\app\\Views\\dashboard\\courses\\index_syllabus.php')
 3 SYSTEMPATH\View\View.php(237): CodeIgniter\View\View->CodeIgniter\View\{closure}()
 4 SYSTEMPATH\Common.php(1171): CodeIgniter\View\View->render('dashboard/courses/index_syllabus', [], true)
 5 APPPATH\Controllers\Courses.php(42): view('dashboard/courses/index_syllabus', [...])
 6 SYSTEMPATH\CodeIgniter.php(933): App\Controllers\Courses->department_syllabus('public', 'assests', 'Logo.png')
 7 SYSTEMPATH\CodeIgniter.php(509): CodeIgniter\CodeIgniter->runController(Object(App\Controllers\Courses))
 8 SYSTEMPATH\CodeIgniter.php(355): CodeIgniter\CodeIgniter->handleRequest(null, Object(Config\Cache), false)
 9 SYSTEMPATH\Boot.php(325): CodeIgniter\CodeIgniter->run()
10 SYSTEMPATH\Boot.php(67): CodeIgniter\Boot::runCodeIgniter(Object(CodeIgniter\CodeIgniter))
11 FCPATH\index.php(56): CodeIgniter\Boot::bootWeb(Object(Config\Paths))
CRITICAL - 2024-12-31 04:12:05 --> ErrorException: Trying to access array offset on value of type null
[Method: GET, Route: courses/department_syllabus/public/assests/Logo.png]
in APPPATH\Views\dashboard\courses\index_syllabus.php on line 6.
 1 APPPATH\Views\dashboard\courses\index_syllabus.php(6): CodeIgniter\Debug\Exceptions->errorHandler(2, 'Trying to access array offset on value of type null', 'C:\\xampp\\htdocs\\Student_Management_Portal\\app\\Views\\dashboard\\courses\\index_syllabus.php', 6)
 2 SYSTEMPATH\View\View.php(234): include('C:\\xampp\\htdocs\\Student_Management_Portal\\app\\Views\\dashboard\\courses\\index_syllabus.php')
 3 SYSTEMPATH\View\View.php(237): CodeIgniter\View\View->CodeIgniter\View\{closure}()
 4 SYSTEMPATH\Common.php(1171): CodeIgniter\View\View->render('dashboard/courses/index_syllabus', [], true)
 5 APPPATH\Controllers\Courses.php(42): view('dashboard/courses/index_syllabus', [...])
 6 SYSTEMPATH\CodeIgniter.php(933): App\Controllers\Courses->department_syllabus('public', 'assests', 'Logo.png')
 7 SYSTEMPATH\CodeIgniter.php(509): CodeIgniter\CodeIgniter->runController(Object(App\Controllers\Courses))
 8 SYSTEMPATH\CodeIgniter.php(355): CodeIgniter\CodeIgniter->handleRequest(null, Object(Config\Cache), false)
 9 SYSTEMPATH\Boot.php(325): CodeIgniter\CodeIgniter->run()
10 SYSTEMPATH\Boot.php(67): CodeIgniter\Boot::runCodeIgniter(Object(CodeIgniter\CodeIgniter))
11 FCPATH\index.php(56): CodeIgniter\Boot::bootWeb(Object(Config\Paths))
INFO - 2024-12-31 04:12:27 --> Session: Class initialized using 'CodeIgniter\Session\Handlers\FileHandler' driver.
INFO - 2024-12-31 04:12:32 --> Session: Class initialized using 'CodeIgniter\Session\Handlers\FileHandler' driver.
INFO - 2024-12-31 04:12:50 --> Session: Class initialized using 'CodeIgniter\Session\Handlers\FileHandler' driver.
INFO - 2024-12-31 04:12:56 --> Session: Class initialized using 'CodeIgniter\Session\Handlers\FileHandler' driver.
INFO - 2024-12-31 04:12:56 --> Session: Class initialized using 'CodeIgniter\Session\Handlers\FileHandler' driver.
CRITICAL - 2024-12-31 04:12:56 --> ErrorException: Trying to access array offset on value of type null
[Method: GET, Route: admins/edit/dashboard.js]
in APPPATH\Views\dashboard\admins\edit_admin.php on line 9.
 1 APPPATH\Views\dashboard\admins\edit_admin.php(9): CodeIgniter\Debug\Exceptions->errorHandler(2, 'Trying to access array offset on value of type null', 'C:\\xampp\\htdocs\\Student_Management_Portal\\app\\Views\\dashboard\\admins\\edit_admin.php', 9)
 2 SYSTEMPATH\View\View.php(234): include('C:\\xampp\\htdocs\\Student_Management_Portal\\app\\Views\\dashboard\\admins\\edit_admin.php')
 3 SYSTEMPATH\View\View.php(237): CodeIgniter\View\View->CodeIgniter\View\{closure}()
 4 SYSTEMPATH\Common.php(1171): CodeIgniter\View\View->render('dashboard/admins/edit_admin', [], true)
 5 APPPATH\Controllers\Admins.php(84): view('dashboard/admins/edit_admin', [...])
 6 SYSTEMPATH\CodeIgniter.php(933): App\Controllers\Admins->edit('dashboard.js')
 7 SYSTEMPATH\CodeIgniter.php(509): CodeIgniter\CodeIgniter->runController(Object(App\Controllers\Admins))
 8 SYSTEMPATH\CodeIgniter.php(355): CodeIgniter\CodeIgniter->handleRequest(null, Object(Config\Cache), false)
 9 SYSTEMPATH\Boot.php(325): CodeIgniter\CodeIgniter->run()
10 SYSTEMPATH\Boot.php(67): CodeIgniter\Boot::runCodeIgniter(Object(CodeIgniter\CodeIgniter))
11 FCPATH\index.php(56): CodeIgniter\Boot::bootWeb(Object(Config\Paths))
INFO - 2024-12-31 04:12:57 --> Session: Class initialized using 'CodeIgniter\Session\Handlers\FileHandler' driver.
INFO - 2024-12-31 04:12:57 --> Session: Class initialized using 'CodeIgniter\Session\Handlers\FileHandler' driver.
INFO - 2024-12-31 04:12:57 --> Session: Class initialized using 'CodeIgniter\Session\Handlers\FileHandler' driver.
CRITICAL - 2024-12-31 04:12:57 --> ErrorException: Trying to access array offset on value of type null
[Method: GET, Route: admins/edit/public/assests/Logo.png]
in APPPATH\Views\dashboard\admins\edit_admin.php on line 9.
 1 APPPATH\Views\dashboard\admins\edit_admin.php(9): CodeIgniter\Debug\Exceptions->errorHandler(2, 'Trying to access array offset on value of type null', 'C:\\xampp\\htdocs\\Student_Management_Portal\\app\\Views\\dashboard\\admins\\edit_admin.php', 9)
 2 SYSTEMPATH\View\View.php(234): include('C:\\xampp\\htdocs\\Student_Management_Portal\\app\\Views\\dashboard\\admins\\edit_admin.php')
 3 SYSTEMPATH\View\View.php(237): CodeIgniter\View\View->CodeIgniter\View\{closure}()
 4 SYSTEMPATH\Common.php(1171): CodeIgniter\View\View->render('dashboard/admins/edit_admin', [], true)
 5 APPPATH\Controllers\Admins.php(84): view('dashboard/admins/edit_admin', [...])
 6 SYSTEMPATH\CodeIgniter.php(933): App\Controllers\Admins->edit('public', 'assests', 'Logo.png')
 7 SYSTEMPATH\CodeIgniter.php(509): CodeIgniter\CodeIgniter->runController(Object(App\Controllers\Admins))
 8 SYSTEMPATH\CodeIgniter.php(355): CodeIgniter\CodeIgniter->handleRequest(null, Object(Config\Cache), false)
 9 SYSTEMPATH\Boot.php(325): CodeIgniter\CodeIgniter->run()
10 SYSTEMPATH\Boot.php(67): CodeIgniter\Boot::runCodeIgniter(Object(CodeIgniter\CodeIgniter))
11 FCPATH\index.php(56): CodeIgniter\Boot::bootWeb(Object(Config\Paths))
INFO - 2024-12-31 04:12:57 --> Session: Class initialized using 'CodeIgniter\Session\Handlers\FileHandler' driver.
CRITICAL - 2024-12-31 04:12:57 --> ErrorException: Trying to access array offset on value of type null
[Method: GET, Route: admins/edit/public/assests/Logo.png]
in APPPATH\Views\dashboard\admins\edit_admin.php on line 9.
 1 APPPATH\Views\dashboard\admins\edit_admin.php(9): CodeIgniter\Debug\Exceptions->errorHandler(2, 'Trying to access array offset on value of type null', 'C:\\xampp\\htdocs\\Student_Management_Portal\\app\\Views\\dashboard\\admins\\edit_admin.php', 9)
 2 SYSTEMPATH\View\View.php(234): include('C:\\xampp\\htdocs\\Student_Management_Portal\\app\\Views\\dashboard\\admins\\edit_admin.php')
 3 SYSTEMPATH\View\View.php(237): CodeIgniter\View\View->CodeIgniter\View\{closure}()
 4 SYSTEMPATH\Common.php(1171): CodeIgniter\View\View->render('dashboard/admins/edit_admin', [], true)
 5 APPPATH\Controllers\Admins.php(84): view('dashboard/admins/edit_admin', [...])
 6 SYSTEMPATH\CodeIgniter.php(933): App\Controllers\Admins->edit('public', 'assests', 'Logo.png')
 7 SYSTEMPATH\CodeIgniter.php(509): CodeIgniter\CodeIgniter->runController(Object(App\Controllers\Admins))
 8 SYSTEMPATH\CodeIgniter.php(355): CodeIgniter\CodeIgniter->handleRequest(null, Object(Config\Cache), false)
 9 SYSTEMPATH\Boot.php(325): CodeIgniter\CodeIgniter->run()
10 SYSTEMPATH\Boot.php(67): CodeIgniter\Boot::runCodeIgniter(Object(CodeIgniter\CodeIgniter))
11 FCPATH\index.php(56): CodeIgniter\Boot::bootWeb(Object(Config\Paths))
INFO - 2024-12-31 04:13:08 --> Session: Class initialized using 'CodeIgniter\Session\Handlers\FileHandler' driver.
CRITICAL - 2024-12-31 04:13:13 --> ErrorException: Trying to access array offset on value of type null
[Method: GET, Route: courses/department_syllabus/public/assests/Logo.png]
in APPPATH\Views\dashboard\courses\index_syllabus.php on line 6.
 1 APPPATH\Views\dashboard\courses\index_syllabus.php(6): CodeIgniter\Debug\Exceptions->errorHandler(2, 'Trying to access array offset on value of type null', 'C:\\xampp\\htdocs\\Student_Management_Portal\\app\\Views\\dashboard\\courses\\index_syllabus.php', 6)
 2 SYSTEMPATH\View\View.php(234): include('C:\\xampp\\htdocs\\Student_Management_Portal\\app\\Views\\dashboard\\courses\\index_syllabus.php')
 3 SYSTEMPATH\View\View.php(237): CodeIgniter\View\View->CodeIgniter\View\{closure}()
 4 SYSTEMPATH\Common.php(1171): CodeIgniter\View\View->render('dashboard/courses/index_syllabus', [], true)
 5 APPPATH\Controllers\Courses.php(42): view('dashboard/courses/index_syllabus', [...])
 6 SYSTEMPATH\CodeIgniter.php(933): App\Controllers\Courses->department_syllabus('public', 'assests', 'Logo.png')
 7 SYSTEMPATH\CodeIgniter.php(509): CodeIgniter\CodeIgniter->runController(Object(App\Controllers\Courses))
 8 SYSTEMPATH\CodeIgniter.php(355): CodeIgniter\CodeIgniter->handleRequest(null, Object(Config\Cache), false)
 9 SYSTEMPATH\Boot.php(325): CodeIgniter\CodeIgniter->run()
10 SYSTEMPATH\Boot.php(67): CodeIgniter\Boot::runCodeIgniter(Object(CodeIgniter\CodeIgniter))
11 FCPATH\index.php(56): CodeIgniter\Boot::bootWeb(Object(Config\Paths))
INFO - 2024-12-31 04:14:18 --> Session: Class initialized using 'CodeIgniter\Session\Handlers\FileHandler' driver.
INFO - 2024-12-31 04:14:20 --> Session: Class initialized using 'CodeIgniter\Session\Handlers\FileHandler' driver.
CRITICAL - 2024-12-31 04:22:04 --> ErrorException: Trying to access array offset on value of type null
[Method: GET, Route: courses/department_syllabus/public/assests/Logo.png]
in APPPATH\Views\dashboard\courses\index_syllabus.php on line 6.
 1 APPPATH\Views\dashboard\courses\index_syllabus.php(6): CodeIgniter\Debug\Exceptions->errorHandler(2, 'Trying to access array offset on value of type null', 'C:\\xampp\\htdocs\\Student_Management_Portal\\app\\Views\\dashboard\\courses\\index_syllabus.php', 6)
 2 SYSTEMPATH\View\View.php(234): include('C:\\xampp\\htdocs\\Student_Management_Portal\\app\\Views\\dashboard\\courses\\index_syllabus.php')
 3 SYSTEMPATH\View\View.php(237): CodeIgniter\View\View->CodeIgniter\View\{closure}()
 4 SYSTEMPATH\Common.php(1171): CodeIgniter\View\View->render('dashboard/courses/index_syllabus', [], true)
 5 APPPATH\Controllers\Courses.php(42): view('dashboard/courses/index_syllabus', [...])
 6 SYSTEMPATH\CodeIgniter.php(933): App\Controllers\Courses->department_syllabus('public', 'assests', 'Logo.png')
 7 SYSTEMPATH\CodeIgniter.php(509): CodeIgniter\CodeIgniter->runController(Object(App\Controllers\Courses))
 8 SYSTEMPATH\CodeIgniter.php(355): CodeIgniter\CodeIgniter->handleRequest(null, Object(Config\Cache), false)
 9 SYSTEMPATH\Boot.php(325): CodeIgniter\CodeIgniter->run()
10 SYSTEMPATH\Boot.php(67): CodeIgniter\Boot::runCodeIgniter(Object(CodeIgniter\CodeIgniter))
11 FCPATH\index.php(56): CodeIgniter\Boot::bootWeb(Object(Config\Paths))
CRITICAL - 2024-12-31 04:22:06 --> ErrorException: Trying to access array offset on value of type null
[Method: GET, Route: courses/syllabus_subjects/2/public/assests/Logo.png]
in APPPATH\Views\dashboard\courses\index_subject.php on line 6.
 1 APPPATH\Views\dashboard\courses\index_subject.php(6): CodeIgniter\Debug\Exceptions->errorHandler(2, 'Trying to access array offset on value of type null', 'C:\\xampp\\htdocs\\Student_Management_Portal\\app\\Views\\dashboard\\courses\\index_subject.php', 6)
 2 SYSTEMPATH\View\View.php(234): include('C:\\xampp\\htdocs\\Student_Management_Portal\\app\\Views\\dashboard\\courses\\index_subject.php')
 3 SYSTEMPATH\View\View.php(237): CodeIgniter\View\View->CodeIgniter\View\{closure}()
 4 SYSTEMPATH\Common.php(1171): CodeIgniter\View\View->render('dashboard/courses/index_subject', [], true)
 5 APPPATH\Controllers\Courses.php(71): view('dashboard/courses/index_subject', [...])
 6 SYSTEMPATH\CodeIgniter.php(933): App\Controllers\Courses->syllabus_subjects('2', 'public', 'assests', 'Logo.png')
 7 SYSTEMPATH\CodeIgniter.php(509): CodeIgniter\CodeIgniter->runController(Object(App\Controllers\Courses))
 8 SYSTEMPATH\CodeIgniter.php(355): CodeIgniter\CodeIgniter->handleRequest(null, Object(Config\Cache), false)
 9 SYSTEMPATH\Boot.php(325): CodeIgniter\CodeIgniter->run()
10 SYSTEMPATH\Boot.php(67): CodeIgniter\Boot::runCodeIgniter(Object(CodeIgniter\CodeIgniter))
11 FCPATH\index.php(56): CodeIgniter\Boot::bootWeb(Object(Config\Paths))
CRITICAL - 2024-12-31 04:22:06 --> ErrorException: Trying to access array offset on value of type null
[Method: GET, Route: courses/syllabus_subjects/2/public/assests/Logo.png]
in APPPATH\Views\dashboard\courses\index_subject.php on line 6.
 1 APPPATH\Views\dashboard\courses\index_subject.php(6): CodeIgniter\Debug\Exceptions->errorHandler(2, 'Trying to access array offset on value of type null', 'C:\\xampp\\htdocs\\Student_Management_Portal\\app\\Views\\dashboard\\courses\\index_subject.php', 6)
 2 SYSTEMPATH\View\View.php(234): include('C:\\xampp\\htdocs\\Student_Management_Portal\\app\\Views\\dashboard\\courses\\index_subject.php')
 3 SYSTEMPATH\View\View.php(237): CodeIgniter\View\View->CodeIgniter\View\{closure}()
 4 SYSTEMPATH\Common.php(1171): CodeIgniter\View\View->render('dashboard/courses/index_subject', [], true)
 5 APPPATH\Controllers\Courses.php(71): view('dashboard/courses/index_subject', [...])
 6 SYSTEMPATH\CodeIgniter.php(933): App\Controllers\Courses->syllabus_subjects('2', 'public', 'assests', 'Logo.png')
 7 SYSTEMPATH\CodeIgniter.php(509): CodeIgniter\CodeIgniter->runController(Object(App\Controllers\Courses))
 8 SYSTEMPATH\CodeIgniter.php(355): CodeIgniter\CodeIgniter->handleRequest(null, Object(Config\Cache), false)
 9 SYSTEMPATH\Boot.php(325): CodeIgniter\CodeIgniter->run()
10 SYSTEMPATH\Boot.php(67): CodeIgniter\Boot::runCodeIgniter(Object(CodeIgniter\CodeIgniter))
11 FCPATH\index.php(56): CodeIgniter\Boot::bootWeb(Object(Config\Paths))
CRITICAL - 2024-12-31 06:26:18 --> ErrorException: Trying to access array offset on value of type null
[Method: GET, Route: courses/syllabus_subjects/2/public/assests/Logo.png]
in APPPATH\Views\dashboard\courses\index_subject.php on line 6.
 1 APPPATH\Views\dashboard\courses\index_subject.php(6): CodeIgniter\Debug\Exceptions->errorHandler(2, 'Trying to access array offset on value of type null', 'C:\\xampp\\htdocs\\Student_Management_Portal\\app\\Views\\dashboard\\courses\\index_subject.php', 6)
 2 SYSTEMPATH\View\View.php(234): include('C:\\xampp\\htdocs\\Student_Management_Portal\\app\\Views\\dashboard\\courses\\index_subject.php')
 3 SYSTEMPATH\View\View.php(237): CodeIgniter\View\View->CodeIgniter\View\{closure}()
 4 SYSTEMPATH\Common.php(1171): CodeIgniter\View\View->render('dashboard/courses/index_subject', [], true)
 5 APPPATH\Controllers\Courses.php(71): view('dashboard/courses/index_subject', [...])
 6 SYSTEMPATH\CodeIgniter.php(933): App\Controllers\Courses->syllabus_subjects('2', 'public', 'assests', 'Logo.png')
 7 SYSTEMPATH\CodeIgniter.php(509): CodeIgniter\CodeIgniter->runController(Object(App\Controllers\Courses))
 8 SYSTEMPATH\CodeIgniter.php(355): CodeIgniter\CodeIgniter->handleRequest(null, Object(Config\Cache), false)
 9 SYSTEMPATH\Boot.php(325): CodeIgniter\CodeIgniter->run()
10 SYSTEMPATH\Boot.php(67): CodeIgniter\Boot::runCodeIgniter(Object(CodeIgniter\CodeIgniter))
11 FCPATH\index.php(56): CodeIgniter\Boot::bootWeb(Object(Config\Paths))
INFO - 2024-12-31 06:26:24 --> Session: Class initialized using 'CodeIgniter\Session\Handlers\FileHandler' driver.
INFO - 2024-12-31 06:26:24 --> Session: Class initialized using 'CodeIgniter\Session\Handlers\FileHandler' driver.
CRITICAL - 2024-12-31 06:26:29 --> ErrorException: Trying to access array offset on value of type null
[Method: GET, Route: courses/syllabus_subjects/2/public/assests/Logo.png]
in APPPATH\Views\dashboard\courses\index_subject.php on line 6.
 1 APPPATH\Views\dashboard\courses\index_subject.php(6): CodeIgniter\Debug\Exceptions->errorHandler(2, 'Trying to access array offset on value of type null', 'C:\\xampp\\htdocs\\Student_Management_Portal\\app\\Views\\dashboard\\courses\\index_subject.php', 6)
 2 SYSTEMPATH\View\View.php(234): include('C:\\xampp\\htdocs\\Student_Management_Portal\\app\\Views\\dashboard\\courses\\index_subject.php')
 3 SYSTEMPATH\View\View.php(237): CodeIgniter\View\View->CodeIgniter\View\{closure}()
 4 SYSTEMPATH\Common.php(1171): CodeIgniter\View\View->render('dashboard/courses/index_subject', [], true)
 5 APPPATH\Controllers\Courses.php(71): view('dashboard/courses/index_subject', [...])
 6 SYSTEMPATH\CodeIgniter.php(933): App\Controllers\Courses->syllabus_subjects('2', 'public', 'assests', 'Logo.png')
 7 SYSTEMPATH\CodeIgniter.php(509): CodeIgniter\CodeIgniter->runController(Object(App\Controllers\Courses))
 8 SYSTEMPATH\CodeIgniter.php(355): CodeIgniter\CodeIgniter->handleRequest(null, Object(Config\Cache), false)
 9 SYSTEMPATH\Boot.php(325): CodeIgniter\CodeIgniter->run()
10 SYSTEMPATH\Boot.php(67): CodeIgniter\Boot::runCodeIgniter(Object(CodeIgniter\CodeIgniter))
11 FCPATH\index.php(56): CodeIgniter\Boot::bootWeb(Object(Config\Paths))
INFO - 2024-12-31 06:26:32 --> Session: Class initialized using 'CodeIgniter\Session\Handlers\FileHandler' driver.
INFO - 2024-12-31 06:26:33 --> Session: Class initialized using 'CodeIgniter\Session\Handlers\FileHandler' driver.
CRITICAL - 2024-12-31 06:26:36 --> ErrorException: Trying to access array offset on value of type null
[Method: GET, Route: courses/syllabus_subjects/2/public/assests/Logo.png]
in APPPATH\Views\dashboard\courses\index_subject.php on line 6.
 1 APPPATH\Views\dashboard\courses\index_subject.php(6): CodeIgniter\Debug\Exceptions->errorHandler(2, 'Trying to access array offset on value of type null', 'C:\\xampp\\htdocs\\Student_Management_Portal\\app\\Views\\dashboard\\courses\\index_subject.php', 6)
 2 SYSTEMPATH\View\View.php(234): include('C:\\xampp\\htdocs\\Student_Management_Portal\\app\\Views\\dashboard\\courses\\index_subject.php')
 3 SYSTEMPATH\View\View.php(237): CodeIgniter\View\View->CodeIgniter\View\{closure}()
 4 SYSTEMPATH\Common.php(1171): CodeIgniter\View\View->render('dashboard/courses/index_subject', [], true)
 5 APPPATH\Controllers\Courses.php(71): view('dashboard/courses/index_subject', [...])
 6 SYSTEMPATH\CodeIgniter.php(933): App\Controllers\Courses->syllabus_subjects('2', 'public', 'assests', 'Logo.png')
 7 SYSTEMPATH\CodeIgniter.php(509): CodeIgniter\CodeIgniter->runController(Object(App\Controllers\Courses))
 8 SYSTEMPATH\CodeIgniter.php(355): CodeIgniter\CodeIgniter->handleRequest(null, Object(Config\Cache), false)
 9 SYSTEMPATH\Boot.php(325): CodeIgniter\CodeIgniter->run()
10 SYSTEMPATH\Boot.php(67): CodeIgniter\Boot::runCodeIgniter(Object(CodeIgniter\CodeIgniter))
11 FCPATH\index.php(56): CodeIgniter\Boot::bootWeb(Object(Config\Paths))
CRITICAL - 2024-12-31 06:26:39 --> ErrorException: Trying to access array offset on value of type null
[Method: GET, Route: courses/syllabus_subjects/2/public/assests/Logo.png]
in APPPATH\Views\dashboard\courses\index_subject.php on line 6.
 1 APPPATH\Views\dashboard\courses\index_subject.php(6): CodeIgniter\Debug\Exceptions->errorHandler(2, 'Trying to access array offset on value of type null', 'C:\\xampp\\htdocs\\Student_Management_Portal\\app\\Views\\dashboard\\courses\\index_subject.php', 6)
 2 SYSTEMPATH\View\View.php(234): include('C:\\xampp\\htdocs\\Student_Management_Portal\\app\\Views\\dashboard\\courses\\index_subject.php')
 3 SYSTEMPATH\View\View.php(237): CodeIgniter\View\View->CodeIgniter\View\{closure}()
 4 SYSTEMPATH\Common.php(1171): CodeIgniter\View\View->render('dashboard/courses/index_subject', [], true)
 5 APPPATH\Controllers\Courses.php(71): view('dashboard/courses/index_subject', [...])
 6 SYSTEMPATH\CodeIgniter.php(933): App\Controllers\Courses->syllabus_subjects('2', 'public', 'assests', 'Logo.png')
 7 SYSTEMPATH\CodeIgniter.php(509): CodeIgniter\CodeIgniter->runController(Object(App\Controllers\Courses))
 8 SYSTEMPATH\CodeIgniter.php(355): CodeIgniter\CodeIgniter->handleRequest(null, Object(Config\Cache), false)
 9 SYSTEMPATH\Boot.php(325): CodeIgniter\CodeIgniter->run()
10 SYSTEMPATH\Boot.php(67): CodeIgniter\Boot::runCodeIgniter(Object(CodeIgniter\CodeIgniter))
11 FCPATH\index.php(56): CodeIgniter\Boot::bootWeb(Object(Config\Paths))
INFO - 2024-12-31 06:26:43 --> Session: Class initialized using 'CodeIgniter\Session\Handlers\FileHandler' driver.
INFO - 2024-12-31 06:26:43 --> Session: Class initialized using 'CodeIgniter\Session\Handlers\FileHandler' driver.
INFO - 2024-12-31 06:27:03 --> Session: Class initialized using 'CodeIgniter\Session\Handlers\FileHandler' driver.
INFO - 2024-12-31 06:27:03 --> Session: Class initialized using 'CodeIgniter\Session\Handlers\FileHandler' driver.
INFO - 2024-12-31 06:27:05 --> Session: Class initialized using 'CodeIgniter\Session\Handlers\FileHandler' driver.
INFO - 2024-12-31 06:27:08 --> Session: Class initialized using 'CodeIgniter\Session\Handlers\FileHandler' driver.
CRITICAL - 2024-12-31 06:30:28 --> ErrorException: Trying to access array offset on value of type null
[Method: GET, Route: courses/department_syllabus/public/assests/Logo.png]
in APPPATH\Views\dashboard\courses\index_syllabus.php on line 6.
 1 APPPATH\Views\dashboard\courses\index_syllabus.php(6): CodeIgniter\Debug\Exceptions->errorHandler(2, 'Trying to access array offset on value of type null', 'C:\\xampp\\htdocs\\Student_Management_Portal\\app\\Views\\dashboard\\courses\\index_syllabus.php', 6)
 2 SYSTEMPATH\View\View.php(234): include('C:\\xampp\\htdocs\\Student_Management_Portal\\app\\Views\\dashboard\\courses\\index_syllabus.php')
 3 SYSTEMPATH\View\View.php(237): CodeIgniter\View\View->CodeIgniter\View\{closure}()
 4 SYSTEMPATH\Common.php(1171): CodeIgniter\View\View->render('dashboard/courses/index_syllabus', [], true)
 5 APPPATH\Controllers\Courses.php(42): view('dashboard/courses/index_syllabus', [...])
 6 SYSTEMPATH\CodeIgniter.php(933): App\Controllers\Courses->department_syllabus('public', 'assests', 'Logo.png')
 7 SYSTEMPATH\CodeIgniter.php(509): CodeIgniter\CodeIgniter->runController(Object(App\Controllers\Courses))
 8 SYSTEMPATH\CodeIgniter.php(355): CodeIgniter\CodeIgniter->handleRequest(null, Object(Config\Cache), false)
 9 SYSTEMPATH\Boot.php(325): CodeIgniter\CodeIgniter->run()
10 SYSTEMPATH\Boot.php(67): CodeIgniter\Boot::runCodeIgniter(Object(CodeIgniter\CodeIgniter))
11 FCPATH\index.php(56): CodeIgniter\Boot::bootWeb(Object(Config\Paths))
CRITICAL - 2024-12-31 06:30:28 --> ErrorException: Trying to access array offset on value of type null
[Method: GET, Route: courses/department_syllabus/public/assests/Logo.png]
in APPPATH\Views\dashboard\courses\index_syllabus.php on line 6.
 1 APPPATH\Views\dashboard\courses\index_syllabus.php(6): CodeIgniter\Debug\Exceptions->errorHandler(2, 'Trying to access array offset on value of type null', 'C:\\xampp\\htdocs\\Student_Management_Portal\\app\\Views\\dashboard\\courses\\index_syllabus.php', 6)
 2 SYSTEMPATH\View\View.php(234): include('C:\\xampp\\htdocs\\Student_Management_Portal\\app\\Views\\dashboard\\courses\\index_syllabus.php')
 3 SYSTEMPATH\View\View.php(237): CodeIgniter\View\View->CodeIgniter\View\{closure}()
 4 SYSTEMPATH\Common.php(1171): CodeIgniter\View\View->render('dashboard/courses/index_syllabus', [], true)
 5 APPPATH\Controllers\Courses.php(42): view('dashboard/courses/index_syllabus', [...])
 6 SYSTEMPATH\CodeIgniter.php(933): App\Controllers\Courses->department_syllabus('public', 'assests', 'Logo.png')
 7 SYSTEMPATH\CodeIgniter.php(509): CodeIgniter\CodeIgniter->runController(Object(App\Controllers\Courses))
 8 SYSTEMPATH\CodeIgniter.php(355): CodeIgniter\CodeIgniter->handleRequest(null, Object(Config\Cache), false)
 9 SYSTEMPATH\Boot.php(325): CodeIgniter\CodeIgniter->run()
10 SYSTEMPATH\Boot.php(67): CodeIgniter\Boot::runCodeIgniter(Object(CodeIgniter\CodeIgniter))
11 FCPATH\index.php(56): CodeIgniter\Boot::bootWeb(Object(Config\Paths))
INFO - 2024-12-31 06:30:39 --> Session: Class initialized using 'CodeIgniter\Session\Handlers\FileHandler' driver.
INFO - 2024-12-31 06:30:41 --> Session: Class initialized using 'CodeIgniter\Session\Handlers\FileHandler' driver.
INFO - 2024-12-31 06:31:12 --> Session: Class initialized using 'CodeIgniter\Session\Handlers\FileHandler' driver.
CRITICAL - 2024-12-31 06:31:18 --> ErrorException: Trying to access array offset on value of type null
[Method: GET, Route: courses/department_syllabus/public/assests/Logo.png]
in APPPATH\Views\dashboard\courses\index_syllabus.php on line 6.
 1 APPPATH\Views\dashboard\courses\index_syllabus.php(6): CodeIgniter\Debug\Exceptions->errorHandler(2, 'Trying to access array offset on value of type null', 'C:\\xampp\\htdocs\\Student_Management_Portal\\app\\Views\\dashboard\\courses\\index_syllabus.php', 6)
 2 SYSTEMPATH\View\View.php(234): include('C:\\xampp\\htdocs\\Student_Management_Portal\\app\\Views\\dashboard\\courses\\index_syllabus.php')
 3 SYSTEMPATH\View\View.php(237): CodeIgniter\View\View->CodeIgniter\View\{closure}()
 4 SYSTEMPATH\Common.php(1171): CodeIgniter\View\View->render('dashboard/courses/index_syllabus', [], true)
 5 APPPATH\Controllers\Courses.php(42): view('dashboard/courses/index_syllabus', [...])
 6 SYSTEMPATH\CodeIgniter.php(933): App\Controllers\Courses->department_syllabus('public', 'assests', 'Logo.png')
 7 SYSTEMPATH\CodeIgniter.php(509): CodeIgniter\CodeIgniter->runController(Object(App\Controllers\Courses))
 8 SYSTEMPATH\CodeIgniter.php(355): CodeIgniter\CodeIgniter->handleRequest(null, Object(Config\Cache), false)
 9 SYSTEMPATH\Boot.php(325): CodeIgniter\CodeIgniter->run()
10 SYSTEMPATH\Boot.php(67): CodeIgniter\Boot::runCodeIgniter(Object(CodeIgniter\CodeIgniter))
11 FCPATH\index.php(56): CodeIgniter\Boot::bootWeb(Object(Config\Paths))
CRITICAL - 2024-12-31 06:31:27 --> ErrorException: Trying to access array offset on value of type null
[Method: GET, Route: courses/syllabus_subjects/2/public/assests/Logo.png]
in APPPATH\Views\dashboard\courses\index_subject.php on line 6.
 1 APPPATH\Views\dashboard\courses\index_subject.php(6): CodeIgniter\Debug\Exceptions->errorHandler(2, 'Trying to access array offset on value of type null', 'C:\\xampp\\htdocs\\Student_Management_Portal\\app\\Views\\dashboard\\courses\\index_subject.php', 6)
 2 SYSTEMPATH\View\View.php(234): include('C:\\xampp\\htdocs\\Student_Management_Portal\\app\\Views\\dashboard\\courses\\index_subject.php')
 3 SYSTEMPATH\View\View.php(237): CodeIgniter\View\View->CodeIgniter\View\{closure}()
 4 SYSTEMPATH\Common.php(1171): CodeIgniter\View\View->render('dashboard/courses/index_subject', [], true)
 5 APPPATH\Controllers\Courses.php(71): view('dashboard/courses/index_subject', [...])
 6 SYSTEMPATH\CodeIgniter.php(933): App\Controllers\Courses->syllabus_subjects('2', 'public', 'assests', 'Logo.png')
 7 SYSTEMPATH\CodeIgniter.php(509): CodeIgniter\CodeIgniter->runController(Object(App\Controllers\Courses))
 8 SYSTEMPATH\CodeIgniter.php(355): CodeIgniter\CodeIgniter->handleRequest(null, Object(Config\Cache), false)
 9 SYSTEMPATH\Boot.php(325): CodeIgniter\CodeIgniter->run()
10 SYSTEMPATH\Boot.php(67): CodeIgniter\Boot::runCodeIgniter(Object(CodeIgniter\CodeIgniter))
11 FCPATH\index.php(56): CodeIgniter\Boot::bootWeb(Object(Config\Paths))
CRITICAL - 2024-12-31 06:31:27 --> ErrorException: Trying to access array offset on value of type null
[Method: GET, Route: courses/syllabus_subjects/2/public/assests/Logo.png]
in APPPATH\Views\dashboard\courses\index_subject.php on line 6.
 1 APPPATH\Views\dashboard\courses\index_subject.php(6): CodeIgniter\Debug\Exceptions->errorHandler(2, 'Trying to access array offset on value of type null', 'C:\\xampp\\htdocs\\Student_Management_Portal\\app\\Views\\dashboard\\courses\\index_subject.php', 6)
 2 SYSTEMPATH\View\View.php(234): include('C:\\xampp\\htdocs\\Student_Management_Portal\\app\\Views\\dashboard\\courses\\index_subject.php')
 3 SYSTEMPATH\View\View.php(237): CodeIgniter\View\View->CodeIgniter\View\{closure}()
 4 SYSTEMPATH\Common.php(1171): CodeIgniter\View\View->render('dashboard/courses/index_subject', [], true)
 5 APPPATH\Controllers\Courses.php(71): view('dashboard/courses/index_subject', [...])
 6 SYSTEMPATH\CodeIgniter.php(933): App\Controllers\Courses->syllabus_subjects('2', 'public', 'assests', 'Logo.png')
 7 SYSTEMPATH\CodeIgniter.php(509): CodeIgniter\CodeIgniter->runController(Object(App\Controllers\Courses))
 8 SYSTEMPATH\CodeIgniter.php(355): CodeIgniter\CodeIgniter->handleRequest(null, Object(Config\Cache), false)
 9 SYSTEMPATH\Boot.php(325): CodeIgniter\CodeIgniter->run()
10 SYSTEMPATH\Boot.php(67): CodeIgniter\Boot::runCodeIgniter(Object(CodeIgniter\CodeIgniter))
11 FCPATH\index.php(56): CodeIgniter\Boot::bootWeb(Object(Config\Paths))
CRITICAL - 2024-12-31 06:31:28 --> ErrorException: Trying to access array offset on value of type null
[Method: GET, Route: courses/syllabus_subjects/2/public/assests/Logo.png]
in APPPATH\Views\dashboard\courses\index_subject.php on line 6.
 1 APPPATH\Views\dashboard\courses\index_subject.php(6): CodeIgniter\Debug\Exceptions->errorHandler(2, 'Trying to access array offset on value of type null', 'C:\\xampp\\htdocs\\Student_Management_Portal\\app\\Views\\dashboard\\courses\\index_subject.php', 6)
 2 SYSTEMPATH\View\View.php(234): include('C:\\xampp\\htdocs\\Student_Management_Portal\\app\\Views\\dashboard\\courses\\index_subject.php')
 3 SYSTEMPATH\View\View.php(237): CodeIgniter\View\View->CodeIgniter\View\{closure}()
 4 SYSTEMPATH\Common.php(1171): CodeIgniter\View\View->render('dashboard/courses/index_subject', [], true)
 5 APPPATH\Controllers\Courses.php(71): view('dashboard/courses/index_subject', [...])
 6 SYSTEMPATH\CodeIgniter.php(933): App\Controllers\Courses->syllabus_subjects('2', 'public', 'assests', 'Logo.png')
 7 SYSTEMPATH\CodeIgniter.php(509): CodeIgniter\CodeIgniter->runController(Object(App\Controllers\Courses))
 8 SYSTEMPATH\CodeIgniter.php(355): CodeIgniter\CodeIgniter->handleRequest(null, Object(Config\Cache), false)
 9 SYSTEMPATH\Boot.php(325): CodeIgniter\CodeIgniter->run()
10 SYSTEMPATH\Boot.php(67): CodeIgniter\Boot::runCodeIgniter(Object(CodeIgniter\CodeIgniter))
11 FCPATH\index.php(56): CodeIgniter\Boot::bootWeb(Object(Config\Paths))
INFO - 2024-12-31 06:31:33 --> Session: Class initialized using 'CodeIgniter\Session\Handlers\FileHandler' driver.
INFO - 2024-12-31 06:31:36 --> Session: Class initialized using 'CodeIgniter\Session\Handlers\FileHandler' driver.
CRITICAL - 2024-12-31 06:51:57 --> ErrorException: Trying to access array offset on value of type null
[Method: GET, Route: courses/department_syllabus/public/assests/Logo.png]
in APPPATH\Views\dashboard\courses\index_syllabus.php on line 6.
 1 APPPATH\Views\dashboard\courses\index_syllabus.php(6): CodeIgniter\Debug\Exceptions->errorHandler(2, 'Trying to access array offset on value of type null', 'C:\\xampp\\htdocs\\Student_Management_Portal\\app\\Views\\dashboard\\courses\\index_syllabus.php', 6)
 2 SYSTEMPATH\View\View.php(234): include('C:\\xampp\\htdocs\\Student_Management_Portal\\app\\Views\\dashboard\\courses\\index_syllabus.php')
 3 SYSTEMPATH\View\View.php(237): CodeIgniter\View\View->CodeIgniter\View\{closure}()
 4 SYSTEMPATH\Common.php(1171): CodeIgniter\View\View->render('dashboard/courses/index_syllabus', [], true)
 5 APPPATH\Controllers\Courses.php(42): view('dashboard/courses/index_syllabus', [...])
 6 SYSTEMPATH\CodeIgniter.php(933): App\Controllers\Courses->department_syllabus('public', 'assests', 'Logo.png')
 7 SYSTEMPATH\CodeIgniter.php(509): CodeIgniter\CodeIgniter->runController(Object(App\Controllers\Courses))
 8 SYSTEMPATH\CodeIgniter.php(355): CodeIgniter\CodeIgniter->handleRequest(null, Object(Config\Cache), false)
 9 SYSTEMPATH\Boot.php(325): CodeIgniter\CodeIgniter->run()
10 SYSTEMPATH\Boot.php(67): CodeIgniter\Boot::runCodeIgniter(Object(CodeIgniter\CodeIgniter))
11 FCPATH\index.php(56): CodeIgniter\Boot::bootWeb(Object(Config\Paths))
CRITICAL - 2024-12-31 06:52:26 --> ErrorException: Trying to access array offset on value of type null
[Method: GET, Route: courses/department_syllabus/public/assests/Logo.png]
in APPPATH\Views\dashboard\courses\index_syllabus.php on line 6.
 1 APPPATH\Views\dashboard\courses\index_syllabus.php(6): CodeIgniter\Debug\Exceptions->errorHandler(2, 'Trying to access array offset on value of type null', 'C:\\xampp\\htdocs\\Student_Management_Portal\\app\\Views\\dashboard\\courses\\index_syllabus.php', 6)
 2 SYSTEMPATH\View\View.php(234): include('C:\\xampp\\htdocs\\Student_Management_Portal\\app\\Views\\dashboard\\courses\\index_syllabus.php')
 3 SYSTEMPATH\View\View.php(237): CodeIgniter\View\View->CodeIgniter\View\{closure}()
 4 SYSTEMPATH\Common.php(1171): CodeIgniter\View\View->render('dashboard/courses/index_syllabus', [], true)
 5 APPPATH\Controllers\Courses.php(42): view('dashboard/courses/index_syllabus', [...])
 6 SYSTEMPATH\CodeIgniter.php(933): App\Controllers\Courses->department_syllabus('public', 'assests', 'Logo.png')
 7 SYSTEMPATH\CodeIgniter.php(509): CodeIgniter\CodeIgniter->runController(Object(App\Controllers\Courses))
 8 SYSTEMPATH\CodeIgniter.php(355): CodeIgniter\CodeIgniter->handleRequest(null, Object(Config\Cache), false)
 9 SYSTEMPATH\Boot.php(325): CodeIgniter\CodeIgniter->run()
10 SYSTEMPATH\Boot.php(67): CodeIgniter\Boot::runCodeIgniter(Object(CodeIgniter\CodeIgniter))
11 FCPATH\index.php(56): CodeIgniter\Boot::bootWeb(Object(Config\Paths))
CRITICAL - 2024-12-31 06:52:40 --> ErrorException: Trying to access array offset on value of type null
[Method: GET, Route: courses/syllabus_subjects/2/public/assests/Logo.png]
in APPPATH\Views\dashboard\courses\index_subject.php on line 6.
 1 APPPATH\Views\dashboard\courses\index_subject.php(6): CodeIgniter\Debug\Exceptions->errorHandler(2, 'Trying to access array offset on value of type null', 'C:\\xampp\\htdocs\\Student_Management_Portal\\app\\Views\\dashboard\\courses\\index_subject.php', 6)
 2 SYSTEMPATH\View\View.php(234): include('C:\\xampp\\htdocs\\Student_Management_Portal\\app\\Views\\dashboard\\courses\\index_subject.php')
 3 SYSTEMPATH\View\View.php(237): CodeIgniter\View\View->CodeIgniter\View\{closure}()
 4 SYSTEMPATH\Common.php(1171): CodeIgniter\View\View->render('dashboard/courses/index_subject', [], true)
 5 APPPATH\Controllers\Courses.php(71): view('dashboard/courses/index_subject', [...])
 6 SYSTEMPATH\CodeIgniter.php(933): App\Controllers\Courses->syllabus_subjects('2', 'public', 'assests', 'Logo.png')
 7 SYSTEMPATH\CodeIgniter.php(509): CodeIgniter\CodeIgniter->runController(Object(App\Controllers\Courses))
 8 SYSTEMPATH\CodeIgniter.php(355): CodeIgniter\CodeIgniter->handleRequest(null, Object(Config\Cache), false)
 9 SYSTEMPATH\Boot.php(325): CodeIgniter\CodeIgniter->run()
10 SYSTEMPATH\Boot.php(67): CodeIgniter\Boot::runCodeIgniter(Object(CodeIgniter\CodeIgniter))
11 FCPATH\index.php(56): CodeIgniter\Boot::bootWeb(Object(Config\Paths))
CRITICAL - 2024-12-31 06:52:44 --> ErrorException: Trying to access array offset on value of type null
[Method: GET, Route: courses/department_syllabus/public/assests/Logo.png]
in APPPATH\Views\dashboard\courses\index_syllabus.php on line 6.
 1 APPPATH\Views\dashboard\courses\index_syllabus.php(6): CodeIgniter\Debug\Exceptions->errorHandler(2, 'Trying to access array offset on value of type null', 'C:\\xampp\\htdocs\\Student_Management_Portal\\app\\Views\\dashboard\\courses\\index_syllabus.php', 6)
 2 SYSTEMPATH\View\View.php(234): include('C:\\xampp\\htdocs\\Student_Management_Portal\\app\\Views\\dashboard\\courses\\index_syllabus.php')
 3 SYSTEMPATH\View\View.php(237): CodeIgniter\View\View->CodeIgniter\View\{closure}()
 4 SYSTEMPATH\Common.php(1171): CodeIgniter\View\View->render('dashboard/courses/index_syllabus', [], true)
 5 APPPATH\Controllers\Courses.php(42): view('dashboard/courses/index_syllabus', [...])
 6 SYSTEMPATH\CodeIgniter.php(933): App\Controllers\Courses->department_syllabus('public', 'assests', 'Logo.png')
 7 SYSTEMPATH\CodeIgniter.php(509): CodeIgniter\CodeIgniter->runController(Object(App\Controllers\Courses))
 8 SYSTEMPATH\CodeIgniter.php(355): CodeIgniter\CodeIgniter->handleRequest(null, Object(Config\Cache), false)
 9 SYSTEMPATH\Boot.php(325): CodeIgniter\CodeIgniter->run()
10 SYSTEMPATH\Boot.php(67): CodeIgniter\Boot::runCodeIgniter(Object(CodeIgniter\CodeIgniter))
11 FCPATH\index.php(56): CodeIgniter\Boot::bootWeb(Object(Config\Paths))
CRITICAL - 2024-12-31 06:52:46 --> ErrorException: Trying to access array offset on value of type null
[Method: GET, Route: courses/syllabus_subjects/2/public/assests/Logo.png]
in APPPATH\Views\dashboard\courses\index_subject.php on line 6.
 1 APPPATH\Views\dashboard\courses\index_subject.php(6): CodeIgniter\Debug\Exceptions->errorHandler(2, 'Trying to access array offset on value of type null', 'C:\\xampp\\htdocs\\Student_Management_Portal\\app\\Views\\dashboard\\courses\\index_subject.php', 6)
 2 SYSTEMPATH\View\View.php(234): include('C:\\xampp\\htdocs\\Student_Management_Portal\\app\\Views\\dashboard\\courses\\index_subject.php')
 3 SYSTEMPATH\View\View.php(237): CodeIgniter\View\View->CodeIgniter\View\{closure}()
 4 SYSTEMPATH\Common.php(1171): CodeIgniter\View\View->render('dashboard/courses/index_subject', [], true)
 5 APPPATH\Controllers\Courses.php(71): view('dashboard/courses/index_subject', [...])
 6 SYSTEMPATH\CodeIgniter.php(933): App\Controllers\Courses->syllabus_subjects('2', 'public', 'assests', 'Logo.png')
 7 SYSTEMPATH\CodeIgniter.php(509): CodeIgniter\CodeIgniter->runController(Object(App\Controllers\Courses))
 8 SYSTEMPATH\CodeIgniter.php(355): CodeIgniter\CodeIgniter->handleRequest(null, Object(Config\Cache), false)
 9 SYSTEMPATH\Boot.php(325): CodeIgniter\CodeIgniter->run()
10 SYSTEMPATH\Boot.php(67): CodeIgniter\Boot::runCodeIgniter(Object(CodeIgniter\CodeIgniter))
11 FCPATH\index.php(56): CodeIgniter\Boot::bootWeb(Object(Config\Paths))
CRITICAL - 2024-12-31 06:52:48 --> ErrorException: Trying to access array offset on value of type null
[Method: GET, Route: courses/syllabus_subjects/2/public/assests/Logo.png]
in APPPATH\Views\dashboard\courses\index_subject.php on line 6.
 1 APPPATH\Views\dashboard\courses\index_subject.php(6): CodeIgniter\Debug\Exceptions->errorHandler(2, 'Trying to access array offset on value of type null', 'C:\\xampp\\htdocs\\Student_Management_Portal\\app\\Views\\dashboard\\courses\\index_subject.php', 6)
 2 SYSTEMPATH\View\View.php(234): include('C:\\xampp\\htdocs\\Student_Management_Portal\\app\\Views\\dashboard\\courses\\index_subject.php')
 3 SYSTEMPATH\View\View.php(237): CodeIgniter\View\View->CodeIgniter\View\{closure}()
 4 SYSTEMPATH\Common.php(1171): CodeIgniter\View\View->render('dashboard/courses/index_subject', [], true)
 5 APPPATH\Controllers\Courses.php(71): view('dashboard/courses/index_subject', [...])
 6 SYSTEMPATH\CodeIgniter.php(933): App\Controllers\Courses->syllabus_subjects('2', 'public', 'assests', 'Logo.png')
 7 SYSTEMPATH\CodeIgniter.php(509): CodeIgniter\CodeIgniter->runController(Object(App\Controllers\Courses))
 8 SYSTEMPATH\CodeIgniter.php(355): CodeIgniter\CodeIgniter->handleRequest(null, Object(Config\Cache), false)
 9 SYSTEMPATH\Boot.php(325): CodeIgniter\CodeIgniter->run()
10 SYSTEMPATH\Boot.php(67): CodeIgniter\Boot::runCodeIgniter(Object(CodeIgniter\CodeIgniter))
11 FCPATH\index.php(56): CodeIgniter\Boot::bootWeb(Object(Config\Paths))
CRITICAL - 2024-12-31 06:53:15 --> ErrorException: Trying to access array offset on value of type null
[Method: GET, Route: courses/syllabus_subjects/2/public/assests/Logo.png]
in APPPATH\Views\dashboard\courses\index_subject.php on line 6.
 1 APPPATH\Views\dashboard\courses\index_subject.php(6): CodeIgniter\Debug\Exceptions->errorHandler(2, 'Trying to access array offset on value of type null', 'C:\\xampp\\htdocs\\Student_Management_Portal\\app\\Views\\dashboard\\courses\\index_subject.php', 6)
 2 SYSTEMPATH\View\View.php(234): include('C:\\xampp\\htdocs\\Student_Management_Portal\\app\\Views\\dashboard\\courses\\index_subject.php')
 3 SYSTEMPATH\View\View.php(237): CodeIgniter\View\View->CodeIgniter\View\{closure}()
 4 SYSTEMPATH\Common.php(1171): CodeIgniter\View\View->render('dashboard/courses/index_subject', [], true)
 5 APPPATH\Controllers\Courses.php(71): view('dashboard/courses/index_subject', [...])
 6 SYSTEMPATH\CodeIgniter.php(933): App\Controllers\Courses->syllabus_subjects('2', 'public', 'assests', 'Logo.png')
 7 SYSTEMPATH\CodeIgniter.php(509): CodeIgniter\CodeIgniter->runController(Object(App\Controllers\Courses))
 8 SYSTEMPATH\CodeIgniter.php(355): CodeIgniter\CodeIgniter->handleRequest(null, Object(Config\Cache), false)
 9 SYSTEMPATH\Boot.php(325): CodeIgniter\CodeIgniter->run()
10 SYSTEMPATH\Boot.php(67): CodeIgniter\Boot::runCodeIgniter(Object(CodeIgniter\CodeIgniter))
11 FCPATH\index.php(56): CodeIgniter\Boot::bootWeb(Object(Config\Paths))
CRITICAL - 2024-12-31 06:53:17 --> ErrorException: Trying to access array offset on value of type null
[Method: GET, Route: courses/department_syllabus/public/assests/Logo.png]
in APPPATH\Views\dashboard\courses\index_syllabus.php on line 6.
 1 APPPATH\Views\dashboard\courses\index_syllabus.php(6): CodeIgniter\Debug\Exceptions->errorHandler(2, 'Trying to access array offset on value of type null', 'C:\\xampp\\htdocs\\Student_Management_Portal\\app\\Views\\dashboard\\courses\\index_syllabus.php', 6)
 2 SYSTEMPATH\View\View.php(234): include('C:\\xampp\\htdocs\\Student_Management_Portal\\app\\Views\\dashboard\\courses\\index_syllabus.php')
 3 SYSTEMPATH\View\View.php(237): CodeIgniter\View\View->CodeIgniter\View\{closure}()
 4 SYSTEMPATH\Common.php(1171): CodeIgniter\View\View->render('dashboard/courses/index_syllabus', [], true)
 5 APPPATH\Controllers\Courses.php(42): view('dashboard/courses/index_syllabus', [...])
 6 SYSTEMPATH\CodeIgniter.php(933): App\Controllers\Courses->department_syllabus('public', 'assests', 'Logo.png')
 7 SYSTEMPATH\CodeIgniter.php(509): CodeIgniter\CodeIgniter->runController(Object(App\Controllers\Courses))
 8 SYSTEMPATH\CodeIgniter.php(355): CodeIgniter\CodeIgniter->handleRequest(null, Object(Config\Cache), false)
 9 SYSTEMPATH\Boot.php(325): CodeIgniter\CodeIgniter->run()
10 SYSTEMPATH\Boot.php(67): CodeIgniter\Boot::runCodeIgniter(Object(CodeIgniter\CodeIgniter))
11 FCPATH\index.php(56): CodeIgniter\Boot::bootWeb(Object(Config\Paths))
CRITICAL - 2024-12-31 06:53:19 --> ErrorException: Trying to access array offset on value of type null
[Method: GET, Route: courses/syllabus_subjects/2/public/assests/Logo.png]
in APPPATH\Views\dashboard\courses\index_subject.php on line 6.
 1 APPPATH\Views\dashboard\courses\index_subject.php(6): CodeIgniter\Debug\Exceptions->errorHandler(2, 'Trying to access array offset on value of type null', 'C:\\xampp\\htdocs\\Student_Management_Portal\\app\\Views\\dashboard\\courses\\index_subject.php', 6)
 2 SYSTEMPATH\View\View.php(234): include('C:\\xampp\\htdocs\\Student_Management_Portal\\app\\Views\\dashboard\\courses\\index_subject.php')
 3 SYSTEMPATH\View\View.php(237): CodeIgniter\View\View->CodeIgniter\View\{closure}()
 4 SYSTEMPATH\Common.php(1171): CodeIgniter\View\View->render('dashboard/courses/index_subject', [], true)
 5 APPPATH\Controllers\Courses.php(71): view('dashboard/courses/index_subject', [...])
 6 SYSTEMPATH\CodeIgniter.php(933): App\Controllers\Courses->syllabus_subjects('2', 'public', 'assests', 'Logo.png')
 7 SYSTEMPATH\CodeIgniter.php(509): CodeIgniter\CodeIgniter->runController(Object(App\Controllers\Courses))
 8 SYSTEMPATH\CodeIgniter.php(355): CodeIgniter\CodeIgniter->handleRequest(null, Object(Config\Cache), false)
 9 SYSTEMPATH\Boot.php(325): CodeIgniter\CodeIgniter->run()
10 SYSTEMPATH\Boot.php(67): CodeIgniter\Boot::runCodeIgniter(Object(CodeIgniter\CodeIgniter))
11 FCPATH\index.php(56): CodeIgniter\Boot::bootWeb(Object(Config\Paths))
CRITICAL - 2024-12-31 06:53:30 --> ErrorException: Trying to access array offset on value of type null
[Method: GET, Route: courses/syllabus_subjects/2/public/assests/Logo.png]
in APPPATH\Views\dashboard\courses\index_subject.php on line 6.
 1 APPPATH\Views\dashboard\courses\index_subject.php(6): CodeIgniter\Debug\Exceptions->errorHandler(2, 'Trying to access array offset on value of type null', 'C:\\xampp\\htdocs\\Student_Management_Portal\\app\\Views\\dashboard\\courses\\index_subject.php', 6)
 2 SYSTEMPATH\View\View.php(234): include('C:\\xampp\\htdocs\\Student_Management_Portal\\app\\Views\\dashboard\\courses\\index_subject.php')
 3 SYSTEMPATH\View\View.php(237): CodeIgniter\View\View->CodeIgniter\View\{closure}()
 4 SYSTEMPATH\Common.php(1171): CodeIgniter\View\View->render('dashboard/courses/index_subject', [], true)
 5 APPPATH\Controllers\Courses.php(71): view('dashboard/courses/index_subject', [...])
 6 SYSTEMPATH\CodeIgniter.php(933): App\Controllers\Courses->syllabus_subjects('2', 'public', 'assests', 'Logo.png')
 7 SYSTEMPATH\CodeIgniter.php(509): CodeIgniter\CodeIgniter->runController(Object(App\Controllers\Courses))
 8 SYSTEMPATH\CodeIgniter.php(355): CodeIgniter\CodeIgniter->handleRequest(null, Object(Config\Cache), false)
 9 SYSTEMPATH\Boot.php(325): CodeIgniter\CodeIgniter->run()
10 SYSTEMPATH\Boot.php(67): CodeIgniter\Boot::runCodeIgniter(Object(CodeIgniter\CodeIgniter))
11 FCPATH\index.php(56): CodeIgniter\Boot::bootWeb(Object(Config\Paths))
CRITICAL - 2024-12-31 06:54:04 --> ErrorException: Trying to access array offset on value of type null
[Method: GET, Route: courses/syllabus_subjects/2/public/assests/Logo.png]
in APPPATH\Views\dashboard\courses\index_subject.php on line 6.
 1 APPPATH\Views\dashboard\courses\index_subject.php(6): CodeIgniter\Debug\Exceptions->errorHandler(2, 'Trying to access array offset on value of type null', 'C:\\xampp\\htdocs\\Student_Management_Portal\\app\\Views\\dashboard\\courses\\index_subject.php', 6)
 2 SYSTEMPATH\View\View.php(234): include('C:\\xampp\\htdocs\\Student_Management_Portal\\app\\Views\\dashboard\\courses\\index_subject.php')
 3 SYSTEMPATH\View\View.php(237): CodeIgniter\View\View->CodeIgniter\View\{closure}()
 4 SYSTEMPATH\Common.php(1171): CodeIgniter\View\View->render('dashboard/courses/index_subject', [], true)
 5 APPPATH\Controllers\Courses.php(71): view('dashboard/courses/index_subject', [...])
 6 SYSTEMPATH\CodeIgniter.php(933): App\Controllers\Courses->syllabus_subjects('2', 'public', 'assests', 'Logo.png')
 7 SYSTEMPATH\CodeIgniter.php(509): CodeIgniter\CodeIgniter->runController(Object(App\Controllers\Courses))
 8 SYSTEMPATH\CodeIgniter.php(355): CodeIgniter\CodeIgniter->handleRequest(null, Object(Config\Cache), false)
 9 SYSTEMPATH\Boot.php(325): CodeIgniter\CodeIgniter->run()
10 SYSTEMPATH\Boot.php(67): CodeIgniter\Boot::runCodeIgniter(Object(CodeIgniter\CodeIgniter))
11 FCPATH\index.php(56): CodeIgniter\Boot::bootWeb(Object(Config\Paths))
CRITICAL - 2024-12-31 06:54:05 --> ErrorException: Trying to access array offset on value of type null
[Method: GET, Route: courses/syllabus_subjects/2/add_subject.php]
in APPPATH\Views\dashboard\courses\index_subject.php on line 6.
 1 APPPATH\Views\dashboard\courses\index_subject.php(6): CodeIgniter\Debug\Exceptions->errorHandler(2, 'Trying to access array offset on value of type null', 'C:\\xampp\\htdocs\\Student_Management_Portal\\app\\Views\\dashboard\\courses\\index_subject.php', 6)
 2 SYSTEMPATH\View\View.php(234): include('C:\\xampp\\htdocs\\Student_Management_Portal\\app\\Views\\dashboard\\courses\\index_subject.php')
 3 SYSTEMPATH\View\View.php(237): CodeIgniter\View\View->CodeIgniter\View\{closure}()
 4 SYSTEMPATH\Common.php(1171): CodeIgniter\View\View->render('dashboard/courses/index_subject', [], true)
 5 APPPATH\Controllers\Courses.php(71): view('dashboard/courses/index_subject', [...])
 6 SYSTEMPATH\CodeIgniter.php(933): App\Controllers\Courses->syllabus_subjects('2', 'add_subject.php')
 7 SYSTEMPATH\CodeIgniter.php(509): CodeIgniter\CodeIgniter->runController(Object(App\Controllers\Courses))
 8 SYSTEMPATH\CodeIgniter.php(355): CodeIgniter\CodeIgniter->handleRequest(null, Object(Config\Cache), false)
 9 SYSTEMPATH\Boot.php(325): CodeIgniter\CodeIgniter->run()
10 SYSTEMPATH\Boot.php(67): CodeIgniter\Boot::runCodeIgniter(Object(CodeIgniter\CodeIgniter))
11 FCPATH\index.php(56): CodeIgniter\Boot::bootWeb(Object(Config\Paths))
CRITICAL - 2024-12-31 06:54:31 --> ErrorException: Trying to access array offset on value of type null
[Method: GET, Route: courses/syllabus_subjects/2/public/assests/Logo.png]
in APPPATH\Views\dashboard\courses\index_subject.php on line 6.
 1 APPPATH\Views\dashboard\courses\index_subject.php(6): CodeIgniter\Debug\Exceptions->errorHandler(2, 'Trying to access array offset on value of type null', 'C:\\xampp\\htdocs\\Student_Management_Portal\\app\\Views\\dashboard\\courses\\index_subject.php', 6)
 2 SYSTEMPATH\View\View.php(234): include('C:\\xampp\\htdocs\\Student_Management_Portal\\app\\Views\\dashboard\\courses\\index_subject.php')
 3 SYSTEMPATH\View\View.php(237): CodeIgniter\View\View->CodeIgniter\View\{closure}()
 4 SYSTEMPATH\Common.php(1171): CodeIgniter\View\View->render('dashboard/courses/index_subject', [], true)
 5 APPPATH\Controllers\Courses.php(71): view('dashboard/courses/index_subject', [...])
 6 SYSTEMPATH\CodeIgniter.php(933): App\Controllers\Courses->syllabus_subjects('2', 'public', 'assests', 'Logo.png')
 7 SYSTEMPATH\CodeIgniter.php(509): CodeIgniter\CodeIgniter->runController(Object(App\Controllers\Courses))
 8 SYSTEMPATH\CodeIgniter.php(355): CodeIgniter\CodeIgniter->handleRequest(null, Object(Config\Cache), false)
 9 SYSTEMPATH\Boot.php(325): CodeIgniter\CodeIgniter->run()
10 SYSTEMPATH\Boot.php(67): CodeIgniter\Boot::runCodeIgniter(Object(CodeIgniter\CodeIgniter))
11 FCPATH\index.php(56): CodeIgniter\Boot::bootWeb(Object(Config\Paths))
CRITICAL - 2024-12-31 06:55:26 --> ErrorException: Trying to access array offset on value of type null
[Method: GET, Route: courses/syllabus_subjects/2/add_subject.php]
in APPPATH\Views\dashboard\courses\index_subject.php on line 6.
 1 APPPATH\Views\dashboard\courses\index_subject.php(6): CodeIgniter\Debug\Exceptions->errorHandler(2, 'Trying to access array offset on value of type null', 'C:\\xampp\\htdocs\\Student_Management_Portal\\app\\Views\\dashboard\\courses\\index_subject.php', 6)
 2 SYSTEMPATH\View\View.php(234): include('C:\\xampp\\htdocs\\Student_Management_Portal\\app\\Views\\dashboard\\courses\\index_subject.php')
 3 SYSTEMPATH\View\View.php(237): CodeIgniter\View\View->CodeIgniter\View\{closure}()
 4 SYSTEMPATH\Common.php(1171): CodeIgniter\View\View->render('dashboard/courses/index_subject', [], true)
 5 APPPATH\Controllers\Courses.php(71): view('dashboard/courses/index_subject', [...])
 6 SYSTEMPATH\CodeIgniter.php(933): App\Controllers\Courses->syllabus_subjects('2', 'add_subject.php')
 7 SYSTEMPATH\CodeIgniter.php(509): CodeIgniter\CodeIgniter->runController(Object(App\Controllers\Courses))
 8 SYSTEMPATH\CodeIgniter.php(355): CodeIgniter\CodeIgniter->handleRequest(null, Object(Config\Cache), false)
 9 SYSTEMPATH\Boot.php(325): CodeIgniter\CodeIgniter->run()
10 SYSTEMPATH\Boot.php(67): CodeIgniter\Boot::runCodeIgniter(Object(CodeIgniter\CodeIgniter))
11 FCPATH\index.php(56): CodeIgniter\Boot::bootWeb(Object(Config\Paths))
CRITICAL - 2024-12-31 06:55:31 --> ErrorException: Trying to access array offset on value of type null
[Method: GET, Route: courses/syllabus_subjects/2/public/assests/Logo.png]
in APPPATH\Views\dashboard\courses\index_subject.php on line 6.
 1 APPPATH\Views\dashboard\courses\index_subject.php(6): CodeIgniter\Debug\Exceptions->errorHandler(2, 'Trying to access array offset on value of type null', 'C:\\xampp\\htdocs\\Student_Management_Portal\\app\\Views\\dashboard\\courses\\index_subject.php', 6)
 2 SYSTEMPATH\View\View.php(234): include('C:\\xampp\\htdocs\\Student_Management_Portal\\app\\Views\\dashboard\\courses\\index_subject.php')
 3 SYSTEMPATH\View\View.php(237): CodeIgniter\View\View->CodeIgniter\View\{closure}()
 4 SYSTEMPATH\Common.php(1171): CodeIgniter\View\View->render('dashboard/courses/index_subject', [], true)
 5 APPPATH\Controllers\Courses.php(71): view('dashboard/courses/index_subject', [...])
 6 SYSTEMPATH\CodeIgniter.php(933): App\Controllers\Courses->syllabus_subjects('2', 'public', 'assests', 'Logo.png')
 7 SYSTEMPATH\CodeIgniter.php(509): CodeIgniter\CodeIgniter->runController(Object(App\Controllers\Courses))
 8 SYSTEMPATH\CodeIgniter.php(355): CodeIgniter\CodeIgniter->handleRequest(null, Object(Config\Cache), false)
 9 SYSTEMPATH\Boot.php(325): CodeIgniter\CodeIgniter->run()
10 SYSTEMPATH\Boot.php(67): CodeIgniter\Boot::runCodeIgniter(Object(CodeIgniter\CodeIgniter))
11 FCPATH\index.php(56): CodeIgniter\Boot::bootWeb(Object(Config\Paths))
CRITICAL - 2024-12-31 06:59:52 --> ErrorException: Trying to access array offset on value of type null
[Method: GET, Route: courses/syllabus_subjects/2/add_subject.php]
in APPPATH\Views\dashboard\courses\index_subject.php on line 6.
 1 APPPATH\Views\dashboard\courses\index_subject.php(6): CodeIgniter\Debug\Exceptions->errorHandler(2, 'Trying to access array offset on value of type null', 'C:\\xampp\\htdocs\\Student_Management_Portal\\app\\Views\\dashboard\\courses\\index_subject.php', 6)
 2 SYSTEMPATH\View\View.php(234): include('C:\\xampp\\htdocs\\Student_Management_Portal\\app\\Views\\dashboard\\courses\\index_subject.php')
 3 SYSTEMPATH\View\View.php(237): CodeIgniter\View\View->CodeIgniter\View\{closure}()
 4 SYSTEMPATH\Common.php(1171): CodeIgniter\View\View->render('dashboard/courses/index_subject', [], true)
 5 APPPATH\Controllers\Courses.php(71): view('dashboard/courses/index_subject', [...])
 6 SYSTEMPATH\CodeIgniter.php(933): App\Controllers\Courses->syllabus_subjects('2', 'add_subject.php')
 7 SYSTEMPATH\CodeIgniter.php(509): CodeIgniter\CodeIgniter->runController(Object(App\Controllers\Courses))
 8 SYSTEMPATH\CodeIgniter.php(355): CodeIgniter\CodeIgniter->handleRequest(null, Object(Config\Cache), false)
 9 SYSTEMPATH\Boot.php(325): CodeIgniter\CodeIgniter->run()
10 SYSTEMPATH\Boot.php(67): CodeIgniter\Boot::runCodeIgniter(Object(CodeIgniter\CodeIgniter))
11 FCPATH\index.php(56): CodeIgniter\Boot::bootWeb(Object(Config\Paths))
CRITICAL - 2024-12-31 07:14:11 --> ErrorException: Trying to access array offset on value of type null
[Method: GET, Route: courses/syllabus_subjects/2/public/assests/Logo.png]
in APPPATH\Views\dashboard\courses\index_subject.php on line 6.
 1 APPPATH\Views\dashboard\courses\index_subject.php(6): CodeIgniter\Debug\Exceptions->errorHandler(2, 'Trying to access array offset on value of type null', 'C:\\xampp\\htdocs\\Student_Management_Portal\\app\\Views\\dashboard\\courses\\index_subject.php', 6)
 2 SYSTEMPATH\View\View.php(234): include('C:\\xampp\\htdocs\\Student_Management_Portal\\app\\Views\\dashboard\\courses\\index_subject.php')
 3 SYSTEMPATH\View\View.php(237): CodeIgniter\View\View->CodeIgniter\View\{closure}()
 4 SYSTEMPATH\Common.php(1171): CodeIgniter\View\View->render('dashboard/courses/index_subject', [], true)
 5 APPPATH\Controllers\Courses.php(71): view('dashboard/courses/index_subject', [...])
 6 SYSTEMPATH\CodeIgniter.php(933): App\Controllers\Courses->syllabus_subjects('2', 'public', 'assests', 'Logo.png')
 7 SYSTEMPATH\CodeIgniter.php(509): CodeIgniter\CodeIgniter->runController(Object(App\Controllers\Courses))
 8 SYSTEMPATH\CodeIgniter.php(355): CodeIgniter\CodeIgniter->handleRequest(null, Object(Config\Cache), false)
 9 SYSTEMPATH\Boot.php(325): CodeIgniter\CodeIgniter->run()
10 SYSTEMPATH\Boot.php(67): CodeIgniter\Boot::runCodeIgniter(Object(CodeIgniter\CodeIgniter))
11 FCPATH\index.php(56): CodeIgniter\Boot::bootWeb(Object(Config\Paths))
CRITICAL - 2024-12-31 07:14:11 --> ErrorException: Trying to access array offset on value of type null
[Method: GET, Route: courses/syllabus_subjects/2/public/assests/Logo.png]
in APPPATH\Views\dashboard\courses\index_subject.php on line 6.
 1 APPPATH\Views\dashboard\courses\index_subject.php(6): CodeIgniter\Debug\Exceptions->errorHandler(2, 'Trying to access array offset on value of type null', 'C:\\xampp\\htdocs\\Student_Management_Portal\\app\\Views\\dashboard\\courses\\index_subject.php', 6)
 2 SYSTEMPATH\View\View.php(234): include('C:\\xampp\\htdocs\\Student_Management_Portal\\app\\Views\\dashboard\\courses\\index_subject.php')
 3 SYSTEMPATH\View\View.php(237): CodeIgniter\View\View->CodeIgniter\View\{closure}()
 4 SYSTEMPATH\Common.php(1171): CodeIgniter\View\View->render('dashboard/courses/index_subject', [], true)
 5 APPPATH\Controllers\Courses.php(71): view('dashboard/courses/index_subject', [...])
 6 SYSTEMPATH\CodeIgniter.php(933): App\Controllers\Courses->syllabus_subjects('2', 'public', 'assests', 'Logo.png')
 7 SYSTEMPATH\CodeIgniter.php(509): CodeIgniter\CodeIgniter->runController(Object(App\Controllers\Courses))
 8 SYSTEMPATH\CodeIgniter.php(355): CodeIgniter\CodeIgniter->handleRequest(null, Object(Config\Cache), false)
 9 SYSTEMPATH\Boot.php(325): CodeIgniter\CodeIgniter->run()
10 SYSTEMPATH\Boot.php(67): CodeIgniter\Boot::runCodeIgniter(Object(CodeIgniter\CodeIgniter))
11 FCPATH\index.php(56): CodeIgniter\Boot::bootWeb(Object(Config\Paths))
CRITICAL - 2024-12-31 07:14:13 --> ErrorException: Trying to access array offset on value of type null
[Method: GET, Route: courses/syllabus_subjects/2/add_subject.php]
in APPPATH\Views\dashboard\courses\index_subject.php on line 6.
 1 APPPATH\Views\dashboard\courses\index_subject.php(6): CodeIgniter\Debug\Exceptions->errorHandler(2, 'Trying to access array offset on value of type null', 'C:\\xampp\\htdocs\\Student_Management_Portal\\app\\Views\\dashboard\\courses\\index_subject.php', 6)
 2 SYSTEMPATH\View\View.php(234): include('C:\\xampp\\htdocs\\Student_Management_Portal\\app\\Views\\dashboard\\courses\\index_subject.php')
 3 SYSTEMPATH\View\View.php(237): CodeIgniter\View\View->CodeIgniter\View\{closure}()
 4 SYSTEMPATH\Common.php(1171): CodeIgniter\View\View->render('dashboard/courses/index_subject', [], true)
 5 APPPATH\Controllers\Courses.php(71): view('dashboard/courses/index_subject', [...])
 6 SYSTEMPATH\CodeIgniter.php(933): App\Controllers\Courses->syllabus_subjects('2', 'add_subject.php')
 7 SYSTEMPATH\CodeIgniter.php(509): CodeIgniter\CodeIgniter->runController(Object(App\Controllers\Courses))
 8 SYSTEMPATH\CodeIgniter.php(355): CodeIgniter\CodeIgniter->handleRequest(null, Object(Config\Cache), false)
 9 SYSTEMPATH\Boot.php(325): CodeIgniter\CodeIgniter->run()
10 SYSTEMPATH\Boot.php(67): CodeIgniter\Boot::runCodeIgniter(Object(CodeIgniter\CodeIgniter))
11 FCPATH\index.php(56): CodeIgniter\Boot::bootWeb(Object(Config\Paths))
CRITICAL - 2024-12-31 07:15:50 --> ErrorException: Trying to access array offset on value of type null
[Method: GET, Route: courses/syllabus_subjects/2/public/assests/Logo.png]
in APPPATH\Views\dashboard\courses\index_subject.php on line 6.
 1 APPPATH\Views\dashboard\courses\index_subject.php(6): CodeIgniter\Debug\Exceptions->errorHandler(2, 'Trying to access array offset on value of type null', 'C:\\xampp\\htdocs\\Student_Management_Portal\\app\\Views\\dashboard\\courses\\index_subject.php', 6)
 2 SYSTEMPATH\View\View.php(234): include('C:\\xampp\\htdocs\\Student_Management_Portal\\app\\Views\\dashboard\\courses\\index_subject.php')
 3 SYSTEMPATH\View\View.php(237): CodeIgniter\View\View->CodeIgniter\View\{closure}()
 4 SYSTEMPATH\Common.php(1171): CodeIgniter\View\View->render('dashboard/courses/index_subject', [], true)
 5 APPPATH\Controllers\Courses.php(71): view('dashboard/courses/index_subject', [...])
 6 SYSTEMPATH\CodeIgniter.php(933): App\Controllers\Courses->syllabus_subjects('2', 'public', 'assests', 'Logo.png')
 7 SYSTEMPATH\CodeIgniter.php(509): CodeIgniter\CodeIgniter->runController(Object(App\Controllers\Courses))
 8 SYSTEMPATH\CodeIgniter.php(355): CodeIgniter\CodeIgniter->handleRequest(null, Object(Config\Cache), false)
 9 SYSTEMPATH\Boot.php(325): CodeIgniter\CodeIgniter->run()
10 SYSTEMPATH\Boot.php(67): CodeIgniter\Boot::runCodeIgniter(Object(CodeIgniter\CodeIgniter))
11 FCPATH\index.php(56): CodeIgniter\Boot::bootWeb(Object(Config\Paths))
CRITICAL - 2024-12-31 07:16:34 --> ErrorException: Trying to access array offset on value of type null
[Method: GET, Route: courses/syllabus_subjects/2/add_subject.php]
in APPPATH\Views\dashboard\courses\index_subject.php on line 6.
 1 APPPATH\Views\dashboard\courses\index_subject.php(6): CodeIgniter\Debug\Exceptions->errorHandler(2, 'Trying to access array offset on value of type null', 'C:\\xampp\\htdocs\\Student_Management_Portal\\app\\Views\\dashboard\\courses\\index_subject.php', 6)
 2 SYSTEMPATH\View\View.php(234): include('C:\\xampp\\htdocs\\Student_Management_Portal\\app\\Views\\dashboard\\courses\\index_subject.php')
 3 SYSTEMPATH\View\View.php(237): CodeIgniter\View\View->CodeIgniter\View\{closure}()
 4 SYSTEMPATH\Common.php(1171): CodeIgniter\View\View->render('dashboard/courses/index_subject', [], true)
 5 APPPATH\Controllers\Courses.php(71): view('dashboard/courses/index_subject', [...])
 6 SYSTEMPATH\CodeIgniter.php(933): App\Controllers\Courses->syllabus_subjects('2', 'add_subject.php')
 7 SYSTEMPATH\CodeIgniter.php(509): CodeIgniter\CodeIgniter->runController(Object(App\Controllers\Courses))
 8 SYSTEMPATH\CodeIgniter.php(355): CodeIgniter\CodeIgniter->handleRequest(null, Object(Config\Cache), false)
 9 SYSTEMPATH\Boot.php(325): CodeIgniter\CodeIgniter->run()
10 SYSTEMPATH\Boot.php(67): CodeIgniter\Boot::runCodeIgniter(Object(CodeIgniter\CodeIgniter))
11 FCPATH\index.php(56): CodeIgniter\Boot::bootWeb(Object(Config\Paths))
CRITICAL - 2024-12-31 07:16:59 --> ErrorException: Trying to access array offset on value of type null
[Method: GET, Route: courses/syllabus_subjects/2/public/assests/Logo.png]
in APPPATH\Views\dashboard\courses\index_subject.php on line 6.
 1 APPPATH\Views\dashboard\courses\index_subject.php(6): CodeIgniter\Debug\Exceptions->errorHandler(2, 'Trying to access array offset on value of type null', 'C:\\xampp\\htdocs\\Student_Management_Portal\\app\\Views\\dashboard\\courses\\index_subject.php', 6)
 2 SYSTEMPATH\View\View.php(234): include('C:\\xampp\\htdocs\\Student_Management_Portal\\app\\Views\\dashboard\\courses\\index_subject.php')
 3 SYSTEMPATH\View\View.php(237): CodeIgniter\View\View->CodeIgniter\View\{closure}()
 4 SYSTEMPATH\Common.php(1171): CodeIgniter\View\View->render('dashboard/courses/index_subject', [], true)
 5 APPPATH\Controllers\Courses.php(71): view('dashboard/courses/index_subject', [...])
 6 SYSTEMPATH\CodeIgniter.php(933): App\Controllers\Courses->syllabus_subjects('2', 'public', 'assests', 'Logo.png')
 7 SYSTEMPATH\CodeIgniter.php(509): CodeIgniter\CodeIgniter->runController(Object(App\Controllers\Courses))
 8 SYSTEMPATH\CodeIgniter.php(355): CodeIgniter\CodeIgniter->handleRequest(null, Object(Config\Cache), false)
 9 SYSTEMPATH\Boot.php(325): CodeIgniter\CodeIgniter->run()
10 SYSTEMPATH\Boot.php(67): CodeIgniter\Boot::runCodeIgniter(Object(CodeIgniter\CodeIgniter))
11 FCPATH\index.php(56): CodeIgniter\Boot::bootWeb(Object(Config\Paths))
CRITICAL - 2024-12-31 07:19:00 --> ErrorException: Trying to access array offset on value of type null
[Method: GET, Route: courses/syllabus_subjects/2/add_subject.php]
in APPPATH\Views\dashboard\courses\index_subject.php on line 6.
 1 APPPATH\Views\dashboard\courses\index_subject.php(6): CodeIgniter\Debug\Exceptions->errorHandler(2, 'Trying to access array offset on value of type null', 'C:\\xampp\\htdocs\\Student_Management_Portal\\app\\Views\\dashboard\\courses\\index_subject.php', 6)
 2 SYSTEMPATH\View\View.php(234): include('C:\\xampp\\htdocs\\Student_Management_Portal\\app\\Views\\dashboard\\courses\\index_subject.php')
 3 SYSTEMPATH\View\View.php(237): CodeIgniter\View\View->CodeIgniter\View\{closure}()
 4 SYSTEMPATH\Common.php(1171): CodeIgniter\View\View->render('dashboard/courses/index_subject', [], true)
 5 APPPATH\Controllers\Courses.php(71): view('dashboard/courses/index_subject', [...])
 6 SYSTEMPATH\CodeIgniter.php(933): App\Controllers\Courses->syllabus_subjects('2', 'add_subject.php')
 7 SYSTEMPATH\CodeIgniter.php(509): CodeIgniter\CodeIgniter->runController(Object(App\Controllers\Courses))
 8 SYSTEMPATH\CodeIgniter.php(355): CodeIgniter\CodeIgniter->handleRequest(null, Object(Config\Cache), false)
 9 SYSTEMPATH\Boot.php(325): CodeIgniter\CodeIgniter->run()
10 SYSTEMPATH\Boot.php(67): CodeIgniter\Boot::runCodeIgniter(Object(CodeIgniter\CodeIgniter))
11 FCPATH\index.php(56): CodeIgniter\Boot::bootWeb(Object(Config\Paths))
CRITICAL - 2024-12-31 07:20:57 --> ErrorException: Trying to access array offset on value of type null
[Method: GET, Route: courses/syllabus_subjects/2/public/assests/Logo.png]
in APPPATH\Views\dashboard\courses\index_subject.php on line 6.
 1 APPPATH\Views\dashboard\courses\index_subject.php(6): CodeIgniter\Debug\Exceptions->errorHandler(2, 'Trying to access array offset on value of type null', 'C:\\xampp\\htdocs\\Student_Management_Portal\\app\\Views\\dashboard\\courses\\index_subject.php', 6)
 2 SYSTEMPATH\View\View.php(234): include('C:\\xampp\\htdocs\\Student_Management_Portal\\app\\Views\\dashboard\\courses\\index_subject.php')
 3 SYSTEMPATH\View\View.php(237): CodeIgniter\View\View->CodeIgniter\View\{closure}()
 4 SYSTEMPATH\Common.php(1171): CodeIgniter\View\View->render('dashboard/courses/index_subject', [], true)
 5 APPPATH\Controllers\Courses.php(71): view('dashboard/courses/index_subject', [...])
 6 SYSTEMPATH\CodeIgniter.php(933): App\Controllers\Courses->syllabus_subjects('2', 'public', 'assests', 'Logo.png')
 7 SYSTEMPATH\CodeIgniter.php(509): CodeIgniter\CodeIgniter->runController(Object(App\Controllers\Courses))
 8 SYSTEMPATH\CodeIgniter.php(355): CodeIgniter\CodeIgniter->handleRequest(null, Object(Config\Cache), false)
 9 SYSTEMPATH\Boot.php(325): CodeIgniter\CodeIgniter->run()
10 SYSTEMPATH\Boot.php(67): CodeIgniter\Boot::runCodeIgniter(Object(CodeIgniter\CodeIgniter))
11 FCPATH\index.php(56): CodeIgniter\Boot::bootWeb(Object(Config\Paths))
CRITICAL - 2024-12-31 07:20:57 --> ErrorException: Trying to access array offset on value of type null
[Method: GET, Route: courses/syllabus_subjects/2/public/assests/Logo.png]
in APPPATH\Views\dashboard\courses\index_subject.php on line 6.
 1 APPPATH\Views\dashboard\courses\index_subject.php(6): CodeIgniter\Debug\Exceptions->errorHandler(2, 'Trying to access array offset on value of type null', 'C:\\xampp\\htdocs\\Student_Management_Portal\\app\\Views\\dashboard\\courses\\index_subject.php', 6)
 2 SYSTEMPATH\View\View.php(234): include('C:\\xampp\\htdocs\\Student_Management_Portal\\app\\Views\\dashboard\\courses\\index_subject.php')
 3 SYSTEMPATH\View\View.php(237): CodeIgniter\View\View->CodeIgniter\View\{closure}()
 4 SYSTEMPATH\Common.php(1171): CodeIgniter\View\View->render('dashboard/courses/index_subject', [], true)
 5 APPPATH\Controllers\Courses.php(71): view('dashboard/courses/index_subject', [...])
 6 SYSTEMPATH\CodeIgniter.php(933): App\Controllers\Courses->syllabus_subjects('2', 'public', 'assests', 'Logo.png')
 7 SYSTEMPATH\CodeIgniter.php(509): CodeIgniter\CodeIgniter->runController(Object(App\Controllers\Courses))
 8 SYSTEMPATH\CodeIgniter.php(355): CodeIgniter\CodeIgniter->handleRequest(null, Object(Config\Cache), false)
 9 SYSTEMPATH\Boot.php(325): CodeIgniter\CodeIgniter->run()
10 SYSTEMPATH\Boot.php(67): CodeIgniter\Boot::runCodeIgniter(Object(CodeIgniter\CodeIgniter))
11 FCPATH\index.php(56): CodeIgniter\Boot::bootWeb(Object(Config\Paths))
CRITICAL - 2024-12-31 07:20:59 --> ErrorException: Trying to access array offset on value of type null
[Method: GET, Route: courses/syllabus_subjects/2/public/assests/Logo.png]
in APPPATH\Views\dashboard\courses\index_subject.php on line 6.
 1 APPPATH\Views\dashboard\courses\index_subject.php(6): CodeIgniter\Debug\Exceptions->errorHandler(2, 'Trying to access array offset on value of type null', 'C:\\xampp\\htdocs\\Student_Management_Portal\\app\\Views\\dashboard\\courses\\index_subject.php', 6)
 2 SYSTEMPATH\View\View.php(234): include('C:\\xampp\\htdocs\\Student_Management_Portal\\app\\Views\\dashboard\\courses\\index_subject.php')
 3 SYSTEMPATH\View\View.php(237): CodeIgniter\View\View->CodeIgniter\View\{closure}()
 4 SYSTEMPATH\Common.php(1171): CodeIgniter\View\View->render('dashboard/courses/index_subject', [], true)
 5 APPPATH\Controllers\Courses.php(71): view('dashboard/courses/index_subject', [...])
 6 SYSTEMPATH\CodeIgniter.php(933): App\Controllers\Courses->syllabus_subjects('2', 'public', 'assests', 'Logo.png')
 7 SYSTEMPATH\CodeIgniter.php(509): CodeIgniter\CodeIgniter->runController(Object(App\Controllers\Courses))
 8 SYSTEMPATH\CodeIgniter.php(355): CodeIgniter\CodeIgniter->handleRequest(null, Object(Config\Cache), false)
 9 SYSTEMPATH\Boot.php(325): CodeIgniter\CodeIgniter->run()
10 SYSTEMPATH\Boot.php(67): CodeIgniter\Boot::runCodeIgniter(Object(CodeIgniter\CodeIgniter))
11 FCPATH\index.php(56): CodeIgniter\Boot::bootWeb(Object(Config\Paths))
CRITICAL - 2024-12-31 07:21:01 --> ErrorException: Trying to access array offset on value of type null
[Method: GET, Route: courses/syllabus_subjects/2/public/assests/Logo.png]
in APPPATH\Views\dashboard\courses\index_subject.php on line 6.
 1 APPPATH\Views\dashboard\courses\index_subject.php(6): CodeIgniter\Debug\Exceptions->errorHandler(2, 'Trying to access array offset on value of type null', 'C:\\xampp\\htdocs\\Student_Management_Portal\\app\\Views\\dashboard\\courses\\index_subject.php', 6)
 2 SYSTEMPATH\View\View.php(234): include('C:\\xampp\\htdocs\\Student_Management_Portal\\app\\Views\\dashboard\\courses\\index_subject.php')
 3 SYSTEMPATH\View\View.php(237): CodeIgniter\View\View->CodeIgniter\View\{closure}()
 4 SYSTEMPATH\Common.php(1171): CodeIgniter\View\View->render('dashboard/courses/index_subject', [], true)
 5 APPPATH\Controllers\Courses.php(71): view('dashboard/courses/index_subject', [...])
 6 SYSTEMPATH\CodeIgniter.php(933): App\Controllers\Courses->syllabus_subjects('2', 'public', 'assests', 'Logo.png')
 7 SYSTEMPATH\CodeIgniter.php(509): CodeIgniter\CodeIgniter->runController(Object(App\Controllers\Courses))
 8 SYSTEMPATH\CodeIgniter.php(355): CodeIgniter\CodeIgniter->handleRequest(null, Object(Config\Cache), false)
 9 SYSTEMPATH\Boot.php(325): CodeIgniter\CodeIgniter->run()
10 SYSTEMPATH\Boot.php(67): CodeIgniter\Boot::runCodeIgniter(Object(CodeIgniter\CodeIgniter))
11 FCPATH\index.php(56): CodeIgniter\Boot::bootWeb(Object(Config\Paths))
CRITICAL - 2024-12-31 07:21:04 --> ErrorException: Trying to access array offset on value of type null
[Method: GET, Route: courses/syllabus_subjects/2/add_subject.php]
in APPPATH\Views\dashboard\courses\index_subject.php on line 6.
 1 APPPATH\Views\dashboard\courses\index_subject.php(6): CodeIgniter\Debug\Exceptions->errorHandler(2, 'Trying to access array offset on value of type null', 'C:\\xampp\\htdocs\\Student_Management_Portal\\app\\Views\\dashboard\\courses\\index_subject.php', 6)
 2 SYSTEMPATH\View\View.php(234): include('C:\\xampp\\htdocs\\Student_Management_Portal\\app\\Views\\dashboard\\courses\\index_subject.php')
 3 SYSTEMPATH\View\View.php(237): CodeIgniter\View\View->CodeIgniter\View\{closure}()
 4 SYSTEMPATH\Common.php(1171): CodeIgniter\View\View->render('dashboard/courses/index_subject', [], true)
 5 APPPATH\Controllers\Courses.php(71): view('dashboard/courses/index_subject', [...])
 6 SYSTEMPATH\CodeIgniter.php(933): App\Controllers\Courses->syllabus_subjects('2', 'add_subject.php')
 7 SYSTEMPATH\CodeIgniter.php(509): CodeIgniter\CodeIgniter->runController(Object(App\Controllers\Courses))
 8 SYSTEMPATH\CodeIgniter.php(355): CodeIgniter\CodeIgniter->handleRequest(null, Object(Config\Cache), false)
 9 SYSTEMPATH\Boot.php(325): CodeIgniter\CodeIgniter->run()
10 SYSTEMPATH\Boot.php(67): CodeIgniter\Boot::runCodeIgniter(Object(CodeIgniter\CodeIgniter))
11 FCPATH\index.php(56): CodeIgniter\Boot::bootWeb(Object(Config\Paths))
CRITICAL - 2024-12-31 07:21:06 --> ErrorException: Trying to access array offset on value of type null
[Method: GET, Route: courses/syllabus_subjects/2/public/assests/Logo.png]
in APPPATH\Views\dashboard\courses\index_subject.php on line 6.
 1 APPPATH\Views\dashboard\courses\index_subject.php(6): CodeIgniter\Debug\Exceptions->errorHandler(2, 'Trying to access array offset on value of type null', 'C:\\xampp\\htdocs\\Student_Management_Portal\\app\\Views\\dashboard\\courses\\index_subject.php', 6)
 2 SYSTEMPATH\View\View.php(234): include('C:\\xampp\\htdocs\\Student_Management_Portal\\app\\Views\\dashboard\\courses\\index_subject.php')
 3 SYSTEMPATH\View\View.php(237): CodeIgniter\View\View->CodeIgniter\View\{closure}()
 4 SYSTEMPATH\Common.php(1171): CodeIgniter\View\View->render('dashboard/courses/index_subject', [], true)
 5 APPPATH\Controllers\Courses.php(71): view('dashboard/courses/index_subject', [...])
 6 SYSTEMPATH\CodeIgniter.php(933): App\Controllers\Courses->syllabus_subjects('2', 'public', 'assests', 'Logo.png')
 7 SYSTEMPATH\CodeIgniter.php(509): CodeIgniter\CodeIgniter->runController(Object(App\Controllers\Courses))
 8 SYSTEMPATH\CodeIgniter.php(355): CodeIgniter\CodeIgniter->handleRequest(null, Object(Config\Cache), false)
 9 SYSTEMPATH\Boot.php(325): CodeIgniter\CodeIgniter->run()
10 SYSTEMPATH\Boot.php(67): CodeIgniter\Boot::runCodeIgniter(Object(CodeIgniter\CodeIgniter))
11 FCPATH\index.php(56): CodeIgniter\Boot::bootWeb(Object(Config\Paths))
INFO - 2024-12-31 07:28:57 --> Session: Class initialized using 'CodeIgniter\Session\Handlers\FileHandler' driver.
INFO - 2024-12-31 07:28:59 --> Session: Class initialized using 'CodeIgniter\Session\Handlers\FileHandler' driver.
CRITICAL - 2024-12-31 07:29:11 --> ErrorException: Trying to access array offset on value of type null
[Method: GET, Route: courses/department_syllabus/public/assests/Logo.png]
in APPPATH\Views\dashboard\courses\index_syllabus.php on line 6.
 1 APPPATH\Views\dashboard\courses\index_syllabus.php(6): CodeIgniter\Debug\Exceptions->errorHandler(2, 'Trying to access array offset on value of type null', 'C:\\xampp\\htdocs\\Student_Management_Portal\\app\\Views\\dashboard\\courses\\index_syllabus.php', 6)
 2 SYSTEMPATH\View\View.php(234): include('C:\\xampp\\htdocs\\Student_Management_Portal\\app\\Views\\dashboard\\courses\\index_syllabus.php')
 3 SYSTEMPATH\View\View.php(237): CodeIgniter\View\View->CodeIgniter\View\{closure}()
 4 SYSTEMPATH\Common.php(1171): CodeIgniter\View\View->render('dashboard/courses/index_syllabus', [], true)
 5 APPPATH\Controllers\Courses.php(42): view('dashboard/courses/index_syllabus', [...])
 6 SYSTEMPATH\CodeIgniter.php(933): App\Controllers\Courses->department_syllabus('public', 'assests', 'Logo.png')
 7 SYSTEMPATH\CodeIgniter.php(509): CodeIgniter\CodeIgniter->runController(Object(App\Controllers\Courses))
 8 SYSTEMPATH\CodeIgniter.php(355): CodeIgniter\CodeIgniter->handleRequest(null, Object(Config\Cache), false)
 9 SYSTEMPATH\Boot.php(325): CodeIgniter\CodeIgniter->run()
10 SYSTEMPATH\Boot.php(67): CodeIgniter\Boot::runCodeIgniter(Object(CodeIgniter\CodeIgniter))
11 FCPATH\index.php(56): CodeIgniter\Boot::bootWeb(Object(Config\Paths))
CRITICAL - 2024-12-31 07:29:11 --> ErrorException: Trying to access array offset on value of type null
[Method: GET, Route: courses/department_syllabus/public/assests/Logo.png]
in APPPATH\Views\dashboard\courses\index_syllabus.php on line 6.
 1 APPPATH\Views\dashboard\courses\index_syllabus.php(6): CodeIgniter\Debug\Exceptions->errorHandler(2, 'Trying to access array offset on value of type null', 'C:\\xampp\\htdocs\\Student_Management_Portal\\app\\Views\\dashboard\\courses\\index_syllabus.php', 6)
 2 SYSTEMPATH\View\View.php(234): include('C:\\xampp\\htdocs\\Student_Management_Portal\\app\\Views\\dashboard\\courses\\index_syllabus.php')
 3 SYSTEMPATH\View\View.php(237): CodeIgniter\View\View->CodeIgniter\View\{closure}()
 4 SYSTEMPATH\Common.php(1171): CodeIgniter\View\View->render('dashboard/courses/index_syllabus', [], true)
 5 APPPATH\Controllers\Courses.php(42): view('dashboard/courses/index_syllabus', [...])
 6 SYSTEMPATH\CodeIgniter.php(933): App\Controllers\Courses->department_syllabus('public', 'assests', 'Logo.png')
 7 SYSTEMPATH\CodeIgniter.php(509): CodeIgniter\CodeIgniter->runController(Object(App\Controllers\Courses))
 8 SYSTEMPATH\CodeIgniter.php(355): CodeIgniter\CodeIgniter->handleRequest(null, Object(Config\Cache), false)
 9 SYSTEMPATH\Boot.php(325): CodeIgniter\CodeIgniter->run()
10 SYSTEMPATH\Boot.php(67): CodeIgniter\Boot::runCodeIgniter(Object(CodeIgniter\CodeIgniter))
11 FCPATH\index.php(56): CodeIgniter\Boot::bootWeb(Object(Config\Paths))
INFO - 2024-12-31 07:31:10 --> Session: Class initialized using 'CodeIgniter\Session\Handlers\FileHandler' driver.
INFO - 2024-12-31 07:31:11 --> Session: Class initialized using 'CodeIgniter\Session\Handlers\FileHandler' driver.
CRITICAL - 2024-12-31 07:31:32 --> ErrorException: Trying to access array offset on value of type null
[Method: GET, Route: courses/department_syllabus/public/assests/Logo.png]
in APPPATH\Views\dashboard\courses\index_syllabus.php on line 6.
 1 APPPATH\Views\dashboard\courses\index_syllabus.php(6): CodeIgniter\Debug\Exceptions->errorHandler(2, 'Trying to access array offset on value of type null', 'C:\\xampp\\htdocs\\Student_Management_Portal\\app\\Views\\dashboard\\courses\\index_syllabus.php', 6)
 2 SYSTEMPATH\View\View.php(234): include('C:\\xampp\\htdocs\\Student_Management_Portal\\app\\Views\\dashboard\\courses\\index_syllabus.php')
 3 SYSTEMPATH\View\View.php(237): CodeIgniter\View\View->CodeIgniter\View\{closure}()
 4 SYSTEMPATH\Common.php(1171): CodeIgniter\View\View->render('dashboard/courses/index_syllabus', [], true)
 5 APPPATH\Controllers\Courses.php(42): view('dashboard/courses/index_syllabus', [...])
 6 SYSTEMPATH\CodeIgniter.php(933): App\Controllers\Courses->department_syllabus('public', 'assests', 'Logo.png')
 7 SYSTEMPATH\CodeIgniter.php(509): CodeIgniter\CodeIgniter->runController(Object(App\Controllers\Courses))
 8 SYSTEMPATH\CodeIgniter.php(355): CodeIgniter\CodeIgniter->handleRequest(null, Object(Config\Cache), false)
 9 SYSTEMPATH\Boot.php(325): CodeIgniter\CodeIgniter->run()
10 SYSTEMPATH\Boot.php(67): CodeIgniter\Boot::runCodeIgniter(Object(CodeIgniter\CodeIgniter))
11 FCPATH\index.php(56): CodeIgniter\Boot::bootWeb(Object(Config\Paths))
CRITICAL - 2024-12-31 07:31:33 --> ErrorException: Trying to access array offset on value of type null
[Method: GET, Route: courses/syllabus_subjects/2/public/assests/Logo.png]
in APPPATH\Views\dashboard\courses\index_subject.php on line 6.
 1 APPPATH\Views\dashboard\courses\index_subject.php(6): CodeIgniter\Debug\Exceptions->errorHandler(2, 'Trying to access array offset on value of type null', 'C:\\xampp\\htdocs\\Student_Management_Portal\\app\\Views\\dashboard\\courses\\index_subject.php', 6)
 2 SYSTEMPATH\View\View.php(234): include('C:\\xampp\\htdocs\\Student_Management_Portal\\app\\Views\\dashboard\\courses\\index_subject.php')
 3 SYSTEMPATH\View\View.php(237): CodeIgniter\View\View->CodeIgniter\View\{closure}()
 4 SYSTEMPATH\Common.php(1171): CodeIgniter\View\View->render('dashboard/courses/index_subject', [], true)
 5 APPPATH\Controllers\Courses.php(71): view('dashboard/courses/index_subject', [...])
 6 SYSTEMPATH\CodeIgniter.php(933): App\Controllers\Courses->syllabus_subjects('2', 'public', 'assests', 'Logo.png')
 7 SYSTEMPATH\CodeIgniter.php(509): CodeIgniter\CodeIgniter->runController(Object(App\Controllers\Courses))
 8 SYSTEMPATH\CodeIgniter.php(355): CodeIgniter\CodeIgniter->handleRequest(null, Object(Config\Cache), false)
 9 SYSTEMPATH\Boot.php(325): CodeIgniter\CodeIgniter->run()
10 SYSTEMPATH\Boot.php(67): CodeIgniter\Boot::runCodeIgniter(Object(CodeIgniter\CodeIgniter))
11 FCPATH\index.php(56): CodeIgniter\Boot::bootWeb(Object(Config\Paths))
CRITICAL - 2024-12-31 07:31:33 --> ErrorException: Trying to access array offset on value of type null
[Method: GET, Route: courses/syllabus_subjects/2/public/assests/Logo.png]
in APPPATH\Views\dashboard\courses\index_subject.php on line 6.
 1 APPPATH\Views\dashboard\courses\index_subject.php(6): CodeIgniter\Debug\Exceptions->errorHandler(2, 'Trying to access array offset on value of type null', 'C:\\xampp\\htdocs\\Student_Management_Portal\\app\\Views\\dashboard\\courses\\index_subject.php', 6)
 2 SYSTEMPATH\View\View.php(234): include('C:\\xampp\\htdocs\\Student_Management_Portal\\app\\Views\\dashboard\\courses\\index_subject.php')
 3 SYSTEMPATH\View\View.php(237): CodeIgniter\View\View->CodeIgniter\View\{closure}()
 4 SYSTEMPATH\Common.php(1171): CodeIgniter\View\View->render('dashboard/courses/index_subject', [], true)
 5 APPPATH\Controllers\Courses.php(71): view('dashboard/courses/index_subject', [...])
 6 SYSTEMPATH\CodeIgniter.php(933): App\Controllers\Courses->syllabus_subjects('2', 'public', 'assests', 'Logo.png')
 7 SYSTEMPATH\CodeIgniter.php(509): CodeIgniter\CodeIgniter->runController(Object(App\Controllers\Courses))
 8 SYSTEMPATH\CodeIgniter.php(355): CodeIgniter\CodeIgniter->handleRequest(null, Object(Config\Cache), false)
 9 SYSTEMPATH\Boot.php(325): CodeIgniter\CodeIgniter->run()
10 SYSTEMPATH\Boot.php(67): CodeIgniter\Boot::runCodeIgniter(Object(CodeIgniter\CodeIgniter))
11 FCPATH\index.php(56): CodeIgniter\Boot::bootWeb(Object(Config\Paths))
CRITICAL - 2024-12-31 07:31:34 --> ErrorException: Trying to access array offset on value of type null
[Method: GET, Route: courses/syllabus_subjects/2/add_subject.php]
in APPPATH\Views\dashboard\courses\index_subject.php on line 6.
 1 APPPATH\Views\dashboard\courses\index_subject.php(6): CodeIgniter\Debug\Exceptions->errorHandler(2, 'Trying to access array offset on value of type null', 'C:\\xampp\\htdocs\\Student_Management_Portal\\app\\Views\\dashboard\\courses\\index_subject.php', 6)
 2 SYSTEMPATH\View\View.php(234): include('C:\\xampp\\htdocs\\Student_Management_Portal\\app\\Views\\dashboard\\courses\\index_subject.php')
 3 SYSTEMPATH\View\View.php(237): CodeIgniter\View\View->CodeIgniter\View\{closure}()
 4 SYSTEMPATH\Common.php(1171): CodeIgniter\View\View->render('dashboard/courses/index_subject', [], true)
 5 APPPATH\Controllers\Courses.php(71): view('dashboard/courses/index_subject', [...])
 6 SYSTEMPATH\CodeIgniter.php(933): App\Controllers\Courses->syllabus_subjects('2', 'add_subject.php')
 7 SYSTEMPATH\CodeIgniter.php(509): CodeIgniter\CodeIgniter->runController(Object(App\Controllers\Courses))
 8 SYSTEMPATH\CodeIgniter.php(355): CodeIgniter\CodeIgniter->handleRequest(null, Object(Config\Cache), false)
 9 SYSTEMPATH\Boot.php(325): CodeIgniter\CodeIgniter->run()
10 SYSTEMPATH\Boot.php(67): CodeIgniter\Boot::runCodeIgniter(Object(CodeIgniter\CodeIgniter))
11 FCPATH\index.php(56): CodeIgniter\Boot::bootWeb(Object(Config\Paths))
CRITICAL - 2024-12-31 07:37:44 --> ErrorException: Trying to access array offset on value of type null
[Method: GET, Route: courses/syllabus_subjects/2/public/assests/Logo.png]
in APPPATH\Views\dashboard\courses\index_subject.php on line 6.
 1 APPPATH\Views\dashboard\courses\index_subject.php(6): CodeIgniter\Debug\Exceptions->errorHandler(2, 'Trying to access array offset on value of type null', 'C:\\xampp\\htdocs\\Student_Management_Portal\\app\\Views\\dashboard\\courses\\index_subject.php', 6)
 2 SYSTEMPATH\View\View.php(234): include('C:\\xampp\\htdocs\\Student_Management_Portal\\app\\Views\\dashboard\\courses\\index_subject.php')
 3 SYSTEMPATH\View\View.php(237): CodeIgniter\View\View->CodeIgniter\View\{closure}()
 4 SYSTEMPATH\Common.php(1171): CodeIgniter\View\View->render('dashboard/courses/index_subject', [], true)
 5 APPPATH\Controllers\Courses.php(71): view('dashboard/courses/index_subject', [...])
 6 SYSTEMPATH\CodeIgniter.php(933): App\Controllers\Courses->syllabus_subjects('2', 'public', 'assests', 'Logo.png')
 7 SYSTEMPATH\CodeIgniter.php(509): CodeIgniter\CodeIgniter->runController(Object(App\Controllers\Courses))
 8 SYSTEMPATH\CodeIgniter.php(355): CodeIgniter\CodeIgniter->handleRequest(null, Object(Config\Cache), false)
 9 SYSTEMPATH\Boot.php(325): CodeIgniter\CodeIgniter->run()
10 SYSTEMPATH\Boot.php(67): CodeIgniter\Boot::runCodeIgniter(Object(CodeIgniter\CodeIgniter))
11 FCPATH\index.php(56): CodeIgniter\Boot::bootWeb(Object(Config\Paths))
CRITICAL - 2024-12-31 07:38:14 --> ErrorException: Trying to access array offset on value of type null
[Method: GET, Route: courses/syllabus_subjects/2/add_subject.php]
in APPPATH\Views\dashboard\courses\index_subject.php on line 6.
 1 APPPATH\Views\dashboard\courses\index_subject.php(6): CodeIgniter\Debug\Exceptions->errorHandler(2, 'Trying to access array offset on value of type null', 'C:\\xampp\\htdocs\\Student_Management_Portal\\app\\Views\\dashboard\\courses\\index_subject.php', 6)
 2 SYSTEMPATH\View\View.php(234): include('C:\\xampp\\htdocs\\Student_Management_Portal\\app\\Views\\dashboard\\courses\\index_subject.php')
 3 SYSTEMPATH\View\View.php(237): CodeIgniter\View\View->CodeIgniter\View\{closure}()
 4 SYSTEMPATH\Common.php(1171): CodeIgniter\View\View->render('dashboard/courses/index_subject', [], true)
 5 APPPATH\Controllers\Courses.php(71): view('dashboard/courses/index_subject', [...])
 6 SYSTEMPATH\CodeIgniter.php(933): App\Controllers\Courses->syllabus_subjects('2', 'add_subject.php')
 7 SYSTEMPATH\CodeIgniter.php(509): CodeIgniter\CodeIgniter->runController(Object(App\Controllers\Courses))
 8 SYSTEMPATH\CodeIgniter.php(355): CodeIgniter\CodeIgniter->handleRequest(null, Object(Config\Cache), false)
 9 SYSTEMPATH\Boot.php(325): CodeIgniter\CodeIgniter->run()
10 SYSTEMPATH\Boot.php(67): CodeIgniter\Boot::runCodeIgniter(Object(CodeIgniter\CodeIgniter))
11 FCPATH\index.php(56): CodeIgniter\Boot::bootWeb(Object(Config\Paths))
CRITICAL - 2024-12-31 07:39:28 --> ErrorException: Trying to access array offset on value of type null
[Method: GET, Route: courses/syllabus_subjects/2/public/assests/Logo.png]
in APPPATH\Views\dashboard\courses\index_subject.php on line 6.
 1 APPPATH\Views\dashboard\courses\index_subject.php(6): CodeIgniter\Debug\Exceptions->errorHandler(2, 'Trying to access array offset on value of type null', 'C:\\xampp\\htdocs\\Student_Management_Portal\\app\\Views\\dashboard\\courses\\index_subject.php', 6)
 2 SYSTEMPATH\View\View.php(234): include('C:\\xampp\\htdocs\\Student_Management_Portal\\app\\Views\\dashboard\\courses\\index_subject.php')
 3 SYSTEMPATH\View\View.php(237): CodeIgniter\View\View->CodeIgniter\View\{closure}()
 4 SYSTEMPATH\Common.php(1171): CodeIgniter\View\View->render('dashboard/courses/index_subject', [], true)
 5 APPPATH\Controllers\Courses.php(71): view('dashboard/courses/index_subject', [...])
 6 SYSTEMPATH\CodeIgniter.php(933): App\Controllers\Courses->syllabus_subjects('2', 'public', 'assests', 'Logo.png')
 7 SYSTEMPATH\CodeIgniter.php(509): CodeIgniter\CodeIgniter->runController(Object(App\Controllers\Courses))
 8 SYSTEMPATH\CodeIgniter.php(355): CodeIgniter\CodeIgniter->handleRequest(null, Object(Config\Cache), false)
 9 SYSTEMPATH\Boot.php(325): CodeIgniter\CodeIgniter->run()
10 SYSTEMPATH\Boot.php(67): CodeIgniter\Boot::runCodeIgniter(Object(CodeIgniter\CodeIgniter))
11 FCPATH\index.php(56): CodeIgniter\Boot::bootWeb(Object(Config\Paths))
CRITICAL - 2024-12-31 07:39:28 --> ErrorException: Trying to access array offset on value of type null
[Method: GET, Route: courses/department_syllabus/public/assests/Logo.png]
in APPPATH\Views\dashboard\courses\index_syllabus.php on line 6.
 1 APPPATH\Views\dashboard\courses\index_syllabus.php(6): CodeIgniter\Debug\Exceptions->errorHandler(2, 'Trying to access array offset on value of type null', 'C:\\xampp\\htdocs\\Student_Management_Portal\\app\\Views\\dashboard\\courses\\index_syllabus.php', 6)
 2 SYSTEMPATH\View\View.php(234): include('C:\\xampp\\htdocs\\Student_Management_Portal\\app\\Views\\dashboard\\courses\\index_syllabus.php')
 3 SYSTEMPATH\View\View.php(237): CodeIgniter\View\View->CodeIgniter\View\{closure}()
 4 SYSTEMPATH\Common.php(1171): CodeIgniter\View\View->render('dashboard/courses/index_syllabus', [], true)
 5 APPPATH\Controllers\Courses.php(42): view('dashboard/courses/index_syllabus', [...])
 6 SYSTEMPATH\CodeIgniter.php(933): App\Controllers\Courses->department_syllabus('public', 'assests', 'Logo.png')
 7 SYSTEMPATH\CodeIgniter.php(509): CodeIgniter\CodeIgniter->runController(Object(App\Controllers\Courses))
 8 SYSTEMPATH\CodeIgniter.php(355): CodeIgniter\CodeIgniter->handleRequest(null, Object(Config\Cache), false)
 9 SYSTEMPATH\Boot.php(325): CodeIgniter\CodeIgniter->run()
10 SYSTEMPATH\Boot.php(67): CodeIgniter\Boot::runCodeIgniter(Object(CodeIgniter\CodeIgniter))
11 FCPATH\index.php(56): CodeIgniter\Boot::bootWeb(Object(Config\Paths))
INFO - 2024-12-31 07:39:34 --> Session: Class initialized using 'CodeIgniter\Session\Handlers\FileHandler' driver.
INFO - 2024-12-31 07:39:36 --> Session: Class initialized using 'CodeIgniter\Session\Handlers\FileHandler' driver.
INFO - 2024-12-31 07:39:37 --> Session: Class initialized using 'CodeIgniter\Session\Handlers\FileHandler' driver.
CRITICAL - 2024-12-31 07:39:47 --> ErrorException: Trying to access array offset on value of type null
[Method: GET, Route: courses/department_syllabus/public/assests/Logo.png]
in APPPATH\Views\dashboard\courses\index_syllabus.php on line 6.
 1 APPPATH\Views\dashboard\courses\index_syllabus.php(6): CodeIgniter\Debug\Exceptions->errorHandler(2, 'Trying to access array offset on value of type null', 'C:\\xampp\\htdocs\\Student_Management_Portal\\app\\Views\\dashboard\\courses\\index_syllabus.php', 6)
 2 SYSTEMPATH\View\View.php(234): include('C:\\xampp\\htdocs\\Student_Management_Portal\\app\\Views\\dashboard\\courses\\index_syllabus.php')
 3 SYSTEMPATH\View\View.php(237): CodeIgniter\View\View->CodeIgniter\View\{closure}()
 4 SYSTEMPATH\Common.php(1171): CodeIgniter\View\View->render('dashboard/courses/index_syllabus', [], true)
 5 APPPATH\Controllers\Courses.php(42): view('dashboard/courses/index_syllabus', [...])
 6 SYSTEMPATH\CodeIgniter.php(933): App\Controllers\Courses->department_syllabus('public', 'assests', 'Logo.png')
 7 SYSTEMPATH\CodeIgniter.php(509): CodeIgniter\CodeIgniter->runController(Object(App\Controllers\Courses))
 8 SYSTEMPATH\CodeIgniter.php(355): CodeIgniter\CodeIgniter->handleRequest(null, Object(Config\Cache), false)
 9 SYSTEMPATH\Boot.php(325): CodeIgniter\CodeIgniter->run()
10 SYSTEMPATH\Boot.php(67): CodeIgniter\Boot::runCodeIgniter(Object(CodeIgniter\CodeIgniter))
11 FCPATH\index.php(56): CodeIgniter\Boot::bootWeb(Object(Config\Paths))
CRITICAL - 2024-12-31 07:39:51 --> ErrorException: Trying to access array offset on value of type null
[Method: GET, Route: courses/department_syllabus/public/assests/Logo.png]
in APPPATH\Views\dashboard\courses\index_syllabus.php on line 6.
 1 APPPATH\Views\dashboard\courses\index_syllabus.php(6): CodeIgniter\Debug\Exceptions->errorHandler(2, 'Trying to access array offset on value of type null', 'C:\\xampp\\htdocs\\Student_Management_Portal\\app\\Views\\dashboard\\courses\\index_syllabus.php', 6)
 2 SYSTEMPATH\View\View.php(234): include('C:\\xampp\\htdocs\\Student_Management_Portal\\app\\Views\\dashboard\\courses\\index_syllabus.php')
 3 SYSTEMPATH\View\View.php(237): CodeIgniter\View\View->CodeIgniter\View\{closure}()
 4 SYSTEMPATH\Common.php(1171): CodeIgniter\View\View->render('dashboard/courses/index_syllabus', [], true)
 5 APPPATH\Controllers\Courses.php(42): view('dashboard/courses/index_syllabus', [...])
 6 SYSTEMPATH\CodeIgniter.php(933): App\Controllers\Courses->department_syllabus('public', 'assests', 'Logo.png')
 7 SYSTEMPATH\CodeIgniter.php(509): CodeIgniter\CodeIgniter->runController(Object(App\Controllers\Courses))
 8 SYSTEMPATH\CodeIgniter.php(355): CodeIgniter\CodeIgniter->handleRequest(null, Object(Config\Cache), false)
 9 SYSTEMPATH\Boot.php(325): CodeIgniter\CodeIgniter->run()
10 SYSTEMPATH\Boot.php(67): CodeIgniter\Boot::runCodeIgniter(Object(CodeIgniter\CodeIgniter))
11 FCPATH\index.php(56): CodeIgniter\Boot::bootWeb(Object(Config\Paths))
CRITICAL - 2024-12-31 07:39:54 --> ErrorException: Trying to access array offset on value of type null
[Method: GET, Route: courses/syllabus_subjects/2/public/assests/Logo.png]
in APPPATH\Views\dashboard\courses\index_subject.php on line 6.
 1 APPPATH\Views\dashboard\courses\index_subject.php(6): CodeIgniter\Debug\Exceptions->errorHandler(2, 'Trying to access array offset on value of type null', 'C:\\xampp\\htdocs\\Student_Management_Portal\\app\\Views\\dashboard\\courses\\index_subject.php', 6)
 2 SYSTEMPATH\View\View.php(234): include('C:\\xampp\\htdocs\\Student_Management_Portal\\app\\Views\\dashboard\\courses\\index_subject.php')
 3 SYSTEMPATH\View\View.php(237): CodeIgniter\View\View->CodeIgniter\View\{closure}()
 4 SYSTEMPATH\Common.php(1171): CodeIgniter\View\View->render('dashboard/courses/index_subject', [], true)
 5 APPPATH\Controllers\Courses.php(71): view('dashboard/courses/index_subject', [...])
 6 SYSTEMPATH\CodeIgniter.php(933): App\Controllers\Courses->syllabus_subjects('2', 'public', 'assests', 'Logo.png')
 7 SYSTEMPATH\CodeIgniter.php(509): CodeIgniter\CodeIgniter->runController(Object(App\Controllers\Courses))
 8 SYSTEMPATH\CodeIgniter.php(355): CodeIgniter\CodeIgniter->handleRequest(null, Object(Config\Cache), false)
 9 SYSTEMPATH\Boot.php(325): CodeIgniter\CodeIgniter->run()
10 SYSTEMPATH\Boot.php(67): CodeIgniter\Boot::runCodeIgniter(Object(CodeIgniter\CodeIgniter))
11 FCPATH\index.php(56): CodeIgniter\Boot::bootWeb(Object(Config\Paths))
CRITICAL - 2024-12-31 07:39:55 --> ErrorException: Trying to access array offset on value of type null
[Method: GET, Route: courses/syllabus_subjects/2/add_subject.php]
in APPPATH\Views\dashboard\courses\index_subject.php on line 6.
 1 APPPATH\Views\dashboard\courses\index_subject.php(6): CodeIgniter\Debug\Exceptions->errorHandler(2, 'Trying to access array offset on value of type null', 'C:\\xampp\\htdocs\\Student_Management_Portal\\app\\Views\\dashboard\\courses\\index_subject.php', 6)
 2 SYSTEMPATH\View\View.php(234): include('C:\\xampp\\htdocs\\Student_Management_Portal\\app\\Views\\dashboard\\courses\\index_subject.php')
 3 SYSTEMPATH\View\View.php(237): CodeIgniter\View\View->CodeIgniter\View\{closure}()
 4 SYSTEMPATH\Common.php(1171): CodeIgniter\View\View->render('dashboard/courses/index_subject', [], true)
 5 APPPATH\Controllers\Courses.php(71): view('dashboard/courses/index_subject', [...])
 6 SYSTEMPATH\CodeIgniter.php(933): App\Controllers\Courses->syllabus_subjects('2', 'add_subject.php')
 7 SYSTEMPATH\CodeIgniter.php(509): CodeIgniter\CodeIgniter->runController(Object(App\Controllers\Courses))
 8 SYSTEMPATH\CodeIgniter.php(355): CodeIgniter\CodeIgniter->handleRequest(null, Object(Config\Cache), false)
 9 SYSTEMPATH\Boot.php(325): CodeIgniter\CodeIgniter->run()
10 SYSTEMPATH\Boot.php(67): CodeIgniter\Boot::runCodeIgniter(Object(CodeIgniter\CodeIgniter))
11 FCPATH\index.php(56): CodeIgniter\Boot::bootWeb(Object(Config\Paths))
CRITICAL - 2024-12-31 07:52:12 --> ErrorException: Trying to access array offset on value of type null
[Method: GET, Route: courses/syllabus_subjects/2/public/assests/Logo.png]
in APPPATH\Views\dashboard\courses\index_subject.php on line 6.
 1 APPPATH\Views\dashboard\courses\index_subject.php(6): CodeIgniter\Debug\Exceptions->errorHandler(2, 'Trying to access array offset on value of type null', 'C:\\xampp\\htdocs\\Student_Management_Portal\\app\\Views\\dashboard\\courses\\index_subject.php', 6)
 2 SYSTEMPATH\View\View.php(234): include('C:\\xampp\\htdocs\\Student_Management_Portal\\app\\Views\\dashboard\\courses\\index_subject.php')
 3 SYSTEMPATH\View\View.php(237): CodeIgniter\View\View->CodeIgniter\View\{closure}()
 4 SYSTEMPATH\Common.php(1171): CodeIgniter\View\View->render('dashboard/courses/index_subject', [], true)
 5 APPPATH\Controllers\Courses.php(71): view('dashboard/courses/index_subject', [...])
 6 SYSTEMPATH\CodeIgniter.php(933): App\Controllers\Courses->syllabus_subjects('2', 'public', 'assests', 'Logo.png')
 7 SYSTEMPATH\CodeIgniter.php(509): CodeIgniter\CodeIgniter->runController(Object(App\Controllers\Courses))
 8 SYSTEMPATH\CodeIgniter.php(355): CodeIgniter\CodeIgniter->handleRequest(null, Object(Config\Cache), false)
 9 SYSTEMPATH\Boot.php(325): CodeIgniter\CodeIgniter->run()
10 SYSTEMPATH\Boot.php(67): CodeIgniter\Boot::runCodeIgniter(Object(CodeIgniter\CodeIgniter))
11 FCPATH\index.php(56): CodeIgniter\Boot::bootWeb(Object(Config\Paths))
CRITICAL - 2024-12-31 07:54:46 --> ErrorException: Trying to access array offset on value of type null
[Method: GET, Route: courses/syllabus_subjects/2/public/assests/Logo.png]
in APPPATH\Views\dashboard\courses\index_subject.php on line 6.
 1 APPPATH\Views\dashboard\courses\index_subject.php(6): CodeIgniter\Debug\Exceptions->errorHandler(2, 'Trying to access array offset on value of type null', 'C:\\xampp\\htdocs\\Student_Management_Portal\\app\\Views\\dashboard\\courses\\index_subject.php', 6)
 2 SYSTEMPATH\View\View.php(234): include('C:\\xampp\\htdocs\\Student_Management_Portal\\app\\Views\\dashboard\\courses\\index_subject.php')
 3 SYSTEMPATH\View\View.php(237): CodeIgniter\View\View->CodeIgniter\View\{closure}()
 4 SYSTEMPATH\Common.php(1171): CodeIgniter\View\View->render('dashboard/courses/index_subject', [], true)
 5 APPPATH\Controllers\Courses.php(71): view('dashboard/courses/index_subject', [...])
 6 SYSTEMPATH\CodeIgniter.php(933): App\Controllers\Courses->syllabus_subjects('2', 'public', 'assests', 'Logo.png')
 7 SYSTEMPATH\CodeIgniter.php(509): CodeIgniter\CodeIgniter->runController(Object(App\Controllers\Courses))
 8 SYSTEMPATH\CodeIgniter.php(355): CodeIgniter\CodeIgniter->handleRequest(null, Object(Config\Cache), false)
 9 SYSTEMPATH\Boot.php(325): CodeIgniter\CodeIgniter->run()
10 SYSTEMPATH\Boot.php(67): CodeIgniter\Boot::runCodeIgniter(Object(CodeIgniter\CodeIgniter))
11 FCPATH\index.php(56): CodeIgniter\Boot::bootWeb(Object(Config\Paths))
CRITICAL - 2024-12-31 07:54:47 --> ErrorException: Trying to access array offset on value of type null
[Method: GET, Route: courses/department_syllabus/public/assests/Logo.png]
in APPPATH\Views\dashboard\courses\index_syllabus.php on line 6.
 1 APPPATH\Views\dashboard\courses\index_syllabus.php(6): CodeIgniter\Debug\Exceptions->errorHandler(2, 'Trying to access array offset on value of type null', 'C:\\xampp\\htdocs\\Student_Management_Portal\\app\\Views\\dashboard\\courses\\index_syllabus.php', 6)
 2 SYSTEMPATH\View\View.php(234): include('C:\\xampp\\htdocs\\Student_Management_Portal\\app\\Views\\dashboard\\courses\\index_syllabus.php')
 3 SYSTEMPATH\View\View.php(237): CodeIgniter\View\View->CodeIgniter\View\{closure}()
 4 SYSTEMPATH\Common.php(1171): CodeIgniter\View\View->render('dashboard/courses/index_syllabus', [], true)
 5 APPPATH\Controllers\Courses.php(42): view('dashboard/courses/index_syllabus', [...])
 6 SYSTEMPATH\CodeIgniter.php(933): App\Controllers\Courses->department_syllabus('public', 'assests', 'Logo.png')
 7 SYSTEMPATH\CodeIgniter.php(509): CodeIgniter\CodeIgniter->runController(Object(App\Controllers\Courses))
 8 SYSTEMPATH\CodeIgniter.php(355): CodeIgniter\CodeIgniter->handleRequest(null, Object(Config\Cache), false)
 9 SYSTEMPATH\Boot.php(325): CodeIgniter\CodeIgniter->run()
10 SYSTEMPATH\Boot.php(67): CodeIgniter\Boot::runCodeIgniter(Object(CodeIgniter\CodeIgniter))
11 FCPATH\index.php(56): CodeIgniter\Boot::bootWeb(Object(Config\Paths))
CRITICAL - 2024-12-31 07:54:50 --> ErrorException: Trying to access array offset on value of type null
[Method: GET, Route: courses/department_syllabus/public/assests/Logo.png]
in APPPATH\Views\dashboard\courses\index_syllabus.php on line 6.
 1 APPPATH\Views\dashboard\courses\index_syllabus.php(6): CodeIgniter\Debug\Exceptions->errorHandler(2, 'Trying to access array offset on value of type null', 'C:\\xampp\\htdocs\\Student_Management_Portal\\app\\Views\\dashboard\\courses\\index_syllabus.php', 6)
 2 SYSTEMPATH\View\View.php(234): include('C:\\xampp\\htdocs\\Student_Management_Portal\\app\\Views\\dashboard\\courses\\index_syllabus.php')
 3 SYSTEMPATH\View\View.php(237): CodeIgniter\View\View->CodeIgniter\View\{closure}()
 4 SYSTEMPATH\Common.php(1171): CodeIgniter\View\View->render('dashboard/courses/index_syllabus', [], true)
 5 APPPATH\Controllers\Courses.php(42): view('dashboard/courses/index_syllabus', [...])
 6 SYSTEMPATH\CodeIgniter.php(933): App\Controllers\Courses->department_syllabus('public', 'assests', 'Logo.png')
 7 SYSTEMPATH\CodeIgniter.php(509): CodeIgniter\CodeIgniter->runController(Object(App\Controllers\Courses))
 8 SYSTEMPATH\CodeIgniter.php(355): CodeIgniter\CodeIgniter->handleRequest(null, Object(Config\Cache), false)
 9 SYSTEMPATH\Boot.php(325): CodeIgniter\CodeIgniter->run()
10 SYSTEMPATH\Boot.php(67): CodeIgniter\Boot::runCodeIgniter(Object(CodeIgniter\CodeIgniter))
11 FCPATH\index.php(56): CodeIgniter\Boot::bootWeb(Object(Config\Paths))
CRITICAL - 2024-12-31 07:54:55 --> ErrorException: Trying to access array offset on value of type null
[Method: GET, Route: courses/department_syllabus/public/assests/Logo.png]
in APPPATH\Views\dashboard\courses\index_syllabus.php on line 6.
 1 APPPATH\Views\dashboard\courses\index_syllabus.php(6): CodeIgniter\Debug\Exceptions->errorHandler(2, 'Trying to access array offset on value of type null', 'C:\\xampp\\htdocs\\Student_Management_Portal\\app\\Views\\dashboard\\courses\\index_syllabus.php', 6)
 2 SYSTEMPATH\View\View.php(234): include('C:\\xampp\\htdocs\\Student_Management_Portal\\app\\Views\\dashboard\\courses\\index_syllabus.php')
 3 SYSTEMPATH\View\View.php(237): CodeIgniter\View\View->CodeIgniter\View\{closure}()
 4 SYSTEMPATH\Common.php(1171): CodeIgniter\View\View->render('dashboard/courses/index_syllabus', [], true)
 5 APPPATH\Controllers\Courses.php(42): view('dashboard/courses/index_syllabus', [...])
 6 SYSTEMPATH\CodeIgniter.php(933): App\Controllers\Courses->department_syllabus('public', 'assests', 'Logo.png')
 7 SYSTEMPATH\CodeIgniter.php(509): CodeIgniter\CodeIgniter->runController(Object(App\Controllers\Courses))
 8 SYSTEMPATH\CodeIgniter.php(355): CodeIgniter\CodeIgniter->handleRequest(null, Object(Config\Cache), false)
 9 SYSTEMPATH\Boot.php(325): CodeIgniter\CodeIgniter->run()
10 SYSTEMPATH\Boot.php(67): CodeIgniter\Boot::runCodeIgniter(Object(CodeIgniter\CodeIgniter))
11 FCPATH\index.php(56): CodeIgniter\Boot::bootWeb(Object(Config\Paths))
CRITICAL - 2024-12-31 07:54:56 --> ErrorException: Trying to access array offset on value of type null
[Method: GET, Route: courses/syllabus_subjects/2/public/assests/Logo.png]
in APPPATH\Views\dashboard\courses\index_subject.php on line 6.
 1 APPPATH\Views\dashboard\courses\index_subject.php(6): CodeIgniter\Debug\Exceptions->errorHandler(2, 'Trying to access array offset on value of type null', 'C:\\xampp\\htdocs\\Student_Management_Portal\\app\\Views\\dashboard\\courses\\index_subject.php', 6)
 2 SYSTEMPATH\View\View.php(234): include('C:\\xampp\\htdocs\\Student_Management_Portal\\app\\Views\\dashboard\\courses\\index_subject.php')
 3 SYSTEMPATH\View\View.php(237): CodeIgniter\View\View->CodeIgniter\View\{closure}()
 4 SYSTEMPATH\Common.php(1171): CodeIgniter\View\View->render('dashboard/courses/index_subject', [], true)
 5 APPPATH\Controllers\Courses.php(71): view('dashboard/courses/index_subject', [...])
 6 SYSTEMPATH\CodeIgniter.php(933): App\Controllers\Courses->syllabus_subjects('2', 'public', 'assests', 'Logo.png')
 7 SYSTEMPATH\CodeIgniter.php(509): CodeIgniter\CodeIgniter->runController(Object(App\Controllers\Courses))
 8 SYSTEMPATH\CodeIgniter.php(355): CodeIgniter\CodeIgniter->handleRequest(null, Object(Config\Cache), false)
 9 SYSTEMPATH\Boot.php(325): CodeIgniter\CodeIgniter->run()
10 SYSTEMPATH\Boot.php(67): CodeIgniter\Boot::runCodeIgniter(Object(CodeIgniter\CodeIgniter))
11 FCPATH\index.php(56): CodeIgniter\Boot::bootWeb(Object(Config\Paths))
INFO - 2024-12-31 07:55:06 --> Session: Class initialized using 'CodeIgniter\Session\Handlers\FileHandler' driver.
INFO - 2024-12-31 07:55:09 --> Session: Class initialized using 'CodeIgniter\Session\Handlers\FileHandler' driver.
INFO - 2024-12-31 07:55:18 --> Session: Class initialized using 'CodeIgniter\Session\Handlers\FileHandler' driver.
CRITICAL - 2024-12-31 07:55:23 --> ErrorException: Trying to access array offset on value of type null
[Method: GET, Route: courses/department_syllabus/public/assests/Logo.png]
in APPPATH\Views\dashboard\courses\index_syllabus.php on line 6.
 1 APPPATH\Views\dashboard\courses\index_syllabus.php(6): CodeIgniter\Debug\Exceptions->errorHandler(2, 'Trying to access array offset on value of type null', 'C:\\xampp\\htdocs\\Student_Management_Portal\\app\\Views\\dashboard\\courses\\index_syllabus.php', 6)
 2 SYSTEMPATH\View\View.php(234): include('C:\\xampp\\htdocs\\Student_Management_Portal\\app\\Views\\dashboard\\courses\\index_syllabus.php')
 3 SYSTEMPATH\View\View.php(237): CodeIgniter\View\View->CodeIgniter\View\{closure}()
 4 SYSTEMPATH\Common.php(1171): CodeIgniter\View\View->render('dashboard/courses/index_syllabus', [], true)
 5 APPPATH\Controllers\Courses.php(42): view('dashboard/courses/index_syllabus', [...])
 6 SYSTEMPATH\CodeIgniter.php(933): App\Controllers\Courses->department_syllabus('public', 'assests', 'Logo.png')
 7 SYSTEMPATH\CodeIgniter.php(509): CodeIgniter\CodeIgniter->runController(Object(App\Controllers\Courses))
 8 SYSTEMPATH\CodeIgniter.php(355): CodeIgniter\CodeIgniter->handleRequest(null, Object(Config\Cache), false)
 9 SYSTEMPATH\Boot.php(325): CodeIgniter\CodeIgniter->run()
10 SYSTEMPATH\Boot.php(67): CodeIgniter\Boot::runCodeIgniter(Object(CodeIgniter\CodeIgniter))
11 FCPATH\index.php(56): CodeIgniter\Boot::bootWeb(Object(Config\Paths))
CRITICAL - 2024-12-31 07:55:25 --> ErrorException: Trying to access array offset on value of type null
[Method: GET, Route: courses/department_syllabus/public/assests/Logo.png]
in APPPATH\Views\dashboard\courses\index_syllabus.php on line 6.
 1 APPPATH\Views\dashboard\courses\index_syllabus.php(6): CodeIgniter\Debug\Exceptions->errorHandler(2, 'Trying to access array offset on value of type null', 'C:\\xampp\\htdocs\\Student_Management_Portal\\app\\Views\\dashboard\\courses\\index_syllabus.php', 6)
 2 SYSTEMPATH\View\View.php(234): include('C:\\xampp\\htdocs\\Student_Management_Portal\\app\\Views\\dashboard\\courses\\index_syllabus.php')
 3 SYSTEMPATH\View\View.php(237): CodeIgniter\View\View->CodeIgniter\View\{closure}()
 4 SYSTEMPATH\Common.php(1171): CodeIgniter\View\View->render('dashboard/courses/index_syllabus', [], true)
 5 APPPATH\Controllers\Courses.php(42): view('dashboard/courses/index_syllabus', [...])
 6 SYSTEMPATH\CodeIgniter.php(933): App\Controllers\Courses->department_syllabus('public', 'assests', 'Logo.png')
 7 SYSTEMPATH\CodeIgniter.php(509): CodeIgniter\CodeIgniter->runController(Object(App\Controllers\Courses))
 8 SYSTEMPATH\CodeIgniter.php(355): CodeIgniter\CodeIgniter->handleRequest(null, Object(Config\Cache), false)
 9 SYSTEMPATH\Boot.php(325): CodeIgniter\CodeIgniter->run()
10 SYSTEMPATH\Boot.php(67): CodeIgniter\Boot::runCodeIgniter(Object(CodeIgniter\CodeIgniter))
11 FCPATH\index.php(56): CodeIgniter\Boot::bootWeb(Object(Config\Paths))
CRITICAL - 2024-12-31 07:55:36 --> ErrorException: Trying to access array offset on value of type null
[Method: GET, Route: courses/department_syllabus/public/assests/Logo.png]
in APPPATH\Views\dashboard\courses\index_syllabus.php on line 6.
 1 APPPATH\Views\dashboard\courses\index_syllabus.php(6): CodeIgniter\Debug\Exceptions->errorHandler(2, 'Trying to access array offset on value of type null', 'C:\\xampp\\htdocs\\Student_Management_Portal\\app\\Views\\dashboard\\courses\\index_syllabus.php', 6)
 2 SYSTEMPATH\View\View.php(234): include('C:\\xampp\\htdocs\\Student_Management_Portal\\app\\Views\\dashboard\\courses\\index_syllabus.php')
 3 SYSTEMPATH\View\View.php(237): CodeIgniter\View\View->CodeIgniter\View\{closure}()
 4 SYSTEMPATH\Common.php(1171): CodeIgniter\View\View->render('dashboard/courses/index_syllabus', [], true)
 5 APPPATH\Controllers\Courses.php(42): view('dashboard/courses/index_syllabus', [...])
 6 SYSTEMPATH\CodeIgniter.php(933): App\Controllers\Courses->department_syllabus('public', 'assests', 'Logo.png')
 7 SYSTEMPATH\CodeIgniter.php(509): CodeIgniter\CodeIgniter->runController(Object(App\Controllers\Courses))
 8 SYSTEMPATH\CodeIgniter.php(355): CodeIgniter\CodeIgniter->handleRequest(null, Object(Config\Cache), false)
 9 SYSTEMPATH\Boot.php(325): CodeIgniter\CodeIgniter->run()
10 SYSTEMPATH\Boot.php(67): CodeIgniter\Boot::runCodeIgniter(Object(CodeIgniter\CodeIgniter))
11 FCPATH\index.php(56): CodeIgniter\Boot::bootWeb(Object(Config\Paths))
CRITICAL - 2024-12-31 07:55:38 --> ErrorException: Trying to access array offset on value of type null
[Method: GET, Route: courses/department_syllabus/public/assests/Logo.png]
in APPPATH\Views\dashboard\courses\index_syllabus.php on line 6.
 1 APPPATH\Views\dashboard\courses\index_syllabus.php(6): CodeIgniter\Debug\Exceptions->errorHandler(2, 'Trying to access array offset on value of type null', 'C:\\xampp\\htdocs\\Student_Management_Portal\\app\\Views\\dashboard\\courses\\index_syllabus.php', 6)
 2 SYSTEMPATH\View\View.php(234): include('C:\\xampp\\htdocs\\Student_Management_Portal\\app\\Views\\dashboard\\courses\\index_syllabus.php')
 3 SYSTEMPATH\View\View.php(237): CodeIgniter\View\View->CodeIgniter\View\{closure}()
 4 SYSTEMPATH\Common.php(1171): CodeIgniter\View\View->render('dashboard/courses/index_syllabus', [], true)
 5 APPPATH\Controllers\Courses.php(42): view('dashboard/courses/index_syllabus', [...])
 6 SYSTEMPATH\CodeIgniter.php(933): App\Controllers\Courses->department_syllabus('public', 'assests', 'Logo.png')
 7 SYSTEMPATH\CodeIgniter.php(509): CodeIgniter\CodeIgniter->runController(Object(App\Controllers\Courses))
 8 SYSTEMPATH\CodeIgniter.php(355): CodeIgniter\CodeIgniter->handleRequest(null, Object(Config\Cache), false)
 9 SYSTEMPATH\Boot.php(325): CodeIgniter\CodeIgniter->run()
10 SYSTEMPATH\Boot.php(67): CodeIgniter\Boot::runCodeIgniter(Object(CodeIgniter\CodeIgniter))
11 FCPATH\index.php(56): CodeIgniter\Boot::bootWeb(Object(Config\Paths))
CRITICAL - 2024-12-31 07:55:45 --> ErrorException: Trying to access array offset on value of type null
[Method: GET, Route: courses/department_syllabus/public/assests/Logo.png]
in APPPATH\Views\dashboard\courses\index_syllabus.php on line 6.
 1 APPPATH\Views\dashboard\courses\index_syllabus.php(6): CodeIgniter\Debug\Exceptions->errorHandler(2, 'Trying to access array offset on value of type null', 'C:\\xampp\\htdocs\\Student_Management_Portal\\app\\Views\\dashboard\\courses\\index_syllabus.php', 6)
 2 SYSTEMPATH\View\View.php(234): include('C:\\xampp\\htdocs\\Student_Management_Portal\\app\\Views\\dashboard\\courses\\index_syllabus.php')
 3 SYSTEMPATH\View\View.php(237): CodeIgniter\View\View->CodeIgniter\View\{closure}()
 4 SYSTEMPATH\Common.php(1171): CodeIgniter\View\View->render('dashboard/courses/index_syllabus', [], true)
 5 APPPATH\Controllers\Courses.php(42): view('dashboard/courses/index_syllabus', [...])
 6 SYSTEMPATH\CodeIgniter.php(933): App\Controllers\Courses->department_syllabus('public', 'assests', 'Logo.png')
 7 SYSTEMPATH\CodeIgniter.php(509): CodeIgniter\CodeIgniter->runController(Object(App\Controllers\Courses))
 8 SYSTEMPATH\CodeIgniter.php(355): CodeIgniter\CodeIgniter->handleRequest(null, Object(Config\Cache), false)
 9 SYSTEMPATH\Boot.php(325): CodeIgniter\CodeIgniter->run()
10 SYSTEMPATH\Boot.php(67): CodeIgniter\Boot::runCodeIgniter(Object(CodeIgniter\CodeIgniter))
11 FCPATH\index.php(56): CodeIgniter\Boot::bootWeb(Object(Config\Paths))
CRITICAL - 2024-12-31 07:55:49 --> ErrorException: Trying to access array offset on value of type null
[Method: GET, Route: courses/department_syllabus/public/assests/Logo.png]
in APPPATH\Views\dashboard\courses\index_syllabus.php on line 6.
 1 APPPATH\Views\dashboard\courses\index_syllabus.php(6): CodeIgniter\Debug\Exceptions->errorHandler(2, 'Trying to access array offset on value of type null', 'C:\\xampp\\htdocs\\Student_Management_Portal\\app\\Views\\dashboard\\courses\\index_syllabus.php', 6)
 2 SYSTEMPATH\View\View.php(234): include('C:\\xampp\\htdocs\\Student_Management_Portal\\app\\Views\\dashboard\\courses\\index_syllabus.php')
 3 SYSTEMPATH\View\View.php(237): CodeIgniter\View\View->CodeIgniter\View\{closure}()
 4 SYSTEMPATH\Common.php(1171): CodeIgniter\View\View->render('dashboard/courses/index_syllabus', [], true)
 5 APPPATH\Controllers\Courses.php(42): view('dashboard/courses/index_syllabus', [...])
 6 SYSTEMPATH\CodeIgniter.php(933): App\Controllers\Courses->department_syllabus('public', 'assests', 'Logo.png')
 7 SYSTEMPATH\CodeIgniter.php(509): CodeIgniter\CodeIgniter->runController(Object(App\Controllers\Courses))
 8 SYSTEMPATH\CodeIgniter.php(355): CodeIgniter\CodeIgniter->handleRequest(null, Object(Config\Cache), false)
 9 SYSTEMPATH\Boot.php(325): CodeIgniter\CodeIgniter->run()
10 SYSTEMPATH\Boot.php(67): CodeIgniter\Boot::runCodeIgniter(Object(CodeIgniter\CodeIgniter))
11 FCPATH\index.php(56): CodeIgniter\Boot::bootWeb(Object(Config\Paths))
CRITICAL - 2024-12-31 07:55:50 --> ErrorException: Trying to access array offset on value of type null
[Method: GET, Route: courses/department_syllabus/public/assests/Logo.png]
in APPPATH\Views\dashboard\courses\index_syllabus.php on line 6.
 1 APPPATH\Views\dashboard\courses\index_syllabus.php(6): CodeIgniter\Debug\Exceptions->errorHandler(2, 'Trying to access array offset on value of type null', 'C:\\xampp\\htdocs\\Student_Management_Portal\\app\\Views\\dashboard\\courses\\index_syllabus.php', 6)
 2 SYSTEMPATH\View\View.php(234): include('C:\\xampp\\htdocs\\Student_Management_Portal\\app\\Views\\dashboard\\courses\\index_syllabus.php')
 3 SYSTEMPATH\View\View.php(237): CodeIgniter\View\View->CodeIgniter\View\{closure}()
 4 SYSTEMPATH\Common.php(1171): CodeIgniter\View\View->render('dashboard/courses/index_syllabus', [], true)
 5 APPPATH\Controllers\Courses.php(42): view('dashboard/courses/index_syllabus', [...])
 6 SYSTEMPATH\CodeIgniter.php(933): App\Controllers\Courses->department_syllabus('public', 'assests', 'Logo.png')
 7 SYSTEMPATH\CodeIgniter.php(509): CodeIgniter\CodeIgniter->runController(Object(App\Controllers\Courses))
 8 SYSTEMPATH\CodeIgniter.php(355): CodeIgniter\CodeIgniter->handleRequest(null, Object(Config\Cache), false)
 9 SYSTEMPATH\Boot.php(325): CodeIgniter\CodeIgniter->run()
10 SYSTEMPATH\Boot.php(67): CodeIgniter\Boot::runCodeIgniter(Object(CodeIgniter\CodeIgniter))
11 FCPATH\index.php(56): CodeIgniter\Boot::bootWeb(Object(Config\Paths))
CRITICAL - 2024-12-31 07:55:51 --> ErrorException: Trying to access array offset on value of type null
[Method: GET, Route: courses/department_syllabus/public/assests/Logo.png]
in APPPATH\Views\dashboard\courses\index_syllabus.php on line 6.
 1 APPPATH\Views\dashboard\courses\index_syllabus.php(6): CodeIgniter\Debug\Exceptions->errorHandler(2, 'Trying to access array offset on value of type null', 'C:\\xampp\\htdocs\\Student_Management_Portal\\app\\Views\\dashboard\\courses\\index_syllabus.php', 6)
 2 SYSTEMPATH\View\View.php(234): include('C:\\xampp\\htdocs\\Student_Management_Portal\\app\\Views\\dashboard\\courses\\index_syllabus.php')
 3 SYSTEMPATH\View\View.php(237): CodeIgniter\View\View->CodeIgniter\View\{closure}()
 4 SYSTEMPATH\Common.php(1171): CodeIgniter\View\View->render('dashboard/courses/index_syllabus', [], true)
 5 APPPATH\Controllers\Courses.php(42): view('dashboard/courses/index_syllabus', [...])
 6 SYSTEMPATH\CodeIgniter.php(933): App\Controllers\Courses->department_syllabus('public', 'assests', 'Logo.png')
 7 SYSTEMPATH\CodeIgniter.php(509): CodeIgniter\CodeIgniter->runController(Object(App\Controllers\Courses))
 8 SYSTEMPATH\CodeIgniter.php(355): CodeIgniter\CodeIgniter->handleRequest(null, Object(Config\Cache), false)
 9 SYSTEMPATH\Boot.php(325): CodeIgniter\CodeIgniter->run()
10 SYSTEMPATH\Boot.php(67): CodeIgniter\Boot::runCodeIgniter(Object(CodeIgniter\CodeIgniter))
11 FCPATH\index.php(56): CodeIgniter\Boot::bootWeb(Object(Config\Paths))
CRITICAL - 2024-12-31 07:55:58 --> ErrorException: Trying to access array offset on value of type null
[Method: GET, Route: courses/syllabus_subjects/2/public/assests/Logo.png]
in APPPATH\Views\dashboard\courses\index_subject.php on line 6.
 1 APPPATH\Views\dashboard\courses\index_subject.php(6): CodeIgniter\Debug\Exceptions->errorHandler(2, 'Trying to access array offset on value of type null', 'C:\\xampp\\htdocs\\Student_Management_Portal\\app\\Views\\dashboard\\courses\\index_subject.php', 6)
 2 SYSTEMPATH\View\View.php(234): include('C:\\xampp\\htdocs\\Student_Management_Portal\\app\\Views\\dashboard\\courses\\index_subject.php')
 3 SYSTEMPATH\View\View.php(237): CodeIgniter\View\View->CodeIgniter\View\{closure}()
 4 SYSTEMPATH\Common.php(1171): CodeIgniter\View\View->render('dashboard/courses/index_subject', [], true)
 5 APPPATH\Controllers\Courses.php(71): view('dashboard/courses/index_subject', [...])
 6 SYSTEMPATH\CodeIgniter.php(933): App\Controllers\Courses->syllabus_subjects('2', 'public', 'assests', 'Logo.png')
 7 SYSTEMPATH\CodeIgniter.php(509): CodeIgniter\CodeIgniter->runController(Object(App\Controllers\Courses))
 8 SYSTEMPATH\CodeIgniter.php(355): CodeIgniter\CodeIgniter->handleRequest(null, Object(Config\Cache), false)
 9 SYSTEMPATH\Boot.php(325): CodeIgniter\CodeIgniter->run()
10 SYSTEMPATH\Boot.php(67): CodeIgniter\Boot::runCodeIgniter(Object(CodeIgniter\CodeIgniter))
11 FCPATH\index.php(56): CodeIgniter\Boot::bootWeb(Object(Config\Paths))
CRITICAL - 2024-12-31 08:06:39 --> ErrorException: Trying to access array offset on value of type null
[Method: GET, Route: courses/syllabus_subjects/2/add_subject.php]
in APPPATH\Views\dashboard\courses\index_subject.php on line 6.
 1 APPPATH\Views\dashboard\courses\index_subject.php(6): CodeIgniter\Debug\Exceptions->errorHandler(2, 'Trying to access array offset on value of type null', 'C:\\xampp\\htdocs\\Student_Management_Portal\\app\\Views\\dashboard\\courses\\index_subject.php', 6)
 2 SYSTEMPATH\View\View.php(234): include('C:\\xampp\\htdocs\\Student_Management_Portal\\app\\Views\\dashboard\\courses\\index_subject.php')
 3 SYSTEMPATH\View\View.php(237): CodeIgniter\View\View->CodeIgniter\View\{closure}()
 4 SYSTEMPATH\Common.php(1171): CodeIgniter\View\View->render('dashboard/courses/index_subject', [], true)
 5 APPPATH\Controllers\Courses.php(71): view('dashboard/courses/index_subject', [...])
 6 SYSTEMPATH\CodeIgniter.php(933): App\Controllers\Courses->syllabus_subjects('2', 'add_subject.php')
 7 SYSTEMPATH\CodeIgniter.php(509): CodeIgniter\CodeIgniter->runController(Object(App\Controllers\Courses))
 8 SYSTEMPATH\CodeIgniter.php(355): CodeIgniter\CodeIgniter->handleRequest(null, Object(Config\Cache), false)
 9 SYSTEMPATH\Boot.php(325): CodeIgniter\CodeIgniter->run()
10 SYSTEMPATH\Boot.php(67): CodeIgniter\Boot::runCodeIgniter(Object(CodeIgniter\CodeIgniter))
11 FCPATH\index.php(56): CodeIgniter\Boot::bootWeb(Object(Config\Paths))
CRITICAL - 2024-12-31 08:13:51 --> ErrorException: Trying to access array offset on value of type null
[Method: GET, Route: courses/syllabus_subjects/2/public/assests/Logo.png]
in APPPATH\Views\dashboard\courses\index_subject.php on line 6.
 1 APPPATH\Views\dashboard\courses\index_subject.php(6): CodeIgniter\Debug\Exceptions->errorHandler(2, 'Trying to access array offset on value of type null', 'C:\\xampp\\htdocs\\Student_Management_Portal\\app\\Views\\dashboard\\courses\\index_subject.php', 6)
 2 SYSTEMPATH\View\View.php(234): include('C:\\xampp\\htdocs\\Student_Management_Portal\\app\\Views\\dashboard\\courses\\index_subject.php')
 3 SYSTEMPATH\View\View.php(237): CodeIgniter\View\View->CodeIgniter\View\{closure}()
 4 SYSTEMPATH\Common.php(1171): CodeIgniter\View\View->render('dashboard/courses/index_subject', [], true)
 5 APPPATH\Controllers\Courses.php(71): view('dashboard/courses/index_subject', [...])
 6 SYSTEMPATH\CodeIgniter.php(933): App\Controllers\Courses->syllabus_subjects('2', 'public', 'assests', 'Logo.png')
 7 SYSTEMPATH\CodeIgniter.php(509): CodeIgniter\CodeIgniter->runController(Object(App\Controllers\Courses))
 8 SYSTEMPATH\CodeIgniter.php(355): CodeIgniter\CodeIgniter->handleRequest(null, Object(Config\Cache), false)
 9 SYSTEMPATH\Boot.php(325): CodeIgniter\CodeIgniter->run()
10 SYSTEMPATH\Boot.php(67): CodeIgniter\Boot::runCodeIgniter(Object(CodeIgniter\CodeIgniter))
11 FCPATH\index.php(56): CodeIgniter\Boot::bootWeb(Object(Config\Paths))
CRITICAL - 2024-12-31 08:13:52 --> ErrorException: Trying to access array offset on value of type null
[Method: GET, Route: courses/syllabus_subjects/2/public/assests/Logo.png]
in APPPATH\Views\dashboard\courses\index_subject.php on line 6.
 1 APPPATH\Views\dashboard\courses\index_subject.php(6): CodeIgniter\Debug\Exceptions->errorHandler(2, 'Trying to access array offset on value of type null', 'C:\\xampp\\htdocs\\Student_Management_Portal\\app\\Views\\dashboard\\courses\\index_subject.php', 6)
 2 SYSTEMPATH\View\View.php(234): include('C:\\xampp\\htdocs\\Student_Management_Portal\\app\\Views\\dashboard\\courses\\index_subject.php')
 3 SYSTEMPATH\View\View.php(237): CodeIgniter\View\View->CodeIgniter\View\{closure}()
 4 SYSTEMPATH\Common.php(1171): CodeIgniter\View\View->render('dashboard/courses/index_subject', [], true)
 5 APPPATH\Controllers\Courses.php(71): view('dashboard/courses/index_subject', [...])
 6 SYSTEMPATH\CodeIgniter.php(933): App\Controllers\Courses->syllabus_subjects('2', 'public', 'assests', 'Logo.png')
 7 SYSTEMPATH\CodeIgniter.php(509): CodeIgniter\CodeIgniter->runController(Object(App\Controllers\Courses))
 8 SYSTEMPATH\CodeIgniter.php(355): CodeIgniter\CodeIgniter->handleRequest(null, Object(Config\Cache), false)
 9 SYSTEMPATH\Boot.php(325): CodeIgniter\CodeIgniter->run()
10 SYSTEMPATH\Boot.php(67): CodeIgniter\Boot::runCodeIgniter(Object(CodeIgniter\CodeIgniter))
11 FCPATH\index.php(56): CodeIgniter\Boot::bootWeb(Object(Config\Paths))
CRITICAL - 2024-12-31 08:27:50 --> ErrorException: Trying to access array offset on value of type null
[Method: GET, Route: courses/syllabus_subjects/2/add_subject.php]
in APPPATH\Views\dashboard\courses\index_subject.php on line 6.
 1 APPPATH\Views\dashboard\courses\index_subject.php(6): CodeIgniter\Debug\Exceptions->errorHandler(2, 'Trying to access array offset on value of type null', 'C:\\xampp\\htdocs\\Student_Management_Portal\\app\\Views\\dashboard\\courses\\index_subject.php', 6)
 2 SYSTEMPATH\View\View.php(234): include('C:\\xampp\\htdocs\\Student_Management_Portal\\app\\Views\\dashboard\\courses\\index_subject.php')
 3 SYSTEMPATH\View\View.php(237): CodeIgniter\View\View->CodeIgniter\View\{closure}()
 4 SYSTEMPATH\Common.php(1171): CodeIgniter\View\View->render('dashboard/courses/index_subject', [], true)
 5 APPPATH\Controllers\Courses.php(71): view('dashboard/courses/index_subject', [...])
 6 SYSTEMPATH\CodeIgniter.php(933): App\Controllers\Courses->syllabus_subjects('2', 'add_subject.php')
 7 SYSTEMPATH\CodeIgniter.php(509): CodeIgniter\CodeIgniter->runController(Object(App\Controllers\Courses))
 8 SYSTEMPATH\CodeIgniter.php(355): CodeIgniter\CodeIgniter->handleRequest(null, Object(Config\Cache), false)
 9 SYSTEMPATH\Boot.php(325): CodeIgniter\CodeIgniter->run()
10 SYSTEMPATH\Boot.php(67): CodeIgniter\Boot::runCodeIgniter(Object(CodeIgniter\CodeIgniter))
11 FCPATH\index.php(56): CodeIgniter\Boot::bootWeb(Object(Config\Paths))
INFO - 2024-12-31 10:59:20 --> Session: Class initialized using 'CodeIgniter\Session\Handlers\FileHandler' driver.
INFO - 2024-12-31 10:59:55 --> Session: Class initialized using 'CodeIgniter\Session\Handlers\FileHandler' driver.
INFO - 2024-12-31 10:59:56 --> Session: Class initialized using 'CodeIgniter\Session\Handlers\FileHandler' driver.
CRITICAL - 2024-12-31 11:03:04 --> ErrorException: Trying to access array offset on value of type null
[Method: GET, Route: courses/department_syllabus/public/assests/Logo.png]
in APPPATH\Views\dashboard\courses\index_syllabus.php on line 6.
 1 APPPATH\Views\dashboard\courses\index_syllabus.php(6): CodeIgniter\Debug\Exceptions->errorHandler(2, 'Trying to access array offset on value of type null', 'C:\\xampp\\htdocs\\Student_Management_Portal\\app\\Views\\dashboard\\courses\\index_syllabus.php', 6)
 2 SYSTEMPATH\View\View.php(234): include('C:\\xampp\\htdocs\\Student_Management_Portal\\app\\Views\\dashboard\\courses\\index_syllabus.php')
 3 SYSTEMPATH\View\View.php(237): CodeIgniter\View\View->CodeIgniter\View\{closure}()
 4 SYSTEMPATH\Common.php(1171): CodeIgniter\View\View->render('dashboard/courses/index_syllabus', [], true)
 5 APPPATH\Controllers\Courses.php(42): view('dashboard/courses/index_syllabus', [...])
 6 SYSTEMPATH\CodeIgniter.php(933): App\Controllers\Courses->department_syllabus('public', 'assests', 'Logo.png')
 7 SYSTEMPATH\CodeIgniter.php(509): CodeIgniter\CodeIgniter->runController(Object(App\Controllers\Courses))
 8 SYSTEMPATH\CodeIgniter.php(355): CodeIgniter\CodeIgniter->handleRequest(null, Object(Config\Cache), false)
 9 SYSTEMPATH\Boot.php(325): CodeIgniter\CodeIgniter->run()
10 SYSTEMPATH\Boot.php(67): CodeIgniter\Boot::runCodeIgniter(Object(CodeIgniter\CodeIgniter))
11 FCPATH\index.php(56): CodeIgniter\Boot::bootWeb(Object(Config\Paths))
CRITICAL - 2024-12-31 11:03:04 --> ErrorException: Trying to access array offset on value of type null
[Method: GET, Route: courses/department_syllabus/public/assests/Logo.png]
in APPPATH\Views\dashboard\courses\index_syllabus.php on line 6.
 1 APPPATH\Views\dashboard\courses\index_syllabus.php(6): CodeIgniter\Debug\Exceptions->errorHandler(2, 'Trying to access array offset on value of type null', 'C:\\xampp\\htdocs\\Student_Management_Portal\\app\\Views\\dashboard\\courses\\index_syllabus.php', 6)
 2 SYSTEMPATH\View\View.php(234): include('C:\\xampp\\htdocs\\Student_Management_Portal\\app\\Views\\dashboard\\courses\\index_syllabus.php')
 3 SYSTEMPATH\View\View.php(237): CodeIgniter\View\View->CodeIgniter\View\{closure}()
 4 SYSTEMPATH\Common.php(1171): CodeIgniter\View\View->render('dashboard/courses/index_syllabus', [], true)
 5 APPPATH\Controllers\Courses.php(42): view('dashboard/courses/index_syllabus', [...])
 6 SYSTEMPATH\CodeIgniter.php(933): App\Controllers\Courses->department_syllabus('public', 'assests', 'Logo.png')
 7 SYSTEMPATH\CodeIgniter.php(509): CodeIgniter\CodeIgniter->runController(Object(App\Controllers\Courses))
 8 SYSTEMPATH\CodeIgniter.php(355): CodeIgniter\CodeIgniter->handleRequest(null, Object(Config\Cache), false)
 9 SYSTEMPATH\Boot.php(325): CodeIgniter\CodeIgniter->run()
10 SYSTEMPATH\Boot.php(67): CodeIgniter\Boot::runCodeIgniter(Object(CodeIgniter\CodeIgniter))
11 FCPATH\index.php(56): CodeIgniter\Boot::bootWeb(Object(Config\Paths))
INFO - 2024-12-31 11:05:23 --> Session: Class initialized using 'CodeIgniter\Session\Handlers\FileHandler' driver.
INFO - 2024-12-31 11:05:25 --> Session: Class initialized using 'CodeIgniter\Session\Handlers\FileHandler' driver.
INFO - 2024-12-31 11:05:27 --> Session: Class initialized using 'CodeIgniter\Session\Handlers\FileHandler' driver.
INFO - 2024-12-31 11:28:15 --> Session: Class initialized using 'CodeIgniter\Session\Handlers\FileHandler' driver.
INFO - 2024-12-31 11:28:16 --> Session: Class initialized using 'CodeIgniter\Session\Handlers\FileHandler' driver.
CRITICAL - 2024-12-31 11:41:59 --> ErrorException: Trying to access array offset on value of type null
[Method: GET, Route: courses/department_syllabus/public/assests/Logo.png]
in APPPATH\Views\dashboard\courses\index_syllabus.php on line 6.
 1 APPPATH\Views\dashboard\courses\index_syllabus.php(6): CodeIgniter\Debug\Exceptions->errorHandler(2, 'Trying to access array offset on value of type null', 'C:\\xampp\\htdocs\\Student_Management_Portal\\app\\Views\\dashboard\\courses\\index_syllabus.php', 6)
 2 SYSTEMPATH\View\View.php(234): include('C:\\xampp\\htdocs\\Student_Management_Portal\\app\\Views\\dashboard\\courses\\index_syllabus.php')
 3 SYSTEMPATH\View\View.php(237): CodeIgniter\View\View->CodeIgniter\View\{closure}()
 4 SYSTEMPATH\Common.php(1171): CodeIgniter\View\View->render('dashboard/courses/index_syllabus', [], true)
 5 APPPATH\Controllers\Courses.php(42): view('dashboard/courses/index_syllabus', [...])
 6 SYSTEMPATH\CodeIgniter.php(933): App\Controllers\Courses->department_syllabus('public', 'assests', 'Logo.png')
 7 SYSTEMPATH\CodeIgniter.php(509): CodeIgniter\CodeIgniter->runController(Object(App\Controllers\Courses))
 8 SYSTEMPATH\CodeIgniter.php(355): CodeIgniter\CodeIgniter->handleRequest(null, Object(Config\Cache), false)
 9 SYSTEMPATH\Boot.php(325): CodeIgniter\CodeIgniter->run()
10 SYSTEMPATH\Boot.php(67): CodeIgniter\Boot::runCodeIgniter(Object(CodeIgniter\CodeIgniter))
11 FCPATH\index.php(56): CodeIgniter\Boot::bootWeb(Object(Config\Paths))
CRITICAL - 2024-12-31 11:41:59 --> ErrorException: Trying to access array offset on value of type null
[Method: GET, Route: courses/department_syllabus/public/assests/Logo.png]
in APPPATH\Views\dashboard\courses\index_syllabus.php on line 6.
 1 APPPATH\Views\dashboard\courses\index_syllabus.php(6): CodeIgniter\Debug\Exceptions->errorHandler(2, 'Trying to access array offset on value of type null', 'C:\\xampp\\htdocs\\Student_Management_Portal\\app\\Views\\dashboard\\courses\\index_syllabus.php', 6)
 2 SYSTEMPATH\View\View.php(234): include('C:\\xampp\\htdocs\\Student_Management_Portal\\app\\Views\\dashboard\\courses\\index_syllabus.php')
 3 SYSTEMPATH\View\View.php(237): CodeIgniter\View\View->CodeIgniter\View\{closure}()
 4 SYSTEMPATH\Common.php(1171): CodeIgniter\View\View->render('dashboard/courses/index_syllabus', [], true)
 5 APPPATH\Controllers\Courses.php(42): view('dashboard/courses/index_syllabus', [...])
 6 SYSTEMPATH\CodeIgniter.php(933): App\Controllers\Courses->department_syllabus('public', 'assests', 'Logo.png')
 7 SYSTEMPATH\CodeIgniter.php(509): CodeIgniter\CodeIgniter->runController(Object(App\Controllers\Courses))
 8 SYSTEMPATH\CodeIgniter.php(355): CodeIgniter\CodeIgniter->handleRequest(null, Object(Config\Cache), false)
 9 SYSTEMPATH\Boot.php(325): CodeIgniter\CodeIgniter->run()
10 SYSTEMPATH\Boot.php(67): CodeIgniter\Boot::runCodeIgniter(Object(CodeIgniter\CodeIgniter))
11 FCPATH\index.php(56): CodeIgniter\Boot::bootWeb(Object(Config\Paths))
CRITICAL - 2024-12-31 11:42:03 --> ErrorException: Trying to access array offset on value of type null
[Method: GET, Route: courses/syllabus_subjects/2/public/assests/Logo.png]
in APPPATH\Views\dashboard\courses\index_subject.php on line 6.
 1 APPPATH\Views\dashboard\courses\index_subject.php(6): CodeIgniter\Debug\Exceptions->errorHandler(2, 'Trying to access array offset on value of type null', 'C:\\xampp\\htdocs\\Student_Management_Portal\\app\\Views\\dashboard\\courses\\index_subject.php', 6)
 2 SYSTEMPATH\View\View.php(234): include('C:\\xampp\\htdocs\\Student_Management_Portal\\app\\Views\\dashboard\\courses\\index_subject.php')
 3 SYSTEMPATH\View\View.php(237): CodeIgniter\View\View->CodeIgniter\View\{closure}()
 4 SYSTEMPATH\Common.php(1171): CodeIgniter\View\View->render('dashboard/courses/index_subject', [], true)
 5 APPPATH\Controllers\Courses.php(71): view('dashboard/courses/index_subject', [...])
 6 SYSTEMPATH\CodeIgniter.php(933): App\Controllers\Courses->syllabus_subjects('2', 'public', 'assests', 'Logo.png')
 7 SYSTEMPATH\CodeIgniter.php(509): CodeIgniter\CodeIgniter->runController(Object(App\Controllers\Courses))
 8 SYSTEMPATH\CodeIgniter.php(355): CodeIgniter\CodeIgniter->handleRequest(null, Object(Config\Cache), false)
 9 SYSTEMPATH\Boot.php(325): CodeIgniter\CodeIgniter->run()
10 SYSTEMPATH\Boot.php(67): CodeIgniter\Boot::runCodeIgniter(Object(CodeIgniter\CodeIgniter))
11 FCPATH\index.php(56): CodeIgniter\Boot::bootWeb(Object(Config\Paths))
CRITICAL - 2024-12-31 11:42:03 --> ErrorException: Trying to access array offset on value of type null
[Method: GET, Route: courses/syllabus_subjects/2/public/assests/Logo.png]
in APPPATH\Views\dashboard\courses\index_subject.php on line 6.
 1 APPPATH\Views\dashboard\courses\index_subject.php(6): CodeIgniter\Debug\Exceptions->errorHandler(2, 'Trying to access array offset on value of type null', 'C:\\xampp\\htdocs\\Student_Management_Portal\\app\\Views\\dashboard\\courses\\index_subject.php', 6)
 2 SYSTEMPATH\View\View.php(234): include('C:\\xampp\\htdocs\\Student_Management_Portal\\app\\Views\\dashboard\\courses\\index_subject.php')
 3 SYSTEMPATH\View\View.php(237): CodeIgniter\View\View->CodeIgniter\View\{closure}()
 4 SYSTEMPATH\Common.php(1171): CodeIgniter\View\View->render('dashboard/courses/index_subject', [], true)
 5 APPPATH\Controllers\Courses.php(71): view('dashboard/courses/index_subject', [...])
 6 SYSTEMPATH\CodeIgniter.php(933): App\Controllers\Courses->syllabus_subjects('2', 'public', 'assests', 'Logo.png')
 7 SYSTEMPATH\CodeIgniter.php(509): CodeIgniter\CodeIgniter->runController(Object(App\Controllers\Courses))
 8 SYSTEMPATH\CodeIgniter.php(355): CodeIgniter\CodeIgniter->handleRequest(null, Object(Config\Cache), false)
 9 SYSTEMPATH\Boot.php(325): CodeIgniter\CodeIgniter->run()
10 SYSTEMPATH\Boot.php(67): CodeIgniter\Boot::runCodeIgniter(Object(CodeIgniter\CodeIgniter))
11 FCPATH\index.php(56): CodeIgniter\Boot::bootWeb(Object(Config\Paths))
CRITICAL - 2024-12-31 11:42:05 --> ErrorException: Trying to access array offset on value of type null
[Method: GET, Route: courses/syllabus_subjects/2/add_subject.php]
in APPPATH\Views\dashboard\courses\index_subject.php on line 6.
 1 APPPATH\Views\dashboard\courses\index_subject.php(6): CodeIgniter\Debug\Exceptions->errorHandler(2, 'Trying to access array offset on value of type null', 'C:\\xampp\\htdocs\\Student_Management_Portal\\app\\Views\\dashboard\\courses\\index_subject.php', 6)
 2 SYSTEMPATH\View\View.php(234): include('C:\\xampp\\htdocs\\Student_Management_Portal\\app\\Views\\dashboard\\courses\\index_subject.php')
 3 SYSTEMPATH\View\View.php(237): CodeIgniter\View\View->CodeIgniter\View\{closure}()
 4 SYSTEMPATH\Common.php(1171): CodeIgniter\View\View->render('dashboard/courses/index_subject', [], true)
 5 APPPATH\Controllers\Courses.php(71): view('dashboard/courses/index_subject', [...])
 6 SYSTEMPATH\CodeIgniter.php(933): App\Controllers\Courses->syllabus_subjects('2', 'add_subject.php')
 7 SYSTEMPATH\CodeIgniter.php(509): CodeIgniter\CodeIgniter->runController(Object(App\Controllers\Courses))
 8 SYSTEMPATH\CodeIgniter.php(355): CodeIgniter\CodeIgniter->handleRequest(null, Object(Config\Cache), false)
 9 SYSTEMPATH\Boot.php(325): CodeIgniter\CodeIgniter->run()
10 SYSTEMPATH\Boot.php(67): CodeIgniter\Boot::runCodeIgniter(Object(CodeIgniter\CodeIgniter))
11 FCPATH\index.php(56): CodeIgniter\Boot::bootWeb(Object(Config\Paths))
CRITICAL - 2024-12-31 11:42:08 --> ErrorException: Trying to access array offset on value of type null
[Method: GET, Route: courses/syllabus_subjects/2/public/assests/Logo.png]
in APPPATH\Views\dashboard\courses\index_subject.php on line 6.
 1 APPPATH\Views\dashboard\courses\index_subject.php(6): CodeIgniter\Debug\Exceptions->errorHandler(2, 'Trying to access array offset on value of type null', 'C:\\xampp\\htdocs\\Student_Management_Portal\\app\\Views\\dashboard\\courses\\index_subject.php', 6)
 2 SYSTEMPATH\View\View.php(234): include('C:\\xampp\\htdocs\\Student_Management_Portal\\app\\Views\\dashboard\\courses\\index_subject.php')
 3 SYSTEMPATH\View\View.php(237): CodeIgniter\View\View->CodeIgniter\View\{closure}()
 4 SYSTEMPATH\Common.php(1171): CodeIgniter\View\View->render('dashboard/courses/index_subject', [], true)
 5 APPPATH\Controllers\Courses.php(71): view('dashboard/courses/index_subject', [...])
 6 SYSTEMPATH\CodeIgniter.php(933): App\Controllers\Courses->syllabus_subjects('2', 'public', 'assests', 'Logo.png')
 7 SYSTEMPATH\CodeIgniter.php(509): CodeIgniter\CodeIgniter->runController(Object(App\Controllers\Courses))
 8 SYSTEMPATH\CodeIgniter.php(355): CodeIgniter\CodeIgniter->handleRequest(null, Object(Config\Cache), false)
 9 SYSTEMPATH\Boot.php(325): CodeIgniter\CodeIgniter->run()
10 SYSTEMPATH\Boot.php(67): CodeIgniter\Boot::runCodeIgniter(Object(CodeIgniter\CodeIgniter))
11 FCPATH\index.php(56): CodeIgniter\Boot::bootWeb(Object(Config\Paths))
CRITICAL - 2024-12-31 11:58:10 --> ErrorException: Trying to access array offset on value of type null
[Method: GET, Route: courses/department_syllabus/public/assests/Logo.png]
in APPPATH\Views\dashboard\courses\index_syllabus.php on line 6.
 1 APPPATH\Views\dashboard\courses\index_syllabus.php(6): CodeIgniter\Debug\Exceptions->errorHandler(2, 'Trying to access array offset on value of type null', 'C:\\xampp\\htdocs\\Student_Management_Portal\\app\\Views\\dashboard\\courses\\index_syllabus.php', 6)
 2 SYSTEMPATH\View\View.php(234): include('C:\\xampp\\htdocs\\Student_Management_Portal\\app\\Views\\dashboard\\courses\\index_syllabus.php')
 3 SYSTEMPATH\View\View.php(237): CodeIgniter\View\View->CodeIgniter\View\{closure}()
 4 SYSTEMPATH\Common.php(1171): CodeIgniter\View\View->render('dashboard/courses/index_syllabus', [], true)
 5 APPPATH\Controllers\Courses.php(42): view('dashboard/courses/index_syllabus', [...])
 6 SYSTEMPATH\CodeIgniter.php(933): App\Controllers\Courses->department_syllabus('public', 'assests', 'Logo.png')
 7 SYSTEMPATH\CodeIgniter.php(509): CodeIgniter\CodeIgniter->runController(Object(App\Controllers\Courses))
 8 SYSTEMPATH\CodeIgniter.php(355): CodeIgniter\CodeIgniter->handleRequest(null, Object(Config\Cache), false)
 9 SYSTEMPATH\Boot.php(325): CodeIgniter\CodeIgniter->run()
10 SYSTEMPATH\Boot.php(67): CodeIgniter\Boot::runCodeIgniter(Object(CodeIgniter\CodeIgniter))
11 FCPATH\index.php(56): CodeIgniter\Boot::bootWeb(Object(Config\Paths))
CRITICAL - 2024-12-31 11:58:11 --> ErrorException: Trying to access array offset on value of type null
[Method: GET, Route: courses/department_syllabus/public/assests/Logo.png]
in APPPATH\Views\dashboard\courses\index_syllabus.php on line 6.
 1 APPPATH\Views\dashboard\courses\index_syllabus.php(6): CodeIgniter\Debug\Exceptions->errorHandler(2, 'Trying to access array offset on value of type null', 'C:\\xampp\\htdocs\\Student_Management_Portal\\app\\Views\\dashboard\\courses\\index_syllabus.php', 6)
 2 SYSTEMPATH\View\View.php(234): include('C:\\xampp\\htdocs\\Student_Management_Portal\\app\\Views\\dashboard\\courses\\index_syllabus.php')
 3 SYSTEMPATH\View\View.php(237): CodeIgniter\View\View->CodeIgniter\View\{closure}()
 4 SYSTEMPATH\Common.php(1171): CodeIgniter\View\View->render('dashboard/courses/index_syllabus', [], true)
 5 APPPATH\Controllers\Courses.php(42): view('dashboard/courses/index_syllabus', [...])
 6 SYSTEMPATH\CodeIgniter.php(933): App\Controllers\Courses->department_syllabus('public', 'assests', 'Logo.png')
 7 SYSTEMPATH\CodeIgniter.php(509): CodeIgniter\CodeIgniter->runController(Object(App\Controllers\Courses))
 8 SYSTEMPATH\CodeIgniter.php(355): CodeIgniter\CodeIgniter->handleRequest(null, Object(Config\Cache), false)
 9 SYSTEMPATH\Boot.php(325): CodeIgniter\CodeIgniter->run()
10 SYSTEMPATH\Boot.php(67): CodeIgniter\Boot::runCodeIgniter(Object(CodeIgniter\CodeIgniter))
11 FCPATH\index.php(56): CodeIgniter\Boot::bootWeb(Object(Config\Paths))
INFO - 2024-12-31 11:58:34 --> Session: Class initialized using 'CodeIgniter\Session\Handlers\FileHandler' driver.
CRITICAL - 2024-12-31 11:58:44 --> ErrorException: Trying to access array offset on value of type null
[Method: GET, Route: courses/department_syllabus/public/assests/Logo.png]
in APPPATH\Views\dashboard\courses\index_syllabus.php on line 6.
 1 APPPATH\Views\dashboard\courses\index_syllabus.php(6): CodeIgniter\Debug\Exceptions->errorHandler(2, 'Trying to access array offset on value of type null', 'C:\\xampp\\htdocs\\Student_Management_Portal\\app\\Views\\dashboard\\courses\\index_syllabus.php', 6)
 2 SYSTEMPATH\View\View.php(234): include('C:\\xampp\\htdocs\\Student_Management_Portal\\app\\Views\\dashboard\\courses\\index_syllabus.php')
 3 SYSTEMPATH\View\View.php(237): CodeIgniter\View\View->CodeIgniter\View\{closure}()
 4 SYSTEMPATH\Common.php(1171): CodeIgniter\View\View->render('dashboard/courses/index_syllabus', [], true)
 5 APPPATH\Controllers\Courses.php(42): view('dashboard/courses/index_syllabus', [...])
 6 SYSTEMPATH\CodeIgniter.php(933): App\Controllers\Courses->department_syllabus('public', 'assests', 'Logo.png')
 7 SYSTEMPATH\CodeIgniter.php(509): CodeIgniter\CodeIgniter->runController(Object(App\Controllers\Courses))
 8 SYSTEMPATH\CodeIgniter.php(355): CodeIgniter\CodeIgniter->handleRequest(null, Object(Config\Cache), false)
 9 SYSTEMPATH\Boot.php(325): CodeIgniter\CodeIgniter->run()
10 SYSTEMPATH\Boot.php(67): CodeIgniter\Boot::runCodeIgniter(Object(CodeIgniter\CodeIgniter))
11 FCPATH\index.php(56): CodeIgniter\Boot::bootWeb(Object(Config\Paths))
INFO - 2024-12-31 12:03:25 --> Session: Class initialized using 'CodeIgniter\Session\Handlers\FileHandler' driver.
INFO - 2024-12-31 12:03:27 --> Session: Class initialized using 'CodeIgniter\Session\Handlers\FileHandler' driver.
ERROR - 2024-12-31 12:03:31 --> mysqli_sql_exception: Cannot delete or update a parent row: a foreign key constraint fails (`student_management_portal`.`departmentandsyllabus`, CONSTRAINT `departmentandsyllabus_ibfk_1` FOREIGN KEY (`department_id`) REFERENCES `department` (`department_id`)) in C:\xampp\htdocs\Student_Management_Portal\system\Database\MySQLi\Connection.php:312
Stack trace:
#0 C:\xampp\htdocs\Student_Management_Portal\system\Database\MySQLi\Connection.php(312): mysqli->query('DELETE FROM `de...', 0)
#1 C:\xampp\htdocs\Student_Management_Portal\system\Database\BaseConnection.php(734): CodeIgniter\Database\MySQLi\Connection->execute('DELETE FROM `de...')
#2 C:\xampp\htdocs\Student_Management_Portal\system\Database\BaseConnection.php(648): CodeIgniter\Database\BaseConnection->simpleQuery('DELETE FROM `de...')
#3 C:\xampp\htdocs\Student_Management_Portal\system\Database\BaseBuilder.php(2843): CodeIgniter\Database\BaseConnection->query('DELETE FROM `de...', Array, false)
#4 C:\xampp\htdocs\Student_Management_Portal\system\Model.php(521): CodeIgniter\Database\BaseBuilder->delete()
#5 C:\xampp\htdocs\Student_Management_Portal\system\BaseModel.php(1158): CodeIgniter\Model->doDelete(Array, false)
#6 C:\xampp\htdocs\Student_Management_Portal\app\Controllers\Courses.php(133): CodeIgniter\BaseModel->delete(Array)
#7 C:\xampp\htdocs\Student_Management_Portal\system\CodeIgniter.php(933): App\Controllers\Courses->delete_department('3')
#8 C:\xampp\htdocs\Student_Management_Portal\system\CodeIgniter.php(509): CodeIgniter\CodeIgniter->runController(Object(App\Controllers\Courses))
#9 C:\xampp\htdocs\Student_Management_Portal\system\CodeIgniter.php(355): CodeIgniter\CodeIgniter->handleRequest(NULL, Object(Config\Cache), false)
#10 C:\xampp\htdocs\Student_Management_Portal\system\Boot.php(325): CodeIgniter\CodeIgniter->run()
#11 C:\xampp\htdocs\Student_Management_Portal\system\Boot.php(67): CodeIgniter\Boot::runCodeIgniter(Object(CodeIgniter\CodeIgniter))
#12 C:\xampp\htdocs\Student_Management_Portal\index.php(56): CodeIgniter\Boot::bootWeb(Object(Config\Paths))
#13 {main}
CRITICAL - 2024-12-31 12:03:31 --> CodeIgniter\Database\Exceptions\DatabaseException: Cannot delete or update a parent row: a foreign key constraint fails (`student_management_portal`.`departmentandsyllabus`, CONSTRAINT `departmentandsyllabus_ibfk_1` FOREIGN KEY (`department_id`) REFERENCES `department` (`department_id`))
[Method: GET, Route: courses/delete_department/3]
in SYSTEMPATH\Database\BaseConnection.php on line 688.
 1 SYSTEMPATH\Database\BaseBuilder.php(2843): CodeIgniter\Database\BaseConnection->query('DELETE FROM `department`
WHERE `department_id` IN :department_id:', [...], false)
 2 SYSTEMPATH\Model.php(521): CodeIgniter\Database\BaseBuilder->delete()
 3 SYSTEMPATH\BaseModel.php(1158): CodeIgniter\Model->doDelete([...], false)
 4 APPPATH\Controllers\Courses.php(133): CodeIgniter\BaseModel->delete([...])
 5 SYSTEMPATH\CodeIgniter.php(933): App\Controllers\Courses->delete_department('3')
 6 SYSTEMPATH\CodeIgniter.php(509): CodeIgniter\CodeIgniter->runController(Object(App\Controllers\Courses))
 7 SYSTEMPATH\CodeIgniter.php(355): CodeIgniter\CodeIgniter->handleRequest(null, Object(Config\Cache), false)
 8 SYSTEMPATH\Boot.php(325): CodeIgniter\CodeIgniter->run()
 9 SYSTEMPATH\Boot.php(67): CodeIgniter\Boot::runCodeIgniter(Object(CodeIgniter\CodeIgniter))
10 FCPATH\index.php(56): CodeIgniter\Boot::bootWeb(Object(Config\Paths))
CRITICAL - 2024-12-31 12:03:31 --> [Caused by] CodeIgniter\Database\Exceptions\DatabaseException: Cannot delete or update a parent row: a foreign key constraint fails (`student_management_portal`.`departmentandsyllabus`, CONSTRAINT `departmentandsyllabus_ibfk_1` FOREIGN KEY (`department_id`) REFERENCES `department` (`department_id`))
in SYSTEMPATH\Database\MySQLi\Connection.php on line 317.
 1 SYSTEMPATH\Database\BaseConnection.php(734): CodeIgniter\Database\MySQLi\Connection->execute('DELETE FROM `department`
WHERE `department_id` IN (\'3\')')
 2 SYSTEMPATH\Database\BaseConnection.php(648): CodeIgniter\Database\BaseConnection->simpleQuery('DELETE FROM `department`
WHERE `department_id` IN (\'3\')')
 3 SYSTEMPATH\Database\BaseBuilder.php(2843): CodeIgniter\Database\BaseConnection->query('DELETE FROM `department`
WHERE `department_id` IN :department_id:', [...], false)
 4 SYSTEMPATH\Model.php(521): CodeIgniter\Database\BaseBuilder->delete()
 5 SYSTEMPATH\BaseModel.php(1158): CodeIgniter\Model->doDelete([...], false)
 6 APPPATH\Controllers\Courses.php(133): CodeIgniter\BaseModel->delete([...])
 7 SYSTEMPATH\CodeIgniter.php(933): App\Controllers\Courses->delete_department('3')
 8 SYSTEMPATH\CodeIgniter.php(509): CodeIgniter\CodeIgniter->runController(Object(App\Controllers\Courses))
 9 SYSTEMPATH\CodeIgniter.php(355): CodeIgniter\CodeIgniter->handleRequest(null, Object(Config\Cache), false)
10 SYSTEMPATH\Boot.php(325): CodeIgniter\CodeIgniter->run()
11 SYSTEMPATH\Boot.php(67): CodeIgniter\Boot::runCodeIgniter(Object(CodeIgniter\CodeIgniter))
12 FCPATH\index.php(56): CodeIgniter\Boot::bootWeb(Object(Config\Paths))
CRITICAL - 2024-12-31 12:03:31 --> [Caused by] mysqli_sql_exception: Cannot delete or update a parent row: a foreign key constraint fails (`student_management_portal`.`departmentandsyllabus`, CONSTRAINT `departmentandsyllabus_ibfk_1` FOREIGN KEY (`department_id`) REFERENCES `department` (`department_id`))
in SYSTEMPATH\Database\MySQLi\Connection.php on line 312.
 1 SYSTEMPATH\Database\MySQLi\Connection.php(312): mysqli->query('DELETE FROM `department`
WHERE `department_id` IN (\'3\')', 0)
 2 SYSTEMPATH\Database\BaseConnection.php(734): CodeIgniter\Database\MySQLi\Connection->execute('DELETE FROM `department`
WHERE `department_id` IN (\'3\')')
 3 SYSTEMPATH\Database\BaseConnection.php(648): CodeIgniter\Database\BaseConnection->simpleQuery('DELETE FROM `department`
WHERE `department_id` IN (\'3\')')
 4 SYSTEMPATH\Database\BaseBuilder.php(2843): CodeIgniter\Database\BaseConnection->query('DELETE FROM `department`
WHERE `department_id` IN :department_id:', [...], false)
 5 SYSTEMPATH\Model.php(521): CodeIgniter\Database\BaseBuilder->delete()
 6 SYSTEMPATH\BaseModel.php(1158): CodeIgniter\Model->doDelete([...], false)
 7 APPPATH\Controllers\Courses.php(133): CodeIgniter\BaseModel->delete([...])
 8 SYSTEMPATH\CodeIgniter.php(933): App\Controllers\Courses->delete_department('3')
 9 SYSTEMPATH\CodeIgniter.php(509): CodeIgniter\CodeIgniter->runController(Object(App\Controllers\Courses))
10 SYSTEMPATH\CodeIgniter.php(355): CodeIgniter\CodeIgniter->handleRequest(null, Object(Config\Cache), false)
11 SYSTEMPATH\Boot.php(325): CodeIgniter\CodeIgniter->run()
12 SYSTEMPATH\Boot.php(67): CodeIgniter\Boot::runCodeIgniter(Object(CodeIgniter\CodeIgniter))
13 FCPATH\index.php(56): CodeIgniter\Boot::bootWeb(Object(Config\Paths))
INFO - 2024-12-31 12:03:48 --> Session: Class initialized using 'CodeIgniter\Session\Handlers\FileHandler' driver.
INFO - 2024-12-31 12:03:51 --> Session: Class initialized using 'CodeIgniter\Session\Handlers\FileHandler' driver.
ERROR - 2024-12-31 12:03:53 --> mysqli_sql_exception: Cannot delete or update a parent row: a foreign key constraint fails (`student_management_portal`.`departmentandsyllabus`, CONSTRAINT `departmentandsyllabus_ibfk_1` FOREIGN KEY (`department_id`) REFERENCES `department` (`department_id`)) in C:\xampp\htdocs\Student_Management_Portal\system\Database\MySQLi\Connection.php:312
Stack trace:
#0 C:\xampp\htdocs\Student_Management_Portal\system\Database\MySQLi\Connection.php(312): mysqli->query('DELETE FROM `de...', 0)
#1 C:\xampp\htdocs\Student_Management_Portal\system\Database\BaseConnection.php(734): CodeIgniter\Database\MySQLi\Connection->execute('DELETE FROM `de...')
#2 C:\xampp\htdocs\Student_Management_Portal\system\Database\BaseConnection.php(648): CodeIgniter\Database\BaseConnection->simpleQuery('DELETE FROM `de...')
#3 C:\xampp\htdocs\Student_Management_Portal\system\Database\BaseBuilder.php(2843): CodeIgniter\Database\BaseConnection->query('DELETE FROM `de...', Array, false)
#4 C:\xampp\htdocs\Student_Management_Portal\system\Model.php(521): CodeIgniter\Database\BaseBuilder->delete()
#5 C:\xampp\htdocs\Student_Management_Portal\system\BaseModel.php(1158): CodeIgniter\Model->doDelete(Array, false)
#6 C:\xampp\htdocs\Student_Management_Portal\app\Controllers\Courses.php(133): CodeIgniter\BaseModel->delete(Array)
#7 C:\xampp\htdocs\Student_Management_Portal\system\CodeIgniter.php(933): App\Controllers\Courses->delete_department('3')
#8 C:\xampp\htdocs\Student_Management_Portal\system\CodeIgniter.php(509): CodeIgniter\CodeIgniter->runController(Object(App\Controllers\Courses))
#9 C:\xampp\htdocs\Student_Management_Portal\system\CodeIgniter.php(355): CodeIgniter\CodeIgniter->handleRequest(NULL, Object(Config\Cache), false)
#10 C:\xampp\htdocs\Student_Management_Portal\system\Boot.php(325): CodeIgniter\CodeIgniter->run()
#11 C:\xampp\htdocs\Student_Management_Portal\system\Boot.php(67): CodeIgniter\Boot::runCodeIgniter(Object(CodeIgniter\CodeIgniter))
#12 C:\xampp\htdocs\Student_Management_Portal\index.php(56): CodeIgniter\Boot::bootWeb(Object(Config\Paths))
#13 {main}
CRITICAL - 2024-12-31 12:03:53 --> CodeIgniter\Database\Exceptions\DatabaseException: Cannot delete or update a parent row: a foreign key constraint fails (`student_management_portal`.`departmentandsyllabus`, CONSTRAINT `departmentandsyllabus_ibfk_1` FOREIGN KEY (`department_id`) REFERENCES `department` (`department_id`))
[Method: GET, Route: courses/delete_department/3]
in SYSTEMPATH\Database\BaseConnection.php on line 688.
 1 SYSTEMPATH\Database\BaseBuilder.php(2843): CodeIgniter\Database\BaseConnection->query('DELETE FROM `department`
WHERE `department_id` IN :department_id:', [...], false)
 2 SYSTEMPATH\Model.php(521): CodeIgniter\Database\BaseBuilder->delete()
 3 SYSTEMPATH\BaseModel.php(1158): CodeIgniter\Model->doDelete([...], false)
 4 APPPATH\Controllers\Courses.php(133): CodeIgniter\BaseModel->delete([...])
 5 SYSTEMPATH\CodeIgniter.php(933): App\Controllers\Courses->delete_department('3')
 6 SYSTEMPATH\CodeIgniter.php(509): CodeIgniter\CodeIgniter->runController(Object(App\Controllers\Courses))
 7 SYSTEMPATH\CodeIgniter.php(355): CodeIgniter\CodeIgniter->handleRequest(null, Object(Config\Cache), false)
 8 SYSTEMPATH\Boot.php(325): CodeIgniter\CodeIgniter->run()
 9 SYSTEMPATH\Boot.php(67): CodeIgniter\Boot::runCodeIgniter(Object(CodeIgniter\CodeIgniter))
10 FCPATH\index.php(56): CodeIgniter\Boot::bootWeb(Object(Config\Paths))
CRITICAL - 2024-12-31 12:03:53 --> [Caused by] CodeIgniter\Database\Exceptions\DatabaseException: Cannot delete or update a parent row: a foreign key constraint fails (`student_management_portal`.`departmentandsyllabus`, CONSTRAINT `departmentandsyllabus_ibfk_1` FOREIGN KEY (`department_id`) REFERENCES `department` (`department_id`))
in SYSTEMPATH\Database\MySQLi\Connection.php on line 317.
 1 SYSTEMPATH\Database\BaseConnection.php(734): CodeIgniter\Database\MySQLi\Connection->execute('DELETE FROM `department`
WHERE `department_id` IN (\'3\')')
 2 SYSTEMPATH\Database\BaseConnection.php(648): CodeIgniter\Database\BaseConnection->simpleQuery('DELETE FROM `department`
WHERE `department_id` IN (\'3\')')
 3 SYSTEMPATH\Database\BaseBuilder.php(2843): CodeIgniter\Database\BaseConnection->query('DELETE FROM `department`
WHERE `department_id` IN :department_id:', [...], false)
 4 SYSTEMPATH\Model.php(521): CodeIgniter\Database\BaseBuilder->delete()
 5 SYSTEMPATH\BaseModel.php(1158): CodeIgniter\Model->doDelete([...], false)
 6 APPPATH\Controllers\Courses.php(133): CodeIgniter\BaseModel->delete([...])
 7 SYSTEMPATH\CodeIgniter.php(933): App\Controllers\Courses->delete_department('3')
 8 SYSTEMPATH\CodeIgniter.php(509): CodeIgniter\CodeIgniter->runController(Object(App\Controllers\Courses))
 9 SYSTEMPATH\CodeIgniter.php(355): CodeIgniter\CodeIgniter->handleRequest(null, Object(Config\Cache), false)
10 SYSTEMPATH\Boot.php(325): CodeIgniter\CodeIgniter->run()
11 SYSTEMPATH\Boot.php(67): CodeIgniter\Boot::runCodeIgniter(Object(CodeIgniter\CodeIgniter))
12 FCPATH\index.php(56): CodeIgniter\Boot::bootWeb(Object(Config\Paths))
CRITICAL - 2024-12-31 12:03:53 --> [Caused by] mysqli_sql_exception: Cannot delete or update a parent row: a foreign key constraint fails (`student_management_portal`.`departmentandsyllabus`, CONSTRAINT `departmentandsyllabus_ibfk_1` FOREIGN KEY (`department_id`) REFERENCES `department` (`department_id`))
in SYSTEMPATH\Database\MySQLi\Connection.php on line 312.
 1 SYSTEMPATH\Database\MySQLi\Connection.php(312): mysqli->query('DELETE FROM `department`
WHERE `department_id` IN (\'3\')', 0)
 2 SYSTEMPATH\Database\BaseConnection.php(734): CodeIgniter\Database\MySQLi\Connection->execute('DELETE FROM `department`
WHERE `department_id` IN (\'3\')')
 3 SYSTEMPATH\Database\BaseConnection.php(648): CodeIgniter\Database\BaseConnection->simpleQuery('DELETE FROM `department`
WHERE `department_id` IN (\'3\')')
 4 SYSTEMPATH\Database\BaseBuilder.php(2843): CodeIgniter\Database\BaseConnection->query('DELETE FROM `department`
WHERE `department_id` IN :department_id:', [...], false)
 5 SYSTEMPATH\Model.php(521): CodeIgniter\Database\BaseBuilder->delete()
 6 SYSTEMPATH\BaseModel.php(1158): CodeIgniter\Model->doDelete([...], false)
 7 APPPATH\Controllers\Courses.php(133): CodeIgniter\BaseModel->delete([...])
 8 SYSTEMPATH\CodeIgniter.php(933): App\Controllers\Courses->delete_department('3')
 9 SYSTEMPATH\CodeIgniter.php(509): CodeIgniter\CodeIgniter->runController(Object(App\Controllers\Courses))
10 SYSTEMPATH\CodeIgniter.php(355): CodeIgniter\CodeIgniter->handleRequest(null, Object(Config\Cache), false)
11 SYSTEMPATH\Boot.php(325): CodeIgniter\CodeIgniter->run()
12 SYSTEMPATH\Boot.php(67): CodeIgniter\Boot::runCodeIgniter(Object(CodeIgniter\CodeIgniter))
13 FCPATH\index.php(56): CodeIgniter\Boot::bootWeb(Object(Config\Paths))
INFO - 2024-12-31 12:07:59 --> Session: Class initialized using 'CodeIgniter\Session\Handlers\FileHandler' driver.
INFO - 2024-12-31 12:08:01 --> Session: Class initialized using 'CodeIgniter\Session\Handlers\FileHandler' driver.
CRITICAL - 2024-12-31 12:08:03 --> Error: Class "App\Controllers\DepartmentAndSyllabusModel" not found
[Method: GET, Route: courses/delete_department/3]
in APPPATH\Controllers\Courses.php on line 126.
 1 SYSTEMPATH\CodeIgniter.php(933): App\Controllers\Courses->delete_department('3')
 2 SYSTEMPATH\CodeIgniter.php(509): CodeIgniter\CodeIgniter->runController(Object(App\Controllers\Courses))
 3 SYSTEMPATH\CodeIgniter.php(355): CodeIgniter\CodeIgniter->handleRequest(null, Object(Config\Cache), false)
 4 SYSTEMPATH\Boot.php(325): CodeIgniter\CodeIgniter->run()
 5 SYSTEMPATH\Boot.php(67): CodeIgniter\Boot::runCodeIgniter(Object(CodeIgniter\CodeIgniter))
 6 FCPATH\index.php(56): CodeIgniter\Boot::bootWeb(Object(Config\Paths))
INFO - 2024-12-31 12:08:29 --> Session: Class initialized using 'CodeIgniter\Session\Handlers\FileHandler' driver.
CRITICAL - 2024-12-31 12:08:32 --> ErrorException: Trying to access array offset on value of type null
[Method: GET, Route: courses/department_syllabus/public/assests/Logo.png]
in APPPATH\Views\dashboard\courses\index_syllabus.php on line 6.
 1 APPPATH\Views\dashboard\courses\index_syllabus.php(6): CodeIgniter\Debug\Exceptions->errorHandler(2, 'Trying to access array offset on value of type null', 'C:\\xampp\\htdocs\\Student_Management_Portal\\app\\Views\\dashboard\\courses\\index_syllabus.php', 6)
 2 SYSTEMPATH\View\View.php(234): include('C:\\xampp\\htdocs\\Student_Management_Portal\\app\\Views\\dashboard\\courses\\index_syllabus.php')
 3 SYSTEMPATH\View\View.php(237): CodeIgniter\View\View->CodeIgniter\View\{closure}()
 4 SYSTEMPATH\Common.php(1171): CodeIgniter\View\View->render('dashboard/courses/index_syllabus', [], true)
 5 APPPATH\Controllers\Courses.php(42): view('dashboard/courses/index_syllabus', [...])
 6 SYSTEMPATH\CodeIgniter.php(933): App\Controllers\Courses->department_syllabus('public', 'assests', 'Logo.png')
 7 SYSTEMPATH\CodeIgniter.php(509): CodeIgniter\CodeIgniter->runController(Object(App\Controllers\Courses))
 8 SYSTEMPATH\CodeIgniter.php(355): CodeIgniter\CodeIgniter->handleRequest(null, Object(Config\Cache), false)
 9 SYSTEMPATH\Boot.php(325): CodeIgniter\CodeIgniter->run()
10 SYSTEMPATH\Boot.php(67): CodeIgniter\Boot::runCodeIgniter(Object(CodeIgniter\CodeIgniter))
11 FCPATH\index.php(56): CodeIgniter\Boot::bootWeb(Object(Config\Paths))
CRITICAL - 2024-12-31 12:08:32 --> ErrorException: Trying to access array offset on value of type null
[Method: GET, Route: courses/department_syllabus/public/assests/Logo.png]
in APPPATH\Views\dashboard\courses\index_syllabus.php on line 6.
 1 APPPATH\Views\dashboard\courses\index_syllabus.php(6): CodeIgniter\Debug\Exceptions->errorHandler(2, 'Trying to access array offset on value of type null', 'C:\\xampp\\htdocs\\Student_Management_Portal\\app\\Views\\dashboard\\courses\\index_syllabus.php', 6)
 2 SYSTEMPATH\View\View.php(234): include('C:\\xampp\\htdocs\\Student_Management_Portal\\app\\Views\\dashboard\\courses\\index_syllabus.php')
 3 SYSTEMPATH\View\View.php(237): CodeIgniter\View\View->CodeIgniter\View\{closure}()
 4 SYSTEMPATH\Common.php(1171): CodeIgniter\View\View->render('dashboard/courses/index_syllabus', [], true)
 5 APPPATH\Controllers\Courses.php(42): view('dashboard/courses/index_syllabus', [...])
 6 SYSTEMPATH\CodeIgniter.php(933): App\Controllers\Courses->department_syllabus('public', 'assests', 'Logo.png')
 7 SYSTEMPATH\CodeIgniter.php(509): CodeIgniter\CodeIgniter->runController(Object(App\Controllers\Courses))
 8 SYSTEMPATH\CodeIgniter.php(355): CodeIgniter\CodeIgniter->handleRequest(null, Object(Config\Cache), false)
 9 SYSTEMPATH\Boot.php(325): CodeIgniter\CodeIgniter->run()
10 SYSTEMPATH\Boot.php(67): CodeIgniter\Boot::runCodeIgniter(Object(CodeIgniter\CodeIgniter))
11 FCPATH\index.php(56): CodeIgniter\Boot::bootWeb(Object(Config\Paths))
INFO - 2024-12-31 12:08:34 --> Session: Class initialized using 'CodeIgniter\Session\Handlers\FileHandler' driver.
INFO - 2024-12-31 12:08:37 --> Session: Class initialized using 'CodeIgniter\Session\Handlers\FileHandler' driver.
CRITICAL - 2024-12-31 12:08:39 --> Error: Class "App\Controllers\DepartmentAndSyllabusModel" not found
[Method: GET, Route: courses/delete_department/3]
in APPPATH\Controllers\Courses.php on line 126.
 1 SYSTEMPATH\CodeIgniter.php(933): App\Controllers\Courses->delete_department('3')
 2 SYSTEMPATH\CodeIgniter.php(509): CodeIgniter\CodeIgniter->runController(Object(App\Controllers\Courses))
 3 SYSTEMPATH\CodeIgniter.php(355): CodeIgniter\CodeIgniter->handleRequest(null, Object(Config\Cache), false)
 4 SYSTEMPATH\Boot.php(325): CodeIgniter\CodeIgniter->run()
 5 SYSTEMPATH\Boot.php(67): CodeIgniter\Boot::runCodeIgniter(Object(CodeIgniter\CodeIgniter))
 6 FCPATH\index.php(56): CodeIgniter\Boot::bootWeb(Object(Config\Paths))
INFO - 2024-12-31 12:11:05 --> Session: Class initialized using 'CodeIgniter\Session\Handlers\FileHandler' driver.
CRITICAL - 2024-12-31 12:11:07 --> Error: Class "App\Controllers\DepartmentAndSyllabusModel" not found
[Method: GET, Route: courses/delete_department/3]
in APPPATH\Controllers\Courses.php on line 126.
 1 SYSTEMPATH\CodeIgniter.php(933): App\Controllers\Courses->delete_department('3')
 2 SYSTEMPATH\CodeIgniter.php(509): CodeIgniter\CodeIgniter->runController(Object(App\Controllers\Courses))
 3 SYSTEMPATH\CodeIgniter.php(355): CodeIgniter\CodeIgniter->handleRequest(null, Object(Config\Cache), false)
 4 SYSTEMPATH\Boot.php(325): CodeIgniter\CodeIgniter->run()
 5 SYSTEMPATH\Boot.php(67): CodeIgniter\Boot::runCodeIgniter(Object(CodeIgniter\CodeIgniter))
 6 FCPATH\index.php(56): CodeIgniter\Boot::bootWeb(Object(Config\Paths))
INFO - 2024-12-31 12:11:11 --> Session: Class initialized using 'CodeIgniter\Session\Handlers\FileHandler' driver.
INFO - 2024-12-31 12:12:10 --> Session: Class initialized using 'CodeIgniter\Session\Handlers\FileHandler' driver.
CRITICAL - 2024-12-31 12:12:11 --> Error: Class "App\Controllers\DepartmentAndSyllabusModel" not found
[Method: GET, Route: courses/delete_department/3]
in APPPATH\Controllers\Courses.php on line 126.
 1 SYSTEMPATH\CodeIgniter.php(933): App\Controllers\Courses->delete_department('3')
 2 SYSTEMPATH\CodeIgniter.php(509): CodeIgniter\CodeIgniter->runController(Object(App\Controllers\Courses))
 3 SYSTEMPATH\CodeIgniter.php(355): CodeIgniter\CodeIgniter->handleRequest(null, Object(Config\Cache), false)
 4 SYSTEMPATH\Boot.php(325): CodeIgniter\CodeIgniter->run()
 5 SYSTEMPATH\Boot.php(67): CodeIgniter\Boot::runCodeIgniter(Object(CodeIgniter\CodeIgniter))
 6 FCPATH\index.php(56): CodeIgniter\Boot::bootWeb(Object(Config\Paths))
INFO - 2024-12-31 12:14:05 --> Session: Class initialized using 'CodeIgniter\Session\Handlers\FileHandler' driver.
ERROR - 2024-12-31 12:14:07 --> mysqli_sql_exception: Cannot delete or update a parent row: a foreign key constraint fails (`student_management_portal`.`subject`, CONSTRAINT `subject_ibfk_2` FOREIGN KEY (`department_id`) REFERENCES `department` (`department_id`)) in C:\xampp\htdocs\Student_Management_Portal\system\Database\MySQLi\Connection.php:312
Stack trace:
#0 C:\xampp\htdocs\Student_Management_Portal\system\Database\MySQLi\Connection.php(312): mysqli->query('DELETE FROM `de...', 0)
#1 C:\xampp\htdocs\Student_Management_Portal\system\Database\BaseConnection.php(734): CodeIgniter\Database\MySQLi\Connection->execute('DELETE FROM `de...')
#2 C:\xampp\htdocs\Student_Management_Portal\system\Database\BaseConnection.php(648): CodeIgniter\Database\BaseConnection->simpleQuery('DELETE FROM `de...')
#3 C:\xampp\htdocs\Student_Management_Portal\system\Database\BaseBuilder.php(2843): CodeIgniter\Database\BaseConnection->query('DELETE FROM `de...', Array, false)
#4 C:\xampp\htdocs\Student_Management_Portal\system\Model.php(521): CodeIgniter\Database\BaseBuilder->delete()
#5 C:\xampp\htdocs\Student_Management_Portal\system\BaseModel.php(1158): CodeIgniter\Model->doDelete(Array, false)
#6 C:\xampp\htdocs\Student_Management_Portal\app\Controllers\Courses.php(137): CodeIgniter\BaseModel->delete(Array)
#7 C:\xampp\htdocs\Student_Management_Portal\system\CodeIgniter.php(933): App\Controllers\Courses->delete_department('3')
#8 C:\xampp\htdocs\Student_Management_Portal\system\CodeIgniter.php(509): CodeIgniter\CodeIgniter->runController(Object(App\Controllers\Courses))
#9 C:\xampp\htdocs\Student_Management_Portal\system\CodeIgniter.php(355): CodeIgniter\CodeIgniter->handleRequest(NULL, Object(Config\Cache), false)
#10 C:\xampp\htdocs\Student_Management_Portal\system\Boot.php(325): CodeIgniter\CodeIgniter->run()
#11 C:\xampp\htdocs\Student_Management_Portal\system\Boot.php(67): CodeIgniter\Boot::runCodeIgniter(Object(CodeIgniter\CodeIgniter))
#12 C:\xampp\htdocs\Student_Management_Portal\index.php(56): CodeIgniter\Boot::bootWeb(Object(Config\Paths))
#13 {main}
CRITICAL - 2024-12-31 12:14:07 --> CodeIgniter\Database\Exceptions\DatabaseException: Cannot delete or update a parent row: a foreign key constraint fails (`student_management_portal`.`subject`, CONSTRAINT `subject_ibfk_2` FOREIGN KEY (`department_id`) REFERENCES `department` (`department_id`))
[Method: GET, Route: courses/delete_department/3]
in SYSTEMPATH\Database\BaseConnection.php on line 688.
 1 SYSTEMPATH\Database\BaseBuilder.php(2843): CodeIgniter\Database\BaseConnection->query('DELETE FROM `department`
WHERE `department_id` IN :department_id:', [...], false)
 2 SYSTEMPATH\Model.php(521): CodeIgniter\Database\BaseBuilder->delete()
 3 SYSTEMPATH\BaseModel.php(1158): CodeIgniter\Model->doDelete([...], false)
 4 APPPATH\Controllers\Courses.php(137): CodeIgniter\BaseModel->delete([...])
 5 SYSTEMPATH\CodeIgniter.php(933): App\Controllers\Courses->delete_department('3')
 6 SYSTEMPATH\CodeIgniter.php(509): CodeIgniter\CodeIgniter->runController(Object(App\Controllers\Courses))
 7 SYSTEMPATH\CodeIgniter.php(355): CodeIgniter\CodeIgniter->handleRequest(null, Object(Config\Cache), false)
 8 SYSTEMPATH\Boot.php(325): CodeIgniter\CodeIgniter->run()
 9 SYSTEMPATH\Boot.php(67): CodeIgniter\Boot::runCodeIgniter(Object(CodeIgniter\CodeIgniter))
10 FCPATH\index.php(56): CodeIgniter\Boot::bootWeb(Object(Config\Paths))
CRITICAL - 2024-12-31 12:14:07 --> [Caused by] CodeIgniter\Database\Exceptions\DatabaseException: Cannot delete or update a parent row: a foreign key constraint fails (`student_management_portal`.`subject`, CONSTRAINT `subject_ibfk_2` FOREIGN KEY (`department_id`) REFERENCES `department` (`department_id`))
in SYSTEMPATH\Database\MySQLi\Connection.php on line 317.
 1 SYSTEMPATH\Database\BaseConnection.php(734): CodeIgniter\Database\MySQLi\Connection->execute('DELETE FROM `department`
WHERE `department_id` IN (\'3\')')
 2 SYSTEMPATH\Database\BaseConnection.php(648): CodeIgniter\Database\BaseConnection->simpleQuery('DELETE FROM `department`
WHERE `department_id` IN (\'3\')')
 3 SYSTEMPATH\Database\BaseBuilder.php(2843): CodeIgniter\Database\BaseConnection->query('DELETE FROM `department`
WHERE `department_id` IN :department_id:', [...], false)
 4 SYSTEMPATH\Model.php(521): CodeIgniter\Database\BaseBuilder->delete()
 5 SYSTEMPATH\BaseModel.php(1158): CodeIgniter\Model->doDelete([...], false)
 6 APPPATH\Controllers\Courses.php(137): CodeIgniter\BaseModel->delete([...])
 7 SYSTEMPATH\CodeIgniter.php(933): App\Controllers\Courses->delete_department('3')
 8 SYSTEMPATH\CodeIgniter.php(509): CodeIgniter\CodeIgniter->runController(Object(App\Controllers\Courses))
 9 SYSTEMPATH\CodeIgniter.php(355): CodeIgniter\CodeIgniter->handleRequest(null, Object(Config\Cache), false)
10 SYSTEMPATH\Boot.php(325): CodeIgniter\CodeIgniter->run()
11 SYSTEMPATH\Boot.php(67): CodeIgniter\Boot::runCodeIgniter(Object(CodeIgniter\CodeIgniter))
12 FCPATH\index.php(56): CodeIgniter\Boot::bootWeb(Object(Config\Paths))
CRITICAL - 2024-12-31 12:14:07 --> [Caused by] mysqli_sql_exception: Cannot delete or update a parent row: a foreign key constraint fails (`student_management_portal`.`subject`, CONSTRAINT `subject_ibfk_2` FOREIGN KEY (`department_id`) REFERENCES `department` (`department_id`))
in SYSTEMPATH\Database\MySQLi\Connection.php on line 312.
 1 SYSTEMPATH\Database\MySQLi\Connection.php(312): mysqli->query('DELETE FROM `department`
WHERE `department_id` IN (\'3\')', 0)
 2 SYSTEMPATH\Database\BaseConnection.php(734): CodeIgniter\Database\MySQLi\Connection->execute('DELETE FROM `department`
WHERE `department_id` IN (\'3\')')
 3 SYSTEMPATH\Database\BaseConnection.php(648): CodeIgniter\Database\BaseConnection->simpleQuery('DELETE FROM `department`
WHERE `department_id` IN (\'3\')')
 4 SYSTEMPATH\Database\BaseBuilder.php(2843): CodeIgniter\Database\BaseConnection->query('DELETE FROM `department`
WHERE `department_id` IN :department_id:', [...], false)
 5 SYSTEMPATH\Model.php(521): CodeIgniter\Database\BaseBuilder->delete()
 6 SYSTEMPATH\BaseModel.php(1158): CodeIgniter\Model->doDelete([...], false)
 7 APPPATH\Controllers\Courses.php(137): CodeIgniter\BaseModel->delete([...])
 8 SYSTEMPATH\CodeIgniter.php(933): App\Controllers\Courses->delete_department('3')
 9 SYSTEMPATH\CodeIgniter.php(509): CodeIgniter\CodeIgniter->runController(Object(App\Controllers\Courses))
10 SYSTEMPATH\CodeIgniter.php(355): CodeIgniter\CodeIgniter->handleRequest(null, Object(Config\Cache), false)
11 SYSTEMPATH\Boot.php(325): CodeIgniter\CodeIgniter->run()
12 SYSTEMPATH\Boot.php(67): CodeIgniter\Boot::runCodeIgniter(Object(CodeIgniter\CodeIgniter))
13 FCPATH\index.php(56): CodeIgniter\Boot::bootWeb(Object(Config\Paths))
INFO - 2024-12-31 12:16:24 --> Session: Class initialized using 'CodeIgniter\Session\Handlers\FileHandler' driver.
INFO - 2024-12-31 12:16:25 --> Session: Class initialized using 'CodeIgniter\Session\Handlers\FileHandler' driver.
INFO - 2024-12-31 12:16:27 --> Session: Class initialized using 'CodeIgniter\Session\Handlers\FileHandler' driver.
INFO - 2024-12-31 12:16:27 --> Session: Class initialized using 'CodeIgniter\Session\Handlers\FileHandler' driver.
INFO - 2024-12-31 12:16:37 --> Session: Class initialized using 'CodeIgniter\Session\Handlers\FileHandler' driver.
INFO - 2024-12-31 12:16:41 --> Session: Class initialized using 'CodeIgniter\Session\Handlers\FileHandler' driver.
INFO - 2024-12-31 12:16:49 --> Session: Class initialized using 'CodeIgniter\Session\Handlers\FileHandler' driver.
INFO - 2024-12-31 12:26:43 --> Session: Class initialized using 'CodeIgniter\Session\Handlers\FileHandler' driver.
CRITICAL - 2024-12-31 12:26:47 --> CodeIgniter\View\Exceptions\ViewException: Invalid file: "index_department.php"
[Method: GET, Route: courses/search_department]
in SYSTEMPATH\Exceptions\FrameworkException.php on line 41.
 1 SYSTEMPATH\View\View.php(222): CodeIgniter\Exceptions\FrameworkException::forInvalidFile('index_department.php')
 2 SYSTEMPATH\Common.php(1171): CodeIgniter\View\View->render('index_department', [], true)
 3 APPPATH\Controllers\Courses.php(168): view('index_department', [...])
 4 SYSTEMPATH\CodeIgniter.php(933): App\Controllers\Courses->search_department()
 5 SYSTEMPATH\CodeIgniter.php(509): CodeIgniter\CodeIgniter->runController(Object(App\Controllers\Courses))
 6 SYSTEMPATH\CodeIgniter.php(355): CodeIgniter\CodeIgniter->handleRequest(null, Object(Config\Cache), false)
 7 SYSTEMPATH\Boot.php(325): CodeIgniter\CodeIgniter->run()
 8 SYSTEMPATH\Boot.php(67): CodeIgniter\Boot::runCodeIgniter(Object(CodeIgniter\CodeIgniter))
 9 FCPATH\index.php(56): CodeIgniter\Boot::bootWeb(Object(Config\Paths))
INFO - 2024-12-31 12:34:58 --> Session: Class initialized using 'CodeIgniter\Session\Handlers\FileHandler' driver.
INFO - 2024-12-31 12:35:00 --> Session: Class initialized using 'CodeIgniter\Session\Handlers\FileHandler' driver.
INFO - 2024-12-31 12:35:04 --> Session: Class initialized using 'CodeIgniter\Session\Handlers\FileHandler' driver.
INFO - 2024-12-31 12:35:08 --> Session: Class initialized using 'CodeIgniter\Session\Handlers\FileHandler' driver.
INFO - 2024-12-31 12:35:15 --> Session: Class initialized using 'CodeIgniter\Session\Handlers\FileHandler' driver.
INFO - 2024-12-31 12:35:19 --> Session: Class initialized using 'CodeIgniter\Session\Handlers\FileHandler' driver.
INFO - 2024-12-31 12:36:52 --> Session: Class initialized using 'CodeIgniter\Session\Handlers\FileHandler' driver.
INFO - 2024-12-31 12:36:54 --> Session: Class initialized using 'CodeIgniter\Session\Handlers\FileHandler' driver.
INFO - 2024-12-31 12:36:58 --> Session: Class initialized using 'CodeIgniter\Session\Handlers\FileHandler' driver.
INFO - 2024-12-31 12:38:47 --> Session: Class initialized using 'CodeIgniter\Session\Handlers\FileHandler' driver.
INFO - 2024-12-31 12:38:50 --> Session: Class initialized using 'CodeIgniter\Session\Handlers\FileHandler' driver.
INFO - 2024-12-31 12:38:53 --> Session: Class initialized using 'CodeIgniter\Session\Handlers\FileHandler' driver.
CRITICAL - 2024-12-31 12:39:05 --> ErrorException: Trying to access array offset on value of type null
[Method: GET, Route: courses/department_syllabus/public/assests/Logo.png]
in APPPATH\Views\dashboard\courses\index_syllabus.php on line 6.
 1 APPPATH\Views\dashboard\courses\index_syllabus.php(6): CodeIgniter\Debug\Exceptions->errorHandler(2, 'Trying to access array offset on value of type null', 'C:\\xampp\\htdocs\\Student_Management_Portal\\app\\Views\\dashboard\\courses\\index_syllabus.php', 6)
 2 SYSTEMPATH\View\View.php(234): include('C:\\xampp\\htdocs\\Student_Management_Portal\\app\\Views\\dashboard\\courses\\index_syllabus.php')
 3 SYSTEMPATH\View\View.php(237): CodeIgniter\View\View->CodeIgniter\View\{closure}()
 4 SYSTEMPATH\Common.php(1171): CodeIgniter\View\View->render('dashboard/courses/index_syllabus', [], true)
 5 APPPATH\Controllers\Courses.php(46): view('dashboard/courses/index_syllabus', [...])
 6 SYSTEMPATH\CodeIgniter.php(933): App\Controllers\Courses->department_syllabus('public', 'assests', 'Logo.png')
 7 SYSTEMPATH\CodeIgniter.php(509): CodeIgniter\CodeIgniter->runController(Object(App\Controllers\Courses))
 8 SYSTEMPATH\CodeIgniter.php(355): CodeIgniter\CodeIgniter->handleRequest(null, Object(Config\Cache), false)
 9 SYSTEMPATH\Boot.php(325): CodeIgniter\CodeIgniter->run()
10 SYSTEMPATH\Boot.php(67): CodeIgniter\Boot::runCodeIgniter(Object(CodeIgniter\CodeIgniter))
11 FCPATH\index.php(56): CodeIgniter\Boot::bootWeb(Object(Config\Paths))
CRITICAL - 2024-12-31 12:39:09 --> ErrorException: Trying to access array offset on value of type null
[Method: GET, Route: courses/department_syllabus/public/assests/Logo.png]
in APPPATH\Views\dashboard\courses\index_syllabus.php on line 6.
 1 APPPATH\Views\dashboard\courses\index_syllabus.php(6): CodeIgniter\Debug\Exceptions->errorHandler(2, 'Trying to access array offset on value of type null', 'C:\\xampp\\htdocs\\Student_Management_Portal\\app\\Views\\dashboard\\courses\\index_syllabus.php', 6)
 2 SYSTEMPATH\View\View.php(234): include('C:\\xampp\\htdocs\\Student_Management_Portal\\app\\Views\\dashboard\\courses\\index_syllabus.php')
 3 SYSTEMPATH\View\View.php(237): CodeIgniter\View\View->CodeIgniter\View\{closure}()
 4 SYSTEMPATH\Common.php(1171): CodeIgniter\View\View->render('dashboard/courses/index_syllabus', [], true)
 5 APPPATH\Controllers\Courses.php(46): view('dashboard/courses/index_syllabus', [...])
 6 SYSTEMPATH\CodeIgniter.php(933): App\Controllers\Courses->department_syllabus('public', 'assests', 'Logo.png')
 7 SYSTEMPATH\CodeIgniter.php(509): CodeIgniter\CodeIgniter->runController(Object(App\Controllers\Courses))
 8 SYSTEMPATH\CodeIgniter.php(355): CodeIgniter\CodeIgniter->handleRequest(null, Object(Config\Cache), false)
 9 SYSTEMPATH\Boot.php(325): CodeIgniter\CodeIgniter->run()
10 SYSTEMPATH\Boot.php(67): CodeIgniter\Boot::runCodeIgniter(Object(CodeIgniter\CodeIgniter))
11 FCPATH\index.php(56): CodeIgniter\Boot::bootWeb(Object(Config\Paths))
INFO - 2024-12-31 12:39:13 --> Session: Class initialized using 'CodeIgniter\Session\Handlers\FileHandler' driver.
INFO - 2024-12-31 12:54:57 --> Session: Class initialized using 'CodeIgniter\Session\Handlers\FileHandler' driver.
INFO - 2024-12-31 12:55:09 --> Session: Class initialized using 'CodeIgniter\Session\Handlers\FileHandler' driver.
INFO - 2024-12-31 12:55:10 --> Session: Class initialized using 'CodeIgniter\Session\Handlers\FileHandler' driver.
INFO - 2024-12-31 12:55:15 --> Session: Class initialized using 'CodeIgniter\Session\Handlers\FileHandler' driver.
INFO - 2024-12-31 12:55:24 --> Session: Class initialized using 'CodeIgniter\Session\Handlers\FileHandler' driver.
INFO - 2024-12-31 12:55:27 --> Session: Class initialized using 'CodeIgniter\Session\Handlers\FileHandler' driver.
INFO - 2024-12-31 12:55:34 --> Session: Class initialized using 'CodeIgniter\Session\Handlers\FileHandler' driver.
INFO - 2024-12-31 12:55:34 --> Session: Class initialized using 'CodeIgniter\Session\Handlers\FileHandler' driver.
INFO - 2024-12-31 13:04:18 --> Session: Class initialized using 'CodeIgniter\Session\Handlers\FileHandler' driver.
INFO - 2024-12-31 13:04:22 --> Session: Class initialized using 'CodeIgniter\Session\Handlers\FileHandler' driver.
INFO - 2024-12-31 13:04:25 --> Session: Class initialized using 'CodeIgniter\Session\Handlers\FileHandler' driver.
INFO - 2024-12-31 13:04:31 --> Session: Class initialized using 'CodeIgniter\Session\Handlers\FileHandler' driver.
INFO - 2024-12-31 13:04:31 --> Session: Class initialized using 'CodeIgniter\Session\Handlers\FileHandler' driver.
INFO - 2024-12-31 13:04:38 --> Session: Class initialized using 'CodeIgniter\Session\Handlers\FileHandler' driver.
INFO - 2024-12-31 13:04:39 --> Session: Class initialized using 'CodeIgniter\Session\Handlers\FileHandler' driver.
INFO - 2024-12-31 13:07:38 --> Session: Class initialized using 'CodeIgniter\Session\Handlers\FileHandler' driver.
INFO - 2024-12-31 13:07:40 --> Session: Class initialized using 'CodeIgniter\Session\Handlers\FileHandler' driver.
INFO - 2024-12-31 13:07:48 --> Session: Class initialized using 'CodeIgniter\Session\Handlers\FileHandler' driver.
INFO - 2024-12-31 13:07:48 --> Session: Class initialized using 'CodeIgniter\Session\Handlers\FileHandler' driver.
INFO - 2024-12-31 13:07:51 --> Session: Class initialized using 'CodeIgniter\Session\Handlers\FileHandler' driver.
INFO - 2024-12-31 13:07:54 --> Session: Class initialized using 'CodeIgniter\Session\Handlers\FileHandler' driver.
INFO - 2024-12-31 13:07:57 --> Session: Class initialized using 'CodeIgniter\Session\Handlers\FileHandler' driver.
INFO - 2024-12-31 13:11:03 --> Session: Class initialized using 'CodeIgniter\Session\Handlers\FileHandler' driver.
INFO - 2024-12-31 13:11:04 --> Session: Class initialized using 'CodeIgniter\Session\Handlers\FileHandler' driver.
INFO - 2024-12-31 13:11:08 --> Session: Class initialized using 'CodeIgniter\Session\Handlers\FileHandler' driver.
INFO - 2024-12-31 13:11:09 --> Session: Class initialized using 'CodeIgniter\Session\Handlers\FileHandler' driver.
INFO - 2024-12-31 13:11:10 --> Session: Class initialized using 'CodeIgniter\Session\Handlers\FileHandler' driver.
INFO - 2024-12-31 13:11:34 --> Session: Class initialized using 'CodeIgniter\Session\Handlers\FileHandler' driver.
INFO - 2024-12-31 13:11:51 --> Session: Class initialized using 'CodeIgniter\Session\Handlers\FileHandler' driver.
INFO - 2024-12-31 13:11:54 --> Session: Class initialized using 'CodeIgniter\Session\Handlers\FileHandler' driver.
INFO - 2024-12-31 13:11:56 --> Session: Class initialized using 'CodeIgniter\Session\Handlers\FileHandler' driver.
INFO - 2024-12-31 13:11:57 --> Session: Class initialized using 'CodeIgniter\Session\Handlers\FileHandler' driver.
INFO - 2024-12-31 13:12:09 --> Session: Class initialized using 'CodeIgniter\Session\Handlers\FileHandler' driver.
INFO - 2024-12-31 13:12:10 --> Session: Class initialized using 'CodeIgniter\Session\Handlers\FileHandler' driver.
INFO - 2024-12-31 13:13:22 --> Session: Class initialized using 'CodeIgniter\Session\Handlers\FileHandler' driver.
INFO - 2024-12-31 13:13:31 --> Session: Class initialized using 'CodeIgniter\Session\Handlers\FileHandler' driver.
INFO - 2024-12-31 13:20:35 --> Session: Class initialized using 'CodeIgniter\Session\Handlers\FileHandler' driver.
INFO - 2024-12-31 13:20:40 --> Session: Class initialized using 'CodeIgniter\Session\Handlers\FileHandler' driver.
INFO - 2024-12-31 13:20:41 --> Session: Class initialized using 'CodeIgniter\Session\Handlers\FileHandler' driver.
INFO - 2024-12-31 13:20:45 --> Session: Class initialized using 'CodeIgniter\Session\Handlers\FileHandler' driver.
INFO - 2024-12-31 13:22:00 --> Session: Class initialized using 'CodeIgniter\Session\Handlers\FileHandler' driver.
INFO - 2024-12-31 13:22:03 --> Session: Class initialized using 'CodeIgniter\Session\Handlers\FileHandler' driver.
INFO - 2024-12-31 13:22:06 --> Session: Class initialized using 'CodeIgniter\Session\Handlers\FileHandler' driver.
INFO - 2024-12-31 13:23:49 --> Session: Class initialized using 'CodeIgniter\Session\Handlers\FileHandler' driver.
INFO - 2024-12-31 13:26:23 --> Session: Class initialized using 'CodeIgniter\Session\Handlers\FileHandler' driver.
INFO - 2024-12-31 13:26:23 --> Session: Class initialized using 'CodeIgniter\Session\Handlers\FileHandler' driver.
INFO - 2024-12-31 13:26:32 --> Session: Class initialized using 'CodeIgniter\Session\Handlers\FileHandler' driver.
INFO - 2024-12-31 13:26:37 --> Session: Class initialized using 'CodeIgniter\Session\Handlers\FileHandler' driver.
INFO - 2024-12-31 20:02:45 --> Session: Class initialized using 'CodeIgniter\Session\Handlers\FileHandler' driver.
INFO - 2024-12-31 20:03:33 --> Session: Class initialized using 'CodeIgniter\Session\Handlers\FileHandler' driver.
INFO - 2024-12-31 20:03:33 --> Session: Class initialized using 'CodeIgniter\Session\Handlers\FileHandler' driver.
INFO - 2024-12-31 20:03:36 --> Session: Class initialized using 'CodeIgniter\Session\Handlers\FileHandler' driver.
INFO - 2024-12-31 20:14:36 --> Session: Class initialized using 'CodeIgniter\Session\Handlers\FileHandler' driver.
CRITICAL - 2024-12-31 20:14:39 --> CodeIgniter\View\Exceptions\ViewException: Invalid file: "dashboard/courses/edit_department.php"
[Method: GET, Route: courses/edit_department/2]
in SYSTEMPATH\Exceptions\FrameworkException.php on line 41.
 1 SYSTEMPATH\View\View.php(222): CodeIgniter\Exceptions\FrameworkException::forInvalidFile('dashboard/courses/edit_department.php')
 2 SYSTEMPATH\Common.php(1171): CodeIgniter\View\View->render('dashboard/courses/edit_department', [], true)
 3 APPPATH\Controllers\Courses.php(132): view('dashboard/courses/edit_department', [...])
 4 SYSTEMPATH\CodeIgniter.php(933): App\Controllers\Courses->edit_department('2')
 5 SYSTEMPATH\CodeIgniter.php(509): CodeIgniter\CodeIgniter->runController(Object(App\Controllers\Courses))
 6 SYSTEMPATH\CodeIgniter.php(355): CodeIgniter\CodeIgniter->handleRequest(null, Object(Config\Cache), false)
 7 SYSTEMPATH\Boot.php(325): CodeIgniter\CodeIgniter->run()
 8 SYSTEMPATH\Boot.php(67): CodeIgniter\Boot::runCodeIgniter(Object(CodeIgniter\CodeIgniter))
 9 FCPATH\index.php(56): CodeIgniter\Boot::bootWeb(Object(Config\Paths))
INFO - 2024-12-31 20:14:58 --> Session: Class initialized using 'CodeIgniter\Session\Handlers\FileHandler' driver.
INFO - 2024-12-31 20:15:00 --> Session: Class initialized using 'CodeIgniter\Session\Handlers\FileHandler' driver.
INFO - 2024-12-31 20:15:03 --> Session: Class initialized using 'CodeIgniter\Session\Handlers\FileHandler' driver.
CRITICAL - 2024-12-31 20:15:06 --> CodeIgniter\View\Exceptions\ViewException: Invalid file: "dashboard/courses/edit_department.php"
[Method: GET, Route: courses/edit_department/2]
in SYSTEMPATH\Exceptions\FrameworkException.php on line 41.
 1 SYSTEMPATH\View\View.php(222): CodeIgniter\Exceptions\FrameworkException::forInvalidFile('dashboard/courses/edit_department.php')
 2 SYSTEMPATH\Common.php(1171): CodeIgniter\View\View->render('dashboard/courses/edit_department', [], true)
 3 APPPATH\Controllers\Courses.php(132): view('dashboard/courses/edit_department', [...])
 4 SYSTEMPATH\CodeIgniter.php(933): App\Controllers\Courses->edit_department('2')
 5 SYSTEMPATH\CodeIgniter.php(509): CodeIgniter\CodeIgniter->runController(Object(App\Controllers\Courses))
 6 SYSTEMPATH\CodeIgniter.php(355): CodeIgniter\CodeIgniter->handleRequest(null, Object(Config\Cache), false)
 7 SYSTEMPATH\Boot.php(325): CodeIgniter\CodeIgniter->run()
 8 SYSTEMPATH\Boot.php(67): CodeIgniter\Boot::runCodeIgniter(Object(CodeIgniter\CodeIgniter))
 9 FCPATH\index.php(56): CodeIgniter\Boot::bootWeb(Object(Config\Paths))
INFO - 2024-12-31 20:15:25 --> Session: Class initialized using 'CodeIgniter\Session\Handlers\FileHandler' driver.
CRITICAL - 2024-12-31 20:16:04 --> CodeIgniter\View\Exceptions\ViewException: Invalid file: "dashboard/courses/edit_department.php"
[Method: GET, Route: courses/edit_department/2]
in SYSTEMPATH\Exceptions\FrameworkException.php on line 41.
 1 SYSTEMPATH\View\View.php(222): CodeIgniter\Exceptions\FrameworkException::forInvalidFile('dashboard/courses/edit_department.php')
 2 SYSTEMPATH\Common.php(1171): CodeIgniter\View\View->render('dashboard/courses/edit_department', [], true)
 3 APPPATH\Controllers\Courses.php(132): view('dashboard/courses/edit_department', [...])
 4 SYSTEMPATH\CodeIgniter.php(933): App\Controllers\Courses->edit_department('2')
 5 SYSTEMPATH\CodeIgniter.php(509): CodeIgniter\CodeIgniter->runController(Object(App\Controllers\Courses))
 6 SYSTEMPATH\CodeIgniter.php(355): CodeIgniter\CodeIgniter->handleRequest(null, Object(Config\Cache), false)
 7 SYSTEMPATH\Boot.php(325): CodeIgniter\CodeIgniter->run()
 8 SYSTEMPATH\Boot.php(67): CodeIgniter\Boot::runCodeIgniter(Object(CodeIgniter\CodeIgniter))
 9 FCPATH\index.php(56): CodeIgniter\Boot::bootWeb(Object(Config\Paths))
INFO - 2024-12-31 20:16:09 --> Session: Class initialized using 'CodeIgniter\Session\Handlers\FileHandler' driver.
CRITICAL - 2024-12-31 20:16:12 --> CodeIgniter\View\Exceptions\ViewException: Invalid file: "dashboard/courses/edit_department.php"
[Method: GET, Route: courses/edit_department/4]
in SYSTEMPATH\Exceptions\FrameworkException.php on line 41.
 1 SYSTEMPATH\View\View.php(222): CodeIgniter\Exceptions\FrameworkException::forInvalidFile('dashboard/courses/edit_department.php')
 2 SYSTEMPATH\Common.php(1171): CodeIgniter\View\View->render('dashboard/courses/edit_department', [], true)
 3 APPPATH\Controllers\Courses.php(132): view('dashboard/courses/edit_department', [...])
 4 SYSTEMPATH\CodeIgniter.php(933): App\Controllers\Courses->edit_department('4')
 5 SYSTEMPATH\CodeIgniter.php(509): CodeIgniter\CodeIgniter->runController(Object(App\Controllers\Courses))
 6 SYSTEMPATH\CodeIgniter.php(355): CodeIgniter\CodeIgniter->handleRequest(null, Object(Config\Cache), false)
 7 SYSTEMPATH\Boot.php(325): CodeIgniter\CodeIgniter->run()
 8 SYSTEMPATH\Boot.php(67): CodeIgniter\Boot::runCodeIgniter(Object(CodeIgniter\CodeIgniter))
 9 FCPATH\index.php(56): CodeIgniter\Boot::bootWeb(Object(Config\Paths))
INFO - 2024-12-31 20:16:15 --> Session: Class initialized using 'CodeIgniter\Session\Handlers\FileHandler' driver.
CRITICAL - 2024-12-31 20:16:17 --> CodeIgniter\View\Exceptions\ViewException: Invalid file: "dashboard/courses/edit_department.php"
[Method: GET, Route: courses/edit_department/2]
in SYSTEMPATH\Exceptions\FrameworkException.php on line 41.
 1 SYSTEMPATH\View\View.php(222): CodeIgniter\Exceptions\FrameworkException::forInvalidFile('dashboard/courses/edit_department.php')
 2 SYSTEMPATH\Common.php(1171): CodeIgniter\View\View->render('dashboard/courses/edit_department', [], true)
 3 APPPATH\Controllers\Courses.php(132): view('dashboard/courses/edit_department', [...])
 4 SYSTEMPATH\CodeIgniter.php(933): App\Controllers\Courses->edit_department('2')
 5 SYSTEMPATH\CodeIgniter.php(509): CodeIgniter\CodeIgniter->runController(Object(App\Controllers\Courses))
 6 SYSTEMPATH\CodeIgniter.php(355): CodeIgniter\CodeIgniter->handleRequest(null, Object(Config\Cache), false)
 7 SYSTEMPATH\Boot.php(325): CodeIgniter\CodeIgniter->run()
 8 SYSTEMPATH\Boot.php(67): CodeIgniter\Boot::runCodeIgniter(Object(CodeIgniter\CodeIgniter))
 9 FCPATH\index.php(56): CodeIgniter\Boot::bootWeb(Object(Config\Paths))
INFO - 2024-12-31 20:20:24 --> Session: Class initialized using 'CodeIgniter\Session\Handlers\FileHandler' driver.
CRITICAL - 2024-12-31 20:20:26 --> CodeIgniter\View\Exceptions\ViewException: Invalid file: "dashboard/courses/edit_department.php"
[Method: GET, Route: courses/edit_department/2]
in SYSTEMPATH\Exceptions\FrameworkException.php on line 41.
 1 SYSTEMPATH\View\View.php(222): CodeIgniter\Exceptions\FrameworkException::forInvalidFile('dashboard/courses/edit_department.php')
 2 SYSTEMPATH\Common.php(1171): CodeIgniter\View\View->render('dashboard/courses/edit_department', [], true)
 3 APPPATH\Controllers\Courses.php(132): view('dashboard/courses/edit_department', [...])
 4 SYSTEMPATH\CodeIgniter.php(933): App\Controllers\Courses->edit_department('2')
 5 SYSTEMPATH\CodeIgniter.php(509): CodeIgniter\CodeIgniter->runController(Object(App\Controllers\Courses))
 6 SYSTEMPATH\CodeIgniter.php(355): CodeIgniter\CodeIgniter->handleRequest(null, Object(Config\Cache), false)
 7 SYSTEMPATH\Boot.php(325): CodeIgniter\CodeIgniter->run()
 8 SYSTEMPATH\Boot.php(67): CodeIgniter\Boot::runCodeIgniter(Object(CodeIgniter\CodeIgniter))
 9 FCPATH\index.php(56): CodeIgniter\Boot::bootWeb(Object(Config\Paths))
INFO - 2024-12-31 20:22:55 --> Session: Class initialized using 'CodeIgniter\Session\Handlers\FileHandler' driver.
INFO - 2024-12-31 20:22:57 --> Session: Class initialized using 'CodeIgniter\Session\Handlers\FileHandler' driver.
INFO - 2024-12-31 20:22:58 --> Session: Class initialized using 'CodeIgniter\Session\Handlers\FileHandler' driver.
INFO - 2024-12-31 20:22:58 --> Session: Class initialized using 'CodeIgniter\Session\Handlers\FileHandler' driver.
INFO - 2024-12-31 20:22:58 --> Session: Class initialized using 'CodeIgniter\Session\Handlers\FileHandler' driver.
INFO - 2024-12-31 20:22:58 --> Session: Class initialized using 'CodeIgniter\Session\Handlers\FileHandler' driver.
INFO - 2024-12-31 20:23:07 --> Session: Class initialized using 'CodeIgniter\Session\Handlers\FileHandler' driver.
CRITICAL - 2024-12-31 20:23:17 --> ErrorException: Trying to access array offset on value of type null
[Method: GET, Route: courses/department_syllabus/public/assests/Logo.png]
in APPPATH\Views\dashboard\courses\index_syllabus.php on line 6.
 1 APPPATH\Views\dashboard\courses\index_syllabus.php(6): CodeIgniter\Debug\Exceptions->errorHandler(2, 'Trying to access array offset on value of type null', 'C:\\xampp\\htdocs\\Student_Management_Portal\\app\\Views\\dashboard\\courses\\index_syllabus.php', 6)
 2 SYSTEMPATH\View\View.php(234): include('C:\\xampp\\htdocs\\Student_Management_Portal\\app\\Views\\dashboard\\courses\\index_syllabus.php')
 3 SYSTEMPATH\View\View.php(237): CodeIgniter\View\View->CodeIgniter\View\{closure}()
 4 SYSTEMPATH\Common.php(1171): CodeIgniter\View\View->render('dashboard/courses/index_syllabus', [], true)
 5 APPPATH\Controllers\Courses.php(46): view('dashboard/courses/index_syllabus', [...])
 6 SYSTEMPATH\CodeIgniter.php(933): App\Controllers\Courses->department_syllabus('public', 'assests', 'Logo.png')
 7 SYSTEMPATH\CodeIgniter.php(509): CodeIgniter\CodeIgniter->runController(Object(App\Controllers\Courses))
 8 SYSTEMPATH\CodeIgniter.php(355): CodeIgniter\CodeIgniter->handleRequest(null, Object(Config\Cache), false)
 9 SYSTEMPATH\Boot.php(325): CodeIgniter\CodeIgniter->run()
10 SYSTEMPATH\Boot.php(67): CodeIgniter\Boot::runCodeIgniter(Object(CodeIgniter\CodeIgniter))
11 FCPATH\index.php(56): CodeIgniter\Boot::bootWeb(Object(Config\Paths))
CRITICAL - 2024-12-31 20:23:17 --> ErrorException: Trying to access array offset on value of type null
[Method: GET, Route: courses/department_syllabus/public/assests/Logo.png]
in APPPATH\Views\dashboard\courses\index_syllabus.php on line 6.
 1 APPPATH\Views\dashboard\courses\index_syllabus.php(6): CodeIgniter\Debug\Exceptions->errorHandler(2, 'Trying to access array offset on value of type null', 'C:\\xampp\\htdocs\\Student_Management_Portal\\app\\Views\\dashboard\\courses\\index_syllabus.php', 6)
 2 SYSTEMPATH\View\View.php(234): include('C:\\xampp\\htdocs\\Student_Management_Portal\\app\\Views\\dashboard\\courses\\index_syllabus.php')
 3 SYSTEMPATH\View\View.php(237): CodeIgniter\View\View->CodeIgniter\View\{closure}()
 4 SYSTEMPATH\Common.php(1171): CodeIgniter\View\View->render('dashboard/courses/index_syllabus', [], true)
 5 APPPATH\Controllers\Courses.php(46): view('dashboard/courses/index_syllabus', [...])
 6 SYSTEMPATH\CodeIgniter.php(933): App\Controllers\Courses->department_syllabus('public', 'assests', 'Logo.png')
 7 SYSTEMPATH\CodeIgniter.php(509): CodeIgniter\CodeIgniter->runController(Object(App\Controllers\Courses))
 8 SYSTEMPATH\CodeIgniter.php(355): CodeIgniter\CodeIgniter->handleRequest(null, Object(Config\Cache), false)
 9 SYSTEMPATH\Boot.php(325): CodeIgniter\CodeIgniter->run()
10 SYSTEMPATH\Boot.php(67): CodeIgniter\Boot::runCodeIgniter(Object(CodeIgniter\CodeIgniter))
11 FCPATH\index.php(56): CodeIgniter\Boot::bootWeb(Object(Config\Paths))
CRITICAL - 2024-12-31 20:23:22 --> ErrorException: Trying to access array offset on value of type null
[Method: GET, Route: courses/department_syllabus/public/assests/Logo.png]
in APPPATH\Views\dashboard\courses\index_syllabus.php on line 6.
 1 APPPATH\Views\dashboard\courses\index_syllabus.php(6): CodeIgniter\Debug\Exceptions->errorHandler(2, 'Trying to access array offset on value of type null', 'C:\\xampp\\htdocs\\Student_Management_Portal\\app\\Views\\dashboard\\courses\\index_syllabus.php', 6)
 2 SYSTEMPATH\View\View.php(234): include('C:\\xampp\\htdocs\\Student_Management_Portal\\app\\Views\\dashboard\\courses\\index_syllabus.php')
 3 SYSTEMPATH\View\View.php(237): CodeIgniter\View\View->CodeIgniter\View\{closure}()
 4 SYSTEMPATH\Common.php(1171): CodeIgniter\View\View->render('dashboard/courses/index_syllabus', [], true)
 5 APPPATH\Controllers\Courses.php(46): view('dashboard/courses/index_syllabus', [...])
 6 SYSTEMPATH\CodeIgniter.php(933): App\Controllers\Courses->department_syllabus('public', 'assests', 'Logo.png')
 7 SYSTEMPATH\CodeIgniter.php(509): CodeIgniter\CodeIgniter->runController(Object(App\Controllers\Courses))
 8 SYSTEMPATH\CodeIgniter.php(355): CodeIgniter\CodeIgniter->handleRequest(null, Object(Config\Cache), false)
 9 SYSTEMPATH\Boot.php(325): CodeIgniter\CodeIgniter->run()
10 SYSTEMPATH\Boot.php(67): CodeIgniter\Boot::runCodeIgniter(Object(CodeIgniter\CodeIgniter))
11 FCPATH\index.php(56): CodeIgniter\Boot::bootWeb(Object(Config\Paths))
CRITICAL - 2024-12-31 20:24:33 --> ErrorException: Trying to access array offset on value of type null
[Method: GET, Route: courses/department_syllabus/public/assests/Logo.png]
in APPPATH\Views\dashboard\courses\index_syllabus.php on line 6.
 1 APPPATH\Views\dashboard\courses\index_syllabus.php(6): CodeIgniter\Debug\Exceptions->errorHandler(2, 'Trying to access array offset on value of type null', 'C:\\xampp\\htdocs\\Student_Management_Portal\\app\\Views\\dashboard\\courses\\index_syllabus.php', 6)
 2 SYSTEMPATH\View\View.php(234): include('C:\\xampp\\htdocs\\Student_Management_Portal\\app\\Views\\dashboard\\courses\\index_syllabus.php')
 3 SYSTEMPATH\View\View.php(237): CodeIgniter\View\View->CodeIgniter\View\{closure}()
 4 SYSTEMPATH\Common.php(1171): CodeIgniter\View\View->render('dashboard/courses/index_syllabus', [], true)
 5 APPPATH\Controllers\Courses.php(46): view('dashboard/courses/index_syllabus', [...])
 6 SYSTEMPATH\CodeIgniter.php(933): App\Controllers\Courses->department_syllabus('public', 'assests', 'Logo.png')
 7 SYSTEMPATH\CodeIgniter.php(509): CodeIgniter\CodeIgniter->runController(Object(App\Controllers\Courses))
 8 SYSTEMPATH\CodeIgniter.php(355): CodeIgniter\CodeIgniter->handleRequest(null, Object(Config\Cache), false)
 9 SYSTEMPATH\Boot.php(325): CodeIgniter\CodeIgniter->run()
10 SYSTEMPATH\Boot.php(67): CodeIgniter\Boot::runCodeIgniter(Object(CodeIgniter\CodeIgniter))
11 FCPATH\index.php(56): CodeIgniter\Boot::bootWeb(Object(Config\Paths))
CRITICAL - 2024-12-31 20:26:33 --> ErrorException: Trying to access array offset on value of type null
[Method: GET, Route: courses/department_syllabus/public/assests/Logo.png]
in APPPATH\Views\dashboard\courses\index_syllabus.php on line 6.
 1 APPPATH\Views\dashboard\courses\index_syllabus.php(6): CodeIgniter\Debug\Exceptions->errorHandler(2, 'Trying to access array offset on value of type null', 'C:\\xampp\\htdocs\\Student_Management_Portal\\app\\Views\\dashboard\\courses\\index_syllabus.php', 6)
 2 SYSTEMPATH\View\View.php(234): include('C:\\xampp\\htdocs\\Student_Management_Portal\\app\\Views\\dashboard\\courses\\index_syllabus.php')
 3 SYSTEMPATH\View\View.php(237): CodeIgniter\View\View->CodeIgniter\View\{closure}()
 4 SYSTEMPATH\Common.php(1171): CodeIgniter\View\View->render('dashboard/courses/index_syllabus', [], true)
 5 APPPATH\Controllers\Courses.php(46): view('dashboard/courses/index_syllabus', [...])
 6 SYSTEMPATH\CodeIgniter.php(933): App\Controllers\Courses->department_syllabus('public', 'assests', 'Logo.png')
 7 SYSTEMPATH\CodeIgniter.php(509): CodeIgniter\CodeIgniter->runController(Object(App\Controllers\Courses))
 8 SYSTEMPATH\CodeIgniter.php(355): CodeIgniter\CodeIgniter->handleRequest(null, Object(Config\Cache), false)
 9 SYSTEMPATH\Boot.php(325): CodeIgniter\CodeIgniter->run()
10 SYSTEMPATH\Boot.php(67): CodeIgniter\Boot::runCodeIgniter(Object(CodeIgniter\CodeIgniter))
11 FCPATH\index.php(56): CodeIgniter\Boot::bootWeb(Object(Config\Paths))
CRITICAL - 2024-12-31 20:29:13 --> ErrorException: Trying to access array offset on value of type null
[Method: GET, Route: courses/department_syllabus/public/assests/Logo.png]
in APPPATH\Views\dashboard\courses\index_syllabus.php on line 6.
 1 APPPATH\Views\dashboard\courses\index_syllabus.php(6): CodeIgniter\Debug\Exceptions->errorHandler(2, 'Trying to access array offset on value of type null', 'C:\\xampp\\htdocs\\Student_Management_Portal\\app\\Views\\dashboard\\courses\\index_syllabus.php', 6)
 2 SYSTEMPATH\View\View.php(234): include('C:\\xampp\\htdocs\\Student_Management_Portal\\app\\Views\\dashboard\\courses\\index_syllabus.php')
 3 SYSTEMPATH\View\View.php(237): CodeIgniter\View\View->CodeIgniter\View\{closure}()
 4 SYSTEMPATH\Common.php(1171): CodeIgniter\View\View->render('dashboard/courses/index_syllabus', [], true)
 5 APPPATH\Controllers\Courses.php(46): view('dashboard/courses/index_syllabus', [...])
 6 SYSTEMPATH\CodeIgniter.php(933): App\Controllers\Courses->department_syllabus('public', 'assests', 'Logo.png')
 7 SYSTEMPATH\CodeIgniter.php(509): CodeIgniter\CodeIgniter->runController(Object(App\Controllers\Courses))
 8 SYSTEMPATH\CodeIgniter.php(355): CodeIgniter\CodeIgniter->handleRequest(null, Object(Config\Cache), false)
 9 SYSTEMPATH\Boot.php(325): CodeIgniter\CodeIgniter->run()
10 SYSTEMPATH\Boot.php(67): CodeIgniter\Boot::runCodeIgniter(Object(CodeIgniter\CodeIgniter))
11 FCPATH\index.php(56): CodeIgniter\Boot::bootWeb(Object(Config\Paths))
CRITICAL - 2024-12-31 20:29:16 --> ErrorException: Trying to access array offset on value of type null
[Method: GET, Route: courses/syllabus_subjects/2/public/assests/Logo.png]
in APPPATH\Views\dashboard\courses\index_subject.php on line 6.
 1 APPPATH\Views\dashboard\courses\index_subject.php(6): CodeIgniter\Debug\Exceptions->errorHandler(2, 'Trying to access array offset on value of type null', 'C:\\xampp\\htdocs\\Student_Management_Portal\\app\\Views\\dashboard\\courses\\index_subject.php', 6)
 2 SYSTEMPATH\View\View.php(234): include('C:\\xampp\\htdocs\\Student_Management_Portal\\app\\Views\\dashboard\\courses\\index_subject.php')
 3 SYSTEMPATH\View\View.php(237): CodeIgniter\View\View->CodeIgniter\View\{closure}()
 4 SYSTEMPATH\Common.php(1171): CodeIgniter\View\View->render('dashboard/courses/index_subject', [], true)
 5 APPPATH\Controllers\Courses.php(75): view('dashboard/courses/index_subject', [...])
 6 SYSTEMPATH\CodeIgniter.php(933): App\Controllers\Courses->syllabus_subjects('2', 'public', 'assests', 'Logo.png')
 7 SYSTEMPATH\CodeIgniter.php(509): CodeIgniter\CodeIgniter->runController(Object(App\Controllers\Courses))
 8 SYSTEMPATH\CodeIgniter.php(355): CodeIgniter\CodeIgniter->handleRequest(null, Object(Config\Cache), false)
 9 SYSTEMPATH\Boot.php(325): CodeIgniter\CodeIgniter->run()
10 SYSTEMPATH\Boot.php(67): CodeIgniter\Boot::runCodeIgniter(Object(CodeIgniter\CodeIgniter))
11 FCPATH\index.php(56): CodeIgniter\Boot::bootWeb(Object(Config\Paths))
CRITICAL - 2024-12-31 20:29:16 --> ErrorException: Trying to access array offset on value of type null
[Method: GET, Route: courses/syllabus_subjects/2/public/assests/Logo.png]
in APPPATH\Views\dashboard\courses\index_subject.php on line 6.
 1 APPPATH\Views\dashboard\courses\index_subject.php(6): CodeIgniter\Debug\Exceptions->errorHandler(2, 'Trying to access array offset on value of type null', 'C:\\xampp\\htdocs\\Student_Management_Portal\\app\\Views\\dashboard\\courses\\index_subject.php', 6)
 2 SYSTEMPATH\View\View.php(234): include('C:\\xampp\\htdocs\\Student_Management_Portal\\app\\Views\\dashboard\\courses\\index_subject.php')
 3 SYSTEMPATH\View\View.php(237): CodeIgniter\View\View->CodeIgniter\View\{closure}()
 4 SYSTEMPATH\Common.php(1171): CodeIgniter\View\View->render('dashboard/courses/index_subject', [], true)
 5 APPPATH\Controllers\Courses.php(75): view('dashboard/courses/index_subject', [...])
 6 SYSTEMPATH\CodeIgniter.php(933): App\Controllers\Courses->syllabus_subjects('2', 'public', 'assests', 'Logo.png')
 7 SYSTEMPATH\CodeIgniter.php(509): CodeIgniter\CodeIgniter->runController(Object(App\Controllers\Courses))
 8 SYSTEMPATH\CodeIgniter.php(355): CodeIgniter\CodeIgniter->handleRequest(null, Object(Config\Cache), false)
 9 SYSTEMPATH\Boot.php(325): CodeIgniter\CodeIgniter->run()
10 SYSTEMPATH\Boot.php(67): CodeIgniter\Boot::runCodeIgniter(Object(CodeIgniter\CodeIgniter))
11 FCPATH\index.php(56): CodeIgniter\Boot::bootWeb(Object(Config\Paths))
CRITICAL - 2024-12-31 20:29:18 --> ErrorException: Trying to access array offset on value of type null
[Method: GET, Route: courses/department_syllabus/public/assests/Logo.png]
in APPPATH\Views\dashboard\courses\index_syllabus.php on line 6.
 1 APPPATH\Views\dashboard\courses\index_syllabus.php(6): CodeIgniter\Debug\Exceptions->errorHandler(2, 'Trying to access array offset on value of type null', 'C:\\xampp\\htdocs\\Student_Management_Portal\\app\\Views\\dashboard\\courses\\index_syllabus.php', 6)
 2 SYSTEMPATH\View\View.php(234): include('C:\\xampp\\htdocs\\Student_Management_Portal\\app\\Views\\dashboard\\courses\\index_syllabus.php')
 3 SYSTEMPATH\View\View.php(237): CodeIgniter\View\View->CodeIgniter\View\{closure}()
 4 SYSTEMPATH\Common.php(1171): CodeIgniter\View\View->render('dashboard/courses/index_syllabus', [], true)
 5 APPPATH\Controllers\Courses.php(46): view('dashboard/courses/index_syllabus', [...])
 6 SYSTEMPATH\CodeIgniter.php(933): App\Controllers\Courses->department_syllabus('public', 'assests', 'Logo.png')
 7 SYSTEMPATH\CodeIgniter.php(509): CodeIgniter\CodeIgniter->runController(Object(App\Controllers\Courses))
 8 SYSTEMPATH\CodeIgniter.php(355): CodeIgniter\CodeIgniter->handleRequest(null, Object(Config\Cache), false)
 9 SYSTEMPATH\Boot.php(325): CodeIgniter\CodeIgniter->run()
10 SYSTEMPATH\Boot.php(67): CodeIgniter\Boot::runCodeIgniter(Object(CodeIgniter\CodeIgniter))
11 FCPATH\index.php(56): CodeIgniter\Boot::bootWeb(Object(Config\Paths))
CRITICAL - 2024-12-31 20:29:22 --> ErrorException: Trying to access array offset on value of type null
[Method: GET, Route: courses/department_syllabus/public/assests/Logo.png]
in APPPATH\Views\dashboard\courses\index_syllabus.php on line 6.
 1 APPPATH\Views\dashboard\courses\index_syllabus.php(6): CodeIgniter\Debug\Exceptions->errorHandler(2, 'Trying to access array offset on value of type null', 'C:\\xampp\\htdocs\\Student_Management_Portal\\app\\Views\\dashboard\\courses\\index_syllabus.php', 6)
 2 SYSTEMPATH\View\View.php(234): include('C:\\xampp\\htdocs\\Student_Management_Portal\\app\\Views\\dashboard\\courses\\index_syllabus.php')
 3 SYSTEMPATH\View\View.php(237): CodeIgniter\View\View->CodeIgniter\View\{closure}()
 4 SYSTEMPATH\Common.php(1171): CodeIgniter\View\View->render('dashboard/courses/index_syllabus', [], true)
 5 APPPATH\Controllers\Courses.php(46): view('dashboard/courses/index_syllabus', [...])
 6 SYSTEMPATH\CodeIgniter.php(933): App\Controllers\Courses->department_syllabus('public', 'assests', 'Logo.png')
 7 SYSTEMPATH\CodeIgniter.php(509): CodeIgniter\CodeIgniter->runController(Object(App\Controllers\Courses))
 8 SYSTEMPATH\CodeIgniter.php(355): CodeIgniter\CodeIgniter->handleRequest(null, Object(Config\Cache), false)
 9 SYSTEMPATH\Boot.php(325): CodeIgniter\CodeIgniter->run()
10 SYSTEMPATH\Boot.php(67): CodeIgniter\Boot::runCodeIgniter(Object(CodeIgniter\CodeIgniter))
11 FCPATH\index.php(56): CodeIgniter\Boot::bootWeb(Object(Config\Paths))
INFO - 2024-12-31 21:54:15 --> Session: Class initialized using 'CodeIgniter\Session\Handlers\FileHandler' driver.
INFO - 2024-12-31 21:55:38 --> Session: Class initialized using 'CodeIgniter\Session\Handlers\FileHandler' driver.
INFO - 2024-12-31 21:55:38 --> Session: Class initialized using 'CodeIgniter\Session\Handlers\FileHandler' driver.
INFO - 2024-12-31 21:55:40 --> Session: Class initialized using 'CodeIgniter\Session\Handlers\FileHandler' driver.
CRITICAL - 2024-12-31 21:55:58 --> ErrorException: Trying to access array offset on value of type null
[Method: GET, Route: courses/department_syllabus/public/assests/Logo.png]
in APPPATH\Views\dashboard\courses\index_syllabus.php on line 6.
 1 APPPATH\Views\dashboard\courses\index_syllabus.php(6): CodeIgniter\Debug\Exceptions->errorHandler(2, 'Trying to access array offset on value of type null', 'C:\\xampp\\htdocs\\Student_Management_Portal\\app\\Views\\dashboard\\courses\\index_syllabus.php', 6)
 2 SYSTEMPATH\View\View.php(234): include('C:\\xampp\\htdocs\\Student_Management_Portal\\app\\Views\\dashboard\\courses\\index_syllabus.php')
 3 SYSTEMPATH\View\View.php(237): CodeIgniter\View\View->CodeIgniter\View\{closure}()
 4 SYSTEMPATH\Common.php(1171): CodeIgniter\View\View->render('dashboard/courses/index_syllabus', [], true)
 5 APPPATH\Controllers\Courses.php(46): view('dashboard/courses/index_syllabus', [...])
 6 SYSTEMPATH\CodeIgniter.php(933): App\Controllers\Courses->department_syllabus('public', 'assests', 'Logo.png')
 7 SYSTEMPATH\CodeIgniter.php(509): CodeIgniter\CodeIgniter->runController(Object(App\Controllers\Courses))
 8 SYSTEMPATH\CodeIgniter.php(355): CodeIgniter\CodeIgniter->handleRequest(null, Object(Config\Cache), false)
 9 SYSTEMPATH\Boot.php(325): CodeIgniter\CodeIgniter->run()
10 SYSTEMPATH\Boot.php(67): CodeIgniter\Boot::runCodeIgniter(Object(CodeIgniter\CodeIgniter))
11 FCPATH\index.php(56): CodeIgniter\Boot::bootWeb(Object(Config\Paths))
CRITICAL - 2024-12-31 21:55:58 --> ErrorException: Trying to access array offset on value of type null
[Method: GET, Route: courses/department_syllabus/public/assests/Logo.png]
in APPPATH\Views\dashboard\courses\index_syllabus.php on line 6.
 1 APPPATH\Views\dashboard\courses\index_syllabus.php(6): CodeIgniter\Debug\Exceptions->errorHandler(2, 'Trying to access array offset on value of type null', 'C:\\xampp\\htdocs\\Student_Management_Portal\\app\\Views\\dashboard\\courses\\index_syllabus.php', 6)
 2 SYSTEMPATH\View\View.php(234): include('C:\\xampp\\htdocs\\Student_Management_Portal\\app\\Views\\dashboard\\courses\\index_syllabus.php')
 3 SYSTEMPATH\View\View.php(237): CodeIgniter\View\View->CodeIgniter\View\{closure}()
 4 SYSTEMPATH\Common.php(1171): CodeIgniter\View\View->render('dashboard/courses/index_syllabus', [], true)
 5 APPPATH\Controllers\Courses.php(46): view('dashboard/courses/index_syllabus', [...])
 6 SYSTEMPATH\CodeIgniter.php(933): App\Controllers\Courses->department_syllabus('public', 'assests', 'Logo.png')
 7 SYSTEMPATH\CodeIgniter.php(509): CodeIgniter\CodeIgniter->runController(Object(App\Controllers\Courses))
 8 SYSTEMPATH\CodeIgniter.php(355): CodeIgniter\CodeIgniter->handleRequest(null, Object(Config\Cache), false)
 9 SYSTEMPATH\Boot.php(325): CodeIgniter\CodeIgniter->run()
10 SYSTEMPATH\Boot.php(67): CodeIgniter\Boot::runCodeIgniter(Object(CodeIgniter\CodeIgniter))
11 FCPATH\index.php(56): CodeIgniter\Boot::bootWeb(Object(Config\Paths))
CRITICAL - 2024-12-31 22:18:48 --> ErrorException: Trying to access array offset on value of type null
[Method: GET, Route: courses/department_syllabus/public/assests/Logo.png]
in APPPATH\Views\dashboard\courses\index_syllabus.php on line 6.
 1 APPPATH\Views\dashboard\courses\index_syllabus.php(6): CodeIgniter\Debug\Exceptions->errorHandler(2, 'Trying to access array offset on value of type null', 'C:\\xampp\\htdocs\\Student_Management_Portal\\app\\Views\\dashboard\\courses\\index_syllabus.php', 6)
 2 SYSTEMPATH\View\View.php(234): include('C:\\xampp\\htdocs\\Student_Management_Portal\\app\\Views\\dashboard\\courses\\index_syllabus.php')
 3 SYSTEMPATH\View\View.php(237): CodeIgniter\View\View->CodeIgniter\View\{closure}()
 4 SYSTEMPATH\Common.php(1171): CodeIgniter\View\View->render('dashboard/courses/index_syllabus', [], true)
 5 APPPATH\Controllers\Courses.php(46): view('dashboard/courses/index_syllabus', [...])
 6 SYSTEMPATH\CodeIgniter.php(933): App\Controllers\Courses->department_syllabus('public', 'assests', 'Logo.png')
 7 SYSTEMPATH\CodeIgniter.php(509): CodeIgniter\CodeIgniter->runController(Object(App\Controllers\Courses))
 8 SYSTEMPATH\CodeIgniter.php(355): CodeIgniter\CodeIgniter->handleRequest(null, Object(Config\Cache), false)
 9 SYSTEMPATH\Boot.php(325): CodeIgniter\CodeIgniter->run()
10 SYSTEMPATH\Boot.php(67): CodeIgniter\Boot::runCodeIgniter(Object(CodeIgniter\CodeIgniter))
11 FCPATH\index.php(56): CodeIgniter\Boot::bootWeb(Object(Config\Paths))
CRITICAL - 2024-12-31 22:18:57 --> ErrorException: Trying to access array offset on value of type null
[Method: GET, Route: courses/department_syllabus/public/assests/Logo.png]
in APPPATH\Views\dashboard\courses\index_syllabus.php on line 6.
 1 APPPATH\Views\dashboard\courses\index_syllabus.php(6): CodeIgniter\Debug\Exceptions->errorHandler(2, 'Trying to access array offset on value of type null', 'C:\\xampp\\htdocs\\Student_Management_Portal\\app\\Views\\dashboard\\courses\\index_syllabus.php', 6)
 2 SYSTEMPATH\View\View.php(234): include('C:\\xampp\\htdocs\\Student_Management_Portal\\app\\Views\\dashboard\\courses\\index_syllabus.php')
 3 SYSTEMPATH\View\View.php(237): CodeIgniter\View\View->CodeIgniter\View\{closure}()
 4 SYSTEMPATH\Common.php(1171): CodeIgniter\View\View->render('dashboard/courses/index_syllabus', [], true)
 5 APPPATH\Controllers\Courses.php(46): view('dashboard/courses/index_syllabus', [...])
 6 SYSTEMPATH\CodeIgniter.php(933): App\Controllers\Courses->department_syllabus('public', 'assests', 'Logo.png')
 7 SYSTEMPATH\CodeIgniter.php(509): CodeIgniter\CodeIgniter->runController(Object(App\Controllers\Courses))
 8 SYSTEMPATH\CodeIgniter.php(355): CodeIgniter\CodeIgniter->handleRequest(null, Object(Config\Cache), false)
 9 SYSTEMPATH\Boot.php(325): CodeIgniter\CodeIgniter->run()
10 SYSTEMPATH\Boot.php(67): CodeIgniter\Boot::runCodeIgniter(Object(CodeIgniter\CodeIgniter))
11 FCPATH\index.php(56): CodeIgniter\Boot::bootWeb(Object(Config\Paths))
INFO - 2024-12-31 22:18:58 --> Session: Class initialized using 'CodeIgniter\Session\Handlers\FileHandler' driver.
CRITICAL - 2024-12-31 22:19:05 --> ErrorException: Trying to access array offset on value of type null
[Method: GET, Route: courses/department_syllabus/public/assests/Logo.png]
in APPPATH\Views\dashboard\courses\index_syllabus.php on line 6.
 1 APPPATH\Views\dashboard\courses\index_syllabus.php(6): CodeIgniter\Debug\Exceptions->errorHandler(2, 'Trying to access array offset on value of type null', 'C:\\xampp\\htdocs\\Student_Management_Portal\\app\\Views\\dashboard\\courses\\index_syllabus.php', 6)
 2 SYSTEMPATH\View\View.php(234): include('C:\\xampp\\htdocs\\Student_Management_Portal\\app\\Views\\dashboard\\courses\\index_syllabus.php')
 3 SYSTEMPATH\View\View.php(237): CodeIgniter\View\View->CodeIgniter\View\{closure}()
 4 SYSTEMPATH\Common.php(1171): CodeIgniter\View\View->render('dashboard/courses/index_syllabus', [], true)
 5 APPPATH\Controllers\Courses.php(46): view('dashboard/courses/index_syllabus', [...])
 6 SYSTEMPATH\CodeIgniter.php(933): App\Controllers\Courses->department_syllabus('public', 'assests', 'Logo.png')
 7 SYSTEMPATH\CodeIgniter.php(509): CodeIgniter\CodeIgniter->runController(Object(App\Controllers\Courses))
 8 SYSTEMPATH\CodeIgniter.php(355): CodeIgniter\CodeIgniter->handleRequest(null, Object(Config\Cache), false)
 9 SYSTEMPATH\Boot.php(325): CodeIgniter\CodeIgniter->run()
10 SYSTEMPATH\Boot.php(67): CodeIgniter\Boot::runCodeIgniter(Object(CodeIgniter\CodeIgniter))
11 FCPATH\index.php(56): CodeIgniter\Boot::bootWeb(Object(Config\Paths))
CRITICAL - 2024-12-31 22:19:25 --> ErrorException: Trying to access array offset on value of type null
[Method: GET, Route: courses/department_syllabus/public/assests/Logo.png]
in APPPATH\Views\dashboard\courses\index_syllabus.php on line 6.
 1 APPPATH\Views\dashboard\courses\index_syllabus.php(6): CodeIgniter\Debug\Exceptions->errorHandler(2, 'Trying to access array offset on value of type null', 'C:\\xampp\\htdocs\\Student_Management_Portal\\app\\Views\\dashboard\\courses\\index_syllabus.php', 6)
 2 SYSTEMPATH\View\View.php(234): include('C:\\xampp\\htdocs\\Student_Management_Portal\\app\\Views\\dashboard\\courses\\index_syllabus.php')
 3 SYSTEMPATH\View\View.php(237): CodeIgniter\View\View->CodeIgniter\View\{closure}()
 4 SYSTEMPATH\Common.php(1171): CodeIgniter\View\View->render('dashboard/courses/index_syllabus', [], true)
 5 APPPATH\Controllers\Courses.php(46): view('dashboard/courses/index_syllabus', [...])
 6 SYSTEMPATH\CodeIgniter.php(933): App\Controllers\Courses->department_syllabus('public', 'assests', 'Logo.png')
 7 SYSTEMPATH\CodeIgniter.php(509): CodeIgniter\CodeIgniter->runController(Object(App\Controllers\Courses))
 8 SYSTEMPATH\CodeIgniter.php(355): CodeIgniter\CodeIgniter->handleRequest(null, Object(Config\Cache), false)
 9 SYSTEMPATH\Boot.php(325): CodeIgniter\CodeIgniter->run()
10 SYSTEMPATH\Boot.php(67): CodeIgniter\Boot::runCodeIgniter(Object(CodeIgniter\CodeIgniter))
11 FCPATH\index.php(56): CodeIgniter\Boot::bootWeb(Object(Config\Paths))
CRITICAL - 2024-12-31 22:24:50 --> ErrorException: Trying to access array offset on value of type null
[Method: GET, Route: courses/department_syllabus/public/assests/Logo.png]
in APPPATH\Views\dashboard\courses\index_syllabus.php on line 6.
 1 APPPATH\Views\dashboard\courses\index_syllabus.php(6): CodeIgniter\Debug\Exceptions->errorHandler(2, 'Trying to access array offset on value of type null', 'C:\\xampp\\htdocs\\Student_Management_Portal\\app\\Views\\dashboard\\courses\\index_syllabus.php', 6)
 2 SYSTEMPATH\View\View.php(234): include('C:\\xampp\\htdocs\\Student_Management_Portal\\app\\Views\\dashboard\\courses\\index_syllabus.php')
 3 SYSTEMPATH\View\View.php(237): CodeIgniter\View\View->CodeIgniter\View\{closure}()
 4 SYSTEMPATH\Common.php(1171): CodeIgniter\View\View->render('dashboard/courses/index_syllabus', [], true)
 5 APPPATH\Controllers\Courses.php(46): view('dashboard/courses/index_syllabus', [...])
 6 SYSTEMPATH\CodeIgniter.php(933): App\Controllers\Courses->department_syllabus('public', 'assests', 'Logo.png')
 7 SYSTEMPATH\CodeIgniter.php(509): CodeIgniter\CodeIgniter->runController(Object(App\Controllers\Courses))
 8 SYSTEMPATH\CodeIgniter.php(355): CodeIgniter\CodeIgniter->handleRequest(null, Object(Config\Cache), false)
 9 SYSTEMPATH\Boot.php(325): CodeIgniter\CodeIgniter->run()
10 SYSTEMPATH\Boot.php(67): CodeIgniter\Boot::runCodeIgniter(Object(CodeIgniter\CodeIgniter))
11 FCPATH\index.php(56): CodeIgniter\Boot::bootWeb(Object(Config\Paths))
CRITICAL - 2024-12-31 22:24:51 --> ErrorException: Trying to access array offset on value of type null
[Method: GET, Route: courses/department_syllabus/public/assests/Logo.png]
in APPPATH\Views\dashboard\courses\index_syllabus.php on line 6.
 1 APPPATH\Views\dashboard\courses\index_syllabus.php(6): CodeIgniter\Debug\Exceptions->errorHandler(2, 'Trying to access array offset on value of type null', 'C:\\xampp\\htdocs\\Student_Management_Portal\\app\\Views\\dashboard\\courses\\index_syllabus.php', 6)
 2 SYSTEMPATH\View\View.php(234): include('C:\\xampp\\htdocs\\Student_Management_Portal\\app\\Views\\dashboard\\courses\\index_syllabus.php')
 3 SYSTEMPATH\View\View.php(237): CodeIgniter\View\View->CodeIgniter\View\{closure}()
 4 SYSTEMPATH\Common.php(1171): CodeIgniter\View\View->render('dashboard/courses/index_syllabus', [], true)
 5 APPPATH\Controllers\Courses.php(46): view('dashboard/courses/index_syllabus', [...])
 6 SYSTEMPATH\CodeIgniter.php(933): App\Controllers\Courses->department_syllabus('public', 'assests', 'Logo.png')
 7 SYSTEMPATH\CodeIgniter.php(509): CodeIgniter\CodeIgniter->runController(Object(App\Controllers\Courses))
 8 SYSTEMPATH\CodeIgniter.php(355): CodeIgniter\CodeIgniter->handleRequest(null, Object(Config\Cache), false)
 9 SYSTEMPATH\Boot.php(325): CodeIgniter\CodeIgniter->run()
10 SYSTEMPATH\Boot.php(67): CodeIgniter\Boot::runCodeIgniter(Object(CodeIgniter\CodeIgniter))
11 FCPATH\index.php(56): CodeIgniter\Boot::bootWeb(Object(Config\Paths))
INFO - 2024-12-31 22:24:52 --> Session: Class initialized using 'CodeIgniter\Session\Handlers\FileHandler' driver.
INFO - 2024-12-31 22:24:52 --> Session: Class initialized using 'CodeIgniter\Session\Handlers\FileHandler' driver.
INFO - 2024-12-31 22:24:52 --> Session: Class initialized using 'CodeIgniter\Session\Handlers\FileHandler' driver.
INFO - 2024-12-31 22:24:52 --> Session: Class initialized using 'CodeIgniter\Session\Handlers\FileHandler' driver.
CRITICAL - 2024-12-31 22:24:55 --> ErrorException: Trying to access array offset on value of type null
[Method: GET, Route: courses/department_syllabus/public/assests/Logo.png]
in APPPATH\Views\dashboard\courses\index_syllabus.php on line 6.
 1 APPPATH\Views\dashboard\courses\index_syllabus.php(6): CodeIgniter\Debug\Exceptions->errorHandler(2, 'Trying to access array offset on value of type null', 'C:\\xampp\\htdocs\\Student_Management_Portal\\app\\Views\\dashboard\\courses\\index_syllabus.php', 6)
 2 SYSTEMPATH\View\View.php(234): include('C:\\xampp\\htdocs\\Student_Management_Portal\\app\\Views\\dashboard\\courses\\index_syllabus.php')
 3 SYSTEMPATH\View\View.php(237): CodeIgniter\View\View->CodeIgniter\View\{closure}()
 4 SYSTEMPATH\Common.php(1171): CodeIgniter\View\View->render('dashboard/courses/index_syllabus', [], true)
 5 APPPATH\Controllers\Courses.php(46): view('dashboard/courses/index_syllabus', [...])
 6 SYSTEMPATH\CodeIgniter.php(933): App\Controllers\Courses->department_syllabus('public', 'assests', 'Logo.png')
 7 SYSTEMPATH\CodeIgniter.php(509): CodeIgniter\CodeIgniter->runController(Object(App\Controllers\Courses))
 8 SYSTEMPATH\CodeIgniter.php(355): CodeIgniter\CodeIgniter->handleRequest(null, Object(Config\Cache), false)
 9 SYSTEMPATH\Boot.php(325): CodeIgniter\CodeIgniter->run()
10 SYSTEMPATH\Boot.php(67): CodeIgniter\Boot::runCodeIgniter(Object(CodeIgniter\CodeIgniter))
11 FCPATH\index.php(56): CodeIgniter\Boot::bootWeb(Object(Config\Paths))
INFO - 2024-12-31 22:25:05 --> Session: Class initialized using 'CodeIgniter\Session\Handlers\FileHandler' driver.
INFO - 2024-12-31 22:25:05 --> Session: Class initialized using 'CodeIgniter\Session\Handlers\FileHandler' driver.
INFO - 2024-12-31 22:25:15 --> Session: Class initialized using 'CodeIgniter\Session\Handlers\FileHandler' driver.
CRITICAL - 2024-12-31 22:25:16 --> ErrorException: Trying to access array offset on value of type null
[Method: GET, Route: courses/department_syllabus/public/assests/Logo.png]
in APPPATH\Views\dashboard\courses\index_syllabus.php on line 6.
 1 APPPATH\Views\dashboard\courses\index_syllabus.php(6): CodeIgniter\Debug\Exceptions->errorHandler(2, 'Trying to access array offset on value of type null', 'C:\\xampp\\htdocs\\Student_Management_Portal\\app\\Views\\dashboard\\courses\\index_syllabus.php', 6)
 2 SYSTEMPATH\View\View.php(234): include('C:\\xampp\\htdocs\\Student_Management_Portal\\app\\Views\\dashboard\\courses\\index_syllabus.php')
 3 SYSTEMPATH\View\View.php(237): CodeIgniter\View\View->CodeIgniter\View\{closure}()
 4 SYSTEMPATH\Common.php(1171): CodeIgniter\View\View->render('dashboard/courses/index_syllabus', [], true)
 5 APPPATH\Controllers\Courses.php(46): view('dashboard/courses/index_syllabus', [...])
 6 SYSTEMPATH\CodeIgniter.php(933): App\Controllers\Courses->department_syllabus('public', 'assests', 'Logo.png')
 7 SYSTEMPATH\CodeIgniter.php(509): CodeIgniter\CodeIgniter->runController(Object(App\Controllers\Courses))
 8 SYSTEMPATH\CodeIgniter.php(355): CodeIgniter\CodeIgniter->handleRequest(null, Object(Config\Cache), false)
 9 SYSTEMPATH\Boot.php(325): CodeIgniter\CodeIgniter->run()
10 SYSTEMPATH\Boot.php(67): CodeIgniter\Boot::runCodeIgniter(Object(CodeIgniter\CodeIgniter))
11 FCPATH\index.php(56): CodeIgniter\Boot::bootWeb(Object(Config\Paths))
CRITICAL - 2024-12-31 22:25:20 --> ErrorException: Trying to access array offset on value of type null
[Method: GET, Route: courses/syllabus_subjects/2/public/assests/Logo.png]
in APPPATH\Views\dashboard\courses\index_subject.php on line 6.
 1 APPPATH\Views\dashboard\courses\index_subject.php(6): CodeIgniter\Debug\Exceptions->errorHandler(2, 'Trying to access array offset on value of type null', 'C:\\xampp\\htdocs\\Student_Management_Portal\\app\\Views\\dashboard\\courses\\index_subject.php', 6)
 2 SYSTEMPATH\View\View.php(234): include('C:\\xampp\\htdocs\\Student_Management_Portal\\app\\Views\\dashboard\\courses\\index_subject.php')
 3 SYSTEMPATH\View\View.php(237): CodeIgniter\View\View->CodeIgniter\View\{closure}()
 4 SYSTEMPATH\Common.php(1171): CodeIgniter\View\View->render('dashboard/courses/index_subject', [], true)
 5 APPPATH\Controllers\Courses.php(75): view('dashboard/courses/index_subject', [...])
 6 SYSTEMPATH\CodeIgniter.php(933): App\Controllers\Courses->syllabus_subjects('2', 'public', 'assests', 'Logo.png')
 7 SYSTEMPATH\CodeIgniter.php(509): CodeIgniter\CodeIgniter->runController(Object(App\Controllers\Courses))
 8 SYSTEMPATH\CodeIgniter.php(355): CodeIgniter\CodeIgniter->handleRequest(null, Object(Config\Cache), false)
 9 SYSTEMPATH\Boot.php(325): CodeIgniter\CodeIgniter->run()
10 SYSTEMPATH\Boot.php(67): CodeIgniter\Boot::runCodeIgniter(Object(CodeIgniter\CodeIgniter))
11 FCPATH\index.php(56): CodeIgniter\Boot::bootWeb(Object(Config\Paths))
CRITICAL - 2024-12-31 22:25:21 --> ErrorException: Trying to access array offset on value of type null
[Method: GET, Route: courses/syllabus_subjects/2/public/assests/Logo.png]
in APPPATH\Views\dashboard\courses\index_subject.php on line 6.
 1 APPPATH\Views\dashboard\courses\index_subject.php(6): CodeIgniter\Debug\Exceptions->errorHandler(2, 'Trying to access array offset on value of type null', 'C:\\xampp\\htdocs\\Student_Management_Portal\\app\\Views\\dashboard\\courses\\index_subject.php', 6)
 2 SYSTEMPATH\View\View.php(234): include('C:\\xampp\\htdocs\\Student_Management_Portal\\app\\Views\\dashboard\\courses\\index_subject.php')
 3 SYSTEMPATH\View\View.php(237): CodeIgniter\View\View->CodeIgniter\View\{closure}()
 4 SYSTEMPATH\Common.php(1171): CodeIgniter\View\View->render('dashboard/courses/index_subject', [], true)
 5 APPPATH\Controllers\Courses.php(75): view('dashboard/courses/index_subject', [...])
 6 SYSTEMPATH\CodeIgniter.php(933): App\Controllers\Courses->syllabus_subjects('2', 'public', 'assests', 'Logo.png')
 7 SYSTEMPATH\CodeIgniter.php(509): CodeIgniter\CodeIgniter->runController(Object(App\Controllers\Courses))
 8 SYSTEMPATH\CodeIgniter.php(355): CodeIgniter\CodeIgniter->handleRequest(null, Object(Config\Cache), false)
 9 SYSTEMPATH\Boot.php(325): CodeIgniter\CodeIgniter->run()
10 SYSTEMPATH\Boot.php(67): CodeIgniter\Boot::runCodeIgniter(Object(CodeIgniter\CodeIgniter))
11 FCPATH\index.php(56): CodeIgniter\Boot::bootWeb(Object(Config\Paths))
CRITICAL - 2024-12-31 22:25:23 --> ErrorException: Trying to access array offset on value of type null
[Method: GET, Route: courses/department_syllabus/public/assests/Logo.png]
in APPPATH\Views\dashboard\courses\index_syllabus.php on line 6.
 1 APPPATH\Views\dashboard\courses\index_syllabus.php(6): CodeIgniter\Debug\Exceptions->errorHandler(2, 'Trying to access array offset on value of type null', 'C:\\xampp\\htdocs\\Student_Management_Portal\\app\\Views\\dashboard\\courses\\index_syllabus.php', 6)
 2 SYSTEMPATH\View\View.php(234): include('C:\\xampp\\htdocs\\Student_Management_Portal\\app\\Views\\dashboard\\courses\\index_syllabus.php')
 3 SYSTEMPATH\View\View.php(237): CodeIgniter\View\View->CodeIgniter\View\{closure}()
 4 SYSTEMPATH\Common.php(1171): CodeIgniter\View\View->render('dashboard/courses/index_syllabus', [], true)
 5 APPPATH\Controllers\Courses.php(46): view('dashboard/courses/index_syllabus', [...])
 6 SYSTEMPATH\CodeIgniter.php(933): App\Controllers\Courses->department_syllabus('public', 'assests', 'Logo.png')
 7 SYSTEMPATH\CodeIgniter.php(509): CodeIgniter\CodeIgniter->runController(Object(App\Controllers\Courses))
 8 SYSTEMPATH\CodeIgniter.php(355): CodeIgniter\CodeIgniter->handleRequest(null, Object(Config\Cache), false)
 9 SYSTEMPATH\Boot.php(325): CodeIgniter\CodeIgniter->run()
10 SYSTEMPATH\Boot.php(67): CodeIgniter\Boot::runCodeIgniter(Object(CodeIgniter\CodeIgniter))
11 FCPATH\index.php(56): CodeIgniter\Boot::bootWeb(Object(Config\Paths))
INFO - 2024-12-31 22:25:33 --> Session: Class initialized using 'CodeIgniter\Session\Handlers\FileHandler' driver.
INFO - 2024-12-31 22:25:33 --> Session: Class initialized using 'CodeIgniter\Session\Handlers\FileHandler' driver.
CRITICAL - 2024-12-31 22:25:36 --> ErrorException: Trying to access array offset on value of type null
[Method: GET, Route: courses/department_syllabus/public/assests/Logo.png]
in APPPATH\Views\dashboard\courses\index_syllabus.php on line 6.
 1 APPPATH\Views\dashboard\courses\index_syllabus.php(6): CodeIgniter\Debug\Exceptions->errorHandler(2, 'Trying to access array offset on value of type null', 'C:\\xampp\\htdocs\\Student_Management_Portal\\app\\Views\\dashboard\\courses\\index_syllabus.php', 6)
 2 SYSTEMPATH\View\View.php(234): include('C:\\xampp\\htdocs\\Student_Management_Portal\\app\\Views\\dashboard\\courses\\index_syllabus.php')
 3 SYSTEMPATH\View\View.php(237): CodeIgniter\View\View->CodeIgniter\View\{closure}()
 4 SYSTEMPATH\Common.php(1171): CodeIgniter\View\View->render('dashboard/courses/index_syllabus', [], true)
 5 APPPATH\Controllers\Courses.php(46): view('dashboard/courses/index_syllabus', [...])
 6 SYSTEMPATH\CodeIgniter.php(933): App\Controllers\Courses->department_syllabus('public', 'assests', 'Logo.png')
 7 SYSTEMPATH\CodeIgniter.php(509): CodeIgniter\CodeIgniter->runController(Object(App\Controllers\Courses))
 8 SYSTEMPATH\CodeIgniter.php(355): CodeIgniter\CodeIgniter->handleRequest(null, Object(Config\Cache), false)
 9 SYSTEMPATH\Boot.php(325): CodeIgniter\CodeIgniter->run()
10 SYSTEMPATH\Boot.php(67): CodeIgniter\Boot::runCodeIgniter(Object(CodeIgniter\CodeIgniter))
11 FCPATH\index.php(56): CodeIgniter\Boot::bootWeb(Object(Config\Paths))
CRITICAL - 2024-12-31 22:26:07 --> ErrorException: Trying to access array offset on value of type null
[Method: GET, Route: courses/department_syllabus/public/assests/Logo.png]
in APPPATH\Views\dashboard\courses\index_syllabus.php on line 6.
 1 APPPATH\Views\dashboard\courses\index_syllabus.php(6): CodeIgniter\Debug\Exceptions->errorHandler(2, 'Trying to access array offset on value of type null', 'C:\\xampp\\htdocs\\Student_Management_Portal\\app\\Views\\dashboard\\courses\\index_syllabus.php', 6)
 2 SYSTEMPATH\View\View.php(234): include('C:\\xampp\\htdocs\\Student_Management_Portal\\app\\Views\\dashboard\\courses\\index_syllabus.php')
 3 SYSTEMPATH\View\View.php(237): CodeIgniter\View\View->CodeIgniter\View\{closure}()
 4 SYSTEMPATH\Common.php(1171): CodeIgniter\View\View->render('dashboard/courses/index_syllabus', [], true)
 5 APPPATH\Controllers\Courses.php(46): view('dashboard/courses/index_syllabus', [...])
 6 SYSTEMPATH\CodeIgniter.php(933): App\Controllers\Courses->department_syllabus('public', 'assests', 'Logo.png')
 7 SYSTEMPATH\CodeIgniter.php(509): CodeIgniter\CodeIgniter->runController(Object(App\Controllers\Courses))
 8 SYSTEMPATH\CodeIgniter.php(355): CodeIgniter\CodeIgniter->handleRequest(null, Object(Config\Cache), false)
 9 SYSTEMPATH\Boot.php(325): CodeIgniter\CodeIgniter->run()
10 SYSTEMPATH\Boot.php(67): CodeIgniter\Boot::runCodeIgniter(Object(CodeIgniter\CodeIgniter))
11 FCPATH\index.php(56): CodeIgniter\Boot::bootWeb(Object(Config\Paths))
CRITICAL - 2024-12-31 22:29:48 --> ErrorException: Trying to access array offset on value of type null
[Method: GET, Route: courses/department_syllabus/public/assests/Logo.png]
in APPPATH\Views\dashboard\courses\index_syllabus.php on line 6.
 1 APPPATH\Views\dashboard\courses\index_syllabus.php(6): CodeIgniter\Debug\Exceptions->errorHandler(2, 'Trying to access array offset on value of type null', 'C:\\xampp\\htdocs\\Student_Management_Portal\\app\\Views\\dashboard\\courses\\index_syllabus.php', 6)
 2 SYSTEMPATH\View\View.php(234): include('C:\\xampp\\htdocs\\Student_Management_Portal\\app\\Views\\dashboard\\courses\\index_syllabus.php')
 3 SYSTEMPATH\View\View.php(237): CodeIgniter\View\View->CodeIgniter\View\{closure}()
 4 SYSTEMPATH\Common.php(1171): CodeIgniter\View\View->render('dashboard/courses/index_syllabus', [], true)
 5 APPPATH\Controllers\Courses.php(46): view('dashboard/courses/index_syllabus', [...])
 6 SYSTEMPATH\CodeIgniter.php(933): App\Controllers\Courses->department_syllabus('public', 'assests', 'Logo.png')
 7 SYSTEMPATH\CodeIgniter.php(509): CodeIgniter\CodeIgniter->runController(Object(App\Controllers\Courses))
 8 SYSTEMPATH\CodeIgniter.php(355): CodeIgniter\CodeIgniter->handleRequest(null, Object(Config\Cache), false)
 9 SYSTEMPATH\Boot.php(325): CodeIgniter\CodeIgniter->run()
10 SYSTEMPATH\Boot.php(67): CodeIgniter\Boot::runCodeIgniter(Object(CodeIgniter\CodeIgniter))
11 FCPATH\index.php(56): CodeIgniter\Boot::bootWeb(Object(Config\Paths))
INFO - 2024-12-31 22:29:54 --> Session: Class initialized using 'CodeIgniter\Session\Handlers\FileHandler' driver.
INFO - 2024-12-31 22:29:54 --> Session: Class initialized using 'CodeIgniter\Session\Handlers\FileHandler' driver.
INFO - 2024-12-31 22:30:03 --> Session: Class initialized using 'CodeIgniter\Session\Handlers\FileHandler' driver.
CRITICAL - 2024-12-31 22:30:03 --> ErrorException: Trying to access array offset on value of type null
[Method: GET, Route: courses/department_syllabus/public/assests/Logo.png]
in APPPATH\Views\dashboard\courses\index_syllabus.php on line 6.
 1 APPPATH\Views\dashboard\courses\index_syllabus.php(6): CodeIgniter\Debug\Exceptions->errorHandler(2, 'Trying to access array offset on value of type null', 'C:\\xampp\\htdocs\\Student_Management_Portal\\app\\Views\\dashboard\\courses\\index_syllabus.php', 6)
 2 SYSTEMPATH\View\View.php(234): include('C:\\xampp\\htdocs\\Student_Management_Portal\\app\\Views\\dashboard\\courses\\index_syllabus.php')
 3 SYSTEMPATH\View\View.php(237): CodeIgniter\View\View->CodeIgniter\View\{closure}()
 4 SYSTEMPATH\Common.php(1171): CodeIgniter\View\View->render('dashboard/courses/index_syllabus', [], true)
 5 APPPATH\Controllers\Courses.php(46): view('dashboard/courses/index_syllabus', [...])
 6 SYSTEMPATH\CodeIgniter.php(933): App\Controllers\Courses->department_syllabus('public', 'assests', 'Logo.png')
 7 SYSTEMPATH\CodeIgniter.php(509): CodeIgniter\CodeIgniter->runController(Object(App\Controllers\Courses))
 8 SYSTEMPATH\CodeIgniter.php(355): CodeIgniter\CodeIgniter->handleRequest(null, Object(Config\Cache), false)
 9 SYSTEMPATH\Boot.php(325): CodeIgniter\CodeIgniter->run()
10 SYSTEMPATH\Boot.php(67): CodeIgniter\Boot::runCodeIgniter(Object(CodeIgniter\CodeIgniter))
11 FCPATH\index.php(56): CodeIgniter\Boot::bootWeb(Object(Config\Paths))
CRITICAL - 2024-12-31 22:30:56 --> ErrorException: Trying to access array offset on value of type null
[Method: GET, Route: courses/syllabus_subjects/2/public/assests/Logo.png]
in APPPATH\Views\dashboard\courses\index_subject.php on line 6.
 1 APPPATH\Views\dashboard\courses\index_subject.php(6): CodeIgniter\Debug\Exceptions->errorHandler(2, 'Trying to access array offset on value of type null', 'C:\\xampp\\htdocs\\Student_Management_Portal\\app\\Views\\dashboard\\courses\\index_subject.php', 6)
 2 SYSTEMPATH\View\View.php(234): include('C:\\xampp\\htdocs\\Student_Management_Portal\\app\\Views\\dashboard\\courses\\index_subject.php')
 3 SYSTEMPATH\View\View.php(237): CodeIgniter\View\View->CodeIgniter\View\{closure}()
 4 SYSTEMPATH\Common.php(1171): CodeIgniter\View\View->render('dashboard/courses/index_subject', [], true)
 5 APPPATH\Controllers\Courses.php(75): view('dashboard/courses/index_subject', [...])
 6 SYSTEMPATH\CodeIgniter.php(933): App\Controllers\Courses->syllabus_subjects('2', 'public', 'assests', 'Logo.png')
 7 SYSTEMPATH\CodeIgniter.php(509): CodeIgniter\CodeIgniter->runController(Object(App\Controllers\Courses))
 8 SYSTEMPATH\CodeIgniter.php(355): CodeIgniter\CodeIgniter->handleRequest(null, Object(Config\Cache), false)
 9 SYSTEMPATH\Boot.php(325): CodeIgniter\CodeIgniter->run()
10 SYSTEMPATH\Boot.php(67): CodeIgniter\Boot::runCodeIgniter(Object(CodeIgniter\CodeIgniter))
11 FCPATH\index.php(56): CodeIgniter\Boot::bootWeb(Object(Config\Paths))
CRITICAL - 2024-12-31 22:31:00 --> ErrorException: Trying to access array offset on value of type null
[Method: GET, Route: courses/department_syllabus/public/assests/Logo.png]
in APPPATH\Views\dashboard\courses\index_syllabus.php on line 6.
 1 APPPATH\Views\dashboard\courses\index_syllabus.php(6): CodeIgniter\Debug\Exceptions->errorHandler(2, 'Trying to access array offset on value of type null', 'C:\\xampp\\htdocs\\Student_Management_Portal\\app\\Views\\dashboard\\courses\\index_syllabus.php', 6)
 2 SYSTEMPATH\View\View.php(234): include('C:\\xampp\\htdocs\\Student_Management_Portal\\app\\Views\\dashboard\\courses\\index_syllabus.php')
 3 SYSTEMPATH\View\View.php(237): CodeIgniter\View\View->CodeIgniter\View\{closure}()
 4 SYSTEMPATH\Common.php(1171): CodeIgniter\View\View->render('dashboard/courses/index_syllabus', [], true)
 5 APPPATH\Controllers\Courses.php(46): view('dashboard/courses/index_syllabus', [...])
 6 SYSTEMPATH\CodeIgniter.php(933): App\Controllers\Courses->department_syllabus('public', 'assests', 'Logo.png')
 7 SYSTEMPATH\CodeIgniter.php(509): CodeIgniter\CodeIgniter->runController(Object(App\Controllers\Courses))
 8 SYSTEMPATH\CodeIgniter.php(355): CodeIgniter\CodeIgniter->handleRequest(null, Object(Config\Cache), false)
 9 SYSTEMPATH\Boot.php(325): CodeIgniter\CodeIgniter->run()
10 SYSTEMPATH\Boot.php(67): CodeIgniter\Boot::runCodeIgniter(Object(CodeIgniter\CodeIgniter))
11 FCPATH\index.php(56): CodeIgniter\Boot::bootWeb(Object(Config\Paths))
CRITICAL - 2024-12-31 22:34:08 --> ErrorException: Trying to access array offset on value of type null
[Method: GET, Route: courses/department_syllabus/public/assests/Logo.png]
in APPPATH\Views\dashboard\courses\index_syllabus.php on line 6.
 1 APPPATH\Views\dashboard\courses\index_syllabus.php(6): CodeIgniter\Debug\Exceptions->errorHandler(2, 'Trying to access array offset on value of type null', 'C:\\xampp\\htdocs\\Student_Management_Portal\\app\\Views\\dashboard\\courses\\index_syllabus.php', 6)
 2 SYSTEMPATH\View\View.php(234): include('C:\\xampp\\htdocs\\Student_Management_Portal\\app\\Views\\dashboard\\courses\\index_syllabus.php')
 3 SYSTEMPATH\View\View.php(237): CodeIgniter\View\View->CodeIgniter\View\{closure}()
 4 SYSTEMPATH\Common.php(1171): CodeIgniter\View\View->render('dashboard/courses/index_syllabus', [], true)
 5 APPPATH\Controllers\Courses.php(46): view('dashboard/courses/index_syllabus', [...])
 6 SYSTEMPATH\CodeIgniter.php(933): App\Controllers\Courses->department_syllabus('public', 'assests', 'Logo.png')
 7 SYSTEMPATH\CodeIgniter.php(509): CodeIgniter\CodeIgniter->runController(Object(App\Controllers\Courses))
 8 SYSTEMPATH\CodeIgniter.php(355): CodeIgniter\CodeIgniter->handleRequest(null, Object(Config\Cache), false)
 9 SYSTEMPATH\Boot.php(325): CodeIgniter\CodeIgniter->run()
10 SYSTEMPATH\Boot.php(67): CodeIgniter\Boot::runCodeIgniter(Object(CodeIgniter\CodeIgniter))
11 FCPATH\index.php(56): CodeIgniter\Boot::bootWeb(Object(Config\Paths))
CRITICAL - 2024-12-31 22:34:09 --> ErrorException: Trying to access array offset on value of type null
[Method: GET, Route: courses/department_syllabus/public/assests/Logo.png]
in APPPATH\Views\dashboard\courses\index_syllabus.php on line 6.
 1 APPPATH\Views\dashboard\courses\index_syllabus.php(6): CodeIgniter\Debug\Exceptions->errorHandler(2, 'Trying to access array offset on value of type null', 'C:\\xampp\\htdocs\\Student_Management_Portal\\app\\Views\\dashboard\\courses\\index_syllabus.php', 6)
 2 SYSTEMPATH\View\View.php(234): include('C:\\xampp\\htdocs\\Student_Management_Portal\\app\\Views\\dashboard\\courses\\index_syllabus.php')
 3 SYSTEMPATH\View\View.php(237): CodeIgniter\View\View->CodeIgniter\View\{closure}()
 4 SYSTEMPATH\Common.php(1171): CodeIgniter\View\View->render('dashboard/courses/index_syllabus', [], true)
 5 APPPATH\Controllers\Courses.php(46): view('dashboard/courses/index_syllabus', [...])
 6 SYSTEMPATH\CodeIgniter.php(933): App\Controllers\Courses->department_syllabus('public', 'assests', 'Logo.png')
 7 SYSTEMPATH\CodeIgniter.php(509): CodeIgniter\CodeIgniter->runController(Object(App\Controllers\Courses))
 8 SYSTEMPATH\CodeIgniter.php(355): CodeIgniter\CodeIgniter->handleRequest(null, Object(Config\Cache), false)
 9 SYSTEMPATH\Boot.php(325): CodeIgniter\CodeIgniter->run()
10 SYSTEMPATH\Boot.php(67): CodeIgniter\Boot::runCodeIgniter(Object(CodeIgniter\CodeIgniter))
11 FCPATH\index.php(56): CodeIgniter\Boot::bootWeb(Object(Config\Paths))
CRITICAL - 2024-12-31 22:34:13 --> ErrorException: Trying to access array offset on value of type null
[Method: GET, Route: courses/department_syllabus/public/assests/Logo.png]
in APPPATH\Views\dashboard\courses\index_syllabus.php on line 6.
 1 APPPATH\Views\dashboard\courses\index_syllabus.php(6): CodeIgniter\Debug\Exceptions->errorHandler(2, 'Trying to access array offset on value of type null', 'C:\\xampp\\htdocs\\Student_Management_Portal\\app\\Views\\dashboard\\courses\\index_syllabus.php', 6)
 2 SYSTEMPATH\View\View.php(234): include('C:\\xampp\\htdocs\\Student_Management_Portal\\app\\Views\\dashboard\\courses\\index_syllabus.php')
 3 SYSTEMPATH\View\View.php(237): CodeIgniter\View\View->CodeIgniter\View\{closure}()
 4 SYSTEMPATH\Common.php(1171): CodeIgniter\View\View->render('dashboard/courses/index_syllabus', [], true)
 5 APPPATH\Controllers\Courses.php(46): view('dashboard/courses/index_syllabus', [...])
 6 SYSTEMPATH\CodeIgniter.php(933): App\Controllers\Courses->department_syllabus('public', 'assests', 'Logo.png')
 7 SYSTEMPATH\CodeIgniter.php(509): CodeIgniter\CodeIgniter->runController(Object(App\Controllers\Courses))
 8 SYSTEMPATH\CodeIgniter.php(355): CodeIgniter\CodeIgniter->handleRequest(null, Object(Config\Cache), false)
 9 SYSTEMPATH\Boot.php(325): CodeIgniter\CodeIgniter->run()
10 SYSTEMPATH\Boot.php(67): CodeIgniter\Boot::runCodeIgniter(Object(CodeIgniter\CodeIgniter))
11 FCPATH\index.php(56): CodeIgniter\Boot::bootWeb(Object(Config\Paths))
CRITICAL - 2024-12-31 22:36:34 --> ErrorException: Trying to access array offset on value of type null
[Method: GET, Route: courses/department_syllabus/public/assests/Logo.png]
in APPPATH\Views\dashboard\courses\index_syllabus.php on line 6.
 1 APPPATH\Views\dashboard\courses\index_syllabus.php(6): CodeIgniter\Debug\Exceptions->errorHandler(2, 'Trying to access array offset on value of type null', 'C:\\xampp\\htdocs\\Student_Management_Portal\\app\\Views\\dashboard\\courses\\index_syllabus.php', 6)
 2 SYSTEMPATH\View\View.php(234): include('C:\\xampp\\htdocs\\Student_Management_Portal\\app\\Views\\dashboard\\courses\\index_syllabus.php')
 3 SYSTEMPATH\View\View.php(237): CodeIgniter\View\View->CodeIgniter\View\{closure}()
 4 SYSTEMPATH\Common.php(1171): CodeIgniter\View\View->render('dashboard/courses/index_syllabus', [], true)
 5 APPPATH\Controllers\Courses.php(46): view('dashboard/courses/index_syllabus', [...])
 6 SYSTEMPATH\CodeIgniter.php(933): App\Controllers\Courses->department_syllabus('public', 'assests', 'Logo.png')
 7 SYSTEMPATH\CodeIgniter.php(509): CodeIgniter\CodeIgniter->runController(Object(App\Controllers\Courses))
 8 SYSTEMPATH\CodeIgniter.php(355): CodeIgniter\CodeIgniter->handleRequest(null, Object(Config\Cache), false)
 9 SYSTEMPATH\Boot.php(325): CodeIgniter\CodeIgniter->run()
10 SYSTEMPATH\Boot.php(67): CodeIgniter\Boot::runCodeIgniter(Object(CodeIgniter\CodeIgniter))
11 FCPATH\index.php(56): CodeIgniter\Boot::bootWeb(Object(Config\Paths))
CRITICAL - 2024-12-31 22:36:35 --> ErrorException: Trying to access array offset on value of type null
[Method: GET, Route: courses/department_syllabus/public/assests/Logo.png]
in APPPATH\Views\dashboard\courses\index_syllabus.php on line 6.
 1 APPPATH\Views\dashboard\courses\index_syllabus.php(6): CodeIgniter\Debug\Exceptions->errorHandler(2, 'Trying to access array offset on value of type null', 'C:\\xampp\\htdocs\\Student_Management_Portal\\app\\Views\\dashboard\\courses\\index_syllabus.php', 6)
 2 SYSTEMPATH\View\View.php(234): include('C:\\xampp\\htdocs\\Student_Management_Portal\\app\\Views\\dashboard\\courses\\index_syllabus.php')
 3 SYSTEMPATH\View\View.php(237): CodeIgniter\View\View->CodeIgniter\View\{closure}()
 4 SYSTEMPATH\Common.php(1171): CodeIgniter\View\View->render('dashboard/courses/index_syllabus', [], true)
 5 APPPATH\Controllers\Courses.php(46): view('dashboard/courses/index_syllabus', [...])
 6 SYSTEMPATH\CodeIgniter.php(933): App\Controllers\Courses->department_syllabus('public', 'assests', 'Logo.png')
 7 SYSTEMPATH\CodeIgniter.php(509): CodeIgniter\CodeIgniter->runController(Object(App\Controllers\Courses))
 8 SYSTEMPATH\CodeIgniter.php(355): CodeIgniter\CodeIgniter->handleRequest(null, Object(Config\Cache), false)
 9 SYSTEMPATH\Boot.php(325): CodeIgniter\CodeIgniter->run()
10 SYSTEMPATH\Boot.php(67): CodeIgniter\Boot::runCodeIgniter(Object(CodeIgniter\CodeIgniter))
11 FCPATH\index.php(56): CodeIgniter\Boot::bootWeb(Object(Config\Paths))
CRITICAL - 2024-12-31 22:36:38 --> ErrorException: Trying to access array offset on value of type null
[Method: GET, Route: courses/department_syllabus/public/assests/Logo.png]
in APPPATH\Views\dashboard\courses\index_syllabus.php on line 6.
 1 APPPATH\Views\dashboard\courses\index_syllabus.php(6): CodeIgniter\Debug\Exceptions->errorHandler(2, 'Trying to access array offset on value of type null', 'C:\\xampp\\htdocs\\Student_Management_Portal\\app\\Views\\dashboard\\courses\\index_syllabus.php', 6)
 2 SYSTEMPATH\View\View.php(234): include('C:\\xampp\\htdocs\\Student_Management_Portal\\app\\Views\\dashboard\\courses\\index_syllabus.php')
 3 SYSTEMPATH\View\View.php(237): CodeIgniter\View\View->CodeIgniter\View\{closure}()
 4 SYSTEMPATH\Common.php(1171): CodeIgniter\View\View->render('dashboard/courses/index_syllabus', [], true)
 5 APPPATH\Controllers\Courses.php(46): view('dashboard/courses/index_syllabus', [...])
 6 SYSTEMPATH\CodeIgniter.php(933): App\Controllers\Courses->department_syllabus('public', 'assests', 'Logo.png')
 7 SYSTEMPATH\CodeIgniter.php(509): CodeIgniter\CodeIgniter->runController(Object(App\Controllers\Courses))
 8 SYSTEMPATH\CodeIgniter.php(355): CodeIgniter\CodeIgniter->handleRequest(null, Object(Config\Cache), false)
 9 SYSTEMPATH\Boot.php(325): CodeIgniter\CodeIgniter->run()
10 SYSTEMPATH\Boot.php(67): CodeIgniter\Boot::runCodeIgniter(Object(CodeIgniter\CodeIgniter))
11 FCPATH\index.php(56): CodeIgniter\Boot::bootWeb(Object(Config\Paths))
CRITICAL - 2024-12-31 22:36:41 --> ErrorException: Trying to access array offset on value of type null
[Method: GET, Route: courses/department_syllabus/public/assests/Logo.png]
in APPPATH\Views\dashboard\courses\index_syllabus.php on line 6.
 1 APPPATH\Views\dashboard\courses\index_syllabus.php(6): CodeIgniter\Debug\Exceptions->errorHandler(2, 'Trying to access array offset on value of type null', 'C:\\xampp\\htdocs\\Student_Management_Portal\\app\\Views\\dashboard\\courses\\index_syllabus.php', 6)
 2 SYSTEMPATH\View\View.php(234): include('C:\\xampp\\htdocs\\Student_Management_Portal\\app\\Views\\dashboard\\courses\\index_syllabus.php')
 3 SYSTEMPATH\View\View.php(237): CodeIgniter\View\View->CodeIgniter\View\{closure}()
 4 SYSTEMPATH\Common.php(1171): CodeIgniter\View\View->render('dashboard/courses/index_syllabus', [], true)
 5 APPPATH\Controllers\Courses.php(46): view('dashboard/courses/index_syllabus', [...])
 6 SYSTEMPATH\CodeIgniter.php(933): App\Controllers\Courses->department_syllabus('public', 'assests', 'Logo.png')
 7 SYSTEMPATH\CodeIgniter.php(509): CodeIgniter\CodeIgniter->runController(Object(App\Controllers\Courses))
 8 SYSTEMPATH\CodeIgniter.php(355): CodeIgniter\CodeIgniter->handleRequest(null, Object(Config\Cache), false)
 9 SYSTEMPATH\Boot.php(325): CodeIgniter\CodeIgniter->run()
10 SYSTEMPATH\Boot.php(67): CodeIgniter\Boot::runCodeIgniter(Object(CodeIgniter\CodeIgniter))
11 FCPATH\index.php(56): CodeIgniter\Boot::bootWeb(Object(Config\Paths))
INFO - 2024-12-31 22:36:44 --> Session: Class initialized using 'CodeIgniter\Session\Handlers\FileHandler' driver.
INFO - 2024-12-31 22:36:45 --> Session: Class initialized using 'CodeIgniter\Session\Handlers\FileHandler' driver.
CRITICAL - 2024-12-31 22:36:45 --> ErrorException: Undefined array key "department_id"
[Method: GET, Route: courses]
in APPPATH\Views\dashboard\courses\index_department.php on line 60.
 1 APPPATH\Views\dashboard\courses\index_department.php(60): CodeIgniter\Debug\Exceptions->errorHandler(2, 'Undefined array key "department_id"', 'C:\\xampp\\htdocs\\Student_Management_Portal\\app\\Views\\dashboard\\courses\\index_department.php', 60)
 2 SYSTEMPATH\View\View.php(234): include('C:\\xampp\\htdocs\\Student_Management_Portal\\app\\Views\\dashboard\\courses\\index_department.php')
 3 SYSTEMPATH\View\View.php(237): CodeIgniter\View\View->CodeIgniter\View\{closure}()
 4 SYSTEMPATH\Common.php(1171): CodeIgniter\View\View->render('dashboard/courses/index_department', [], true)
 5 APPPATH\Controllers\Courses.php(24): view('dashboard/courses/index_department', [...])
 6 SYSTEMPATH\CodeIgniter.php(933): App\Controllers\Courses->index()
 7 SYSTEMPATH\CodeIgniter.php(509): CodeIgniter\CodeIgniter->runController(Object(App\Controllers\Courses))
 8 SYSTEMPATH\CodeIgniter.php(355): CodeIgniter\CodeIgniter->handleRequest(null, Object(Config\Cache), false)
 9 SYSTEMPATH\Boot.php(325): CodeIgniter\CodeIgniter->run()
10 SYSTEMPATH\Boot.php(67): CodeIgniter\Boot::runCodeIgniter(Object(CodeIgniter\CodeIgniter))
11 FCPATH\index.php(56): CodeIgniter\Boot::bootWeb(Object(Config\Paths))
CRITICAL - 2024-12-31 22:36:47 --> ErrorException: Trying to access array offset on value of type null
[Method: GET, Route: courses/department_syllabus/public/assests/Logo.png]
in APPPATH\Views\dashboard\courses\index_syllabus.php on line 6.
 1 APPPATH\Views\dashboard\courses\index_syllabus.php(6): CodeIgniter\Debug\Exceptions->errorHandler(2, 'Trying to access array offset on value of type null', 'C:\\xampp\\htdocs\\Student_Management_Portal\\app\\Views\\dashboard\\courses\\index_syllabus.php', 6)
 2 SYSTEMPATH\View\View.php(234): include('C:\\xampp\\htdocs\\Student_Management_Portal\\app\\Views\\dashboard\\courses\\index_syllabus.php')
 3 SYSTEMPATH\View\View.php(237): CodeIgniter\View\View->CodeIgniter\View\{closure}()
 4 SYSTEMPATH\Common.php(1171): CodeIgniter\View\View->render('dashboard/courses/index_syllabus', [], true)
 5 APPPATH\Controllers\Courses.php(46): view('dashboard/courses/index_syllabus', [...])
 6 SYSTEMPATH\CodeIgniter.php(933): App\Controllers\Courses->department_syllabus('public', 'assests', 'Logo.png')
 7 SYSTEMPATH\CodeIgniter.php(509): CodeIgniter\CodeIgniter->runController(Object(App\Controllers\Courses))
 8 SYSTEMPATH\CodeIgniter.php(355): CodeIgniter\CodeIgniter->handleRequest(null, Object(Config\Cache), false)
 9 SYSTEMPATH\Boot.php(325): CodeIgniter\CodeIgniter->run()
10 SYSTEMPATH\Boot.php(67): CodeIgniter\Boot::runCodeIgniter(Object(CodeIgniter\CodeIgniter))
11 FCPATH\index.php(56): CodeIgniter\Boot::bootWeb(Object(Config\Paths))
CRITICAL - 2024-12-31 22:36:49 --> ErrorException: Trying to access array offset on value of type null
[Method: GET, Route: courses/department_syllabus/public/assests/Logo.png]
in APPPATH\Views\dashboard\courses\index_syllabus.php on line 6.
 1 APPPATH\Views\dashboard\courses\index_syllabus.php(6): CodeIgniter\Debug\Exceptions->errorHandler(2, 'Trying to access array offset on value of type null', 'C:\\xampp\\htdocs\\Student_Management_Portal\\app\\Views\\dashboard\\courses\\index_syllabus.php', 6)
 2 SYSTEMPATH\View\View.php(234): include('C:\\xampp\\htdocs\\Student_Management_Portal\\app\\Views\\dashboard\\courses\\index_syllabus.php')
 3 SYSTEMPATH\View\View.php(237): CodeIgniter\View\View->CodeIgniter\View\{closure}()
 4 SYSTEMPATH\Common.php(1171): CodeIgniter\View\View->render('dashboard/courses/index_syllabus', [], true)
 5 APPPATH\Controllers\Courses.php(46): view('dashboard/courses/index_syllabus', [...])
 6 SYSTEMPATH\CodeIgniter.php(933): App\Controllers\Courses->department_syllabus('public', 'assests', 'Logo.png')
 7 SYSTEMPATH\CodeIgniter.php(509): CodeIgniter\CodeIgniter->runController(Object(App\Controllers\Courses))
 8 SYSTEMPATH\CodeIgniter.php(355): CodeIgniter\CodeIgniter->handleRequest(null, Object(Config\Cache), false)
 9 SYSTEMPATH\Boot.php(325): CodeIgniter\CodeIgniter->run()
10 SYSTEMPATH\Boot.php(67): CodeIgniter\Boot::runCodeIgniter(Object(CodeIgniter\CodeIgniter))
11 FCPATH\index.php(56): CodeIgniter\Boot::bootWeb(Object(Config\Paths))
CRITICAL - 2024-12-31 22:39:52 --> ErrorException: Trying to access array offset on value of type null
[Method: GET, Route: courses/department_syllabus/public/assests/Logo.png]
in APPPATH\Views\dashboard\courses\index_syllabus.php on line 6.
 1 APPPATH\Views\dashboard\courses\index_syllabus.php(6): CodeIgniter\Debug\Exceptions->errorHandler(2, 'Trying to access array offset on value of type null', 'C:\\xampp\\htdocs\\Student_Management_Portal\\app\\Views\\dashboard\\courses\\index_syllabus.php', 6)
 2 SYSTEMPATH\View\View.php(234): include('C:\\xampp\\htdocs\\Student_Management_Portal\\app\\Views\\dashboard\\courses\\index_syllabus.php')
 3 SYSTEMPATH\View\View.php(237): CodeIgniter\View\View->CodeIgniter\View\{closure}()
 4 SYSTEMPATH\Common.php(1171): CodeIgniter\View\View->render('dashboard/courses/index_syllabus', [], true)
 5 APPPATH\Controllers\Courses.php(46): view('dashboard/courses/index_syllabus', [...])
 6 SYSTEMPATH\CodeIgniter.php(933): App\Controllers\Courses->department_syllabus('public', 'assests', 'Logo.png')
 7 SYSTEMPATH\CodeIgniter.php(509): CodeIgniter\CodeIgniter->runController(Object(App\Controllers\Courses))
 8 SYSTEMPATH\CodeIgniter.php(355): CodeIgniter\CodeIgniter->handleRequest(null, Object(Config\Cache), false)
 9 SYSTEMPATH\Boot.php(325): CodeIgniter\CodeIgniter->run()
10 SYSTEMPATH\Boot.php(67): CodeIgniter\Boot::runCodeIgniter(Object(CodeIgniter\CodeIgniter))
11 FCPATH\index.php(56): CodeIgniter\Boot::bootWeb(Object(Config\Paths))
INFO - 2024-12-31 22:39:55 --> Session: Class initialized using 'CodeIgniter\Session\Handlers\FileHandler' driver.
CRITICAL - 2024-12-31 22:39:55 --> ErrorException: Trying to access array offset on value of type null
[Method: GET, Route: courses/department_syllabus/public/assests/Logo.png]
in APPPATH\Views\dashboard\courses\index_syllabus.php on line 6.
 1 APPPATH\Views\dashboard\courses\index_syllabus.php(6): CodeIgniter\Debug\Exceptions->errorHandler(2, 'Trying to access array offset on value of type null', 'C:\\xampp\\htdocs\\Student_Management_Portal\\app\\Views\\dashboard\\courses\\index_syllabus.php', 6)
 2 SYSTEMPATH\View\View.php(234): include('C:\\xampp\\htdocs\\Student_Management_Portal\\app\\Views\\dashboard\\courses\\index_syllabus.php')
 3 SYSTEMPATH\View\View.php(237): CodeIgniter\View\View->CodeIgniter\View\{closure}()
 4 SYSTEMPATH\Common.php(1171): CodeIgniter\View\View->render('dashboard/courses/index_syllabus', [], true)
 5 APPPATH\Controllers\Courses.php(46): view('dashboard/courses/index_syllabus', [...])
 6 SYSTEMPATH\CodeIgniter.php(933): App\Controllers\Courses->department_syllabus('public', 'assests', 'Logo.png')
 7 SYSTEMPATH\CodeIgniter.php(509): CodeIgniter\CodeIgniter->runController(Object(App\Controllers\Courses))
 8 SYSTEMPATH\CodeIgniter.php(355): CodeIgniter\CodeIgniter->handleRequest(null, Object(Config\Cache), false)
 9 SYSTEMPATH\Boot.php(325): CodeIgniter\CodeIgniter->run()
10 SYSTEMPATH\Boot.php(67): CodeIgniter\Boot::runCodeIgniter(Object(CodeIgniter\CodeIgniter))
11 FCPATH\index.php(56): CodeIgniter\Boot::bootWeb(Object(Config\Paths))
CRITICAL - 2024-12-31 22:40:02 --> ErrorException: Trying to access array offset on value of type null
[Method: GET, Route: courses/department_syllabus/public/assests/Logo.png]
in APPPATH\Views\dashboard\courses\index_syllabus.php on line 6.
 1 APPPATH\Views\dashboard\courses\index_syllabus.php(6): CodeIgniter\Debug\Exceptions->errorHandler(2, 'Trying to access array offset on value of type null', 'C:\\xampp\\htdocs\\Student_Management_Portal\\app\\Views\\dashboard\\courses\\index_syllabus.php', 6)
 2 SYSTEMPATH\View\View.php(234): include('C:\\xampp\\htdocs\\Student_Management_Portal\\app\\Views\\dashboard\\courses\\index_syllabus.php')
 3 SYSTEMPATH\View\View.php(237): CodeIgniter\View\View->CodeIgniter\View\{closure}()
 4 SYSTEMPATH\Common.php(1171): CodeIgniter\View\View->render('dashboard/courses/index_syllabus', [], true)
 5 APPPATH\Controllers\Courses.php(46): view('dashboard/courses/index_syllabus', [...])
 6 SYSTEMPATH\CodeIgniter.php(933): App\Controllers\Courses->department_syllabus('public', 'assests', 'Logo.png')
 7 SYSTEMPATH\CodeIgniter.php(509): CodeIgniter\CodeIgniter->runController(Object(App\Controllers\Courses))
 8 SYSTEMPATH\CodeIgniter.php(355): CodeIgniter\CodeIgniter->handleRequest(null, Object(Config\Cache), false)
 9 SYSTEMPATH\Boot.php(325): CodeIgniter\CodeIgniter->run()
10 SYSTEMPATH\Boot.php(67): CodeIgniter\Boot::runCodeIgniter(Object(CodeIgniter\CodeIgniter))
11 FCPATH\index.php(56): CodeIgniter\Boot::bootWeb(Object(Config\Paths))
INFO - 2024-12-31 22:40:05 --> Session: Class initialized using 'CodeIgniter\Session\Handlers\FileHandler' driver.
INFO - 2024-12-31 22:40:07 --> Session: Class initialized using 'CodeIgniter\Session\Handlers\FileHandler' driver.
INFO - 2024-12-31 22:40:13 --> Session: Class initialized using 'CodeIgniter\Session\Handlers\FileHandler' driver.
INFO - 2024-12-31 22:40:13 --> Session: Class initialized using 'CodeIgniter\Session\Handlers\FileHandler' driver.
INFO - 2024-12-31 22:40:15 --> Session: Class initialized using 'CodeIgniter\Session\Handlers\FileHandler' driver.
INFO - 2024-12-31 22:40:19 --> Session: Class initialized using 'CodeIgniter\Session\Handlers\FileHandler' driver.
INFO - 2024-12-31 22:40:20 --> Session: Class initialized using 'CodeIgniter\Session\Handlers\FileHandler' driver.
INFO - 2024-12-31 22:40:25 --> Session: Class initialized using 'CodeIgniter\Session\Handlers\FileHandler' driver.
INFO - 2024-12-31 22:40:28 --> Session: Class initialized using 'CodeIgniter\Session\Handlers\FileHandler' driver.
INFO - 2024-12-31 22:40:30 --> Session: Class initialized using 'CodeIgniter\Session\Handlers\FileHandler' driver.
CRITICAL - 2024-12-31 22:40:32 --> ErrorException: Trying to access array offset on value of type null
[Method: GET, Route: courses/department_syllabus/public/assests/Logo.png]
in APPPATH\Views\dashboard\courses\index_syllabus.php on line 6.
 1 APPPATH\Views\dashboard\courses\index_syllabus.php(6): CodeIgniter\Debug\Exceptions->errorHandler(2, 'Trying to access array offset on value of type null', 'C:\\xampp\\htdocs\\Student_Management_Portal\\app\\Views\\dashboard\\courses\\index_syllabus.php', 6)
 2 SYSTEMPATH\View\View.php(234): include('C:\\xampp\\htdocs\\Student_Management_Portal\\app\\Views\\dashboard\\courses\\index_syllabus.php')
 3 SYSTEMPATH\View\View.php(237): CodeIgniter\View\View->CodeIgniter\View\{closure}()
 4 SYSTEMPATH\Common.php(1171): CodeIgniter\View\View->render('dashboard/courses/index_syllabus', [], true)
 5 APPPATH\Controllers\Courses.php(46): view('dashboard/courses/index_syllabus', [...])
 6 SYSTEMPATH\CodeIgniter.php(933): App\Controllers\Courses->department_syllabus('public', 'assests', 'Logo.png')
 7 SYSTEMPATH\CodeIgniter.php(509): CodeIgniter\CodeIgniter->runController(Object(App\Controllers\Courses))
 8 SYSTEMPATH\CodeIgniter.php(355): CodeIgniter\CodeIgniter->handleRequest(null, Object(Config\Cache), false)
 9 SYSTEMPATH\Boot.php(325): CodeIgniter\CodeIgniter->run()
10 SYSTEMPATH\Boot.php(67): CodeIgniter\Boot::runCodeIgniter(Object(CodeIgniter\CodeIgniter))
11 FCPATH\index.php(56): CodeIgniter\Boot::bootWeb(Object(Config\Paths))
CRITICAL - 2024-12-31 22:47:44 --> ErrorException: Trying to access array offset on value of type null
[Method: GET, Route: courses/department_syllabus/public/assests/Logo.png]
in APPPATH\Views\dashboard\courses\index_syllabus.php on line 6.
 1 APPPATH\Views\dashboard\courses\index_syllabus.php(6): CodeIgniter\Debug\Exceptions->errorHandler(2, 'Trying to access array offset on value of type null', 'C:\\xampp\\htdocs\\Student_Management_Portal\\app\\Views\\dashboard\\courses\\index_syllabus.php', 6)
 2 SYSTEMPATH\View\View.php(234): include('C:\\xampp\\htdocs\\Student_Management_Portal\\app\\Views\\dashboard\\courses\\index_syllabus.php')
 3 SYSTEMPATH\View\View.php(237): CodeIgniter\View\View->CodeIgniter\View\{closure}()
 4 SYSTEMPATH\Common.php(1171): CodeIgniter\View\View->render('dashboard/courses/index_syllabus', [], true)
 5 APPPATH\Controllers\Courses.php(54): view('dashboard/courses/index_syllabus', [...])
 6 SYSTEMPATH\CodeIgniter.php(933): App\Controllers\Courses->department_syllabus('public', 'assests', 'Logo.png')
 7 SYSTEMPATH\CodeIgniter.php(509): CodeIgniter\CodeIgniter->runController(Object(App\Controllers\Courses))
 8 SYSTEMPATH\CodeIgniter.php(355): CodeIgniter\CodeIgniter->handleRequest(null, Object(Config\Cache), false)
 9 SYSTEMPATH\Boot.php(325): CodeIgniter\CodeIgniter->run()
10 SYSTEMPATH\Boot.php(67): CodeIgniter\Boot::runCodeIgniter(Object(CodeIgniter\CodeIgniter))
11 FCPATH\index.php(56): CodeIgniter\Boot::bootWeb(Object(Config\Paths))
CRITICAL - 2024-12-31 22:47:49 --> ErrorException: Trying to access array offset on value of type null
[Method: GET, Route: courses/department_syllabus/public/assests/Logo.png]
in APPPATH\Views\dashboard\courses\index_syllabus.php on line 6.
 1 APPPATH\Views\dashboard\courses\index_syllabus.php(6): CodeIgniter\Debug\Exceptions->errorHandler(2, 'Trying to access array offset on value of type null', 'C:\\xampp\\htdocs\\Student_Management_Portal\\app\\Views\\dashboard\\courses\\index_syllabus.php', 6)
 2 SYSTEMPATH\View\View.php(234): include('C:\\xampp\\htdocs\\Student_Management_Portal\\app\\Views\\dashboard\\courses\\index_syllabus.php')
 3 SYSTEMPATH\View\View.php(237): CodeIgniter\View\View->CodeIgniter\View\{closure}()
 4 SYSTEMPATH\Common.php(1171): CodeIgniter\View\View->render('dashboard/courses/index_syllabus', [], true)
 5 APPPATH\Controllers\Courses.php(54): view('dashboard/courses/index_syllabus', [...])
 6 SYSTEMPATH\CodeIgniter.php(933): App\Controllers\Courses->department_syllabus('public', 'assests', 'Logo.png')
 7 SYSTEMPATH\CodeIgniter.php(509): CodeIgniter\CodeIgniter->runController(Object(App\Controllers\Courses))
 8 SYSTEMPATH\CodeIgniter.php(355): CodeIgniter\CodeIgniter->handleRequest(null, Object(Config\Cache), false)
 9 SYSTEMPATH\Boot.php(325): CodeIgniter\CodeIgniter->run()
10 SYSTEMPATH\Boot.php(67): CodeIgniter\Boot::runCodeIgniter(Object(CodeIgniter\CodeIgniter))
11 FCPATH\index.php(56): CodeIgniter\Boot::bootWeb(Object(Config\Paths))
CRITICAL - 2024-12-31 22:47:52 --> ErrorException: Trying to access array offset on value of type null
[Method: GET, Route: courses/department_syllabus/public/assests/Logo.png]
in APPPATH\Views\dashboard\courses\index_syllabus.php on line 6.
 1 APPPATH\Views\dashboard\courses\index_syllabus.php(6): CodeIgniter\Debug\Exceptions->errorHandler(2, 'Trying to access array offset on value of type null', 'C:\\xampp\\htdocs\\Student_Management_Portal\\app\\Views\\dashboard\\courses\\index_syllabus.php', 6)
 2 SYSTEMPATH\View\View.php(234): include('C:\\xampp\\htdocs\\Student_Management_Portal\\app\\Views\\dashboard\\courses\\index_syllabus.php')
 3 SYSTEMPATH\View\View.php(237): CodeIgniter\View\View->CodeIgniter\View\{closure}()
 4 SYSTEMPATH\Common.php(1171): CodeIgniter\View\View->render('dashboard/courses/index_syllabus', [], true)
 5 APPPATH\Controllers\Courses.php(54): view('dashboard/courses/index_syllabus', [...])
 6 SYSTEMPATH\CodeIgniter.php(933): App\Controllers\Courses->department_syllabus('public', 'assests', 'Logo.png')
 7 SYSTEMPATH\CodeIgniter.php(509): CodeIgniter\CodeIgniter->runController(Object(App\Controllers\Courses))
 8 SYSTEMPATH\CodeIgniter.php(355): CodeIgniter\CodeIgniter->handleRequest(null, Object(Config\Cache), false)
 9 SYSTEMPATH\Boot.php(325): CodeIgniter\CodeIgniter->run()
10 SYSTEMPATH\Boot.php(67): CodeIgniter\Boot::runCodeIgniter(Object(CodeIgniter\CodeIgniter))
11 FCPATH\index.php(56): CodeIgniter\Boot::bootWeb(Object(Config\Paths))
CRITICAL - 2024-12-31 22:48:51 --> ErrorException: Trying to access array offset on value of type null
[Method: GET, Route: courses/department_syllabus/public/assests/Logo.png]
in APPPATH\Views\dashboard\courses\index_syllabus.php on line 6.
 1 APPPATH\Views\dashboard\courses\index_syllabus.php(6): CodeIgniter\Debug\Exceptions->errorHandler(2, 'Trying to access array offset on value of type null', 'C:\\xampp\\htdocs\\Student_Management_Portal\\app\\Views\\dashboard\\courses\\index_syllabus.php', 6)
 2 SYSTEMPATH\View\View.php(234): include('C:\\xampp\\htdocs\\Student_Management_Portal\\app\\Views\\dashboard\\courses\\index_syllabus.php')
 3 SYSTEMPATH\View\View.php(237): CodeIgniter\View\View->CodeIgniter\View\{closure}()
 4 SYSTEMPATH\Common.php(1171): CodeIgniter\View\View->render('dashboard/courses/index_syllabus', [], true)
 5 APPPATH\Controllers\Courses.php(54): view('dashboard/courses/index_syllabus', [...])
 6 SYSTEMPATH\CodeIgniter.php(933): App\Controllers\Courses->department_syllabus('public', 'assests', 'Logo.png')
 7 SYSTEMPATH\CodeIgniter.php(509): CodeIgniter\CodeIgniter->runController(Object(App\Controllers\Courses))
 8 SYSTEMPATH\CodeIgniter.php(355): CodeIgniter\CodeIgniter->handleRequest(null, Object(Config\Cache), false)
 9 SYSTEMPATH\Boot.php(325): CodeIgniter\CodeIgniter->run()
10 SYSTEMPATH\Boot.php(67): CodeIgniter\Boot::runCodeIgniter(Object(CodeIgniter\CodeIgniter))
11 FCPATH\index.php(56): CodeIgniter\Boot::bootWeb(Object(Config\Paths))
CRITICAL - 2024-12-31 22:49:14 --> ErrorException: Trying to access array offset on value of type null
[Method: GET, Route: courses/department_syllabus/public/assests/Logo.png]
in APPPATH\Views\dashboard\courses\index_syllabus.php on line 6.
 1 APPPATH\Views\dashboard\courses\index_syllabus.php(6): CodeIgniter\Debug\Exceptions->errorHandler(2, 'Trying to access array offset on value of type null', 'C:\\xampp\\htdocs\\Student_Management_Portal\\app\\Views\\dashboard\\courses\\index_syllabus.php', 6)
 2 SYSTEMPATH\View\View.php(234): include('C:\\xampp\\htdocs\\Student_Management_Portal\\app\\Views\\dashboard\\courses\\index_syllabus.php')
 3 SYSTEMPATH\View\View.php(237): CodeIgniter\View\View->CodeIgniter\View\{closure}()
 4 SYSTEMPATH\Common.php(1171): CodeIgniter\View\View->render('dashboard/courses/index_syllabus', [], true)
 5 APPPATH\Controllers\Courses.php(54): view('dashboard/courses/index_syllabus', [...])
 6 SYSTEMPATH\CodeIgniter.php(933): App\Controllers\Courses->department_syllabus('public', 'assests', 'Logo.png')
 7 SYSTEMPATH\CodeIgniter.php(509): CodeIgniter\CodeIgniter->runController(Object(App\Controllers\Courses))
 8 SYSTEMPATH\CodeIgniter.php(355): CodeIgniter\CodeIgniter->handleRequest(null, Object(Config\Cache), false)
 9 SYSTEMPATH\Boot.php(325): CodeIgniter\CodeIgniter->run()
10 SYSTEMPATH\Boot.php(67): CodeIgniter\Boot::runCodeIgniter(Object(CodeIgniter\CodeIgniter))
11 FCPATH\index.php(56): CodeIgniter\Boot::bootWeb(Object(Config\Paths))
CRITICAL - 2024-12-31 22:49:15 --> ErrorException: Trying to access array offset on value of type null
[Method: GET, Route: courses/department_syllabus/public/assests/Logo.png]
in APPPATH\Views\dashboard\courses\index_syllabus.php on line 6.
 1 APPPATH\Views\dashboard\courses\index_syllabus.php(6): CodeIgniter\Debug\Exceptions->errorHandler(2, 'Trying to access array offset on value of type null', 'C:\\xampp\\htdocs\\Student_Management_Portal\\app\\Views\\dashboard\\courses\\index_syllabus.php', 6)
 2 SYSTEMPATH\View\View.php(234): include('C:\\xampp\\htdocs\\Student_Management_Portal\\app\\Views\\dashboard\\courses\\index_syllabus.php')
 3 SYSTEMPATH\View\View.php(237): CodeIgniter\View\View->CodeIgniter\View\{closure}()
 4 SYSTEMPATH\Common.php(1171): CodeIgniter\View\View->render('dashboard/courses/index_syllabus', [], true)
 5 APPPATH\Controllers\Courses.php(54): view('dashboard/courses/index_syllabus', [...])
 6 SYSTEMPATH\CodeIgniter.php(933): App\Controllers\Courses->department_syllabus('public', 'assests', 'Logo.png')
 7 SYSTEMPATH\CodeIgniter.php(509): CodeIgniter\CodeIgniter->runController(Object(App\Controllers\Courses))
 8 SYSTEMPATH\CodeIgniter.php(355): CodeIgniter\CodeIgniter->handleRequest(null, Object(Config\Cache), false)
 9 SYSTEMPATH\Boot.php(325): CodeIgniter\CodeIgniter->run()
10 SYSTEMPATH\Boot.php(67): CodeIgniter\Boot::runCodeIgniter(Object(CodeIgniter\CodeIgniter))
11 FCPATH\index.php(56): CodeIgniter\Boot::bootWeb(Object(Config\Paths))
CRITICAL - 2024-12-31 22:50:15 --> ErrorException: Trying to access array offset on value of type null
[Method: GET, Route: courses/department_syllabus/public/assests/Logo.png]
in APPPATH\Views\dashboard\courses\index_syllabus.php on line 6.
 1 APPPATH\Views\dashboard\courses\index_syllabus.php(6): CodeIgniter\Debug\Exceptions->errorHandler(2, 'Trying to access array offset on value of type null', 'C:\\xampp\\htdocs\\Student_Management_Portal\\app\\Views\\dashboard\\courses\\index_syllabus.php', 6)
 2 SYSTEMPATH\View\View.php(234): include('C:\\xampp\\htdocs\\Student_Management_Portal\\app\\Views\\dashboard\\courses\\index_syllabus.php')
 3 SYSTEMPATH\View\View.php(237): CodeIgniter\View\View->CodeIgniter\View\{closure}()
 4 SYSTEMPATH\Common.php(1171): CodeIgniter\View\View->render('dashboard/courses/index_syllabus', [], true)
 5 APPPATH\Controllers\Courses.php(54): view('dashboard/courses/index_syllabus', [...])
 6 SYSTEMPATH\CodeIgniter.php(933): App\Controllers\Courses->department_syllabus('public', 'assests', 'Logo.png')
 7 SYSTEMPATH\CodeIgniter.php(509): CodeIgniter\CodeIgniter->runController(Object(App\Controllers\Courses))
 8 SYSTEMPATH\CodeIgniter.php(355): CodeIgniter\CodeIgniter->handleRequest(null, Object(Config\Cache), false)
 9 SYSTEMPATH\Boot.php(325): CodeIgniter\CodeIgniter->run()
10 SYSTEMPATH\Boot.php(67): CodeIgniter\Boot::runCodeIgniter(Object(CodeIgniter\CodeIgniter))
11 FCPATH\index.php(56): CodeIgniter\Boot::bootWeb(Object(Config\Paths))
CRITICAL - 2024-12-31 22:50:18 --> ErrorException: Trying to access array offset on value of type null
[Method: GET, Route: courses/syllabus_subjects/2/public/assests/Logo.png]
in APPPATH\Views\dashboard\courses\index_subject.php on line 6.
 1 APPPATH\Views\dashboard\courses\index_subject.php(6): CodeIgniter\Debug\Exceptions->errorHandler(2, 'Trying to access array offset on value of type null', 'C:\\xampp\\htdocs\\Student_Management_Portal\\app\\Views\\dashboard\\courses\\index_subject.php', 6)
 2 SYSTEMPATH\View\View.php(234): include('C:\\xampp\\htdocs\\Student_Management_Portal\\app\\Views\\dashboard\\courses\\index_subject.php')
 3 SYSTEMPATH\View\View.php(237): CodeIgniter\View\View->CodeIgniter\View\{closure}()
 4 SYSTEMPATH\Common.php(1171): CodeIgniter\View\View->render('dashboard/courses/index_subject', [], true)
 5 APPPATH\Controllers\Courses.php(85): view('dashboard/courses/index_subject', [...])
 6 SYSTEMPATH\CodeIgniter.php(933): App\Controllers\Courses->syllabus_subjects('2', 'public', 'assests', 'Logo.png')
 7 SYSTEMPATH\CodeIgniter.php(509): CodeIgniter\CodeIgniter->runController(Object(App\Controllers\Courses))
 8 SYSTEMPATH\CodeIgniter.php(355): CodeIgniter\CodeIgniter->handleRequest(null, Object(Config\Cache), false)
 9 SYSTEMPATH\Boot.php(325): CodeIgniter\CodeIgniter->run()
10 SYSTEMPATH\Boot.php(67): CodeIgniter\Boot::runCodeIgniter(Object(CodeIgniter\CodeIgniter))
11 FCPATH\index.php(56): CodeIgniter\Boot::bootWeb(Object(Config\Paths))
CRITICAL - 2024-12-31 22:50:24 --> ErrorException: Trying to access array offset on value of type null
[Method: GET, Route: courses/syllabus_subjects/2/add_subject.php]
in APPPATH\Views\dashboard\courses\index_subject.php on line 6.
 1 APPPATH\Views\dashboard\courses\index_subject.php(6): CodeIgniter\Debug\Exceptions->errorHandler(2, 'Trying to access array offset on value of type null', 'C:\\xampp\\htdocs\\Student_Management_Portal\\app\\Views\\dashboard\\courses\\index_subject.php', 6)
 2 SYSTEMPATH\View\View.php(234): include('C:\\xampp\\htdocs\\Student_Management_Portal\\app\\Views\\dashboard\\courses\\index_subject.php')
 3 SYSTEMPATH\View\View.php(237): CodeIgniter\View\View->CodeIgniter\View\{closure}()
 4 SYSTEMPATH\Common.php(1171): CodeIgniter\View\View->render('dashboard/courses/index_subject', [], true)
 5 APPPATH\Controllers\Courses.php(85): view('dashboard/courses/index_subject', [...])
 6 SYSTEMPATH\CodeIgniter.php(933): App\Controllers\Courses->syllabus_subjects('2', 'add_subject.php')
 7 SYSTEMPATH\CodeIgniter.php(509): CodeIgniter\CodeIgniter->runController(Object(App\Controllers\Courses))
 8 SYSTEMPATH\CodeIgniter.php(355): CodeIgniter\CodeIgniter->handleRequest(null, Object(Config\Cache), false)
 9 SYSTEMPATH\Boot.php(325): CodeIgniter\CodeIgniter->run()
10 SYSTEMPATH\Boot.php(67): CodeIgniter\Boot::runCodeIgniter(Object(CodeIgniter\CodeIgniter))
11 FCPATH\index.php(56): CodeIgniter\Boot::bootWeb(Object(Config\Paths))
CRITICAL - 2024-12-31 22:50:26 --> ErrorException: Trying to access array offset on value of type null
[Method: GET, Route: courses/syllabus_subjects/2/public/assests/Logo.png]
in APPPATH\Views\dashboard\courses\index_subject.php on line 6.
 1 APPPATH\Views\dashboard\courses\index_subject.php(6): CodeIgniter\Debug\Exceptions->errorHandler(2, 'Trying to access array offset on value of type null', 'C:\\xampp\\htdocs\\Student_Management_Portal\\app\\Views\\dashboard\\courses\\index_subject.php', 6)
 2 SYSTEMPATH\View\View.php(234): include('C:\\xampp\\htdocs\\Student_Management_Portal\\app\\Views\\dashboard\\courses\\index_subject.php')
 3 SYSTEMPATH\View\View.php(237): CodeIgniter\View\View->CodeIgniter\View\{closure}()
 4 SYSTEMPATH\Common.php(1171): CodeIgniter\View\View->render('dashboard/courses/index_subject', [], true)
 5 APPPATH\Controllers\Courses.php(85): view('dashboard/courses/index_subject', [...])
 6 SYSTEMPATH\CodeIgniter.php(933): App\Controllers\Courses->syllabus_subjects('2', 'public', 'assests', 'Logo.png')
 7 SYSTEMPATH\CodeIgniter.php(509): CodeIgniter\CodeIgniter->runController(Object(App\Controllers\Courses))
 8 SYSTEMPATH\CodeIgniter.php(355): CodeIgniter\CodeIgniter->handleRequest(null, Object(Config\Cache), false)
 9 SYSTEMPATH\Boot.php(325): CodeIgniter\CodeIgniter->run()
10 SYSTEMPATH\Boot.php(67): CodeIgniter\Boot::runCodeIgniter(Object(CodeIgniter\CodeIgniter))
11 FCPATH\index.php(56): CodeIgniter\Boot::bootWeb(Object(Config\Paths))
CRITICAL - 2024-12-31 22:50:28 --> ErrorException: Trying to access array offset on value of type null
[Method: GET, Route: courses/department_syllabus/public/assests/Logo.png]
in APPPATH\Views\dashboard\courses\index_syllabus.php on line 6.
 1 APPPATH\Views\dashboard\courses\index_syllabus.php(6): CodeIgniter\Debug\Exceptions->errorHandler(2, 'Trying to access array offset on value of type null', 'C:\\xampp\\htdocs\\Student_Management_Portal\\app\\Views\\dashboard\\courses\\index_syllabus.php', 6)
 2 SYSTEMPATH\View\View.php(234): include('C:\\xampp\\htdocs\\Student_Management_Portal\\app\\Views\\dashboard\\courses\\index_syllabus.php')
 3 SYSTEMPATH\View\View.php(237): CodeIgniter\View\View->CodeIgniter\View\{closure}()
 4 SYSTEMPATH\Common.php(1171): CodeIgniter\View\View->render('dashboard/courses/index_syllabus', [], true)
 5 APPPATH\Controllers\Courses.php(54): view('dashboard/courses/index_syllabus', [...])
 6 SYSTEMPATH\CodeIgniter.php(933): App\Controllers\Courses->department_syllabus('public', 'assests', 'Logo.png')
 7 SYSTEMPATH\CodeIgniter.php(509): CodeIgniter\CodeIgniter->runController(Object(App\Controllers\Courses))
 8 SYSTEMPATH\CodeIgniter.php(355): CodeIgniter\CodeIgniter->handleRequest(null, Object(Config\Cache), false)
 9 SYSTEMPATH\Boot.php(325): CodeIgniter\CodeIgniter->run()
10 SYSTEMPATH\Boot.php(67): CodeIgniter\Boot::runCodeIgniter(Object(CodeIgniter\CodeIgniter))
11 FCPATH\index.php(56): CodeIgniter\Boot::bootWeb(Object(Config\Paths))
CRITICAL - 2024-12-31 22:50:39 --> ErrorException: Trying to access array offset on value of type null
[Method: GET, Route: courses/department_syllabus/public/assests/Logo.png]
in APPPATH\Views\dashboard\courses\index_syllabus.php on line 6.
 1 APPPATH\Views\dashboard\courses\index_syllabus.php(6): CodeIgniter\Debug\Exceptions->errorHandler(2, 'Trying to access array offset on value of type null', 'C:\\xampp\\htdocs\\Student_Management_Portal\\app\\Views\\dashboard\\courses\\index_syllabus.php', 6)
 2 SYSTEMPATH\View\View.php(234): include('C:\\xampp\\htdocs\\Student_Management_Portal\\app\\Views\\dashboard\\courses\\index_syllabus.php')
 3 SYSTEMPATH\View\View.php(237): CodeIgniter\View\View->CodeIgniter\View\{closure}()
 4 SYSTEMPATH\Common.php(1171): CodeIgniter\View\View->render('dashboard/courses/index_syllabus', [], true)
 5 APPPATH\Controllers\Courses.php(54): view('dashboard/courses/index_syllabus', [...])
 6 SYSTEMPATH\CodeIgniter.php(933): App\Controllers\Courses->department_syllabus('public', 'assests', 'Logo.png')
 7 SYSTEMPATH\CodeIgniter.php(509): CodeIgniter\CodeIgniter->runController(Object(App\Controllers\Courses))
 8 SYSTEMPATH\CodeIgniter.php(355): CodeIgniter\CodeIgniter->handleRequest(null, Object(Config\Cache), false)
 9 SYSTEMPATH\Boot.php(325): CodeIgniter\CodeIgniter->run()
10 SYSTEMPATH\Boot.php(67): CodeIgniter\Boot::runCodeIgniter(Object(CodeIgniter\CodeIgniter))
11 FCPATH\index.php(56): CodeIgniter\Boot::bootWeb(Object(Config\Paths))
CRITICAL - 2024-12-31 22:51:09 --> ErrorException: Trying to access array offset on value of type null
[Method: GET, Route: courses/department_syllabus/public/assests/Logo.png]
in APPPATH\Views\dashboard\courses\index_syllabus.php on line 6.
 1 APPPATH\Views\dashboard\courses\index_syllabus.php(6): CodeIgniter\Debug\Exceptions->errorHandler(2, 'Trying to access array offset on value of type null', 'C:\\xampp\\htdocs\\Student_Management_Portal\\app\\Views\\dashboard\\courses\\index_syllabus.php', 6)
 2 SYSTEMPATH\View\View.php(234): include('C:\\xampp\\htdocs\\Student_Management_Portal\\app\\Views\\dashboard\\courses\\index_syllabus.php')
 3 SYSTEMPATH\View\View.php(237): CodeIgniter\View\View->CodeIgniter\View\{closure}()
 4 SYSTEMPATH\Common.php(1171): CodeIgniter\View\View->render('dashboard/courses/index_syllabus', [], true)
 5 APPPATH\Controllers\Courses.php(54): view('dashboard/courses/index_syllabus', [...])
 6 SYSTEMPATH\CodeIgniter.php(933): App\Controllers\Courses->department_syllabus('public', 'assests', 'Logo.png')
 7 SYSTEMPATH\CodeIgniter.php(509): CodeIgniter\CodeIgniter->runController(Object(App\Controllers\Courses))
 8 SYSTEMPATH\CodeIgniter.php(355): CodeIgniter\CodeIgniter->handleRequest(null, Object(Config\Cache), false)
 9 SYSTEMPATH\Boot.php(325): CodeIgniter\CodeIgniter->run()
10 SYSTEMPATH\Boot.php(67): CodeIgniter\Boot::runCodeIgniter(Object(CodeIgniter\CodeIgniter))
11 FCPATH\index.php(56): CodeIgniter\Boot::bootWeb(Object(Config\Paths))
CRITICAL - 2024-12-31 22:51:11 --> ErrorException: Trying to access array offset on value of type null
[Method: GET, Route: courses/department_syllabus/public/assests/Logo.png]
in APPPATH\Views\dashboard\courses\index_syllabus.php on line 6.
 1 APPPATH\Views\dashboard\courses\index_syllabus.php(6): CodeIgniter\Debug\Exceptions->errorHandler(2, 'Trying to access array offset on value of type null', 'C:\\xampp\\htdocs\\Student_Management_Portal\\app\\Views\\dashboard\\courses\\index_syllabus.php', 6)
 2 SYSTEMPATH\View\View.php(234): include('C:\\xampp\\htdocs\\Student_Management_Portal\\app\\Views\\dashboard\\courses\\index_syllabus.php')
 3 SYSTEMPATH\View\View.php(237): CodeIgniter\View\View->CodeIgniter\View\{closure}()
 4 SYSTEMPATH\Common.php(1171): CodeIgniter\View\View->render('dashboard/courses/index_syllabus', [], true)
 5 APPPATH\Controllers\Courses.php(54): view('dashboard/courses/index_syllabus', [...])
 6 SYSTEMPATH\CodeIgniter.php(933): App\Controllers\Courses->department_syllabus('public', 'assests', 'Logo.png')
 7 SYSTEMPATH\CodeIgniter.php(509): CodeIgniter\CodeIgniter->runController(Object(App\Controllers\Courses))
 8 SYSTEMPATH\CodeIgniter.php(355): CodeIgniter\CodeIgniter->handleRequest(null, Object(Config\Cache), false)
 9 SYSTEMPATH\Boot.php(325): CodeIgniter\CodeIgniter->run()
10 SYSTEMPATH\Boot.php(67): CodeIgniter\Boot::runCodeIgniter(Object(CodeIgniter\CodeIgniter))
11 FCPATH\index.php(56): CodeIgniter\Boot::bootWeb(Object(Config\Paths))
CRITICAL - 2024-12-31 22:53:26 --> ErrorException: Trying to access array offset on value of type null
[Method: GET, Route: courses/department_syllabus/public/assests/Logo.png]
in APPPATH\Views\dashboard\courses\index_syllabus.php on line 6.
 1 APPPATH\Views\dashboard\courses\index_syllabus.php(6): CodeIgniter\Debug\Exceptions->errorHandler(2, 'Trying to access array offset on value of type null', 'C:\\xampp\\htdocs\\Student_Management_Portal\\app\\Views\\dashboard\\courses\\index_syllabus.php', 6)
 2 SYSTEMPATH\View\View.php(234): include('C:\\xampp\\htdocs\\Student_Management_Portal\\app\\Views\\dashboard\\courses\\index_syllabus.php')
 3 SYSTEMPATH\View\View.php(237): CodeIgniter\View\View->CodeIgniter\View\{closure}()
 4 SYSTEMPATH\Common.php(1171): CodeIgniter\View\View->render('dashboard/courses/index_syllabus', [], true)
 5 APPPATH\Controllers\Courses.php(54): view('dashboard/courses/index_syllabus', [...])
 6 SYSTEMPATH\CodeIgniter.php(933): App\Controllers\Courses->department_syllabus('public', 'assests', 'Logo.png')
 7 SYSTEMPATH\CodeIgniter.php(509): CodeIgniter\CodeIgniter->runController(Object(App\Controllers\Courses))
 8 SYSTEMPATH\CodeIgniter.php(355): CodeIgniter\CodeIgniter->handleRequest(null, Object(Config\Cache), false)
 9 SYSTEMPATH\Boot.php(325): CodeIgniter\CodeIgniter->run()
10 SYSTEMPATH\Boot.php(67): CodeIgniter\Boot::runCodeIgniter(Object(CodeIgniter\CodeIgniter))
11 FCPATH\index.php(56): CodeIgniter\Boot::bootWeb(Object(Config\Paths))
CRITICAL - 2024-12-31 22:53:28 --> ErrorException: Trying to access array offset on value of type null
[Method: GET, Route: courses/syllabus_subjects/2/public/assests/Logo.png]
in APPPATH\Views\dashboard\courses\index_subject.php on line 6.
 1 APPPATH\Views\dashboard\courses\index_subject.php(6): CodeIgniter\Debug\Exceptions->errorHandler(2, 'Trying to access array offset on value of type null', 'C:\\xampp\\htdocs\\Student_Management_Portal\\app\\Views\\dashboard\\courses\\index_subject.php', 6)
 2 SYSTEMPATH\View\View.php(234): include('C:\\xampp\\htdocs\\Student_Management_Portal\\app\\Views\\dashboard\\courses\\index_subject.php')
 3 SYSTEMPATH\View\View.php(237): CodeIgniter\View\View->CodeIgniter\View\{closure}()
 4 SYSTEMPATH\Common.php(1171): CodeIgniter\View\View->render('dashboard/courses/index_subject', [], true)
 5 APPPATH\Controllers\Courses.php(85): view('dashboard/courses/index_subject', [...])
 6 SYSTEMPATH\CodeIgniter.php(933): App\Controllers\Courses->syllabus_subjects('2', 'public', 'assests', 'Logo.png')
 7 SYSTEMPATH\CodeIgniter.php(509): CodeIgniter\CodeIgniter->runController(Object(App\Controllers\Courses))
 8 SYSTEMPATH\CodeIgniter.php(355): CodeIgniter\CodeIgniter->handleRequest(null, Object(Config\Cache), false)
 9 SYSTEMPATH\Boot.php(325): CodeIgniter\CodeIgniter->run()
10 SYSTEMPATH\Boot.php(67): CodeIgniter\Boot::runCodeIgniter(Object(CodeIgniter\CodeIgniter))
11 FCPATH\index.php(56): CodeIgniter\Boot::bootWeb(Object(Config\Paths))
CRITICAL - 2024-12-31 22:53:30 --> ErrorException: Trying to access array offset on value of type null
[Method: GET, Route: courses/department_syllabus/public/assests/Logo.png]
in APPPATH\Views\dashboard\courses\index_syllabus.php on line 6.
 1 APPPATH\Views\dashboard\courses\index_syllabus.php(6): CodeIgniter\Debug\Exceptions->errorHandler(2, 'Trying to access array offset on value of type null', 'C:\\xampp\\htdocs\\Student_Management_Portal\\app\\Views\\dashboard\\courses\\index_syllabus.php', 6)
 2 SYSTEMPATH\View\View.php(234): include('C:\\xampp\\htdocs\\Student_Management_Portal\\app\\Views\\dashboard\\courses\\index_syllabus.php')
 3 SYSTEMPATH\View\View.php(237): CodeIgniter\View\View->CodeIgniter\View\{closure}()
 4 SYSTEMPATH\Common.php(1171): CodeIgniter\View\View->render('dashboard/courses/index_syllabus', [], true)
 5 APPPATH\Controllers\Courses.php(54): view('dashboard/courses/index_syllabus', [...])
 6 SYSTEMPATH\CodeIgniter.php(933): App\Controllers\Courses->department_syllabus('public', 'assests', 'Logo.png')
 7 SYSTEMPATH\CodeIgniter.php(509): CodeIgniter\CodeIgniter->runController(Object(App\Controllers\Courses))
 8 SYSTEMPATH\CodeIgniter.php(355): CodeIgniter\CodeIgniter->handleRequest(null, Object(Config\Cache), false)
 9 SYSTEMPATH\Boot.php(325): CodeIgniter\CodeIgniter->run()
10 SYSTEMPATH\Boot.php(67): CodeIgniter\Boot::runCodeIgniter(Object(CodeIgniter\CodeIgniter))
11 FCPATH\index.php(56): CodeIgniter\Boot::bootWeb(Object(Config\Paths))
INFO - 2024-12-31 22:53:30 --> Session: Class initialized using 'CodeIgniter\Session\Handlers\FileHandler' driver.
INFO - 2024-12-31 22:53:31 --> Session: Class initialized using 'CodeIgniter\Session\Handlers\FileHandler' driver.
INFO - 2024-12-31 22:53:33 --> Session: Class initialized using 'CodeIgniter\Session\Handlers\FileHandler' driver.
CRITICAL - 2024-12-31 22:53:35 --> ErrorException: Trying to access array offset on value of type null
[Method: GET, Route: courses/department_syllabus/public/assests/Logo.png]
in APPPATH\Views\dashboard\courses\index_syllabus.php on line 6.
 1 APPPATH\Views\dashboard\courses\index_syllabus.php(6): CodeIgniter\Debug\Exceptions->errorHandler(2, 'Trying to access array offset on value of type null', 'C:\\xampp\\htdocs\\Student_Management_Portal\\app\\Views\\dashboard\\courses\\index_syllabus.php', 6)
 2 SYSTEMPATH\View\View.php(234): include('C:\\xampp\\htdocs\\Student_Management_Portal\\app\\Views\\dashboard\\courses\\index_syllabus.php')
 3 SYSTEMPATH\View\View.php(237): CodeIgniter\View\View->CodeIgniter\View\{closure}()
 4 SYSTEMPATH\Common.php(1171): CodeIgniter\View\View->render('dashboard/courses/index_syllabus', [], true)
 5 APPPATH\Controllers\Courses.php(54): view('dashboard/courses/index_syllabus', [...])
 6 SYSTEMPATH\CodeIgniter.php(933): App\Controllers\Courses->department_syllabus('public', 'assests', 'Logo.png')
 7 SYSTEMPATH\CodeIgniter.php(509): CodeIgniter\CodeIgniter->runController(Object(App\Controllers\Courses))
 8 SYSTEMPATH\CodeIgniter.php(355): CodeIgniter\CodeIgniter->handleRequest(null, Object(Config\Cache), false)
 9 SYSTEMPATH\Boot.php(325): CodeIgniter\CodeIgniter->run()
10 SYSTEMPATH\Boot.php(67): CodeIgniter\Boot::runCodeIgniter(Object(CodeIgniter\CodeIgniter))
11 FCPATH\index.php(56): CodeIgniter\Boot::bootWeb(Object(Config\Paths))
INFO - 2024-12-31 22:53:37 --> Session: Class initialized using 'CodeIgniter\Session\Handlers\FileHandler' driver.
CRITICAL - 2024-12-31 22:53:39 --> ErrorException: Trying to access array offset on value of type null
[Method: GET, Route: courses/department_syllabus/public/assests/Logo.png]
in APPPATH\Views\dashboard\courses\index_syllabus.php on line 6.
 1 APPPATH\Views\dashboard\courses\index_syllabus.php(6): CodeIgniter\Debug\Exceptions->errorHandler(2, 'Trying to access array offset on value of type null', 'C:\\xampp\\htdocs\\Student_Management_Portal\\app\\Views\\dashboard\\courses\\index_syllabus.php', 6)
 2 SYSTEMPATH\View\View.php(234): include('C:\\xampp\\htdocs\\Student_Management_Portal\\app\\Views\\dashboard\\courses\\index_syllabus.php')
 3 SYSTEMPATH\View\View.php(237): CodeIgniter\View\View->CodeIgniter\View\{closure}()
 4 SYSTEMPATH\Common.php(1171): CodeIgniter\View\View->render('dashboard/courses/index_syllabus', [], true)
 5 APPPATH\Controllers\Courses.php(54): view('dashboard/courses/index_syllabus', [...])
 6 SYSTEMPATH\CodeIgniter.php(933): App\Controllers\Courses->department_syllabus('public', 'assests', 'Logo.png')
 7 SYSTEMPATH\CodeIgniter.php(509): CodeIgniter\CodeIgniter->runController(Object(App\Controllers\Courses))
 8 SYSTEMPATH\CodeIgniter.php(355): CodeIgniter\CodeIgniter->handleRequest(null, Object(Config\Cache), false)
 9 SYSTEMPATH\Boot.php(325): CodeIgniter\CodeIgniter->run()
10 SYSTEMPATH\Boot.php(67): CodeIgniter\Boot::runCodeIgniter(Object(CodeIgniter\CodeIgniter))
11 FCPATH\index.php(56): CodeIgniter\Boot::bootWeb(Object(Config\Paths))
CRITICAL - 2024-12-31 22:56:43 --> ErrorException: Trying to access array offset on value of type null
[Method: GET, Route: courses/department_syllabus/public/assests/Logo.png]
in APPPATH\Views\dashboard\courses\index_syllabus.php on line 6.
 1 APPPATH\Views\dashboard\courses\index_syllabus.php(6): CodeIgniter\Debug\Exceptions->errorHandler(2, 'Trying to access array offset on value of type null', 'C:\\xampp\\htdocs\\Student_Management_Portal\\app\\Views\\dashboard\\courses\\index_syllabus.php', 6)
 2 SYSTEMPATH\View\View.php(234): include('C:\\xampp\\htdocs\\Student_Management_Portal\\app\\Views\\dashboard\\courses\\index_syllabus.php')
 3 SYSTEMPATH\View\View.php(237): CodeIgniter\View\View->CodeIgniter\View\{closure}()
 4 SYSTEMPATH\Common.php(1171): CodeIgniter\View\View->render('dashboard/courses/index_syllabus', [], true)
 5 APPPATH\Controllers\Courses.php(54): view('dashboard/courses/index_syllabus', [...])
 6 SYSTEMPATH\CodeIgniter.php(933): App\Controllers\Courses->department_syllabus('public', 'assests', 'Logo.png')
 7 SYSTEMPATH\CodeIgniter.php(509): CodeIgniter\CodeIgniter->runController(Object(App\Controllers\Courses))
 8 SYSTEMPATH\CodeIgniter.php(355): CodeIgniter\CodeIgniter->handleRequest(null, Object(Config\Cache), false)
 9 SYSTEMPATH\Boot.php(325): CodeIgniter\CodeIgniter->run()
10 SYSTEMPATH\Boot.php(67): CodeIgniter\Boot::runCodeIgniter(Object(CodeIgniter\CodeIgniter))
11 FCPATH\index.php(56): CodeIgniter\Boot::bootWeb(Object(Config\Paths))
CRITICAL - 2024-12-31 22:56:46 --> ErrorException: Trying to access array offset on value of type null
[Method: GET, Route: courses/department_syllabus/public/assests/Logo.png]
in APPPATH\Views\dashboard\courses\index_syllabus.php on line 6.
 1 APPPATH\Views\dashboard\courses\index_syllabus.php(6): CodeIgniter\Debug\Exceptions->errorHandler(2, 'Trying to access array offset on value of type null', 'C:\\xampp\\htdocs\\Student_Management_Portal\\app\\Views\\dashboard\\courses\\index_syllabus.php', 6)
 2 SYSTEMPATH\View\View.php(234): include('C:\\xampp\\htdocs\\Student_Management_Portal\\app\\Views\\dashboard\\courses\\index_syllabus.php')
 3 SYSTEMPATH\View\View.php(237): CodeIgniter\View\View->CodeIgniter\View\{closure}()
 4 SYSTEMPATH\Common.php(1171): CodeIgniter\View\View->render('dashboard/courses/index_syllabus', [], true)
 5 APPPATH\Controllers\Courses.php(54): view('dashboard/courses/index_syllabus', [...])
 6 SYSTEMPATH\CodeIgniter.php(933): App\Controllers\Courses->department_syllabus('public', 'assests', 'Logo.png')
 7 SYSTEMPATH\CodeIgniter.php(509): CodeIgniter\CodeIgniter->runController(Object(App\Controllers\Courses))
 8 SYSTEMPATH\CodeIgniter.php(355): CodeIgniter\CodeIgniter->handleRequest(null, Object(Config\Cache), false)
 9 SYSTEMPATH\Boot.php(325): CodeIgniter\CodeIgniter->run()
10 SYSTEMPATH\Boot.php(67): CodeIgniter\Boot::runCodeIgniter(Object(CodeIgniter\CodeIgniter))
11 FCPATH\index.php(56): CodeIgniter\Boot::bootWeb(Object(Config\Paths))
INFO - 2024-12-31 22:56:51 --> Session: Class initialized using 'CodeIgniter\Session\Handlers\FileHandler' driver.
INFO - 2024-12-31 22:56:59 --> Session: Class initialized using 'CodeIgniter\Session\Handlers\FileHandler' driver.
INFO - 2024-12-31 22:57:01 --> Session: Class initialized using 'CodeIgniter\Session\Handlers\FileHandler' driver.
CRITICAL - 2024-12-31 22:57:03 --> ErrorException: Trying to access array offset on value of type null
[Method: GET, Route: courses/department_syllabus/public/assests/Logo.png]
in APPPATH\Views\dashboard\courses\index_syllabus.php on line 6.
 1 APPPATH\Views\dashboard\courses\index_syllabus.php(6): CodeIgniter\Debug\Exceptions->errorHandler(2, 'Trying to access array offset on value of type null', 'C:\\xampp\\htdocs\\Student_Management_Portal\\app\\Views\\dashboard\\courses\\index_syllabus.php', 6)
 2 SYSTEMPATH\View\View.php(234): include('C:\\xampp\\htdocs\\Student_Management_Portal\\app\\Views\\dashboard\\courses\\index_syllabus.php')
 3 SYSTEMPATH\View\View.php(237): CodeIgniter\View\View->CodeIgniter\View\{closure}()
 4 SYSTEMPATH\Common.php(1171): CodeIgniter\View\View->render('dashboard/courses/index_syllabus', [], true)
 5 APPPATH\Controllers\Courses.php(54): view('dashboard/courses/index_syllabus', [...])
 6 SYSTEMPATH\CodeIgniter.php(933): App\Controllers\Courses->department_syllabus('public', 'assests', 'Logo.png')
 7 SYSTEMPATH\CodeIgniter.php(509): CodeIgniter\CodeIgniter->runController(Object(App\Controllers\Courses))
 8 SYSTEMPATH\CodeIgniter.php(355): CodeIgniter\CodeIgniter->handleRequest(null, Object(Config\Cache), false)
 9 SYSTEMPATH\Boot.php(325): CodeIgniter\CodeIgniter->run()
10 SYSTEMPATH\Boot.php(67): CodeIgniter\Boot::runCodeIgniter(Object(CodeIgniter\CodeIgniter))
11 FCPATH\index.php(56): CodeIgniter\Boot::bootWeb(Object(Config\Paths))
CRITICAL - 2024-12-31 22:57:08 --> ErrorException: Trying to access array offset on value of type null
[Method: GET, Route: courses/department_syllabus/public/assests/Logo.png]
in APPPATH\Views\dashboard\courses\index_syllabus.php on line 6.
 1 APPPATH\Views\dashboard\courses\index_syllabus.php(6): CodeIgniter\Debug\Exceptions->errorHandler(2, 'Trying to access array offset on value of type null', 'C:\\xampp\\htdocs\\Student_Management_Portal\\app\\Views\\dashboard\\courses\\index_syllabus.php', 6)
 2 SYSTEMPATH\View\View.php(234): include('C:\\xampp\\htdocs\\Student_Management_Portal\\app\\Views\\dashboard\\courses\\index_syllabus.php')
 3 SYSTEMPATH\View\View.php(237): CodeIgniter\View\View->CodeIgniter\View\{closure}()
 4 SYSTEMPATH\Common.php(1171): CodeIgniter\View\View->render('dashboard/courses/index_syllabus', [], true)
 5 APPPATH\Controllers\Courses.php(54): view('dashboard/courses/index_syllabus', [...])
 6 SYSTEMPATH\CodeIgniter.php(933): App\Controllers\Courses->department_syllabus('public', 'assests', 'Logo.png')
 7 SYSTEMPATH\CodeIgniter.php(509): CodeIgniter\CodeIgniter->runController(Object(App\Controllers\Courses))
 8 SYSTEMPATH\CodeIgniter.php(355): CodeIgniter\CodeIgniter->handleRequest(null, Object(Config\Cache), false)
 9 SYSTEMPATH\Boot.php(325): CodeIgniter\CodeIgniter->run()
10 SYSTEMPATH\Boot.php(67): CodeIgniter\Boot::runCodeIgniter(Object(CodeIgniter\CodeIgniter))
11 FCPATH\index.php(56): CodeIgniter\Boot::bootWeb(Object(Config\Paths))
CRITICAL - 2024-12-31 22:57:13 --> ArgumentCountError: Too few arguments to function App\Controllers\Courses::delete_syllabus(), 1 passed in C:\xampp\htdocs\Student_Management_Portal\system\CodeIgniter.php on line 933 and exactly 2 expected
[Method: GET, Route: courses/delete_syllabus/5]
in APPPATH\Controllers\Courses.php on line 278.
 1 SYSTEMPATH\CodeIgniter.php(933): App\Controllers\Courses->delete_syllabus('5')
 2 SYSTEMPATH\CodeIgniter.php(509): CodeIgniter\CodeIgniter->runController(Object(App\Controllers\Courses))
 3 SYSTEMPATH\CodeIgniter.php(355): CodeIgniter\CodeIgniter->handleRequest(null, Object(Config\Cache), false)
 4 SYSTEMPATH\Boot.php(325): CodeIgniter\CodeIgniter->run()
 5 SYSTEMPATH\Boot.php(67): CodeIgniter\Boot::runCodeIgniter(Object(CodeIgniter\CodeIgniter))
 6 FCPATH\index.php(56): CodeIgniter\Boot::bootWeb(Object(Config\Paths))
CRITICAL - 2024-12-31 22:57:30 --> ErrorException: Trying to access array offset on value of type null
[Method: GET, Route: courses/department_syllabus/public/assests/Logo.png]
in APPPATH\Views\dashboard\courses\index_syllabus.php on line 6.
 1 APPPATH\Views\dashboard\courses\index_syllabus.php(6): CodeIgniter\Debug\Exceptions->errorHandler(2, 'Trying to access array offset on value of type null', 'C:\\xampp\\htdocs\\Student_Management_Portal\\app\\Views\\dashboard\\courses\\index_syllabus.php', 6)
 2 SYSTEMPATH\View\View.php(234): include('C:\\xampp\\htdocs\\Student_Management_Portal\\app\\Views\\dashboard\\courses\\index_syllabus.php')
 3 SYSTEMPATH\View\View.php(237): CodeIgniter\View\View->CodeIgniter\View\{closure}()
 4 SYSTEMPATH\Common.php(1171): CodeIgniter\View\View->render('dashboard/courses/index_syllabus', [], true)
 5 APPPATH\Controllers\Courses.php(54): view('dashboard/courses/index_syllabus', [...])
 6 SYSTEMPATH\CodeIgniter.php(933): App\Controllers\Courses->department_syllabus('public', 'assests', 'Logo.png')
 7 SYSTEMPATH\CodeIgniter.php(509): CodeIgniter\CodeIgniter->runController(Object(App\Controllers\Courses))
 8 SYSTEMPATH\CodeIgniter.php(355): CodeIgniter\CodeIgniter->handleRequest(null, Object(Config\Cache), false)
 9 SYSTEMPATH\Boot.php(325): CodeIgniter\CodeIgniter->run()
10 SYSTEMPATH\Boot.php(67): CodeIgniter\Boot::runCodeIgniter(Object(CodeIgniter\CodeIgniter))
11 FCPATH\index.php(56): CodeIgniter\Boot::bootWeb(Object(Config\Paths))
CRITICAL - 2024-12-31 22:57:33 --> ArgumentCountError: Too few arguments to function App\Controllers\Courses::delete_syllabus(), 1 passed in C:\xampp\htdocs\Student_Management_Portal\system\CodeIgniter.php on line 933 and exactly 2 expected
[Method: GET, Route: courses/delete_syllabus/5]
in APPPATH\Controllers\Courses.php on line 278.
 1 SYSTEMPATH\CodeIgniter.php(933): App\Controllers\Courses->delete_syllabus('5')
 2 SYSTEMPATH\CodeIgniter.php(509): CodeIgniter\CodeIgniter->runController(Object(App\Controllers\Courses))
 3 SYSTEMPATH\CodeIgniter.php(355): CodeIgniter\CodeIgniter->handleRequest(null, Object(Config\Cache), false)
 4 SYSTEMPATH\Boot.php(325): CodeIgniter\CodeIgniter->run()
 5 SYSTEMPATH\Boot.php(67): CodeIgniter\Boot::runCodeIgniter(Object(CodeIgniter\CodeIgniter))
 6 FCPATH\index.php(56): CodeIgniter\Boot::bootWeb(Object(Config\Paths))
CRITICAL - 2024-12-31 22:57:55 --> ArgumentCountError: Too few arguments to function App\Controllers\Courses::delete_syllabus(), 1 passed in C:\xampp\htdocs\Student_Management_Portal\system\CodeIgniter.php on line 933 and exactly 2 expected
[Method: GET, Route: courses/delete_syllabus/5]
in APPPATH\Controllers\Courses.php on line 278.
 1 SYSTEMPATH\CodeIgniter.php(933): App\Controllers\Courses->delete_syllabus('5')
 2 SYSTEMPATH\CodeIgniter.php(509): CodeIgniter\CodeIgniter->runController(Object(App\Controllers\Courses))
 3 SYSTEMPATH\CodeIgniter.php(355): CodeIgniter\CodeIgniter->handleRequest(null, Object(Config\Cache), false)
 4 SYSTEMPATH\Boot.php(325): CodeIgniter\CodeIgniter->run()
 5 SYSTEMPATH\Boot.php(67): CodeIgniter\Boot::runCodeIgniter(Object(CodeIgniter\CodeIgniter))
 6 FCPATH\index.php(56): CodeIgniter\Boot::bootWeb(Object(Config\Paths))
CRITICAL - 2024-12-31 22:57:56 --> ErrorException: Trying to access array offset on value of type null
[Method: GET, Route: courses/department_syllabus/public/assests/Logo.png]
in APPPATH\Views\dashboard\courses\index_syllabus.php on line 6.
 1 APPPATH\Views\dashboard\courses\index_syllabus.php(6): CodeIgniter\Debug\Exceptions->errorHandler(2, 'Trying to access array offset on value of type null', 'C:\\xampp\\htdocs\\Student_Management_Portal\\app\\Views\\dashboard\\courses\\index_syllabus.php', 6)
 2 SYSTEMPATH\View\View.php(234): include('C:\\xampp\\htdocs\\Student_Management_Portal\\app\\Views\\dashboard\\courses\\index_syllabus.php')
 3 SYSTEMPATH\View\View.php(237): CodeIgniter\View\View->CodeIgniter\View\{closure}()
 4 SYSTEMPATH\Common.php(1171): CodeIgniter\View\View->render('dashboard/courses/index_syllabus', [], true)
 5 APPPATH\Controllers\Courses.php(54): view('dashboard/courses/index_syllabus', [...])
 6 SYSTEMPATH\CodeIgniter.php(933): App\Controllers\Courses->department_syllabus('public', 'assests', 'Logo.png')
 7 SYSTEMPATH\CodeIgniter.php(509): CodeIgniter\CodeIgniter->runController(Object(App\Controllers\Courses))
 8 SYSTEMPATH\CodeIgniter.php(355): CodeIgniter\CodeIgniter->handleRequest(null, Object(Config\Cache), false)
 9 SYSTEMPATH\Boot.php(325): CodeIgniter\CodeIgniter->run()
10 SYSTEMPATH\Boot.php(67): CodeIgniter\Boot::runCodeIgniter(Object(CodeIgniter\CodeIgniter))
11 FCPATH\index.php(56): CodeIgniter\Boot::bootWeb(Object(Config\Paths))
CRITICAL - 2024-12-31 22:57:57 --> ErrorException: Trying to access array offset on value of type null
[Method: GET, Route: courses/department_syllabus/public/assests/Logo.png]
in APPPATH\Views\dashboard\courses\index_syllabus.php on line 6.
 1 APPPATH\Views\dashboard\courses\index_syllabus.php(6): CodeIgniter\Debug\Exceptions->errorHandler(2, 'Trying to access array offset on value of type null', 'C:\\xampp\\htdocs\\Student_Management_Portal\\app\\Views\\dashboard\\courses\\index_syllabus.php', 6)
 2 SYSTEMPATH\View\View.php(234): include('C:\\xampp\\htdocs\\Student_Management_Portal\\app\\Views\\dashboard\\courses\\index_syllabus.php')
 3 SYSTEMPATH\View\View.php(237): CodeIgniter\View\View->CodeIgniter\View\{closure}()
 4 SYSTEMPATH\Common.php(1171): CodeIgniter\View\View->render('dashboard/courses/index_syllabus', [], true)
 5 APPPATH\Controllers\Courses.php(54): view('dashboard/courses/index_syllabus', [...])
 6 SYSTEMPATH\CodeIgniter.php(933): App\Controllers\Courses->department_syllabus('public', 'assests', 'Logo.png')
 7 SYSTEMPATH\CodeIgniter.php(509): CodeIgniter\CodeIgniter->runController(Object(App\Controllers\Courses))
 8 SYSTEMPATH\CodeIgniter.php(355): CodeIgniter\CodeIgniter->handleRequest(null, Object(Config\Cache), false)
 9 SYSTEMPATH\Boot.php(325): CodeIgniter\CodeIgniter->run()
10 SYSTEMPATH\Boot.php(67): CodeIgniter\Boot::runCodeIgniter(Object(CodeIgniter\CodeIgniter))
11 FCPATH\index.php(56): CodeIgniter\Boot::bootWeb(Object(Config\Paths))
CRITICAL - 2024-12-31 22:58:00 --> ArgumentCountError: Too few arguments to function App\Controllers\Courses::delete_syllabus(), 1 passed in C:\xampp\htdocs\Student_Management_Portal\system\CodeIgniter.php on line 933 and exactly 2 expected
[Method: GET, Route: courses/delete_syllabus/5]
in APPPATH\Controllers\Courses.php on line 278.
 1 SYSTEMPATH\CodeIgniter.php(933): App\Controllers\Courses->delete_syllabus('5')
 2 SYSTEMPATH\CodeIgniter.php(509): CodeIgniter\CodeIgniter->runController(Object(App\Controllers\Courses))
 3 SYSTEMPATH\CodeIgniter.php(355): CodeIgniter\CodeIgniter->handleRequest(null, Object(Config\Cache), false)
 4 SYSTEMPATH\Boot.php(325): CodeIgniter\CodeIgniter->run()
 5 SYSTEMPATH\Boot.php(67): CodeIgniter\Boot::runCodeIgniter(Object(CodeIgniter\CodeIgniter))
 6 FCPATH\index.php(56): CodeIgniter\Boot::bootWeb(Object(Config\Paths))
CRITICAL - 2024-12-31 22:59:01 --> ErrorException: Trying to access array offset on value of type null
[Method: GET, Route: courses/department_syllabus/public/assests/Logo.png]
in APPPATH\Views\dashboard\courses\index_syllabus.php on line 6.
 1 APPPATH\Views\dashboard\courses\index_syllabus.php(6): CodeIgniter\Debug\Exceptions->errorHandler(2, 'Trying to access array offset on value of type null', 'C:\\xampp\\htdocs\\Student_Management_Portal\\app\\Views\\dashboard\\courses\\index_syllabus.php', 6)
 2 SYSTEMPATH\View\View.php(234): include('C:\\xampp\\htdocs\\Student_Management_Portal\\app\\Views\\dashboard\\courses\\index_syllabus.php')
 3 SYSTEMPATH\View\View.php(237): CodeIgniter\View\View->CodeIgniter\View\{closure}()
 4 SYSTEMPATH\Common.php(1171): CodeIgniter\View\View->render('dashboard/courses/index_syllabus', [], true)
 5 APPPATH\Controllers\Courses.php(54): view('dashboard/courses/index_syllabus', [...])
 6 SYSTEMPATH\CodeIgniter.php(933): App\Controllers\Courses->department_syllabus('public', 'assests', 'Logo.png')
 7 SYSTEMPATH\CodeIgniter.php(509): CodeIgniter\CodeIgniter->runController(Object(App\Controllers\Courses))
 8 SYSTEMPATH\CodeIgniter.php(355): CodeIgniter\CodeIgniter->handleRequest(null, Object(Config\Cache), false)
 9 SYSTEMPATH\Boot.php(325): CodeIgniter\CodeIgniter->run()
10 SYSTEMPATH\Boot.php(67): CodeIgniter\Boot::runCodeIgniter(Object(CodeIgniter\CodeIgniter))
11 FCPATH\index.php(56): CodeIgniter\Boot::bootWeb(Object(Config\Paths))
CRITICAL - 2024-12-31 22:59:06 --> ErrorException: Trying to access array offset on value of type null
[Method: GET, Route: courses/department_syllabus/public/assests/Logo.png]
in APPPATH\Views\dashboard\courses\index_syllabus.php on line 6.
 1 APPPATH\Views\dashboard\courses\index_syllabus.php(6): CodeIgniter\Debug\Exceptions->errorHandler(2, 'Trying to access array offset on value of type null', 'C:\\xampp\\htdocs\\Student_Management_Portal\\app\\Views\\dashboard\\courses\\index_syllabus.php', 6)
 2 SYSTEMPATH\View\View.php(234): include('C:\\xampp\\htdocs\\Student_Management_Portal\\app\\Views\\dashboard\\courses\\index_syllabus.php')
 3 SYSTEMPATH\View\View.php(237): CodeIgniter\View\View->CodeIgniter\View\{closure}()
 4 SYSTEMPATH\Common.php(1171): CodeIgniter\View\View->render('dashboard/courses/index_syllabus', [], true)
 5 APPPATH\Controllers\Courses.php(54): view('dashboard/courses/index_syllabus', [...])
 6 SYSTEMPATH\CodeIgniter.php(933): App\Controllers\Courses->department_syllabus('public', 'assests', 'Logo.png')
 7 SYSTEMPATH\CodeIgniter.php(509): CodeIgniter\CodeIgniter->runController(Object(App\Controllers\Courses))
 8 SYSTEMPATH\CodeIgniter.php(355): CodeIgniter\CodeIgniter->handleRequest(null, Object(Config\Cache), false)
 9 SYSTEMPATH\Boot.php(325): CodeIgniter\CodeIgniter->run()
10 SYSTEMPATH\Boot.php(67): CodeIgniter\Boot::runCodeIgniter(Object(CodeIgniter\CodeIgniter))
11 FCPATH\index.php(56): CodeIgniter\Boot::bootWeb(Object(Config\Paths))
CRITICAL - 2024-12-31 22:59:20 --> ErrorException: Trying to access array offset on value of type null
[Method: GET, Route: courses/department_syllabus/public/assests/Logo.png]
in APPPATH\Views\dashboard\courses\index_syllabus.php on line 6.
 1 APPPATH\Views\dashboard\courses\index_syllabus.php(6): CodeIgniter\Debug\Exceptions->errorHandler(2, 'Trying to access array offset on value of type null', 'C:\\xampp\\htdocs\\Student_Management_Portal\\app\\Views\\dashboard\\courses\\index_syllabus.php', 6)
 2 SYSTEMPATH\View\View.php(234): include('C:\\xampp\\htdocs\\Student_Management_Portal\\app\\Views\\dashboard\\courses\\index_syllabus.php')
 3 SYSTEMPATH\View\View.php(237): CodeIgniter\View\View->CodeIgniter\View\{closure}()
 4 SYSTEMPATH\Common.php(1171): CodeIgniter\View\View->render('dashboard/courses/index_syllabus', [], true)
 5 APPPATH\Controllers\Courses.php(54): view('dashboard/courses/index_syllabus', [...])
 6 SYSTEMPATH\CodeIgniter.php(933): App\Controllers\Courses->department_syllabus('public', 'assests', 'Logo.png')
 7 SYSTEMPATH\CodeIgniter.php(509): CodeIgniter\CodeIgniter->runController(Object(App\Controllers\Courses))
 8 SYSTEMPATH\CodeIgniter.php(355): CodeIgniter\CodeIgniter->handleRequest(null, Object(Config\Cache), false)
 9 SYSTEMPATH\Boot.php(325): CodeIgniter\CodeIgniter->run()
10 SYSTEMPATH\Boot.php(67): CodeIgniter\Boot::runCodeIgniter(Object(CodeIgniter\CodeIgniter))
11 FCPATH\index.php(56): CodeIgniter\Boot::bootWeb(Object(Config\Paths))
CRITICAL - 2024-12-31 22:59:22 --> ErrorException: Trying to access array offset on value of type null
[Method: GET, Route: courses/department_syllabus/public/assests/Logo.png]
in APPPATH\Views\dashboard\courses\index_syllabus.php on line 6.
 1 APPPATH\Views\dashboard\courses\index_syllabus.php(6): CodeIgniter\Debug\Exceptions->errorHandler(2, 'Trying to access array offset on value of type null', 'C:\\xampp\\htdocs\\Student_Management_Portal\\app\\Views\\dashboard\\courses\\index_syllabus.php', 6)
 2 SYSTEMPATH\View\View.php(234): include('C:\\xampp\\htdocs\\Student_Management_Portal\\app\\Views\\dashboard\\courses\\index_syllabus.php')
 3 SYSTEMPATH\View\View.php(237): CodeIgniter\View\View->CodeIgniter\View\{closure}()
 4 SYSTEMPATH\Common.php(1171): CodeIgniter\View\View->render('dashboard/courses/index_syllabus', [], true)
 5 APPPATH\Controllers\Courses.php(54): view('dashboard/courses/index_syllabus', [...])
 6 SYSTEMPATH\CodeIgniter.php(933): App\Controllers\Courses->department_syllabus('public', 'assests', 'Logo.png')
 7 SYSTEMPATH\CodeIgniter.php(509): CodeIgniter\CodeIgniter->runController(Object(App\Controllers\Courses))
 8 SYSTEMPATH\CodeIgniter.php(355): CodeIgniter\CodeIgniter->handleRequest(null, Object(Config\Cache), false)
 9 SYSTEMPATH\Boot.php(325): CodeIgniter\CodeIgniter->run()
10 SYSTEMPATH\Boot.php(67): CodeIgniter\Boot::runCodeIgniter(Object(CodeIgniter\CodeIgniter))
11 FCPATH\index.php(56): CodeIgniter\Boot::bootWeb(Object(Config\Paths))
CRITICAL - 2024-12-31 23:00:06 --> ErrorException: Trying to access array offset on value of type null
[Method: GET, Route: courses/department_syllabus/public/assests/Logo.png]
in APPPATH\Views\dashboard\courses\index_syllabus.php on line 6.
 1 APPPATH\Views\dashboard\courses\index_syllabus.php(6): CodeIgniter\Debug\Exceptions->errorHandler(2, 'Trying to access array offset on value of type null', 'C:\\xampp\\htdocs\\Student_Management_Portal\\app\\Views\\dashboard\\courses\\index_syllabus.php', 6)
 2 SYSTEMPATH\View\View.php(234): include('C:\\xampp\\htdocs\\Student_Management_Portal\\app\\Views\\dashboard\\courses\\index_syllabus.php')
 3 SYSTEMPATH\View\View.php(237): CodeIgniter\View\View->CodeIgniter\View\{closure}()
 4 SYSTEMPATH\Common.php(1171): CodeIgniter\View\View->render('dashboard/courses/index_syllabus', [], true)
 5 APPPATH\Controllers\Courses.php(46): view('dashboard/courses/index_syllabus', [...])
 6 SYSTEMPATH\CodeIgniter.php(933): App\Controllers\Courses->department_syllabus('public', 'assests', 'Logo.png')
 7 SYSTEMPATH\CodeIgniter.php(509): CodeIgniter\CodeIgniter->runController(Object(App\Controllers\Courses))
 8 SYSTEMPATH\CodeIgniter.php(355): CodeIgniter\CodeIgniter->handleRequest(null, Object(Config\Cache), false)
 9 SYSTEMPATH\Boot.php(325): CodeIgniter\CodeIgniter->run()
10 SYSTEMPATH\Boot.php(67): CodeIgniter\Boot::runCodeIgniter(Object(CodeIgniter\CodeIgniter))
11 FCPATH\index.php(56): CodeIgniter\Boot::bootWeb(Object(Config\Paths))
CRITICAL - 2024-12-31 23:00:12 --> ArgumentCountError: Too few arguments to function App\Controllers\Courses::delete_syllabus(), 1 passed in C:\xampp\htdocs\Student_Management_Portal\system\CodeIgniter.php on line 933 and exactly 2 expected
[Method: GET, Route: courses/delete_syllabus/5]
in APPPATH\Controllers\Courses.php on line 268.
 1 SYSTEMPATH\CodeIgniter.php(933): App\Controllers\Courses->delete_syllabus('5')
 2 SYSTEMPATH\CodeIgniter.php(509): CodeIgniter\CodeIgniter->runController(Object(App\Controllers\Courses))
 3 SYSTEMPATH\CodeIgniter.php(355): CodeIgniter\CodeIgniter->handleRequest(null, Object(Config\Cache), false)
 4 SYSTEMPATH\Boot.php(325): CodeIgniter\CodeIgniter->run()
 5 SYSTEMPATH\Boot.php(67): CodeIgniter\Boot::runCodeIgniter(Object(CodeIgniter\CodeIgniter))
 6 FCPATH\index.php(56): CodeIgniter\Boot::bootWeb(Object(Config\Paths))
CRITICAL - 2024-12-31 23:00:14 --> ErrorException: Trying to access array offset on value of type null
[Method: GET, Route: courses/department_syllabus/public/assests/Logo.png]
in APPPATH\Views\dashboard\courses\index_syllabus.php on line 6.
 1 APPPATH\Views\dashboard\courses\index_syllabus.php(6): CodeIgniter\Debug\Exceptions->errorHandler(2, 'Trying to access array offset on value of type null', 'C:\\xampp\\htdocs\\Student_Management_Portal\\app\\Views\\dashboard\\courses\\index_syllabus.php', 6)
 2 SYSTEMPATH\View\View.php(234): include('C:\\xampp\\htdocs\\Student_Management_Portal\\app\\Views\\dashboard\\courses\\index_syllabus.php')
 3 SYSTEMPATH\View\View.php(237): CodeIgniter\View\View->CodeIgniter\View\{closure}()
 4 SYSTEMPATH\Common.php(1171): CodeIgniter\View\View->render('dashboard/courses/index_syllabus', [], true)
 5 APPPATH\Controllers\Courses.php(46): view('dashboard/courses/index_syllabus', [...])
 6 SYSTEMPATH\CodeIgniter.php(933): App\Controllers\Courses->department_syllabus('public', 'assests', 'Logo.png')
 7 SYSTEMPATH\CodeIgniter.php(509): CodeIgniter\CodeIgniter->runController(Object(App\Controllers\Courses))
 8 SYSTEMPATH\CodeIgniter.php(355): CodeIgniter\CodeIgniter->handleRequest(null, Object(Config\Cache), false)
 9 SYSTEMPATH\Boot.php(325): CodeIgniter\CodeIgniter->run()
10 SYSTEMPATH\Boot.php(67): CodeIgniter\Boot::runCodeIgniter(Object(CodeIgniter\CodeIgniter))
11 FCPATH\index.php(56): CodeIgniter\Boot::bootWeb(Object(Config\Paths))
CRITICAL - 2024-12-31 23:00:16 --> ErrorException: Trying to access array offset on value of type null
[Method: GET, Route: courses/department_syllabus/public/assests/Logo.png]
in APPPATH\Views\dashboard\courses\index_syllabus.php on line 6.
 1 APPPATH\Views\dashboard\courses\index_syllabus.php(6): CodeIgniter\Debug\Exceptions->errorHandler(2, 'Trying to access array offset on value of type null', 'C:\\xampp\\htdocs\\Student_Management_Portal\\app\\Views\\dashboard\\courses\\index_syllabus.php', 6)
 2 SYSTEMPATH\View\View.php(234): include('C:\\xampp\\htdocs\\Student_Management_Portal\\app\\Views\\dashboard\\courses\\index_syllabus.php')
 3 SYSTEMPATH\View\View.php(237): CodeIgniter\View\View->CodeIgniter\View\{closure}()
 4 SYSTEMPATH\Common.php(1171): CodeIgniter\View\View->render('dashboard/courses/index_syllabus', [], true)
 5 APPPATH\Controllers\Courses.php(46): view('dashboard/courses/index_syllabus', [...])
 6 SYSTEMPATH\CodeIgniter.php(933): App\Controllers\Courses->department_syllabus('public', 'assests', 'Logo.png')
 7 SYSTEMPATH\CodeIgniter.php(509): CodeIgniter\CodeIgniter->runController(Object(App\Controllers\Courses))
 8 SYSTEMPATH\CodeIgniter.php(355): CodeIgniter\CodeIgniter->handleRequest(null, Object(Config\Cache), false)
 9 SYSTEMPATH\Boot.php(325): CodeIgniter\CodeIgniter->run()
10 SYSTEMPATH\Boot.php(67): CodeIgniter\Boot::runCodeIgniter(Object(CodeIgniter\CodeIgniter))
11 FCPATH\index.php(56): CodeIgniter\Boot::bootWeb(Object(Config\Paths))
CRITICAL - 2024-12-31 23:00:19 --> ErrorException: Trying to access array offset on value of type null
[Method: GET, Route: courses/department_syllabus/public/assests/Logo.png]
in APPPATH\Views\dashboard\courses\index_syllabus.php on line 6.
 1 APPPATH\Views\dashboard\courses\index_syllabus.php(6): CodeIgniter\Debug\Exceptions->errorHandler(2, 'Trying to access array offset on value of type null', 'C:\\xampp\\htdocs\\Student_Management_Portal\\app\\Views\\dashboard\\courses\\index_syllabus.php', 6)
 2 SYSTEMPATH\View\View.php(234): include('C:\\xampp\\htdocs\\Student_Management_Portal\\app\\Views\\dashboard\\courses\\index_syllabus.php')
 3 SYSTEMPATH\View\View.php(237): CodeIgniter\View\View->CodeIgniter\View\{closure}()
 4 SYSTEMPATH\Common.php(1171): CodeIgniter\View\View->render('dashboard/courses/index_syllabus', [], true)
 5 APPPATH\Controllers\Courses.php(46): view('dashboard/courses/index_syllabus', [...])
 6 SYSTEMPATH\CodeIgniter.php(933): App\Controllers\Courses->department_syllabus('public', 'assests', 'Logo.png')
 7 SYSTEMPATH\CodeIgniter.php(509): CodeIgniter\CodeIgniter->runController(Object(App\Controllers\Courses))
 8 SYSTEMPATH\CodeIgniter.php(355): CodeIgniter\CodeIgniter->handleRequest(null, Object(Config\Cache), false)
 9 SYSTEMPATH\Boot.php(325): CodeIgniter\CodeIgniter->run()
10 SYSTEMPATH\Boot.php(67): CodeIgniter\Boot::runCodeIgniter(Object(CodeIgniter\CodeIgniter))
11 FCPATH\index.php(56): CodeIgniter\Boot::bootWeb(Object(Config\Paths))
CRITICAL - 2024-12-31 23:01:30 --> ErrorException: Trying to access array offset on value of type null
[Method: GET, Route: courses/department_syllabus/public/assests/Logo.png]
in APPPATH\Views\dashboard\courses\index_syllabus.php on line 6.
 1 APPPATH\Views\dashboard\courses\index_syllabus.php(6): CodeIgniter\Debug\Exceptions->errorHandler(2, 'Trying to access array offset on value of type null', 'C:\\xampp\\htdocs\\Student_Management_Portal\\app\\Views\\dashboard\\courses\\index_syllabus.php', 6)
 2 SYSTEMPATH\View\View.php(234): include('C:\\xampp\\htdocs\\Student_Management_Portal\\app\\Views\\dashboard\\courses\\index_syllabus.php')
 3 SYSTEMPATH\View\View.php(237): CodeIgniter\View\View->CodeIgniter\View\{closure}()
 4 SYSTEMPATH\Common.php(1171): CodeIgniter\View\View->render('dashboard/courses/index_syllabus', [], true)
 5 APPPATH\Controllers\Courses.php(54): view('dashboard/courses/index_syllabus', [...])
 6 SYSTEMPATH\CodeIgniter.php(933): App\Controllers\Courses->department_syllabus('public', 'assests', 'Logo.png')
 7 SYSTEMPATH\CodeIgniter.php(509): CodeIgniter\CodeIgniter->runController(Object(App\Controllers\Courses))
 8 SYSTEMPATH\CodeIgniter.php(355): CodeIgniter\CodeIgniter->handleRequest(null, Object(Config\Cache), false)
 9 SYSTEMPATH\Boot.php(325): CodeIgniter\CodeIgniter->run()
10 SYSTEMPATH\Boot.php(67): CodeIgniter\Boot::runCodeIgniter(Object(CodeIgniter\CodeIgniter))
11 FCPATH\index.php(56): CodeIgniter\Boot::bootWeb(Object(Config\Paths))
CRITICAL - 2024-12-31 23:01:33 --> ErrorException: Trying to access array offset on value of type null
[Method: GET, Route: courses/department_syllabus/public/assests/Logo.png]
in APPPATH\Views\dashboard\courses\index_syllabus.php on line 6.
 1 APPPATH\Views\dashboard\courses\index_syllabus.php(6): CodeIgniter\Debug\Exceptions->errorHandler(2, 'Trying to access array offset on value of type null', 'C:\\xampp\\htdocs\\Student_Management_Portal\\app\\Views\\dashboard\\courses\\index_syllabus.php', 6)
 2 SYSTEMPATH\View\View.php(234): include('C:\\xampp\\htdocs\\Student_Management_Portal\\app\\Views\\dashboard\\courses\\index_syllabus.php')
 3 SYSTEMPATH\View\View.php(237): CodeIgniter\View\View->CodeIgniter\View\{closure}()
 4 SYSTEMPATH\Common.php(1171): CodeIgniter\View\View->render('dashboard/courses/index_syllabus', [], true)
 5 APPPATH\Controllers\Courses.php(54): view('dashboard/courses/index_syllabus', [...])
 6 SYSTEMPATH\CodeIgniter.php(933): App\Controllers\Courses->department_syllabus('public', 'assests', 'Logo.png')
 7 SYSTEMPATH\CodeIgniter.php(509): CodeIgniter\CodeIgniter->runController(Object(App\Controllers\Courses))
 8 SYSTEMPATH\CodeIgniter.php(355): CodeIgniter\CodeIgniter->handleRequest(null, Object(Config\Cache), false)
 9 SYSTEMPATH\Boot.php(325): CodeIgniter\CodeIgniter->run()
10 SYSTEMPATH\Boot.php(67): CodeIgniter\Boot::runCodeIgniter(Object(CodeIgniter\CodeIgniter))
11 FCPATH\index.php(56): CodeIgniter\Boot::bootWeb(Object(Config\Paths))
CRITICAL - 2024-12-31 23:01:35 --> ErrorException: Trying to access array offset on value of type null
[Method: GET, Route: courses/department_syllabus/public/assests/Logo.png]
in APPPATH\Views\dashboard\courses\index_syllabus.php on line 6.
 1 APPPATH\Views\dashboard\courses\index_syllabus.php(6): CodeIgniter\Debug\Exceptions->errorHandler(2, 'Trying to access array offset on value of type null', 'C:\\xampp\\htdocs\\Student_Management_Portal\\app\\Views\\dashboard\\courses\\index_syllabus.php', 6)
 2 SYSTEMPATH\View\View.php(234): include('C:\\xampp\\htdocs\\Student_Management_Portal\\app\\Views\\dashboard\\courses\\index_syllabus.php')
 3 SYSTEMPATH\View\View.php(237): CodeIgniter\View\View->CodeIgniter\View\{closure}()
 4 SYSTEMPATH\Common.php(1171): CodeIgniter\View\View->render('dashboard/courses/index_syllabus', [], true)
 5 APPPATH\Controllers\Courses.php(54): view('dashboard/courses/index_syllabus', [...])
 6 SYSTEMPATH\CodeIgniter.php(933): App\Controllers\Courses->department_syllabus('public', 'assests', 'Logo.png')
 7 SYSTEMPATH\CodeIgniter.php(509): CodeIgniter\CodeIgniter->runController(Object(App\Controllers\Courses))
 8 SYSTEMPATH\CodeIgniter.php(355): CodeIgniter\CodeIgniter->handleRequest(null, Object(Config\Cache), false)
 9 SYSTEMPATH\Boot.php(325): CodeIgniter\CodeIgniter->run()
10 SYSTEMPATH\Boot.php(67): CodeIgniter\Boot::runCodeIgniter(Object(CodeIgniter\CodeIgniter))
11 FCPATH\index.php(56): CodeIgniter\Boot::bootWeb(Object(Config\Paths))
CRITICAL - 2024-12-31 23:01:40 --> ArgumentCountError: Too few arguments to function App\Controllers\Courses::delete_syllabus(), 1 passed in C:\xampp\htdocs\Student_Management_Portal\system\CodeIgniter.php on line 933 and exactly 2 expected
[Method: GET, Route: courses/delete_syllabus/5]
in APPPATH\Controllers\Courses.php on line 278.
 1 SYSTEMPATH\CodeIgniter.php(933): App\Controllers\Courses->delete_syllabus('5')
 2 SYSTEMPATH\CodeIgniter.php(509): CodeIgniter\CodeIgniter->runController(Object(App\Controllers\Courses))
 3 SYSTEMPATH\CodeIgniter.php(355): CodeIgniter\CodeIgniter->handleRequest(null, Object(Config\Cache), false)
 4 SYSTEMPATH\Boot.php(325): CodeIgniter\CodeIgniter->run()
 5 SYSTEMPATH\Boot.php(67): CodeIgniter\Boot::runCodeIgniter(Object(CodeIgniter\CodeIgniter))
 6 FCPATH\index.php(56): CodeIgniter\Boot::bootWeb(Object(Config\Paths))
CRITICAL - 2024-12-31 23:01:43 --> ErrorException: Trying to access array offset on value of type null
[Method: GET, Route: courses/department_syllabus/public/assests/Logo.png]
in APPPATH\Views\dashboard\courses\index_syllabus.php on line 6.
 1 APPPATH\Views\dashboard\courses\index_syllabus.php(6): CodeIgniter\Debug\Exceptions->errorHandler(2, 'Trying to access array offset on value of type null', 'C:\\xampp\\htdocs\\Student_Management_Portal\\app\\Views\\dashboard\\courses\\index_syllabus.php', 6)
 2 SYSTEMPATH\View\View.php(234): include('C:\\xampp\\htdocs\\Student_Management_Portal\\app\\Views\\dashboard\\courses\\index_syllabus.php')
 3 SYSTEMPATH\View\View.php(237): CodeIgniter\View\View->CodeIgniter\View\{closure}()
 4 SYSTEMPATH\Common.php(1171): CodeIgniter\View\View->render('dashboard/courses/index_syllabus', [], true)
 5 APPPATH\Controllers\Courses.php(54): view('dashboard/courses/index_syllabus', [...])
 6 SYSTEMPATH\CodeIgniter.php(933): App\Controllers\Courses->department_syllabus('public', 'assests', 'Logo.png')
 7 SYSTEMPATH\CodeIgniter.php(509): CodeIgniter\CodeIgniter->runController(Object(App\Controllers\Courses))
 8 SYSTEMPATH\CodeIgniter.php(355): CodeIgniter\CodeIgniter->handleRequest(null, Object(Config\Cache), false)
 9 SYSTEMPATH\Boot.php(325): CodeIgniter\CodeIgniter->run()
10 SYSTEMPATH\Boot.php(67): CodeIgniter\Boot::runCodeIgniter(Object(CodeIgniter\CodeIgniter))
11 FCPATH\index.php(56): CodeIgniter\Boot::bootWeb(Object(Config\Paths))
CRITICAL - 2024-12-31 23:05:48 --> ErrorException: Trying to access array offset on value of type null
[Method: GET, Route: courses/department_syllabus/public/assests/Logo.png]
in APPPATH\Views\dashboard\courses\index_syllabus.php on line 6.
 1 APPPATH\Views\dashboard\courses\index_syllabus.php(6): CodeIgniter\Debug\Exceptions->errorHandler(2, 'Trying to access array offset on value of type null', 'C:\\xampp\\htdocs\\Student_Management_Portal\\app\\Views\\dashboard\\courses\\index_syllabus.php', 6)
 2 SYSTEMPATH\View\View.php(234): include('C:\\xampp\\htdocs\\Student_Management_Portal\\app\\Views\\dashboard\\courses\\index_syllabus.php')
 3 SYSTEMPATH\View\View.php(237): CodeIgniter\View\View->CodeIgniter\View\{closure}()
 4 SYSTEMPATH\Common.php(1171): CodeIgniter\View\View->render('dashboard/courses/index_syllabus', [], true)
 5 APPPATH\Controllers\Courses.php(54): view('dashboard/courses/index_syllabus', [...])
 6 SYSTEMPATH\CodeIgniter.php(933): App\Controllers\Courses->department_syllabus('public', 'assests', 'Logo.png')
 7 SYSTEMPATH\CodeIgniter.php(509): CodeIgniter\CodeIgniter->runController(Object(App\Controllers\Courses))
 8 SYSTEMPATH\CodeIgniter.php(355): CodeIgniter\CodeIgniter->handleRequest(null, Object(Config\Cache), false)
 9 SYSTEMPATH\Boot.php(325): CodeIgniter\CodeIgniter->run()
10 SYSTEMPATH\Boot.php(67): CodeIgniter\Boot::runCodeIgniter(Object(CodeIgniter\CodeIgniter))
11 FCPATH\index.php(56): CodeIgniter\Boot::bootWeb(Object(Config\Paths))
CRITICAL - 2024-12-31 23:09:51 --> ErrorException: Trying to access array offset on value of type null
[Method: GET, Route: courses/department_syllabus/public/assests/Logo.png]
in APPPATH\Views\dashboard\courses\index_syllabus.php on line 6.
 1 APPPATH\Views\dashboard\courses\index_syllabus.php(6): CodeIgniter\Debug\Exceptions->errorHandler(2, 'Trying to access array offset on value of type null', 'C:\\xampp\\htdocs\\Student_Management_Portal\\app\\Views\\dashboard\\courses\\index_syllabus.php', 6)
 2 SYSTEMPATH\View\View.php(234): include('C:\\xampp\\htdocs\\Student_Management_Portal\\app\\Views\\dashboard\\courses\\index_syllabus.php')
 3 SYSTEMPATH\View\View.php(237): CodeIgniter\View\View->CodeIgniter\View\{closure}()
 4 SYSTEMPATH\Common.php(1171): CodeIgniter\View\View->render('dashboard/courses/index_syllabus', [], true)
 5 APPPATH\Controllers\Courses.php(54): view('dashboard/courses/index_syllabus', [...])
 6 SYSTEMPATH\CodeIgniter.php(933): App\Controllers\Courses->department_syllabus('public', 'assests', 'Logo.png')
 7 SYSTEMPATH\CodeIgniter.php(509): CodeIgniter\CodeIgniter->runController(Object(App\Controllers\Courses))
 8 SYSTEMPATH\CodeIgniter.php(355): CodeIgniter\CodeIgniter->handleRequest(null, Object(Config\Cache), false)
 9 SYSTEMPATH\Boot.php(325): CodeIgniter\CodeIgniter->run()
10 SYSTEMPATH\Boot.php(67): CodeIgniter\Boot::runCodeIgniter(Object(CodeIgniter\CodeIgniter))
11 FCPATH\index.php(56): CodeIgniter\Boot::bootWeb(Object(Config\Paths))
CRITICAL - 2024-12-31 23:09:52 --> ErrorException: Trying to access array offset on value of type null
[Method: GET, Route: courses/department_syllabus/public/assests/Logo.png]
in APPPATH\Views\dashboard\courses\index_syllabus.php on line 6.
 1 APPPATH\Views\dashboard\courses\index_syllabus.php(6): CodeIgniter\Debug\Exceptions->errorHandler(2, 'Trying to access array offset on value of type null', 'C:\\xampp\\htdocs\\Student_Management_Portal\\app\\Views\\dashboard\\courses\\index_syllabus.php', 6)
 2 SYSTEMPATH\View\View.php(234): include('C:\\xampp\\htdocs\\Student_Management_Portal\\app\\Views\\dashboard\\courses\\index_syllabus.php')
 3 SYSTEMPATH\View\View.php(237): CodeIgniter\View\View->CodeIgniter\View\{closure}()
 4 SYSTEMPATH\Common.php(1171): CodeIgniter\View\View->render('dashboard/courses/index_syllabus', [], true)
 5 APPPATH\Controllers\Courses.php(54): view('dashboard/courses/index_syllabus', [...])
 6 SYSTEMPATH\CodeIgniter.php(933): App\Controllers\Courses->department_syllabus('public', 'assests', 'Logo.png')
 7 SYSTEMPATH\CodeIgniter.php(509): CodeIgniter\CodeIgniter->runController(Object(App\Controllers\Courses))
 8 SYSTEMPATH\CodeIgniter.php(355): CodeIgniter\CodeIgniter->handleRequest(null, Object(Config\Cache), false)
 9 SYSTEMPATH\Boot.php(325): CodeIgniter\CodeIgniter->run()
10 SYSTEMPATH\Boot.php(67): CodeIgniter\Boot::runCodeIgniter(Object(CodeIgniter\CodeIgniter))
11 FCPATH\index.php(56): CodeIgniter\Boot::bootWeb(Object(Config\Paths))
CRITICAL - 2024-12-31 23:09:56 --> ErrorException: Trying to access array offset on value of type null
[Method: GET, Route: courses/department_syllabus/public/assests/Logo.png]
in APPPATH\Views\dashboard\courses\index_syllabus.php on line 6.
 1 APPPATH\Views\dashboard\courses\index_syllabus.php(6): CodeIgniter\Debug\Exceptions->errorHandler(2, 'Trying to access array offset on value of type null', 'C:\\xampp\\htdocs\\Student_Management_Portal\\app\\Views\\dashboard\\courses\\index_syllabus.php', 6)
 2 SYSTEMPATH\View\View.php(234): include('C:\\xampp\\htdocs\\Student_Management_Portal\\app\\Views\\dashboard\\courses\\index_syllabus.php')
 3 SYSTEMPATH\View\View.php(237): CodeIgniter\View\View->CodeIgniter\View\{closure}()
 4 SYSTEMPATH\Common.php(1171): CodeIgniter\View\View->render('dashboard/courses/index_syllabus', [], true)
 5 APPPATH\Controllers\Courses.php(54): view('dashboard/courses/index_syllabus', [...])
 6 SYSTEMPATH\CodeIgniter.php(933): App\Controllers\Courses->department_syllabus('public', 'assests', 'Logo.png')
 7 SYSTEMPATH\CodeIgniter.php(509): CodeIgniter\CodeIgniter->runController(Object(App\Controllers\Courses))
 8 SYSTEMPATH\CodeIgniter.php(355): CodeIgniter\CodeIgniter->handleRequest(null, Object(Config\Cache), false)
 9 SYSTEMPATH\Boot.php(325): CodeIgniter\CodeIgniter->run()
10 SYSTEMPATH\Boot.php(67): CodeIgniter\Boot::runCodeIgniter(Object(CodeIgniter\CodeIgniter))
11 FCPATH\index.php(56): CodeIgniter\Boot::bootWeb(Object(Config\Paths))
CRITICAL - 2024-12-31 23:09:58 --> ErrorException: Trying to access array offset on value of type null
[Method: GET, Route: courses/department_syllabus/public/assests/Logo.png]
in APPPATH\Views\dashboard\courses\index_syllabus.php on line 6.
 1 APPPATH\Views\dashboard\courses\index_syllabus.php(6): CodeIgniter\Debug\Exceptions->errorHandler(2, 'Trying to access array offset on value of type null', 'C:\\xampp\\htdocs\\Student_Management_Portal\\app\\Views\\dashboard\\courses\\index_syllabus.php', 6)
 2 SYSTEMPATH\View\View.php(234): include('C:\\xampp\\htdocs\\Student_Management_Portal\\app\\Views\\dashboard\\courses\\index_syllabus.php')
 3 SYSTEMPATH\View\View.php(237): CodeIgniter\View\View->CodeIgniter\View\{closure}()
 4 SYSTEMPATH\Common.php(1171): CodeIgniter\View\View->render('dashboard/courses/index_syllabus', [], true)
 5 APPPATH\Controllers\Courses.php(54): view('dashboard/courses/index_syllabus', [...])
 6 SYSTEMPATH\CodeIgniter.php(933): App\Controllers\Courses->department_syllabus('public', 'assests', 'Logo.png')
 7 SYSTEMPATH\CodeIgniter.php(509): CodeIgniter\CodeIgniter->runController(Object(App\Controllers\Courses))
 8 SYSTEMPATH\CodeIgniter.php(355): CodeIgniter\CodeIgniter->handleRequest(null, Object(Config\Cache), false)
 9 SYSTEMPATH\Boot.php(325): CodeIgniter\CodeIgniter->run()
10 SYSTEMPATH\Boot.php(67): CodeIgniter\Boot::runCodeIgniter(Object(CodeIgniter\CodeIgniter))
11 FCPATH\index.php(56): CodeIgniter\Boot::bootWeb(Object(Config\Paths))
INFO - 2024-12-31 23:10:00 --> Session: Class initialized using 'CodeIgniter\Session\Handlers\FileHandler' driver.
INFO - 2024-12-31 23:10:00 --> Session: Class initialized using 'CodeIgniter\Session\Handlers\FileHandler' driver.
INFO - 2024-12-31 23:10:00 --> Session: Class initialized using 'CodeIgniter\Session\Handlers\FileHandler' driver.
INFO - 2024-12-31 23:10:01 --> Session: Class initialized using 'CodeIgniter\Session\Handlers\FileHandler' driver.
CRITICAL - 2024-12-31 23:10:11 --> ArgumentCountError: Too few arguments to function App\Controllers\Courses::store_syllabus(), 0 passed in C:\xampp\htdocs\Student_Management_Portal\system\CodeIgniter.php on line 933 and exactly 1 expected
[Method: POST, Route: courses/store_syllabus]
in APPPATH\Controllers\Courses.php on line 240.
 1 SYSTEMPATH\CodeIgniter.php(933): App\Controllers\Courses->store_syllabus()
 2 SYSTEMPATH\CodeIgniter.php(509): CodeIgniter\CodeIgniter->runController(Object(App\Controllers\Courses))
 3 SYSTEMPATH\CodeIgniter.php(355): CodeIgniter\CodeIgniter->handleRequest(null, Object(Config\Cache), false)
 4 SYSTEMPATH\Boot.php(325): CodeIgniter\CodeIgniter->run()
 5 SYSTEMPATH\Boot.php(67): CodeIgniter\Boot::runCodeIgniter(Object(CodeIgniter\CodeIgniter))
 6 FCPATH\index.php(56): CodeIgniter\Boot::bootWeb(Object(Config\Paths))
INFO - 2024-12-31 23:10:24 --> Session: Class initialized using 'CodeIgniter\Session\Handlers\FileHandler' driver.
INFO - 2024-12-31 23:10:24 --> Session: Class initialized using 'CodeIgniter\Session\Handlers\FileHandler' driver.
CRITICAL - 2024-12-31 23:10:26 --> ArgumentCountError: Too few arguments to function App\Controllers\Courses::store_syllabus(), 0 passed in C:\xampp\htdocs\Student_Management_Portal\system\CodeIgniter.php on line 933 and exactly 1 expected
[Method: POST, Route: courses/store_syllabus]
in APPPATH\Controllers\Courses.php on line 240.
 1 SYSTEMPATH\CodeIgniter.php(933): App\Controllers\Courses->store_syllabus()
 2 SYSTEMPATH\CodeIgniter.php(509): CodeIgniter\CodeIgniter->runController(Object(App\Controllers\Courses))
 3 SYSTEMPATH\CodeIgniter.php(355): CodeIgniter\CodeIgniter->handleRequest(null, Object(Config\Cache), false)
 4 SYSTEMPATH\Boot.php(325): CodeIgniter\CodeIgniter->run()
 5 SYSTEMPATH\Boot.php(67): CodeIgniter\Boot::runCodeIgniter(Object(CodeIgniter\CodeIgniter))
 6 FCPATH\index.php(56): CodeIgniter\Boot::bootWeb(Object(Config\Paths))
INFO - 2024-12-31 23:12:11 --> Session: Class initialized using 'CodeIgniter\Session\Handlers\FileHandler' driver.
INFO - 2024-12-31 23:12:11 --> Session: Class initialized using 'CodeIgniter\Session\Handlers\FileHandler' driver.
INFO - 2024-12-31 23:12:18 --> Session: Class initialized using 'CodeIgniter\Session\Handlers\FileHandler' driver.
CRITICAL - 2024-12-31 23:12:19 --> ErrorException: Trying to access array offset on value of type null
[Method: GET, Route: courses/department_syllabus/public/assests/Logo.png]
in APPPATH\Views\dashboard\courses\index_syllabus.php on line 6.
 1 APPPATH\Views\dashboard\courses\index_syllabus.php(6): CodeIgniter\Debug\Exceptions->errorHandler(2, 'Trying to access array offset on value of type null', 'C:\\xampp\\htdocs\\Student_Management_Portal\\app\\Views\\dashboard\\courses\\index_syllabus.php', 6)
 2 SYSTEMPATH\View\View.php(234): include('C:\\xampp\\htdocs\\Student_Management_Portal\\app\\Views\\dashboard\\courses\\index_syllabus.php')
 3 SYSTEMPATH\View\View.php(237): CodeIgniter\View\View->CodeIgniter\View\{closure}()
 4 SYSTEMPATH\Common.php(1171): CodeIgniter\View\View->render('dashboard/courses/index_syllabus', [], true)
 5 APPPATH\Controllers\Courses.php(54): view('dashboard/courses/index_syllabus', [...])
 6 SYSTEMPATH\CodeIgniter.php(933): App\Controllers\Courses->department_syllabus('public', 'assests', 'Logo.png')
 7 SYSTEMPATH\CodeIgniter.php(509): CodeIgniter\CodeIgniter->runController(Object(App\Controllers\Courses))
 8 SYSTEMPATH\CodeIgniter.php(355): CodeIgniter\CodeIgniter->handleRequest(null, Object(Config\Cache), false)
 9 SYSTEMPATH\Boot.php(325): CodeIgniter\CodeIgniter->run()
10 SYSTEMPATH\Boot.php(67): CodeIgniter\Boot::runCodeIgniter(Object(CodeIgniter\CodeIgniter))
11 FCPATH\index.php(56): CodeIgniter\Boot::bootWeb(Object(Config\Paths))
CRITICAL - 2024-12-31 23:12:28 --> ErrorException: Trying to access array offset on value of type null
[Method: GET, Route: courses/syllabus_subjects/2/public/assests/Logo.png]
in APPPATH\Views\dashboard\courses\index_subject.php on line 6.
 1 APPPATH\Views\dashboard\courses\index_subject.php(6): CodeIgniter\Debug\Exceptions->errorHandler(2, 'Trying to access array offset on value of type null', 'C:\\xampp\\htdocs\\Student_Management_Portal\\app\\Views\\dashboard\\courses\\index_subject.php', 6)
 2 SYSTEMPATH\View\View.php(234): include('C:\\xampp\\htdocs\\Student_Management_Portal\\app\\Views\\dashboard\\courses\\index_subject.php')
 3 SYSTEMPATH\View\View.php(237): CodeIgniter\View\View->CodeIgniter\View\{closure}()
 4 SYSTEMPATH\Common.php(1171): CodeIgniter\View\View->render('dashboard/courses/index_subject', [], true)
 5 APPPATH\Controllers\Courses.php(85): view('dashboard/courses/index_subject', [...])
 6 SYSTEMPATH\CodeIgniter.php(933): App\Controllers\Courses->syllabus_subjects('2', 'public', 'assests', 'Logo.png')
 7 SYSTEMPATH\CodeIgniter.php(509): CodeIgniter\CodeIgniter->runController(Object(App\Controllers\Courses))
 8 SYSTEMPATH\CodeIgniter.php(355): CodeIgniter\CodeIgniter->handleRequest(null, Object(Config\Cache), false)
 9 SYSTEMPATH\Boot.php(325): CodeIgniter\CodeIgniter->run()
10 SYSTEMPATH\Boot.php(67): CodeIgniter\Boot::runCodeIgniter(Object(CodeIgniter\CodeIgniter))
11 FCPATH\index.php(56): CodeIgniter\Boot::bootWeb(Object(Config\Paths))
CRITICAL - 2024-12-31 23:12:30 --> ErrorException: Trying to access array offset on value of type null
[Method: GET, Route: courses/department_syllabus/public/assests/Logo.png]
in APPPATH\Views\dashboard\courses\index_syllabus.php on line 6.
 1 APPPATH\Views\dashboard\courses\index_syllabus.php(6): CodeIgniter\Debug\Exceptions->errorHandler(2, 'Trying to access array offset on value of type null', 'C:\\xampp\\htdocs\\Student_Management_Portal\\app\\Views\\dashboard\\courses\\index_syllabus.php', 6)
 2 SYSTEMPATH\View\View.php(234): include('C:\\xampp\\htdocs\\Student_Management_Portal\\app\\Views\\dashboard\\courses\\index_syllabus.php')
 3 SYSTEMPATH\View\View.php(237): CodeIgniter\View\View->CodeIgniter\View\{closure}()
 4 SYSTEMPATH\Common.php(1171): CodeIgniter\View\View->render('dashboard/courses/index_syllabus', [], true)
 5 APPPATH\Controllers\Courses.php(54): view('dashboard/courses/index_syllabus', [...])
 6 SYSTEMPATH\CodeIgniter.php(933): App\Controllers\Courses->department_syllabus('public', 'assests', 'Logo.png')
 7 SYSTEMPATH\CodeIgniter.php(509): CodeIgniter\CodeIgniter->runController(Object(App\Controllers\Courses))
 8 SYSTEMPATH\CodeIgniter.php(355): CodeIgniter\CodeIgniter->handleRequest(null, Object(Config\Cache), false)
 9 SYSTEMPATH\Boot.php(325): CodeIgniter\CodeIgniter->run()
10 SYSTEMPATH\Boot.php(67): CodeIgniter\Boot::runCodeIgniter(Object(CodeIgniter\CodeIgniter))
11 FCPATH\index.php(56): CodeIgniter\Boot::bootWeb(Object(Config\Paths))
CRITICAL - 2024-12-31 23:12:32 --> ArgumentCountError: Too few arguments to function App\Controllers\Courses::delete_syllabus(), 1 passed in C:\xampp\htdocs\Student_Management_Portal\system\CodeIgniter.php on line 933 and exactly 2 expected
[Method: GET, Route: courses/delete_syllabus/6]
in APPPATH\Controllers\Courses.php on line 277.
 1 SYSTEMPATH\CodeIgniter.php(933): App\Controllers\Courses->delete_syllabus('6')
 2 SYSTEMPATH\CodeIgniter.php(509): CodeIgniter\CodeIgniter->runController(Object(App\Controllers\Courses))
 3 SYSTEMPATH\CodeIgniter.php(355): CodeIgniter\CodeIgniter->handleRequest(null, Object(Config\Cache), false)
 4 SYSTEMPATH\Boot.php(325): CodeIgniter\CodeIgniter->run()
 5 SYSTEMPATH\Boot.php(67): CodeIgniter\Boot::runCodeIgniter(Object(CodeIgniter\CodeIgniter))
 6 FCPATH\index.php(56): CodeIgniter\Boot::bootWeb(Object(Config\Paths))
CRITICAL - 2024-12-31 23:12:39 --> ErrorException: Trying to access array offset on value of type null
[Method: GET, Route: courses/department_syllabus/public/assests/Logo.png]
in APPPATH\Views\dashboard\courses\index_syllabus.php on line 6.
 1 APPPATH\Views\dashboard\courses\index_syllabus.php(6): CodeIgniter\Debug\Exceptions->errorHandler(2, 'Trying to access array offset on value of type null', 'C:\\xampp\\htdocs\\Student_Management_Portal\\app\\Views\\dashboard\\courses\\index_syllabus.php', 6)
 2 SYSTEMPATH\View\View.php(234): include('C:\\xampp\\htdocs\\Student_Management_Portal\\app\\Views\\dashboard\\courses\\index_syllabus.php')
 3 SYSTEMPATH\View\View.php(237): CodeIgniter\View\View->CodeIgniter\View\{closure}()
 4 SYSTEMPATH\Common.php(1171): CodeIgniter\View\View->render('dashboard/courses/index_syllabus', [], true)
 5 APPPATH\Controllers\Courses.php(54): view('dashboard/courses/index_syllabus', [...])
 6 SYSTEMPATH\CodeIgniter.php(933): App\Controllers\Courses->department_syllabus('public', 'assests', 'Logo.png')
 7 SYSTEMPATH\CodeIgniter.php(509): CodeIgniter\CodeIgniter->runController(Object(App\Controllers\Courses))
 8 SYSTEMPATH\CodeIgniter.php(355): CodeIgniter\CodeIgniter->handleRequest(null, Object(Config\Cache), false)
 9 SYSTEMPATH\Boot.php(325): CodeIgniter\CodeIgniter->run()
10 SYSTEMPATH\Boot.php(67): CodeIgniter\Boot::runCodeIgniter(Object(CodeIgniter\CodeIgniter))
11 FCPATH\index.php(56): CodeIgniter\Boot::bootWeb(Object(Config\Paths))
CRITICAL - 2024-12-31 23:12:44 --> ErrorException: Trying to access array offset on value of type null
[Method: GET, Route: courses/department_syllabus/public/assests/Logo.png]
in APPPATH\Views\dashboard\courses\index_syllabus.php on line 6.
 1 APPPATH\Views\dashboard\courses\index_syllabus.php(6): CodeIgniter\Debug\Exceptions->errorHandler(2, 'Trying to access array offset on value of type null', 'C:\\xampp\\htdocs\\Student_Management_Portal\\app\\Views\\dashboard\\courses\\index_syllabus.php', 6)
 2 SYSTEMPATH\View\View.php(234): include('C:\\xampp\\htdocs\\Student_Management_Portal\\app\\Views\\dashboard\\courses\\index_syllabus.php')
 3 SYSTEMPATH\View\View.php(237): CodeIgniter\View\View->CodeIgniter\View\{closure}()
 4 SYSTEMPATH\Common.php(1171): CodeIgniter\View\View->render('dashboard/courses/index_syllabus', [], true)
 5 APPPATH\Controllers\Courses.php(54): view('dashboard/courses/index_syllabus', [...])
 6 SYSTEMPATH\CodeIgniter.php(933): App\Controllers\Courses->department_syllabus('public', 'assests', 'Logo.png')
 7 SYSTEMPATH\CodeIgniter.php(509): CodeIgniter\CodeIgniter->runController(Object(App\Controllers\Courses))
 8 SYSTEMPATH\CodeIgniter.php(355): CodeIgniter\CodeIgniter->handleRequest(null, Object(Config\Cache), false)
 9 SYSTEMPATH\Boot.php(325): CodeIgniter\CodeIgniter->run()
10 SYSTEMPATH\Boot.php(67): CodeIgniter\Boot::runCodeIgniter(Object(CodeIgniter\CodeIgniter))
11 FCPATH\index.php(56): CodeIgniter\Boot::bootWeb(Object(Config\Paths))
CRITICAL - 2024-12-31 23:12:46 --> ErrorException: Trying to access array offset on value of type null
[Method: GET, Route: courses/department_syllabus/public/assests/Logo.png]
in APPPATH\Views\dashboard\courses\index_syllabus.php on line 6.
 1 APPPATH\Views\dashboard\courses\index_syllabus.php(6): CodeIgniter\Debug\Exceptions->errorHandler(2, 'Trying to access array offset on value of type null', 'C:\\xampp\\htdocs\\Student_Management_Portal\\app\\Views\\dashboard\\courses\\index_syllabus.php', 6)
 2 SYSTEMPATH\View\View.php(234): include('C:\\xampp\\htdocs\\Student_Management_Portal\\app\\Views\\dashboard\\courses\\index_syllabus.php')
 3 SYSTEMPATH\View\View.php(237): CodeIgniter\View\View->CodeIgniter\View\{closure}()
 4 SYSTEMPATH\Common.php(1171): CodeIgniter\View\View->render('dashboard/courses/index_syllabus', [], true)
 5 APPPATH\Controllers\Courses.php(54): view('dashboard/courses/index_syllabus', [...])
 6 SYSTEMPATH\CodeIgniter.php(933): App\Controllers\Courses->department_syllabus('public', 'assests', 'Logo.png')
 7 SYSTEMPATH\CodeIgniter.php(509): CodeIgniter\CodeIgniter->runController(Object(App\Controllers\Courses))
 8 SYSTEMPATH\CodeIgniter.php(355): CodeIgniter\CodeIgniter->handleRequest(null, Object(Config\Cache), false)
 9 SYSTEMPATH\Boot.php(325): CodeIgniter\CodeIgniter->run()
10 SYSTEMPATH\Boot.php(67): CodeIgniter\Boot::runCodeIgniter(Object(CodeIgniter\CodeIgniter))
11 FCPATH\index.php(56): CodeIgniter\Boot::bootWeb(Object(Config\Paths))
CRITICAL - 2024-12-31 23:13:19 --> ArgumentCountError: Too few arguments to function App\Controllers\Courses::delete_syllabus(), 1 passed in C:\xampp\htdocs\Student_Management_Portal\system\CodeIgniter.php on line 933 and exactly 2 expected
[Method: GET, Route: courses/delete_syllabus/6]
in APPPATH\Controllers\Courses.php on line 277.
 1 SYSTEMPATH\CodeIgniter.php(933): App\Controllers\Courses->delete_syllabus('6')
 2 SYSTEMPATH\CodeIgniter.php(509): CodeIgniter\CodeIgniter->runController(Object(App\Controllers\Courses))
 3 SYSTEMPATH\CodeIgniter.php(355): CodeIgniter\CodeIgniter->handleRequest(null, Object(Config\Cache), false)
 4 SYSTEMPATH\Boot.php(325): CodeIgniter\CodeIgniter->run()
 5 SYSTEMPATH\Boot.php(67): CodeIgniter\Boot::runCodeIgniter(Object(CodeIgniter\CodeIgniter))
 6 FCPATH\index.php(56): CodeIgniter\Boot::bootWeb(Object(Config\Paths))
CRITICAL - 2024-12-31 23:14:43 --> ErrorException: Trying to access array offset on value of type null
[Method: GET, Route: courses/department_syllabus/public/assests/Logo.png]
in APPPATH\Views\dashboard\courses\index_syllabus.php on line 6.
 1 APPPATH\Views\dashboard\courses\index_syllabus.php(6): CodeIgniter\Debug\Exceptions->errorHandler(2, 'Trying to access array offset on value of type null', 'C:\\xampp\\htdocs\\Student_Management_Portal\\app\\Views\\dashboard\\courses\\index_syllabus.php', 6)
 2 SYSTEMPATH\View\View.php(234): include('C:\\xampp\\htdocs\\Student_Management_Portal\\app\\Views\\dashboard\\courses\\index_syllabus.php')
 3 SYSTEMPATH\View\View.php(237): CodeIgniter\View\View->CodeIgniter\View\{closure}()
 4 SYSTEMPATH\Common.php(1171): CodeIgniter\View\View->render('dashboard/courses/index_syllabus', [], true)
 5 APPPATH\Controllers\Courses.php(54): view('dashboard/courses/index_syllabus', [...])
 6 SYSTEMPATH\CodeIgniter.php(933): App\Controllers\Courses->department_syllabus('public', 'assests', 'Logo.png')
 7 SYSTEMPATH\CodeIgniter.php(509): CodeIgniter\CodeIgniter->runController(Object(App\Controllers\Courses))
 8 SYSTEMPATH\CodeIgniter.php(355): CodeIgniter\CodeIgniter->handleRequest(null, Object(Config\Cache), false)
 9 SYSTEMPATH\Boot.php(325): CodeIgniter\CodeIgniter->run()
10 SYSTEMPATH\Boot.php(67): CodeIgniter\Boot::runCodeIgniter(Object(CodeIgniter\CodeIgniter))
11 FCPATH\index.php(56): CodeIgniter\Boot::bootWeb(Object(Config\Paths))
CRITICAL - 2024-12-31 23:14:47 --> ArgumentCountError: Too few arguments to function App\Controllers\Courses::delete_syllabus(), 1 passed in C:\xampp\htdocs\Student_Management_Portal\system\CodeIgniter.php on line 933 and exactly 2 expected
[Method: GET, Route: courses/delete_syllabus/6]
in APPPATH\Controllers\Courses.php on line 277.
 1 SYSTEMPATH\CodeIgniter.php(933): App\Controllers\Courses->delete_syllabus('6')
 2 SYSTEMPATH\CodeIgniter.php(509): CodeIgniter\CodeIgniter->runController(Object(App\Controllers\Courses))
 3 SYSTEMPATH\CodeIgniter.php(355): CodeIgniter\CodeIgniter->handleRequest(null, Object(Config\Cache), false)
 4 SYSTEMPATH\Boot.php(325): CodeIgniter\CodeIgniter->run()
 5 SYSTEMPATH\Boot.php(67): CodeIgniter\Boot::runCodeIgniter(Object(CodeIgniter\CodeIgniter))
 6 FCPATH\index.php(56): CodeIgniter\Boot::bootWeb(Object(Config\Paths))
CRITICAL - 2024-12-31 23:15:15 --> ErrorException: Trying to access array offset on value of type null
[Method: GET, Route: courses/department_syllabus/public/assests/Logo.png]
in APPPATH\Views\dashboard\courses\index_syllabus.php on line 6.
 1 APPPATH\Views\dashboard\courses\index_syllabus.php(6): CodeIgniter\Debug\Exceptions->errorHandler(2, 'Trying to access array offset on value of type null', 'C:\\xampp\\htdocs\\Student_Management_Portal\\app\\Views\\dashboard\\courses\\index_syllabus.php', 6)
 2 SYSTEMPATH\View\View.php(234): include('C:\\xampp\\htdocs\\Student_Management_Portal\\app\\Views\\dashboard\\courses\\index_syllabus.php')
 3 SYSTEMPATH\View\View.php(237): CodeIgniter\View\View->CodeIgniter\View\{closure}()
 4 SYSTEMPATH\Common.php(1171): CodeIgniter\View\View->render('dashboard/courses/index_syllabus', [], true)
 5 APPPATH\Controllers\Courses.php(54): view('dashboard/courses/index_syllabus', [...])
 6 SYSTEMPATH\CodeIgniter.php(933): App\Controllers\Courses->department_syllabus('public', 'assests', 'Logo.png')
 7 SYSTEMPATH\CodeIgniter.php(509): CodeIgniter\CodeIgniter->runController(Object(App\Controllers\Courses))
 8 SYSTEMPATH\CodeIgniter.php(355): CodeIgniter\CodeIgniter->handleRequest(null, Object(Config\Cache), false)
 9 SYSTEMPATH\Boot.php(325): CodeIgniter\CodeIgniter->run()
10 SYSTEMPATH\Boot.php(67): CodeIgniter\Boot::runCodeIgniter(Object(CodeIgniter\CodeIgniter))
11 FCPATH\index.php(56): CodeIgniter\Boot::bootWeb(Object(Config\Paths))
INFO - 2024-12-31 23:15:17 --> Session: Class initialized using 'CodeIgniter\Session\Handlers\FileHandler' driver.
INFO - 2024-12-31 23:15:17 --> Session: Class initialized using 'CodeIgniter\Session\Handlers\FileHandler' driver.
CRITICAL - 2024-12-31 23:15:19 --> ErrorException: Trying to access array offset on value of type null
[Method: GET, Route: courses/department_syllabus/public/assests/Logo.png]
in APPPATH\Views\dashboard\courses\index_syllabus.php on line 6.
 1 APPPATH\Views\dashboard\courses\index_syllabus.php(6): CodeIgniter\Debug\Exceptions->errorHandler(2, 'Trying to access array offset on value of type null', 'C:\\xampp\\htdocs\\Student_Management_Portal\\app\\Views\\dashboard\\courses\\index_syllabus.php', 6)
 2 SYSTEMPATH\View\View.php(234): include('C:\\xampp\\htdocs\\Student_Management_Portal\\app\\Views\\dashboard\\courses\\index_syllabus.php')
 3 SYSTEMPATH\View\View.php(237): CodeIgniter\View\View->CodeIgniter\View\{closure}()
 4 SYSTEMPATH\Common.php(1171): CodeIgniter\View\View->render('dashboard/courses/index_syllabus', [], true)
 5 APPPATH\Controllers\Courses.php(54): view('dashboard/courses/index_syllabus', [...])
 6 SYSTEMPATH\CodeIgniter.php(933): App\Controllers\Courses->department_syllabus('public', 'assests', 'Logo.png')
 7 SYSTEMPATH\CodeIgniter.php(509): CodeIgniter\CodeIgniter->runController(Object(App\Controllers\Courses))
 8 SYSTEMPATH\CodeIgniter.php(355): CodeIgniter\CodeIgniter->handleRequest(null, Object(Config\Cache), false)
 9 SYSTEMPATH\Boot.php(325): CodeIgniter\CodeIgniter->run()
10 SYSTEMPATH\Boot.php(67): CodeIgniter\Boot::runCodeIgniter(Object(CodeIgniter\CodeIgniter))
11 FCPATH\index.php(56): CodeIgniter\Boot::bootWeb(Object(Config\Paths))
CRITICAL - 2024-12-31 23:16:15 --> ErrorException: Undefined variable $department_id
[Method: GET, Route: courses/department_syllabus/2]
in APPPATH\Views\dashboard\courses\index_syllabus.php on line 51.
 1 APPPATH\Views\dashboard\courses\index_syllabus.php(51): CodeIgniter\Debug\Exceptions->errorHandler(2, 'Undefined variable $department_id', 'C:\\xampp\\htdocs\\Student_Management_Portal\\app\\Views\\dashboard\\courses\\index_syllabus.php', 51)
 2 SYSTEMPATH\View\View.php(234): include('C:\\xampp\\htdocs\\Student_Management_Portal\\app\\Views\\dashboard\\courses\\index_syllabus.php')
 3 SYSTEMPATH\View\View.php(237): CodeIgniter\View\View->CodeIgniter\View\{closure}()
 4 SYSTEMPATH\Common.php(1171): CodeIgniter\View\View->render('dashboard/courses/index_syllabus', [], true)
 5 APPPATH\Controllers\Courses.php(54): view('dashboard/courses/index_syllabus', [...])
 6 SYSTEMPATH\CodeIgniter.php(933): App\Controllers\Courses->department_syllabus('2')
 7 SYSTEMPATH\CodeIgniter.php(509): CodeIgniter\CodeIgniter->runController(Object(App\Controllers\Courses))
 8 SYSTEMPATH\CodeIgniter.php(355): CodeIgniter\CodeIgniter->handleRequest(null, Object(Config\Cache), false)
 9 SYSTEMPATH\Boot.php(325): CodeIgniter\CodeIgniter->run()
10 SYSTEMPATH\Boot.php(67): CodeIgniter\Boot::runCodeIgniter(Object(CodeIgniter\CodeIgniter))
11 FCPATH\index.php(56): CodeIgniter\Boot::bootWeb(Object(Config\Paths))
INFO - 2024-12-31 23:16:17 --> Session: Class initialized using 'CodeIgniter\Session\Handlers\FileHandler' driver.
INFO - 2024-12-31 23:16:17 --> Session: Class initialized using 'CodeIgniter\Session\Handlers\FileHandler' driver.
INFO - 2024-12-31 23:16:22 --> Session: Class initialized using 'CodeIgniter\Session\Handlers\FileHandler' driver.
CRITICAL - 2024-12-31 23:16:25 --> ErrorException: Undefined variable $department_id
[Method: GET, Route: courses/department_syllabus/2]
in APPPATH\Views\dashboard\courses\index_syllabus.php on line 51.
 1 APPPATH\Views\dashboard\courses\index_syllabus.php(51): CodeIgniter\Debug\Exceptions->errorHandler(2, 'Undefined variable $department_id', 'C:\\xampp\\htdocs\\Student_Management_Portal\\app\\Views\\dashboard\\courses\\index_syllabus.php', 51)
 2 SYSTEMPATH\View\View.php(234): include('C:\\xampp\\htdocs\\Student_Management_Portal\\app\\Views\\dashboard\\courses\\index_syllabus.php')
 3 SYSTEMPATH\View\View.php(237): CodeIgniter\View\View->CodeIgniter\View\{closure}()
 4 SYSTEMPATH\Common.php(1171): CodeIgniter\View\View->render('dashboard/courses/index_syllabus', [], true)
 5 APPPATH\Controllers\Courses.php(54): view('dashboard/courses/index_syllabus', [...])
 6 SYSTEMPATH\CodeIgniter.php(933): App\Controllers\Courses->department_syllabus('2')
 7 SYSTEMPATH\CodeIgniter.php(509): CodeIgniter\CodeIgniter->runController(Object(App\Controllers\Courses))
 8 SYSTEMPATH\CodeIgniter.php(355): CodeIgniter\CodeIgniter->handleRequest(null, Object(Config\Cache), false)
 9 SYSTEMPATH\Boot.php(325): CodeIgniter\CodeIgniter->run()
10 SYSTEMPATH\Boot.php(67): CodeIgniter\Boot::runCodeIgniter(Object(CodeIgniter\CodeIgniter))
11 FCPATH\index.php(56): CodeIgniter\Boot::bootWeb(Object(Config\Paths))
CRITICAL - 2024-12-31 23:16:42 --> ErrorException: Undefined variable $department_id
[Method: GET, Route: courses/department_syllabus/2]
in APPPATH\Views\dashboard\courses\index_syllabus.php on line 51.
 1 APPPATH\Views\dashboard\courses\index_syllabus.php(51): CodeIgniter\Debug\Exceptions->errorHandler(2, 'Undefined variable $department_id', 'C:\\xampp\\htdocs\\Student_Management_Portal\\app\\Views\\dashboard\\courses\\index_syllabus.php', 51)
 2 SYSTEMPATH\View\View.php(234): include('C:\\xampp\\htdocs\\Student_Management_Portal\\app\\Views\\dashboard\\courses\\index_syllabus.php')
 3 SYSTEMPATH\View\View.php(237): CodeIgniter\View\View->CodeIgniter\View\{closure}()
 4 SYSTEMPATH\Common.php(1171): CodeIgniter\View\View->render('dashboard/courses/index_syllabus', [], true)
 5 APPPATH\Controllers\Courses.php(54): view('dashboard/courses/index_syllabus', [...])
 6 SYSTEMPATH\CodeIgniter.php(933): App\Controllers\Courses->department_syllabus('2')
 7 SYSTEMPATH\CodeIgniter.php(509): CodeIgniter\CodeIgniter->runController(Object(App\Controllers\Courses))
 8 SYSTEMPATH\CodeIgniter.php(355): CodeIgniter\CodeIgniter->handleRequest(null, Object(Config\Cache), false)
 9 SYSTEMPATH\Boot.php(325): CodeIgniter\CodeIgniter->run()
10 SYSTEMPATH\Boot.php(67): CodeIgniter\Boot::runCodeIgniter(Object(CodeIgniter\CodeIgniter))
11 FCPATH\index.php(56): CodeIgniter\Boot::bootWeb(Object(Config\Paths))
INFO - 2024-12-31 23:16:43 --> Session: Class initialized using 'CodeIgniter\Session\Handlers\FileHandler' driver.
INFO - 2024-12-31 23:16:44 --> Session: Class initialized using 'CodeIgniter\Session\Handlers\FileHandler' driver.
INFO - 2024-12-31 23:16:45 --> Session: Class initialized using 'CodeIgniter\Session\Handlers\FileHandler' driver.
INFO - 2024-12-31 23:16:48 --> Session: Class initialized using 'CodeIgniter\Session\Handlers\FileHandler' driver.
INFO - 2024-12-31 23:16:49 --> Session: Class initialized using 'CodeIgniter\Session\Handlers\FileHandler' driver.
CRITICAL - 2024-12-31 23:16:50 --> ErrorException: Undefined variable $department_id
[Method: GET, Route: courses/department_syllabus/2]
in APPPATH\Views\dashboard\courses\index_syllabus.php on line 51.
 1 APPPATH\Views\dashboard\courses\index_syllabus.php(51): CodeIgniter\Debug\Exceptions->errorHandler(2, 'Undefined variable $department_id', 'C:\\xampp\\htdocs\\Student_Management_Portal\\app\\Views\\dashboard\\courses\\index_syllabus.php', 51)
 2 SYSTEMPATH\View\View.php(234): include('C:\\xampp\\htdocs\\Student_Management_Portal\\app\\Views\\dashboard\\courses\\index_syllabus.php')
 3 SYSTEMPATH\View\View.php(237): CodeIgniter\View\View->CodeIgniter\View\{closure}()
 4 SYSTEMPATH\Common.php(1171): CodeIgniter\View\View->render('dashboard/courses/index_syllabus', [], true)
 5 APPPATH\Controllers\Courses.php(54): view('dashboard/courses/index_syllabus', [...])
 6 SYSTEMPATH\CodeIgniter.php(933): App\Controllers\Courses->department_syllabus('2')
 7 SYSTEMPATH\CodeIgniter.php(509): CodeIgniter\CodeIgniter->runController(Object(App\Controllers\Courses))
 8 SYSTEMPATH\CodeIgniter.php(355): CodeIgniter\CodeIgniter->handleRequest(null, Object(Config\Cache), false)
 9 SYSTEMPATH\Boot.php(325): CodeIgniter\CodeIgniter->run()
10 SYSTEMPATH\Boot.php(67): CodeIgniter\Boot::runCodeIgniter(Object(CodeIgniter\CodeIgniter))
11 FCPATH\index.php(56): CodeIgniter\Boot::bootWeb(Object(Config\Paths))
CRITICAL - 2024-12-31 23:17:17 --> ErrorException: Undefined variable $department_id
[Method: GET, Route: courses/department_syllabus/2]
in APPPATH\Views\dashboard\courses\index_syllabus.php on line 51.
 1 APPPATH\Views\dashboard\courses\index_syllabus.php(51): CodeIgniter\Debug\Exceptions->errorHandler(2, 'Undefined variable $department_id', 'C:\\xampp\\htdocs\\Student_Management_Portal\\app\\Views\\dashboard\\courses\\index_syllabus.php', 51)
 2 SYSTEMPATH\View\View.php(234): include('C:\\xampp\\htdocs\\Student_Management_Portal\\app\\Views\\dashboard\\courses\\index_syllabus.php')
 3 SYSTEMPATH\View\View.php(237): CodeIgniter\View\View->CodeIgniter\View\{closure}()
 4 SYSTEMPATH\Common.php(1171): CodeIgniter\View\View->render('dashboard/courses/index_syllabus', [], true)
 5 APPPATH\Controllers\Courses.php(54): view('dashboard/courses/index_syllabus', [...])
 6 SYSTEMPATH\CodeIgniter.php(933): App\Controllers\Courses->department_syllabus('2')
 7 SYSTEMPATH\CodeIgniter.php(509): CodeIgniter\CodeIgniter->runController(Object(App\Controllers\Courses))
 8 SYSTEMPATH\CodeIgniter.php(355): CodeIgniter\CodeIgniter->handleRequest(null, Object(Config\Cache), false)
 9 SYSTEMPATH\Boot.php(325): CodeIgniter\CodeIgniter->run()
10 SYSTEMPATH\Boot.php(67): CodeIgniter\Boot::runCodeIgniter(Object(CodeIgniter\CodeIgniter))
11 FCPATH\index.php(56): CodeIgniter\Boot::bootWeb(Object(Config\Paths))
CRITICAL - 2024-12-31 23:17:18 --> ErrorException: Undefined variable $department_id
[Method: GET, Route: courses/department_syllabus/2]
in APPPATH\Views\dashboard\courses\index_syllabus.php on line 51.
 1 APPPATH\Views\dashboard\courses\index_syllabus.php(51): CodeIgniter\Debug\Exceptions->errorHandler(2, 'Undefined variable $department_id', 'C:\\xampp\\htdocs\\Student_Management_Portal\\app\\Views\\dashboard\\courses\\index_syllabus.php', 51)
 2 SYSTEMPATH\View\View.php(234): include('C:\\xampp\\htdocs\\Student_Management_Portal\\app\\Views\\dashboard\\courses\\index_syllabus.php')
 3 SYSTEMPATH\View\View.php(237): CodeIgniter\View\View->CodeIgniter\View\{closure}()
 4 SYSTEMPATH\Common.php(1171): CodeIgniter\View\View->render('dashboard/courses/index_syllabus', [], true)
 5 APPPATH\Controllers\Courses.php(54): view('dashboard/courses/index_syllabus', [...])
 6 SYSTEMPATH\CodeIgniter.php(933): App\Controllers\Courses->department_syllabus('2')
 7 SYSTEMPATH\CodeIgniter.php(509): CodeIgniter\CodeIgniter->runController(Object(App\Controllers\Courses))
 8 SYSTEMPATH\CodeIgniter.php(355): CodeIgniter\CodeIgniter->handleRequest(null, Object(Config\Cache), false)
 9 SYSTEMPATH\Boot.php(325): CodeIgniter\CodeIgniter->run()
10 SYSTEMPATH\Boot.php(67): CodeIgniter\Boot::runCodeIgniter(Object(CodeIgniter\CodeIgniter))
11 FCPATH\index.php(56): CodeIgniter\Boot::bootWeb(Object(Config\Paths))
CRITICAL - 2024-12-31 23:17:58 --> ErrorException: Undefined variable $department_id
[Method: GET, Route: courses/department_syllabus/2]
in APPPATH\Views\dashboard\courses\index_syllabus.php on line 51.
 1 APPPATH\Views\dashboard\courses\index_syllabus.php(51): CodeIgniter\Debug\Exceptions->errorHandler(2, 'Undefined variable $department_id', 'C:\\xampp\\htdocs\\Student_Management_Portal\\app\\Views\\dashboard\\courses\\index_syllabus.php', 51)
 2 SYSTEMPATH\View\View.php(234): include('C:\\xampp\\htdocs\\Student_Management_Portal\\app\\Views\\dashboard\\courses\\index_syllabus.php')
 3 SYSTEMPATH\View\View.php(237): CodeIgniter\View\View->CodeIgniter\View\{closure}()
 4 SYSTEMPATH\Common.php(1171): CodeIgniter\View\View->render('dashboard/courses/index_syllabus', [], true)
 5 APPPATH\Controllers\Courses.php(54): view('dashboard/courses/index_syllabus', [...])
 6 SYSTEMPATH\CodeIgniter.php(933): App\Controllers\Courses->department_syllabus('2')
 7 SYSTEMPATH\CodeIgniter.php(509): CodeIgniter\CodeIgniter->runController(Object(App\Controllers\Courses))
 8 SYSTEMPATH\CodeIgniter.php(355): CodeIgniter\CodeIgniter->handleRequest(null, Object(Config\Cache), false)
 9 SYSTEMPATH\Boot.php(325): CodeIgniter\CodeIgniter->run()
10 SYSTEMPATH\Boot.php(67): CodeIgniter\Boot::runCodeIgniter(Object(CodeIgniter\CodeIgniter))
11 FCPATH\index.php(56): CodeIgniter\Boot::bootWeb(Object(Config\Paths))
CRITICAL - 2024-12-31 23:17:59 --> ErrorException: Undefined variable $department_id
[Method: GET, Route: courses/department_syllabus/2]
in APPPATH\Views\dashboard\courses\index_syllabus.php on line 51.
 1 APPPATH\Views\dashboard\courses\index_syllabus.php(51): CodeIgniter\Debug\Exceptions->errorHandler(2, 'Undefined variable $department_id', 'C:\\xampp\\htdocs\\Student_Management_Portal\\app\\Views\\dashboard\\courses\\index_syllabus.php', 51)
 2 SYSTEMPATH\View\View.php(234): include('C:\\xampp\\htdocs\\Student_Management_Portal\\app\\Views\\dashboard\\courses\\index_syllabus.php')
 3 SYSTEMPATH\View\View.php(237): CodeIgniter\View\View->CodeIgniter\View\{closure}()
 4 SYSTEMPATH\Common.php(1171): CodeIgniter\View\View->render('dashboard/courses/index_syllabus', [], true)
 5 APPPATH\Controllers\Courses.php(54): view('dashboard/courses/index_syllabus', [...])
 6 SYSTEMPATH\CodeIgniter.php(933): App\Controllers\Courses->department_syllabus('2')
 7 SYSTEMPATH\CodeIgniter.php(509): CodeIgniter\CodeIgniter->runController(Object(App\Controllers\Courses))
 8 SYSTEMPATH\CodeIgniter.php(355): CodeIgniter\CodeIgniter->handleRequest(null, Object(Config\Cache), false)
 9 SYSTEMPATH\Boot.php(325): CodeIgniter\CodeIgniter->run()
10 SYSTEMPATH\Boot.php(67): CodeIgniter\Boot::runCodeIgniter(Object(CodeIgniter\CodeIgniter))
11 FCPATH\index.php(56): CodeIgniter\Boot::bootWeb(Object(Config\Paths))
CRITICAL - 2024-12-31 23:18:23 --> ErrorException: Trying to access array offset on value of type null
[Method: GET, Route: courses/department_syllabus/public/assests/Logo.png]
in APPPATH\Views\dashboard\courses\index_syllabus.php on line 6.
 1 APPPATH\Views\dashboard\courses\index_syllabus.php(6): CodeIgniter\Debug\Exceptions->errorHandler(2, 'Trying to access array offset on value of type null', 'C:\\xampp\\htdocs\\Student_Management_Portal\\app\\Views\\dashboard\\courses\\index_syllabus.php', 6)
 2 SYSTEMPATH\View\View.php(234): include('C:\\xampp\\htdocs\\Student_Management_Portal\\app\\Views\\dashboard\\courses\\index_syllabus.php')
 3 SYSTEMPATH\View\View.php(237): CodeIgniter\View\View->CodeIgniter\View\{closure}()
 4 SYSTEMPATH\Common.php(1171): CodeIgniter\View\View->render('dashboard/courses/index_syllabus', [], true)
 5 APPPATH\Controllers\Courses.php(54): view('dashboard/courses/index_syllabus', [...])
 6 SYSTEMPATH\CodeIgniter.php(933): App\Controllers\Courses->department_syllabus('public', 'assests', 'Logo.png')
 7 SYSTEMPATH\CodeIgniter.php(509): CodeIgniter\CodeIgniter->runController(Object(App\Controllers\Courses))
 8 SYSTEMPATH\CodeIgniter.php(355): CodeIgniter\CodeIgniter->handleRequest(null, Object(Config\Cache), false)
 9 SYSTEMPATH\Boot.php(325): CodeIgniter\CodeIgniter->run()
10 SYSTEMPATH\Boot.php(67): CodeIgniter\Boot::runCodeIgniter(Object(CodeIgniter\CodeIgniter))
11 FCPATH\index.php(56): CodeIgniter\Boot::bootWeb(Object(Config\Paths))
INFO - 2024-12-31 23:18:25 --> Session: Class initialized using 'CodeIgniter\Session\Handlers\FileHandler' driver.
INFO - 2024-12-31 23:18:26 --> Session: Class initialized using 'CodeIgniter\Session\Handlers\FileHandler' driver.
INFO - 2024-12-31 23:18:35 --> Session: Class initialized using 'CodeIgniter\Session\Handlers\FileHandler' driver.
CRITICAL - 2024-12-31 23:18:35 --> ErrorException: Trying to access array offset on value of type null
[Method: GET, Route: courses/department_syllabus/public/assests/Logo.png]
in APPPATH\Views\dashboard\courses\index_syllabus.php on line 6.
 1 APPPATH\Views\dashboard\courses\index_syllabus.php(6): CodeIgniter\Debug\Exceptions->errorHandler(2, 'Trying to access array offset on value of type null', 'C:\\xampp\\htdocs\\Student_Management_Portal\\app\\Views\\dashboard\\courses\\index_syllabus.php', 6)
 2 SYSTEMPATH\View\View.php(234): include('C:\\xampp\\htdocs\\Student_Management_Portal\\app\\Views\\dashboard\\courses\\index_syllabus.php')
 3 SYSTEMPATH\View\View.php(237): CodeIgniter\View\View->CodeIgniter\View\{closure}()
 4 SYSTEMPATH\Common.php(1171): CodeIgniter\View\View->render('dashboard/courses/index_syllabus', [], true)
 5 APPPATH\Controllers\Courses.php(54): view('dashboard/courses/index_syllabus', [...])
 6 SYSTEMPATH\CodeIgniter.php(933): App\Controllers\Courses->department_syllabus('public', 'assests', 'Logo.png')
 7 SYSTEMPATH\CodeIgniter.php(509): CodeIgniter\CodeIgniter->runController(Object(App\Controllers\Courses))
 8 SYSTEMPATH\CodeIgniter.php(355): CodeIgniter\CodeIgniter->handleRequest(null, Object(Config\Cache), false)
 9 SYSTEMPATH\Boot.php(325): CodeIgniter\CodeIgniter->run()
10 SYSTEMPATH\Boot.php(67): CodeIgniter\Boot::runCodeIgniter(Object(CodeIgniter\CodeIgniter))
11 FCPATH\index.php(56): CodeIgniter\Boot::bootWeb(Object(Config\Paths))
CRITICAL - 2024-12-31 23:18:39 --> ArgumentCountError: Too few arguments to function App\Controllers\Courses::delete_syllabus(), 1 passed in C:\xampp\htdocs\Student_Management_Portal\system\CodeIgniter.php on line 933 and exactly 2 expected
[Method: GET, Route: courses/delete_syllabus/7]
in APPPATH\Controllers\Courses.php on line 277.
 1 SYSTEMPATH\CodeIgniter.php(933): App\Controllers\Courses->delete_syllabus('7')
 2 SYSTEMPATH\CodeIgniter.php(509): CodeIgniter\CodeIgniter->runController(Object(App\Controllers\Courses))
 3 SYSTEMPATH\CodeIgniter.php(355): CodeIgniter\CodeIgniter->handleRequest(null, Object(Config\Cache), false)
 4 SYSTEMPATH\Boot.php(325): CodeIgniter\CodeIgniter->run()
 5 SYSTEMPATH\Boot.php(67): CodeIgniter\Boot::runCodeIgniter(Object(CodeIgniter\CodeIgniter))
 6 FCPATH\index.php(56): CodeIgniter\Boot::bootWeb(Object(Config\Paths))
CRITICAL - 2024-12-31 23:18:41 --> ErrorException: Trying to access array offset on value of type null
[Method: GET, Route: courses/department_syllabus/public/assests/Logo.png]
in APPPATH\Views\dashboard\courses\index_syllabus.php on line 6.
 1 APPPATH\Views\dashboard\courses\index_syllabus.php(6): CodeIgniter\Debug\Exceptions->errorHandler(2, 'Trying to access array offset on value of type null', 'C:\\xampp\\htdocs\\Student_Management_Portal\\app\\Views\\dashboard\\courses\\index_syllabus.php', 6)
 2 SYSTEMPATH\View\View.php(234): include('C:\\xampp\\htdocs\\Student_Management_Portal\\app\\Views\\dashboard\\courses\\index_syllabus.php')
 3 SYSTEMPATH\View\View.php(237): CodeIgniter\View\View->CodeIgniter\View\{closure}()
 4 SYSTEMPATH\Common.php(1171): CodeIgniter\View\View->render('dashboard/courses/index_syllabus', [], true)
 5 APPPATH\Controllers\Courses.php(54): view('dashboard/courses/index_syllabus', [...])
 6 SYSTEMPATH\CodeIgniter.php(933): App\Controllers\Courses->department_syllabus('public', 'assests', 'Logo.png')
 7 SYSTEMPATH\CodeIgniter.php(509): CodeIgniter\CodeIgniter->runController(Object(App\Controllers\Courses))
 8 SYSTEMPATH\CodeIgniter.php(355): CodeIgniter\CodeIgniter->handleRequest(null, Object(Config\Cache), false)
 9 SYSTEMPATH\Boot.php(325): CodeIgniter\CodeIgniter->run()
10 SYSTEMPATH\Boot.php(67): CodeIgniter\Boot::runCodeIgniter(Object(CodeIgniter\CodeIgniter))
11 FCPATH\index.php(56): CodeIgniter\Boot::bootWeb(Object(Config\Paths))
CRITICAL - 2024-12-31 23:18:46 --> ErrorException: Trying to access array offset on value of type null
[Method: GET, Route: courses/department_syllabus/public/assests/Logo.png]
in APPPATH\Views\dashboard\courses\index_syllabus.php on line 6.
 1 APPPATH\Views\dashboard\courses\index_syllabus.php(6): CodeIgniter\Debug\Exceptions->errorHandler(2, 'Trying to access array offset on value of type null', 'C:\\xampp\\htdocs\\Student_Management_Portal\\app\\Views\\dashboard\\courses\\index_syllabus.php', 6)
 2 SYSTEMPATH\View\View.php(234): include('C:\\xampp\\htdocs\\Student_Management_Portal\\app\\Views\\dashboard\\courses\\index_syllabus.php')
 3 SYSTEMPATH\View\View.php(237): CodeIgniter\View\View->CodeIgniter\View\{closure}()
 4 SYSTEMPATH\Common.php(1171): CodeIgniter\View\View->render('dashboard/courses/index_syllabus', [], true)
 5 APPPATH\Controllers\Courses.php(54): view('dashboard/courses/index_syllabus', [...])
 6 SYSTEMPATH\CodeIgniter.php(933): App\Controllers\Courses->department_syllabus('public', 'assests', 'Logo.png')
 7 SYSTEMPATH\CodeIgniter.php(509): CodeIgniter\CodeIgniter->runController(Object(App\Controllers\Courses))
 8 SYSTEMPATH\CodeIgniter.php(355): CodeIgniter\CodeIgniter->handleRequest(null, Object(Config\Cache), false)
 9 SYSTEMPATH\Boot.php(325): CodeIgniter\CodeIgniter->run()
10 SYSTEMPATH\Boot.php(67): CodeIgniter\Boot::runCodeIgniter(Object(CodeIgniter\CodeIgniter))
11 FCPATH\index.php(56): CodeIgniter\Boot::bootWeb(Object(Config\Paths))
CRITICAL - 2024-12-31 23:18:48 --> ErrorException: Trying to access array offset on value of type null
[Method: GET, Route: courses/department_syllabus/public/assests/Logo.png]
in APPPATH\Views\dashboard\courses\index_syllabus.php on line 6.
 1 APPPATH\Views\dashboard\courses\index_syllabus.php(6): CodeIgniter\Debug\Exceptions->errorHandler(2, 'Trying to access array offset on value of type null', 'C:\\xampp\\htdocs\\Student_Management_Portal\\app\\Views\\dashboard\\courses\\index_syllabus.php', 6)
 2 SYSTEMPATH\View\View.php(234): include('C:\\xampp\\htdocs\\Student_Management_Portal\\app\\Views\\dashboard\\courses\\index_syllabus.php')
 3 SYSTEMPATH\View\View.php(237): CodeIgniter\View\View->CodeIgniter\View\{closure}()
 4 SYSTEMPATH\Common.php(1171): CodeIgniter\View\View->render('dashboard/courses/index_syllabus', [], true)
 5 APPPATH\Controllers\Courses.php(54): view('dashboard/courses/index_syllabus', [...])
 6 SYSTEMPATH\CodeIgniter.php(933): App\Controllers\Courses->department_syllabus('public', 'assests', 'Logo.png')
 7 SYSTEMPATH\CodeIgniter.php(509): CodeIgniter\CodeIgniter->runController(Object(App\Controllers\Courses))
 8 SYSTEMPATH\CodeIgniter.php(355): CodeIgniter\CodeIgniter->handleRequest(null, Object(Config\Cache), false)
 9 SYSTEMPATH\Boot.php(325): CodeIgniter\CodeIgniter->run()
10 SYSTEMPATH\Boot.php(67): CodeIgniter\Boot::runCodeIgniter(Object(CodeIgniter\CodeIgniter))
11 FCPATH\index.php(56): CodeIgniter\Boot::bootWeb(Object(Config\Paths))
CRITICAL - 2024-12-31 23:19:44 --> ErrorException: Trying to access array offset on value of type null
[Method: GET, Route: courses/department_syllabus/public/assests/Logo.png]
in APPPATH\Views\dashboard\courses\index_syllabus.php on line 6.
 1 APPPATH\Views\dashboard\courses\index_syllabus.php(6): CodeIgniter\Debug\Exceptions->errorHandler(2, 'Trying to access array offset on value of type null', 'C:\\xampp\\htdocs\\Student_Management_Portal\\app\\Views\\dashboard\\courses\\index_syllabus.php', 6)
 2 SYSTEMPATH\View\View.php(234): include('C:\\xampp\\htdocs\\Student_Management_Portal\\app\\Views\\dashboard\\courses\\index_syllabus.php')
 3 SYSTEMPATH\View\View.php(237): CodeIgniter\View\View->CodeIgniter\View\{closure}()
 4 SYSTEMPATH\Common.php(1171): CodeIgniter\View\View->render('dashboard/courses/index_syllabus', [], true)
 5 APPPATH\Controllers\Courses.php(54): view('dashboard/courses/index_syllabus', [...])
 6 SYSTEMPATH\CodeIgniter.php(933): App\Controllers\Courses->department_syllabus('public', 'assests', 'Logo.png')
 7 SYSTEMPATH\CodeIgniter.php(509): CodeIgniter\CodeIgniter->runController(Object(App\Controllers\Courses))
 8 SYSTEMPATH\CodeIgniter.php(355): CodeIgniter\CodeIgniter->handleRequest(null, Object(Config\Cache), false)
 9 SYSTEMPATH\Boot.php(325): CodeIgniter\CodeIgniter->run()
10 SYSTEMPATH\Boot.php(67): CodeIgniter\Boot::runCodeIgniter(Object(CodeIgniter\CodeIgniter))
11 FCPATH\index.php(56): CodeIgniter\Boot::bootWeb(Object(Config\Paths))
CRITICAL - 2024-12-31 23:19:45 --> ErrorException: Trying to access array offset on value of type null
[Method: GET, Route: courses/department_syllabus/public/assests/Logo.png]
in APPPATH\Views\dashboard\courses\index_syllabus.php on line 6.
 1 APPPATH\Views\dashboard\courses\index_syllabus.php(6): CodeIgniter\Debug\Exceptions->errorHandler(2, 'Trying to access array offset on value of type null', 'C:\\xampp\\htdocs\\Student_Management_Portal\\app\\Views\\dashboard\\courses\\index_syllabus.php', 6)
 2 SYSTEMPATH\View\View.php(234): include('C:\\xampp\\htdocs\\Student_Management_Portal\\app\\Views\\dashboard\\courses\\index_syllabus.php')
 3 SYSTEMPATH\View\View.php(237): CodeIgniter\View\View->CodeIgniter\View\{closure}()
 4 SYSTEMPATH\Common.php(1171): CodeIgniter\View\View->render('dashboard/courses/index_syllabus', [], true)
 5 APPPATH\Controllers\Courses.php(54): view('dashboard/courses/index_syllabus', [...])
 6 SYSTEMPATH\CodeIgniter.php(933): App\Controllers\Courses->department_syllabus('public', 'assests', 'Logo.png')
 7 SYSTEMPATH\CodeIgniter.php(509): CodeIgniter\CodeIgniter->runController(Object(App\Controllers\Courses))
 8 SYSTEMPATH\CodeIgniter.php(355): CodeIgniter\CodeIgniter->handleRequest(null, Object(Config\Cache), false)
 9 SYSTEMPATH\Boot.php(325): CodeIgniter\CodeIgniter->run()
10 SYSTEMPATH\Boot.php(67): CodeIgniter\Boot::runCodeIgniter(Object(CodeIgniter\CodeIgniter))
11 FCPATH\index.php(56): CodeIgniter\Boot::bootWeb(Object(Config\Paths))
CRITICAL - 2024-12-31 23:19:47 --> ErrorException: Trying to access array offset on value of type null
[Method: GET, Route: courses/department_syllabus/public/assests/Logo.png]
in APPPATH\Views\dashboard\courses\index_syllabus.php on line 6.
 1 APPPATH\Views\dashboard\courses\index_syllabus.php(6): CodeIgniter\Debug\Exceptions->errorHandler(2, 'Trying to access array offset on value of type null', 'C:\\xampp\\htdocs\\Student_Management_Portal\\app\\Views\\dashboard\\courses\\index_syllabus.php', 6)
 2 SYSTEMPATH\View\View.php(234): include('C:\\xampp\\htdocs\\Student_Management_Portal\\app\\Views\\dashboard\\courses\\index_syllabus.php')
 3 SYSTEMPATH\View\View.php(237): CodeIgniter\View\View->CodeIgniter\View\{closure}()
 4 SYSTEMPATH\Common.php(1171): CodeIgniter\View\View->render('dashboard/courses/index_syllabus', [], true)
 5 APPPATH\Controllers\Courses.php(54): view('dashboard/courses/index_syllabus', [...])
 6 SYSTEMPATH\CodeIgniter.php(933): App\Controllers\Courses->department_syllabus('public', 'assests', 'Logo.png')
 7 SYSTEMPATH\CodeIgniter.php(509): CodeIgniter\CodeIgniter->runController(Object(App\Controllers\Courses))
 8 SYSTEMPATH\CodeIgniter.php(355): CodeIgniter\CodeIgniter->handleRequest(null, Object(Config\Cache), false)
 9 SYSTEMPATH\Boot.php(325): CodeIgniter\CodeIgniter->run()
10 SYSTEMPATH\Boot.php(67): CodeIgniter\Boot::runCodeIgniter(Object(CodeIgniter\CodeIgniter))
11 FCPATH\index.php(56): CodeIgniter\Boot::bootWeb(Object(Config\Paths))
INFO - 2024-12-31 23:19:50 --> Session: Class initialized using 'CodeIgniter\Session\Handlers\FileHandler' driver.
INFO - 2024-12-31 23:19:50 --> Session: Class initialized using 'CodeIgniter\Session\Handlers\FileHandler' driver.
CRITICAL - 2024-12-31 23:19:53 --> ErrorException: Trying to access array offset on value of type null
[Method: GET, Route: courses/department_syllabus/public/assests/Logo.png]
in APPPATH\Views\dashboard\courses\index_syllabus.php on line 6.
 1 APPPATH\Views\dashboard\courses\index_syllabus.php(6): CodeIgniter\Debug\Exceptions->errorHandler(2, 'Trying to access array offset on value of type null', 'C:\\xampp\\htdocs\\Student_Management_Portal\\app\\Views\\dashboard\\courses\\index_syllabus.php', 6)
 2 SYSTEMPATH\View\View.php(234): include('C:\\xampp\\htdocs\\Student_Management_Portal\\app\\Views\\dashboard\\courses\\index_syllabus.php')
 3 SYSTEMPATH\View\View.php(237): CodeIgniter\View\View->CodeIgniter\View\{closure}()
 4 SYSTEMPATH\Common.php(1171): CodeIgniter\View\View->render('dashboard/courses/index_syllabus', [], true)
 5 APPPATH\Controllers\Courses.php(54): view('dashboard/courses/index_syllabus', [...])
 6 SYSTEMPATH\CodeIgniter.php(933): App\Controllers\Courses->department_syllabus('public', 'assests', 'Logo.png')
 7 SYSTEMPATH\CodeIgniter.php(509): CodeIgniter\CodeIgniter->runController(Object(App\Controllers\Courses))
 8 SYSTEMPATH\CodeIgniter.php(355): CodeIgniter\CodeIgniter->handleRequest(null, Object(Config\Cache), false)
 9 SYSTEMPATH\Boot.php(325): CodeIgniter\CodeIgniter->run()
10 SYSTEMPATH\Boot.php(67): CodeIgniter\Boot::runCodeIgniter(Object(CodeIgniter\CodeIgniter))
11 FCPATH\index.php(56): CodeIgniter\Boot::bootWeb(Object(Config\Paths))
CRITICAL - 2024-12-31 23:19:57 --> ErrorException: Trying to access array offset on value of type null
[Method: GET, Route: courses/department_syllabus/public/assests/Logo.png]
in APPPATH\Views\dashboard\courses\index_syllabus.php on line 6.
 1 APPPATH\Views\dashboard\courses\index_syllabus.php(6): CodeIgniter\Debug\Exceptions->errorHandler(2, 'Trying to access array offset on value of type null', 'C:\\xampp\\htdocs\\Student_Management_Portal\\app\\Views\\dashboard\\courses\\index_syllabus.php', 6)
 2 SYSTEMPATH\View\View.php(234): include('C:\\xampp\\htdocs\\Student_Management_Portal\\app\\Views\\dashboard\\courses\\index_syllabus.php')
 3 SYSTEMPATH\View\View.php(237): CodeIgniter\View\View->CodeIgniter\View\{closure}()
 4 SYSTEMPATH\Common.php(1171): CodeIgniter\View\View->render('dashboard/courses/index_syllabus', [], true)
 5 APPPATH\Controllers\Courses.php(54): view('dashboard/courses/index_syllabus', [...])
 6 SYSTEMPATH\CodeIgniter.php(933): App\Controllers\Courses->department_syllabus('public', 'assests', 'Logo.png')
 7 SYSTEMPATH\CodeIgniter.php(509): CodeIgniter\CodeIgniter->runController(Object(App\Controllers\Courses))
 8 SYSTEMPATH\CodeIgniter.php(355): CodeIgniter\CodeIgniter->handleRequest(null, Object(Config\Cache), false)
 9 SYSTEMPATH\Boot.php(325): CodeIgniter\CodeIgniter->run()
10 SYSTEMPATH\Boot.php(67): CodeIgniter\Boot::runCodeIgniter(Object(CodeIgniter\CodeIgniter))
11 FCPATH\index.php(56): CodeIgniter\Boot::bootWeb(Object(Config\Paths))
CRITICAL - 2024-12-31 23:19:58 --> ErrorException: Trying to access array offset on value of type null
[Method: GET, Route: courses/department_syllabus/public/assests/Logo.png]
in APPPATH\Views\dashboard\courses\index_syllabus.php on line 6.
 1 APPPATH\Views\dashboard\courses\index_syllabus.php(6): CodeIgniter\Debug\Exceptions->errorHandler(2, 'Trying to access array offset on value of type null', 'C:\\xampp\\htdocs\\Student_Management_Portal\\app\\Views\\dashboard\\courses\\index_syllabus.php', 6)
 2 SYSTEMPATH\View\View.php(234): include('C:\\xampp\\htdocs\\Student_Management_Portal\\app\\Views\\dashboard\\courses\\index_syllabus.php')
 3 SYSTEMPATH\View\View.php(237): CodeIgniter\View\View->CodeIgniter\View\{closure}()
 4 SYSTEMPATH\Common.php(1171): CodeIgniter\View\View->render('dashboard/courses/index_syllabus', [], true)
 5 APPPATH\Controllers\Courses.php(54): view('dashboard/courses/index_syllabus', [...])
 6 SYSTEMPATH\CodeIgniter.php(933): App\Controllers\Courses->department_syllabus('public', 'assests', 'Logo.png')
 7 SYSTEMPATH\CodeIgniter.php(509): CodeIgniter\CodeIgniter->runController(Object(App\Controllers\Courses))
 8 SYSTEMPATH\CodeIgniter.php(355): CodeIgniter\CodeIgniter->handleRequest(null, Object(Config\Cache), false)
 9 SYSTEMPATH\Boot.php(325): CodeIgniter\CodeIgniter->run()
10 SYSTEMPATH\Boot.php(67): CodeIgniter\Boot::runCodeIgniter(Object(CodeIgniter\CodeIgniter))
11 FCPATH\index.php(56): CodeIgniter\Boot::bootWeb(Object(Config\Paths))
INFO - 2024-12-31 23:19:59 --> Session: Class initialized using 'CodeIgniter\Session\Handlers\FileHandler' driver.
INFO - 2024-12-31 23:19:59 --> Session: Class initialized using 'CodeIgniter\Session\Handlers\FileHandler' driver.
INFO - 2024-12-31 23:20:01 --> Session: Class initialized using 'CodeIgniter\Session\Handlers\FileHandler' driver.
INFO - 2024-12-31 23:20:03 --> Session: Class initialized using 'CodeIgniter\Session\Handlers\FileHandler' driver.
INFO - 2024-12-31 23:20:09 --> Session: Class initialized using 'CodeIgniter\Session\Handlers\FileHandler' driver.
INFO - 2024-12-31 23:20:09 --> Session: Class initialized using 'CodeIgniter\Session\Handlers\FileHandler' driver.
INFO - 2024-12-31 23:20:11 --> Session: Class initialized using 'CodeIgniter\Session\Handlers\FileHandler' driver.
INFO - 2024-12-31 23:20:14 --> Session: Class initialized using 'CodeIgniter\Session\Handlers\FileHandler' driver.
INFO - 2024-12-31 23:20:14 --> Session: Class initialized using 'CodeIgniter\Session\Handlers\FileHandler' driver.
INFO - 2024-12-31 23:20:17 --> Session: Class initialized using 'CodeIgniter\Session\Handlers\FileHandler' driver.
INFO - 2024-12-31 23:20:19 --> Session: Class initialized using 'CodeIgniter\Session\Handlers\FileHandler' driver.
INFO - 2024-12-31 23:20:20 --> Session: Class initialized using 'CodeIgniter\Session\Handlers\FileHandler' driver.
INFO - 2024-12-31 23:20:22 --> Session: Class initialized using 'CodeIgniter\Session\Handlers\FileHandler' driver.
CRITICAL - 2024-12-31 23:20:23 --> ErrorException: Trying to access array offset on value of type null
[Method: GET, Route: courses/department_syllabus/public/assests/Logo.png]
in APPPATH\Views\dashboard\courses\index_syllabus.php on line 6.
 1 APPPATH\Views\dashboard\courses\index_syllabus.php(6): CodeIgniter\Debug\Exceptions->errorHandler(2, 'Trying to access array offset on value of type null', 'C:\\xampp\\htdocs\\Student_Management_Portal\\app\\Views\\dashboard\\courses\\index_syllabus.php', 6)
 2 SYSTEMPATH\View\View.php(234): include('C:\\xampp\\htdocs\\Student_Management_Portal\\app\\Views\\dashboard\\courses\\index_syllabus.php')
 3 SYSTEMPATH\View\View.php(237): CodeIgniter\View\View->CodeIgniter\View\{closure}()
 4 SYSTEMPATH\Common.php(1171): CodeIgniter\View\View->render('dashboard/courses/index_syllabus', [], true)
 5 APPPATH\Controllers\Courses.php(54): view('dashboard/courses/index_syllabus', [...])
 6 SYSTEMPATH\CodeIgniter.php(933): App\Controllers\Courses->department_syllabus('public', 'assests', 'Logo.png')
 7 SYSTEMPATH\CodeIgniter.php(509): CodeIgniter\CodeIgniter->runController(Object(App\Controllers\Courses))
 8 SYSTEMPATH\CodeIgniter.php(355): CodeIgniter\CodeIgniter->handleRequest(null, Object(Config\Cache), false)
 9 SYSTEMPATH\Boot.php(325): CodeIgniter\CodeIgniter->run()
10 SYSTEMPATH\Boot.php(67): CodeIgniter\Boot::runCodeIgniter(Object(CodeIgniter\CodeIgniter))
11 FCPATH\index.php(56): CodeIgniter\Boot::bootWeb(Object(Config\Paths))
INFO - 2024-12-31 23:20:25 --> Session: Class initialized using 'CodeIgniter\Session\Handlers\FileHandler' driver.
INFO - 2024-12-31 23:20:25 --> Session: Class initialized using 'CodeIgniter\Session\Handlers\FileHandler' driver.
CRITICAL - 2024-12-31 23:20:27 --> ErrorException: Trying to access array offset on value of type null
[Method: GET, Route: courses/department_syllabus/public/assests/Logo.png]
in APPPATH\Views\dashboard\courses\index_syllabus.php on line 6.
 1 APPPATH\Views\dashboard\courses\index_syllabus.php(6): CodeIgniter\Debug\Exceptions->errorHandler(2, 'Trying to access array offset on value of type null', 'C:\\xampp\\htdocs\\Student_Management_Portal\\app\\Views\\dashboard\\courses\\index_syllabus.php', 6)
 2 SYSTEMPATH\View\View.php(234): include('C:\\xampp\\htdocs\\Student_Management_Portal\\app\\Views\\dashboard\\courses\\index_syllabus.php')
 3 SYSTEMPATH\View\View.php(237): CodeIgniter\View\View->CodeIgniter\View\{closure}()
 4 SYSTEMPATH\Common.php(1171): CodeIgniter\View\View->render('dashboard/courses/index_syllabus', [], true)
 5 APPPATH\Controllers\Courses.php(54): view('dashboard/courses/index_syllabus', [...])
 6 SYSTEMPATH\CodeIgniter.php(933): App\Controllers\Courses->department_syllabus('public', 'assests', 'Logo.png')
 7 SYSTEMPATH\CodeIgniter.php(509): CodeIgniter\CodeIgniter->runController(Object(App\Controllers\Courses))
 8 SYSTEMPATH\CodeIgniter.php(355): CodeIgniter\CodeIgniter->handleRequest(null, Object(Config\Cache), false)
 9 SYSTEMPATH\Boot.php(325): CodeIgniter\CodeIgniter->run()
10 SYSTEMPATH\Boot.php(67): CodeIgniter\Boot::runCodeIgniter(Object(CodeIgniter\CodeIgniter))
11 FCPATH\index.php(56): CodeIgniter\Boot::bootWeb(Object(Config\Paths))
CRITICAL - 2024-12-31 23:20:30 --> ErrorException: Trying to access array offset on value of type null
[Method: GET, Route: courses/department_syllabus/public/assests/Logo.png]
in APPPATH\Views\dashboard\courses\index_syllabus.php on line 6.
 1 APPPATH\Views\dashboard\courses\index_syllabus.php(6): CodeIgniter\Debug\Exceptions->errorHandler(2, 'Trying to access array offset on value of type null', 'C:\\xampp\\htdocs\\Student_Management_Portal\\app\\Views\\dashboard\\courses\\index_syllabus.php', 6)
 2 SYSTEMPATH\View\View.php(234): include('C:\\xampp\\htdocs\\Student_Management_Portal\\app\\Views\\dashboard\\courses\\index_syllabus.php')
 3 SYSTEMPATH\View\View.php(237): CodeIgniter\View\View->CodeIgniter\View\{closure}()
 4 SYSTEMPATH\Common.php(1171): CodeIgniter\View\View->render('dashboard/courses/index_syllabus', [], true)
 5 APPPATH\Controllers\Courses.php(54): view('dashboard/courses/index_syllabus', [...])
 6 SYSTEMPATH\CodeIgniter.php(933): App\Controllers\Courses->department_syllabus('public', 'assests', 'Logo.png')
 7 SYSTEMPATH\CodeIgniter.php(509): CodeIgniter\CodeIgniter->runController(Object(App\Controllers\Courses))
 8 SYSTEMPATH\CodeIgniter.php(355): CodeIgniter\CodeIgniter->handleRequest(null, Object(Config\Cache), false)
 9 SYSTEMPATH\Boot.php(325): CodeIgniter\CodeIgniter->run()
10 SYSTEMPATH\Boot.php(67): CodeIgniter\Boot::runCodeIgniter(Object(CodeIgniter\CodeIgniter))
11 FCPATH\index.php(56): CodeIgniter\Boot::bootWeb(Object(Config\Paths))
CRITICAL - 2024-12-31 23:20:31 --> ErrorException: Trying to access array offset on value of type null
[Method: GET, Route: courses/department_syllabus/public/assests/Logo.png]
in APPPATH\Views\dashboard\courses\index_syllabus.php on line 6.
 1 APPPATH\Views\dashboard\courses\index_syllabus.php(6): CodeIgniter\Debug\Exceptions->errorHandler(2, 'Trying to access array offset on value of type null', 'C:\\xampp\\htdocs\\Student_Management_Portal\\app\\Views\\dashboard\\courses\\index_syllabus.php', 6)
 2 SYSTEMPATH\View\View.php(234): include('C:\\xampp\\htdocs\\Student_Management_Portal\\app\\Views\\dashboard\\courses\\index_syllabus.php')
 3 SYSTEMPATH\View\View.php(237): CodeIgniter\View\View->CodeIgniter\View\{closure}()
 4 SYSTEMPATH\Common.php(1171): CodeIgniter\View\View->render('dashboard/courses/index_syllabus', [], true)
 5 APPPATH\Controllers\Courses.php(54): view('dashboard/courses/index_syllabus', [...])
 6 SYSTEMPATH\CodeIgniter.php(933): App\Controllers\Courses->department_syllabus('public', 'assests', 'Logo.png')
 7 SYSTEMPATH\CodeIgniter.php(509): CodeIgniter\CodeIgniter->runController(Object(App\Controllers\Courses))
 8 SYSTEMPATH\CodeIgniter.php(355): CodeIgniter\CodeIgniter->handleRequest(null, Object(Config\Cache), false)
 9 SYSTEMPATH\Boot.php(325): CodeIgniter\CodeIgniter->run()
10 SYSTEMPATH\Boot.php(67): CodeIgniter\Boot::runCodeIgniter(Object(CodeIgniter\CodeIgniter))
11 FCPATH\index.php(56): CodeIgniter\Boot::bootWeb(Object(Config\Paths))
CRITICAL - 2024-12-31 23:20:39 --> ArgumentCountError: Too few arguments to function App\Controllers\Courses::delete_syllabus(), 1 passed in C:\xampp\htdocs\Student_Management_Portal\system\CodeIgniter.php on line 933 and exactly 2 expected
[Method: GET, Route: courses/delete_syllabus/7]
in APPPATH\Controllers\Courses.php on line 277.
 1 SYSTEMPATH\CodeIgniter.php(933): App\Controllers\Courses->delete_syllabus('7')
 2 SYSTEMPATH\CodeIgniter.php(509): CodeIgniter\CodeIgniter->runController(Object(App\Controllers\Courses))
 3 SYSTEMPATH\CodeIgniter.php(355): CodeIgniter\CodeIgniter->handleRequest(null, Object(Config\Cache), false)
 4 SYSTEMPATH\Boot.php(325): CodeIgniter\CodeIgniter->run()
 5 SYSTEMPATH\Boot.php(67): CodeIgniter\Boot::runCodeIgniter(Object(CodeIgniter\CodeIgniter))
 6 FCPATH\index.php(56): CodeIgniter\Boot::bootWeb(Object(Config\Paths))
CRITICAL - 2024-12-31 23:20:45 --> ErrorException: Trying to access array offset on value of type null
[Method: GET, Route: courses/department_syllabus/public/assests/Logo.png]
in APPPATH\Views\dashboard\courses\index_syllabus.php on line 6.
 1 APPPATH\Views\dashboard\courses\index_syllabus.php(6): CodeIgniter\Debug\Exceptions->errorHandler(2, 'Trying to access array offset on value of type null', 'C:\\xampp\\htdocs\\Student_Management_Portal\\app\\Views\\dashboard\\courses\\index_syllabus.php', 6)
 2 SYSTEMPATH\View\View.php(234): include('C:\\xampp\\htdocs\\Student_Management_Portal\\app\\Views\\dashboard\\courses\\index_syllabus.php')
 3 SYSTEMPATH\View\View.php(237): CodeIgniter\View\View->CodeIgniter\View\{closure}()
 4 SYSTEMPATH\Common.php(1171): CodeIgniter\View\View->render('dashboard/courses/index_syllabus', [], true)
 5 APPPATH\Controllers\Courses.php(54): view('dashboard/courses/index_syllabus', [...])
 6 SYSTEMPATH\CodeIgniter.php(933): App\Controllers\Courses->department_syllabus('public', 'assests', 'Logo.png')
 7 SYSTEMPATH\CodeIgniter.php(509): CodeIgniter\CodeIgniter->runController(Object(App\Controllers\Courses))
 8 SYSTEMPATH\CodeIgniter.php(355): CodeIgniter\CodeIgniter->handleRequest(null, Object(Config\Cache), false)
 9 SYSTEMPATH\Boot.php(325): CodeIgniter\CodeIgniter->run()
10 SYSTEMPATH\Boot.php(67): CodeIgniter\Boot::runCodeIgniter(Object(CodeIgniter\CodeIgniter))
11 FCPATH\index.php(56): CodeIgniter\Boot::bootWeb(Object(Config\Paths))
CRITICAL - 2024-12-31 23:21:54 --> ErrorException: Trying to access array offset on value of type null
[Method: GET, Route: courses/department_syllabus/public/assests/Logo.png]
in APPPATH\Views\dashboard\courses\index_syllabus.php on line 6.
 1 APPPATH\Views\dashboard\courses\index_syllabus.php(6): CodeIgniter\Debug\Exceptions->errorHandler(2, 'Trying to access array offset on value of type null', 'C:\\xampp\\htdocs\\Student_Management_Portal\\app\\Views\\dashboard\\courses\\index_syllabus.php', 6)
 2 SYSTEMPATH\View\View.php(234): include('C:\\xampp\\htdocs\\Student_Management_Portal\\app\\Views\\dashboard\\courses\\index_syllabus.php')
 3 SYSTEMPATH\View\View.php(237): CodeIgniter\View\View->CodeIgniter\View\{closure}()
 4 SYSTEMPATH\Common.php(1171): CodeIgniter\View\View->render('dashboard/courses/index_syllabus', [], true)
 5 APPPATH\Controllers\Courses.php(54): view('dashboard/courses/index_syllabus', [...])
 6 SYSTEMPATH\CodeIgniter.php(933): App\Controllers\Courses->department_syllabus('public', 'assests', 'Logo.png')
 7 SYSTEMPATH\CodeIgniter.php(509): CodeIgniter\CodeIgniter->runController(Object(App\Controllers\Courses))
 8 SYSTEMPATH\CodeIgniter.php(355): CodeIgniter\CodeIgniter->handleRequest(null, Object(Config\Cache), false)
 9 SYSTEMPATH\Boot.php(325): CodeIgniter\CodeIgniter->run()
10 SYSTEMPATH\Boot.php(67): CodeIgniter\Boot::runCodeIgniter(Object(CodeIgniter\CodeIgniter))
11 FCPATH\index.php(56): CodeIgniter\Boot::bootWeb(Object(Config\Paths))
INFO - 2024-12-31 23:21:56 --> Session: Class initialized using 'CodeIgniter\Session\Handlers\FileHandler' driver.
INFO - 2024-12-31 23:21:56 --> Session: Class initialized using 'CodeIgniter\Session\Handlers\FileHandler' driver.
INFO - 2024-12-31 23:22:08 --> Session: Class initialized using 'CodeIgniter\Session\Handlers\FileHandler' driver.
CRITICAL - 2024-12-31 23:22:09 --> ErrorException: Trying to access array offset on value of type null
[Method: GET, Route: courses/department_syllabus/public/assests/Logo.png]
in APPPATH\Views\dashboard\courses\index_syllabus.php on line 6.
 1 APPPATH\Views\dashboard\courses\index_syllabus.php(6): CodeIgniter\Debug\Exceptions->errorHandler(2, 'Trying to access array offset on value of type null', 'C:\\xampp\\htdocs\\Student_Management_Portal\\app\\Views\\dashboard\\courses\\index_syllabus.php', 6)
 2 SYSTEMPATH\View\View.php(234): include('C:\\xampp\\htdocs\\Student_Management_Portal\\app\\Views\\dashboard\\courses\\index_syllabus.php')
 3 SYSTEMPATH\View\View.php(237): CodeIgniter\View\View->CodeIgniter\View\{closure}()
 4 SYSTEMPATH\Common.php(1171): CodeIgniter\View\View->render('dashboard/courses/index_syllabus', [], true)
 5 APPPATH\Controllers\Courses.php(54): view('dashboard/courses/index_syllabus', [...])
 6 SYSTEMPATH\CodeIgniter.php(933): App\Controllers\Courses->department_syllabus('public', 'assests', 'Logo.png')
 7 SYSTEMPATH\CodeIgniter.php(509): CodeIgniter\CodeIgniter->runController(Object(App\Controllers\Courses))
 8 SYSTEMPATH\CodeIgniter.php(355): CodeIgniter\CodeIgniter->handleRequest(null, Object(Config\Cache), false)
 9 SYSTEMPATH\Boot.php(325): CodeIgniter\CodeIgniter->run()
10 SYSTEMPATH\Boot.php(67): CodeIgniter\Boot::runCodeIgniter(Object(CodeIgniter\CodeIgniter))
11 FCPATH\index.php(56): CodeIgniter\Boot::bootWeb(Object(Config\Paths))
CRITICAL - 2024-12-31 23:22:14 --> ErrorException: Trying to access array offset on value of type null
[Method: GET, Route: courses/department_syllabus/public/assests/Logo.png]
in APPPATH\Views\dashboard\courses\index_syllabus.php on line 6.
 1 APPPATH\Views\dashboard\courses\index_syllabus.php(6): CodeIgniter\Debug\Exceptions->errorHandler(2, 'Trying to access array offset on value of type null', 'C:\\xampp\\htdocs\\Student_Management_Portal\\app\\Views\\dashboard\\courses\\index_syllabus.php', 6)
 2 SYSTEMPATH\View\View.php(234): include('C:\\xampp\\htdocs\\Student_Management_Portal\\app\\Views\\dashboard\\courses\\index_syllabus.php')
 3 SYSTEMPATH\View\View.php(237): CodeIgniter\View\View->CodeIgniter\View\{closure}()
 4 SYSTEMPATH\Common.php(1171): CodeIgniter\View\View->render('dashboard/courses/index_syllabus', [], true)
 5 APPPATH\Controllers\Courses.php(54): view('dashboard/courses/index_syllabus', [...])
 6 SYSTEMPATH\CodeIgniter.php(933): App\Controllers\Courses->department_syllabus('public', 'assests', 'Logo.png')
 7 SYSTEMPATH\CodeIgniter.php(509): CodeIgniter\CodeIgniter->runController(Object(App\Controllers\Courses))
 8 SYSTEMPATH\CodeIgniter.php(355): CodeIgniter\CodeIgniter->handleRequest(null, Object(Config\Cache), false)
 9 SYSTEMPATH\Boot.php(325): CodeIgniter\CodeIgniter->run()
10 SYSTEMPATH\Boot.php(67): CodeIgniter\Boot::runCodeIgniter(Object(CodeIgniter\CodeIgniter))
11 FCPATH\index.php(56): CodeIgniter\Boot::bootWeb(Object(Config\Paths))
CRITICAL - 2024-12-31 23:22:16 --> ErrorException: Trying to access array offset on value of type null
[Method: GET, Route: courses/department_syllabus/public/assests/Logo.png]
in APPPATH\Views\dashboard\courses\index_syllabus.php on line 6.
 1 APPPATH\Views\dashboard\courses\index_syllabus.php(6): CodeIgniter\Debug\Exceptions->errorHandler(2, 'Trying to access array offset on value of type null', 'C:\\xampp\\htdocs\\Student_Management_Portal\\app\\Views\\dashboard\\courses\\index_syllabus.php', 6)
 2 SYSTEMPATH\View\View.php(234): include('C:\\xampp\\htdocs\\Student_Management_Portal\\app\\Views\\dashboard\\courses\\index_syllabus.php')
 3 SYSTEMPATH\View\View.php(237): CodeIgniter\View\View->CodeIgniter\View\{closure}()
 4 SYSTEMPATH\Common.php(1171): CodeIgniter\View\View->render('dashboard/courses/index_syllabus', [], true)
 5 APPPATH\Controllers\Courses.php(54): view('dashboard/courses/index_syllabus', [...])
 6 SYSTEMPATH\CodeIgniter.php(933): App\Controllers\Courses->department_syllabus('public', 'assests', 'Logo.png')
 7 SYSTEMPATH\CodeIgniter.php(509): CodeIgniter\CodeIgniter->runController(Object(App\Controllers\Courses))
 8 SYSTEMPATH\CodeIgniter.php(355): CodeIgniter\CodeIgniter->handleRequest(null, Object(Config\Cache), false)
 9 SYSTEMPATH\Boot.php(325): CodeIgniter\CodeIgniter->run()
10 SYSTEMPATH\Boot.php(67): CodeIgniter\Boot::runCodeIgniter(Object(CodeIgniter\CodeIgniter))
11 FCPATH\index.php(56): CodeIgniter\Boot::bootWeb(Object(Config\Paths))
CRITICAL - 2024-12-31 23:24:03 --> ErrorException: Trying to access array offset on value of type null
[Method: GET, Route: courses/syllabus_subjects/2/public/assests/Logo.png]
in APPPATH\Views\dashboard\courses\index_subject.php on line 6.
 1 APPPATH\Views\dashboard\courses\index_subject.php(6): CodeIgniter\Debug\Exceptions->errorHandler(2, 'Trying to access array offset on value of type null', 'C:\\xampp\\htdocs\\Student_Management_Portal\\app\\Views\\dashboard\\courses\\index_subject.php', 6)
 2 SYSTEMPATH\View\View.php(234): include('C:\\xampp\\htdocs\\Student_Management_Portal\\app\\Views\\dashboard\\courses\\index_subject.php')
 3 SYSTEMPATH\View\View.php(237): CodeIgniter\View\View->CodeIgniter\View\{closure}()
 4 SYSTEMPATH\Common.php(1171): CodeIgniter\View\View->render('dashboard/courses/index_subject', [], true)
 5 APPPATH\Controllers\Courses.php(85): view('dashboard/courses/index_subject', [...])
 6 SYSTEMPATH\CodeIgniter.php(933): App\Controllers\Courses->syllabus_subjects('2', 'public', 'assests', 'Logo.png')
 7 SYSTEMPATH\CodeIgniter.php(509): CodeIgniter\CodeIgniter->runController(Object(App\Controllers\Courses))
 8 SYSTEMPATH\CodeIgniter.php(355): CodeIgniter\CodeIgniter->handleRequest(null, Object(Config\Cache), false)
 9 SYSTEMPATH\Boot.php(325): CodeIgniter\CodeIgniter->run()
10 SYSTEMPATH\Boot.php(67): CodeIgniter\Boot::runCodeIgniter(Object(CodeIgniter\CodeIgniter))
11 FCPATH\index.php(56): CodeIgniter\Boot::bootWeb(Object(Config\Paths))
CRITICAL - 2024-12-31 23:24:10 --> ErrorException: Trying to access array offset on value of type null
[Method: GET, Route: courses/syllabus_subjects/2/add_subject.php]
in APPPATH\Views\dashboard\courses\index_subject.php on line 6.
 1 APPPATH\Views\dashboard\courses\index_subject.php(6): CodeIgniter\Debug\Exceptions->errorHandler(2, 'Trying to access array offset on value of type null', 'C:\\xampp\\htdocs\\Student_Management_Portal\\app\\Views\\dashboard\\courses\\index_subject.php', 6)
 2 SYSTEMPATH\View\View.php(234): include('C:\\xampp\\htdocs\\Student_Management_Portal\\app\\Views\\dashboard\\courses\\index_subject.php')
 3 SYSTEMPATH\View\View.php(237): CodeIgniter\View\View->CodeIgniter\View\{closure}()
 4 SYSTEMPATH\Common.php(1171): CodeIgniter\View\View->render('dashboard/courses/index_subject', [], true)
 5 APPPATH\Controllers\Courses.php(85): view('dashboard/courses/index_subject', [...])
 6 SYSTEMPATH\CodeIgniter.php(933): App\Controllers\Courses->syllabus_subjects('2', 'add_subject.php')
 7 SYSTEMPATH\CodeIgniter.php(509): CodeIgniter\CodeIgniter->runController(Object(App\Controllers\Courses))
 8 SYSTEMPATH\CodeIgniter.php(355): CodeIgniter\CodeIgniter->handleRequest(null, Object(Config\Cache), false)
 9 SYSTEMPATH\Boot.php(325): CodeIgniter\CodeIgniter->run()
10 SYSTEMPATH\Boot.php(67): CodeIgniter\Boot::runCodeIgniter(Object(CodeIgniter\CodeIgniter))
11 FCPATH\index.php(56): CodeIgniter\Boot::bootWeb(Object(Config\Paths))
CRITICAL - 2024-12-31 23:24:12 --> ErrorException: Trying to access array offset on value of type null
[Method: GET, Route: courses/syllabus_subjects/2/public/assests/Logo.png]
in APPPATH\Views\dashboard\courses\index_subject.php on line 6.
 1 APPPATH\Views\dashboard\courses\index_subject.php(6): CodeIgniter\Debug\Exceptions->errorHandler(2, 'Trying to access array offset on value of type null', 'C:\\xampp\\htdocs\\Student_Management_Portal\\app\\Views\\dashboard\\courses\\index_subject.php', 6)
 2 SYSTEMPATH\View\View.php(234): include('C:\\xampp\\htdocs\\Student_Management_Portal\\app\\Views\\dashboard\\courses\\index_subject.php')
 3 SYSTEMPATH\View\View.php(237): CodeIgniter\View\View->CodeIgniter\View\{closure}()
 4 SYSTEMPATH\Common.php(1171): CodeIgniter\View\View->render('dashboard/courses/index_subject', [], true)
 5 APPPATH\Controllers\Courses.php(85): view('dashboard/courses/index_subject', [...])
 6 SYSTEMPATH\CodeIgniter.php(933): App\Controllers\Courses->syllabus_subjects('2', 'public', 'assests', 'Logo.png')
 7 SYSTEMPATH\CodeIgniter.php(509): CodeIgniter\CodeIgniter->runController(Object(App\Controllers\Courses))
 8 SYSTEMPATH\CodeIgniter.php(355): CodeIgniter\CodeIgniter->handleRequest(null, Object(Config\Cache), false)
 9 SYSTEMPATH\Boot.php(325): CodeIgniter\CodeIgniter->run()
10 SYSTEMPATH\Boot.php(67): CodeIgniter\Boot::runCodeIgniter(Object(CodeIgniter\CodeIgniter))
11 FCPATH\index.php(56): CodeIgniter\Boot::bootWeb(Object(Config\Paths))
CRITICAL - 2024-12-31 23:24:21 --> ErrorException: Trying to access array offset on value of type null
[Method: GET, Route: courses/department_syllabus/public/assests/Logo.png]
in APPPATH\Views\dashboard\courses\index_syllabus.php on line 6.
 1 APPPATH\Views\dashboard\courses\index_syllabus.php(6): CodeIgniter\Debug\Exceptions->errorHandler(2, 'Trying to access array offset on value of type null', 'C:\\xampp\\htdocs\\Student_Management_Portal\\app\\Views\\dashboard\\courses\\index_syllabus.php', 6)
 2 SYSTEMPATH\View\View.php(234): include('C:\\xampp\\htdocs\\Student_Management_Portal\\app\\Views\\dashboard\\courses\\index_syllabus.php')
 3 SYSTEMPATH\View\View.php(237): CodeIgniter\View\View->CodeIgniter\View\{closure}()
 4 SYSTEMPATH\Common.php(1171): CodeIgniter\View\View->render('dashboard/courses/index_syllabus', [], true)
 5 APPPATH\Controllers\Courses.php(54): view('dashboard/courses/index_syllabus', [...])
 6 SYSTEMPATH\CodeIgniter.php(933): App\Controllers\Courses->department_syllabus('public', 'assests', 'Logo.png')
 7 SYSTEMPATH\CodeIgniter.php(509): CodeIgniter\CodeIgniter->runController(Object(App\Controllers\Courses))
 8 SYSTEMPATH\CodeIgniter.php(355): CodeIgniter\CodeIgniter->handleRequest(null, Object(Config\Cache), false)
 9 SYSTEMPATH\Boot.php(325): CodeIgniter\CodeIgniter->run()
10 SYSTEMPATH\Boot.php(67): CodeIgniter\Boot::runCodeIgniter(Object(CodeIgniter\CodeIgniter))
11 FCPATH\index.php(56): CodeIgniter\Boot::bootWeb(Object(Config\Paths))
CRITICAL - 2024-12-31 23:26:13 --> ArgumentCountError: Too few arguments to function App\Controllers\Courses::delete_syllabus(), 1 passed in C:\xampp\htdocs\Student_Management_Portal\system\CodeIgniter.php on line 933 and exactly 2 expected
[Method: GET, Route: courses/delete_syllabus/8]
in APPPATH\Controllers\Courses.php on line 262.
 1 SYSTEMPATH\CodeIgniter.php(933): App\Controllers\Courses->delete_syllabus('8')
 2 SYSTEMPATH\CodeIgniter.php(509): CodeIgniter\CodeIgniter->runController(Object(App\Controllers\Courses))
 3 SYSTEMPATH\CodeIgniter.php(355): CodeIgniter\CodeIgniter->handleRequest(null, Object(Config\Cache), false)
 4 SYSTEMPATH\Boot.php(325): CodeIgniter\CodeIgniter->run()
 5 SYSTEMPATH\Boot.php(67): CodeIgniter\Boot::runCodeIgniter(Object(CodeIgniter\CodeIgniter))
 6 FCPATH\index.php(56): CodeIgniter\Boot::bootWeb(Object(Config\Paths))
CRITICAL - 2024-12-31 23:26:31 --> ErrorException: Trying to access array offset on value of type null
[Method: GET, Route: courses/department_syllabus/public/assests/Logo.png]
in APPPATH\Views\dashboard\courses\index_syllabus.php on line 6.
 1 APPPATH\Views\dashboard\courses\index_syllabus.php(6): CodeIgniter\Debug\Exceptions->errorHandler(2, 'Trying to access array offset on value of type null', 'C:\\xampp\\htdocs\\Student_Management_Portal\\app\\Views\\dashboard\\courses\\index_syllabus.php', 6)
 2 SYSTEMPATH\View\View.php(234): include('C:\\xampp\\htdocs\\Student_Management_Portal\\app\\Views\\dashboard\\courses\\index_syllabus.php')
 3 SYSTEMPATH\View\View.php(237): CodeIgniter\View\View->CodeIgniter\View\{closure}()
 4 SYSTEMPATH\Common.php(1171): CodeIgniter\View\View->render('dashboard/courses/index_syllabus', [], true)
 5 APPPATH\Controllers\Courses.php(54): view('dashboard/courses/index_syllabus', [...])
 6 SYSTEMPATH\CodeIgniter.php(933): App\Controllers\Courses->department_syllabus('public', 'assests', 'Logo.png')
 7 SYSTEMPATH\CodeIgniter.php(509): CodeIgniter\CodeIgniter->runController(Object(App\Controllers\Courses))
 8 SYSTEMPATH\CodeIgniter.php(355): CodeIgniter\CodeIgniter->handleRequest(null, Object(Config\Cache), false)
 9 SYSTEMPATH\Boot.php(325): CodeIgniter\CodeIgniter->run()
10 SYSTEMPATH\Boot.php(67): CodeIgniter\Boot::runCodeIgniter(Object(CodeIgniter\CodeIgniter))
11 FCPATH\index.php(56): CodeIgniter\Boot::bootWeb(Object(Config\Paths))
CRITICAL - 2024-12-31 23:27:12 --> ErrorException: Trying to access array offset on value of type null
[Method: GET, Route: courses/department_syllabus/public/assests/Logo.png]
in APPPATH\Views\dashboard\courses\index_syllabus.php on line 6.
 1 APPPATH\Views\dashboard\courses\index_syllabus.php(6): CodeIgniter\Debug\Exceptions->errorHandler(2, 'Trying to access array offset on value of type null', 'C:\\xampp\\htdocs\\Student_Management_Portal\\app\\Views\\dashboard\\courses\\index_syllabus.php', 6)
 2 SYSTEMPATH\View\View.php(234): include('C:\\xampp\\htdocs\\Student_Management_Portal\\app\\Views\\dashboard\\courses\\index_syllabus.php')
 3 SYSTEMPATH\View\View.php(237): CodeIgniter\View\View->CodeIgniter\View\{closure}()
 4 SYSTEMPATH\Common.php(1171): CodeIgniter\View\View->render('dashboard/courses/index_syllabus', [], true)
 5 APPPATH\Controllers\Courses.php(54): view('dashboard/courses/index_syllabus', [...])
 6 SYSTEMPATH\CodeIgniter.php(933): App\Controllers\Courses->department_syllabus('public', 'assests', 'Logo.png')
 7 SYSTEMPATH\CodeIgniter.php(509): CodeIgniter\CodeIgniter->runController(Object(App\Controllers\Courses))
 8 SYSTEMPATH\CodeIgniter.php(355): CodeIgniter\CodeIgniter->handleRequest(null, Object(Config\Cache), false)
 9 SYSTEMPATH\Boot.php(325): CodeIgniter\CodeIgniter->run()
10 SYSTEMPATH\Boot.php(67): CodeIgniter\Boot::runCodeIgniter(Object(CodeIgniter\CodeIgniter))
11 FCPATH\index.php(56): CodeIgniter\Boot::bootWeb(Object(Config\Paths))
CRITICAL - 2024-12-31 23:27:16 --> ErrorException: Undefined variable $department_id
[Method: GET, Route: courses/delete_syllabus/8]
in APPPATH\Controllers\Courses.php on line 297.
 1 APPPATH\Controllers\Courses.php(297): CodeIgniter\Debug\Exceptions->errorHandler(2, 'Undefined variable $department_id', 'C:\\xampp\\htdocs\\Student_Management_Portal\\app\\Controllers\\Courses.php', 297)
 2 SYSTEMPATH\CodeIgniter.php(933): App\Controllers\Courses->delete_syllabus('8')
 3 SYSTEMPATH\CodeIgniter.php(509): CodeIgniter\CodeIgniter->runController(Object(App\Controllers\Courses))
 4 SYSTEMPATH\CodeIgniter.php(355): CodeIgniter\CodeIgniter->handleRequest(null, Object(Config\Cache), false)
 5 SYSTEMPATH\Boot.php(325): CodeIgniter\CodeIgniter->run()
 6 SYSTEMPATH\Boot.php(67): CodeIgniter\Boot::runCodeIgniter(Object(CodeIgniter\CodeIgniter))
 7 FCPATH\index.php(56): CodeIgniter\Boot::bootWeb(Object(Config\Paths))
CRITICAL - 2024-12-31 23:28:31 --> ErrorException: Trying to access array offset on value of type null
[Method: GET, Route: courses/department_syllabus/public/assests/Logo.png]
in APPPATH\Views\dashboard\courses\index_syllabus.php on line 6.
 1 APPPATH\Views\dashboard\courses\index_syllabus.php(6): CodeIgniter\Debug\Exceptions->errorHandler(2, 'Trying to access array offset on value of type null', 'C:\\xampp\\htdocs\\Student_Management_Portal\\app\\Views\\dashboard\\courses\\index_syllabus.php', 6)
 2 SYSTEMPATH\View\View.php(234): include('C:\\xampp\\htdocs\\Student_Management_Portal\\app\\Views\\dashboard\\courses\\index_syllabus.php')
 3 SYSTEMPATH\View\View.php(237): CodeIgniter\View\View->CodeIgniter\View\{closure}()
 4 SYSTEMPATH\Common.php(1171): CodeIgniter\View\View->render('dashboard/courses/index_syllabus', [], true)
 5 APPPATH\Controllers\Courses.php(54): view('dashboard/courses/index_syllabus', [...])
 6 SYSTEMPATH\CodeIgniter.php(933): App\Controllers\Courses->department_syllabus('public', 'assests', 'Logo.png')
 7 SYSTEMPATH\CodeIgniter.php(509): CodeIgniter\CodeIgniter->runController(Object(App\Controllers\Courses))
 8 SYSTEMPATH\CodeIgniter.php(355): CodeIgniter\CodeIgniter->handleRequest(null, Object(Config\Cache), false)
 9 SYSTEMPATH\Boot.php(325): CodeIgniter\CodeIgniter->run()
10 SYSTEMPATH\Boot.php(67): CodeIgniter\Boot::runCodeIgniter(Object(CodeIgniter\CodeIgniter))
11 FCPATH\index.php(56): CodeIgniter\Boot::bootWeb(Object(Config\Paths))
CRITICAL - 2024-12-31 23:33:43 --> ErrorException: Trying to access array offset on value of type null
[Method: GET, Route: courses/department_syllabus/public/assests/Logo.png]
in APPPATH\Views\dashboard\courses\index_syllabus.php on line 6.
 1 APPPATH\Views\dashboard\courses\index_syllabus.php(6): CodeIgniter\Debug\Exceptions->errorHandler(2, 'Trying to access array offset on value of type null', 'C:\\xampp\\htdocs\\Student_Management_Portal\\app\\Views\\dashboard\\courses\\index_syllabus.php', 6)
 2 SYSTEMPATH\View\View.php(234): include('C:\\xampp\\htdocs\\Student_Management_Portal\\app\\Views\\dashboard\\courses\\index_syllabus.php')
 3 SYSTEMPATH\View\View.php(237): CodeIgniter\View\View->CodeIgniter\View\{closure}()
 4 SYSTEMPATH\Common.php(1171): CodeIgniter\View\View->render('dashboard/courses/index_syllabus', [], true)
 5 APPPATH\Controllers\Courses.php(54): view('dashboard/courses/index_syllabus', [...])
 6 SYSTEMPATH\CodeIgniter.php(933): App\Controllers\Courses->department_syllabus('public', 'assests', 'Logo.png')
 7 SYSTEMPATH\CodeIgniter.php(509): CodeIgniter\CodeIgniter->runController(Object(App\Controllers\Courses))
 8 SYSTEMPATH\CodeIgniter.php(355): CodeIgniter\CodeIgniter->handleRequest(null, Object(Config\Cache), false)
 9 SYSTEMPATH\Boot.php(325): CodeIgniter\CodeIgniter->run()
10 SYSTEMPATH\Boot.php(67): CodeIgniter\Boot::runCodeIgniter(Object(CodeIgniter\CodeIgniter))
11 FCPATH\index.php(56): CodeIgniter\Boot::bootWeb(Object(Config\Paths))
INFO - 2024-12-31 23:33:45 --> Session: Class initialized using 'CodeIgniter\Session\Handlers\FileHandler' driver.
INFO - 2024-12-31 23:33:45 --> Session: Class initialized using 'CodeIgniter\Session\Handlers\FileHandler' driver.
CRITICAL - 2024-12-31 23:33:47 --> ErrorException: Trying to access array offset on value of type null
[Method: GET, Route: courses/department_syllabus/public/assests/Logo.png]
in APPPATH\Views\dashboard\courses\index_syllabus.php on line 6.
 1 APPPATH\Views\dashboard\courses\index_syllabus.php(6): CodeIgniter\Debug\Exceptions->errorHandler(2, 'Trying to access array offset on value of type null', 'C:\\xampp\\htdocs\\Student_Management_Portal\\app\\Views\\dashboard\\courses\\index_syllabus.php', 6)
 2 SYSTEMPATH\View\View.php(234): include('C:\\xampp\\htdocs\\Student_Management_Portal\\app\\Views\\dashboard\\courses\\index_syllabus.php')
 3 SYSTEMPATH\View\View.php(237): CodeIgniter\View\View->CodeIgniter\View\{closure}()
 4 SYSTEMPATH\Common.php(1171): CodeIgniter\View\View->render('dashboard/courses/index_syllabus', [], true)
 5 APPPATH\Controllers\Courses.php(54): view('dashboard/courses/index_syllabus', [...])
 6 SYSTEMPATH\CodeIgniter.php(933): App\Controllers\Courses->department_syllabus('public', 'assests', 'Logo.png')
 7 SYSTEMPATH\CodeIgniter.php(509): CodeIgniter\CodeIgniter->runController(Object(App\Controllers\Courses))
 8 SYSTEMPATH\CodeIgniter.php(355): CodeIgniter\CodeIgniter->handleRequest(null, Object(Config\Cache), false)
 9 SYSTEMPATH\Boot.php(325): CodeIgniter\CodeIgniter->run()
10 SYSTEMPATH\Boot.php(67): CodeIgniter\Boot::runCodeIgniter(Object(CodeIgniter\CodeIgniter))
11 FCPATH\index.php(56): CodeIgniter\Boot::bootWeb(Object(Config\Paths))
INFO - 2024-12-31 23:33:50 --> Session: Class initialized using 'CodeIgniter\Session\Handlers\FileHandler' driver.
CRITICAL - 2024-12-31 23:33:50 --> ErrorException: Trying to access array offset on value of type null
[Method: GET, Route: courses/department_syllabus/public/assests/Logo.png]
in APPPATH\Views\dashboard\courses\index_syllabus.php on line 6.
 1 APPPATH\Views\dashboard\courses\index_syllabus.php(6): CodeIgniter\Debug\Exceptions->errorHandler(2, 'Trying to access array offset on value of type null', 'C:\\xampp\\htdocs\\Student_Management_Portal\\app\\Views\\dashboard\\courses\\index_syllabus.php', 6)
 2 SYSTEMPATH\View\View.php(234): include('C:\\xampp\\htdocs\\Student_Management_Portal\\app\\Views\\dashboard\\courses\\index_syllabus.php')
 3 SYSTEMPATH\View\View.php(237): CodeIgniter\View\View->CodeIgniter\View\{closure}()
 4 SYSTEMPATH\Common.php(1171): CodeIgniter\View\View->render('dashboard/courses/index_syllabus', [], true)
 5 APPPATH\Controllers\Courses.php(54): view('dashboard/courses/index_syllabus', [...])
 6 SYSTEMPATH\CodeIgniter.php(933): App\Controllers\Courses->department_syllabus('public', 'assests', 'Logo.png')
 7 SYSTEMPATH\CodeIgniter.php(509): CodeIgniter\CodeIgniter->runController(Object(App\Controllers\Courses))
 8 SYSTEMPATH\CodeIgniter.php(355): CodeIgniter\CodeIgniter->handleRequest(null, Object(Config\Cache), false)
 9 SYSTEMPATH\Boot.php(325): CodeIgniter\CodeIgniter->run()
10 SYSTEMPATH\Boot.php(67): CodeIgniter\Boot::runCodeIgniter(Object(CodeIgniter\CodeIgniter))
11 FCPATH\index.php(56): CodeIgniter\Boot::bootWeb(Object(Config\Paths))
CRITICAL - 2024-12-31 23:33:56 --> ErrorException: Trying to access array offset on value of type null
[Method: GET, Route: courses/department_syllabus/public/assests/Logo.png]
in APPPATH\Views\dashboard\courses\index_syllabus.php on line 6.
 1 APPPATH\Views\dashboard\courses\index_syllabus.php(6): CodeIgniter\Debug\Exceptions->errorHandler(2, 'Trying to access array offset on value of type null', 'C:\\xampp\\htdocs\\Student_Management_Portal\\app\\Views\\dashboard\\courses\\index_syllabus.php', 6)
 2 SYSTEMPATH\View\View.php(234): include('C:\\xampp\\htdocs\\Student_Management_Portal\\app\\Views\\dashboard\\courses\\index_syllabus.php')
 3 SYSTEMPATH\View\View.php(237): CodeIgniter\View\View->CodeIgniter\View\{closure}()
 4 SYSTEMPATH\Common.php(1171): CodeIgniter\View\View->render('dashboard/courses/index_syllabus', [], true)
 5 APPPATH\Controllers\Courses.php(54): view('dashboard/courses/index_syllabus', [...])
 6 SYSTEMPATH\CodeIgniter.php(933): App\Controllers\Courses->department_syllabus('public', 'assests', 'Logo.png')
 7 SYSTEMPATH\CodeIgniter.php(509): CodeIgniter\CodeIgniter->runController(Object(App\Controllers\Courses))
 8 SYSTEMPATH\CodeIgniter.php(355): CodeIgniter\CodeIgniter->handleRequest(null, Object(Config\Cache), false)
 9 SYSTEMPATH\Boot.php(325): CodeIgniter\CodeIgniter->run()
10 SYSTEMPATH\Boot.php(67): CodeIgniter\Boot::runCodeIgniter(Object(CodeIgniter\CodeIgniter))
11 FCPATH\index.php(56): CodeIgniter\Boot::bootWeb(Object(Config\Paths))
CRITICAL - 2024-12-31 23:33:58 --> ErrorException: Trying to access array offset on value of type null
[Method: GET, Route: courses/department_syllabus/public/assests/Logo.png]
in APPPATH\Views\dashboard\courses\index_syllabus.php on line 6.
 1 APPPATH\Views\dashboard\courses\index_syllabus.php(6): CodeIgniter\Debug\Exceptions->errorHandler(2, 'Trying to access array offset on value of type null', 'C:\\xampp\\htdocs\\Student_Management_Portal\\app\\Views\\dashboard\\courses\\index_syllabus.php', 6)
 2 SYSTEMPATH\View\View.php(234): include('C:\\xampp\\htdocs\\Student_Management_Portal\\app\\Views\\dashboard\\courses\\index_syllabus.php')
 3 SYSTEMPATH\View\View.php(237): CodeIgniter\View\View->CodeIgniter\View\{closure}()
 4 SYSTEMPATH\Common.php(1171): CodeIgniter\View\View->render('dashboard/courses/index_syllabus', [], true)
 5 APPPATH\Controllers\Courses.php(54): view('dashboard/courses/index_syllabus', [...])
 6 SYSTEMPATH\CodeIgniter.php(933): App\Controllers\Courses->department_syllabus('public', 'assests', 'Logo.png')
 7 SYSTEMPATH\CodeIgniter.php(509): CodeIgniter\CodeIgniter->runController(Object(App\Controllers\Courses))
 8 SYSTEMPATH\CodeIgniter.php(355): CodeIgniter\CodeIgniter->handleRequest(null, Object(Config\Cache), false)
 9 SYSTEMPATH\Boot.php(325): CodeIgniter\CodeIgniter->run()
10 SYSTEMPATH\Boot.php(67): CodeIgniter\Boot::runCodeIgniter(Object(CodeIgniter\CodeIgniter))
11 FCPATH\index.php(56): CodeIgniter\Boot::bootWeb(Object(Config\Paths))
INFO - 2024-12-31 23:33:59 --> Session: Class initialized using 'CodeIgniter\Session\Handlers\FileHandler' driver.
INFO - 2024-12-31 23:33:59 --> Session: Class initialized using 'CodeIgniter\Session\Handlers\FileHandler' driver.
INFO - 2024-12-31 23:34:07 --> Session: Class initialized using 'CodeIgniter\Session\Handlers\FileHandler' driver.
CRITICAL - 2024-12-31 23:34:08 --> ErrorException: Trying to access array offset on value of type null
[Method: GET, Route: courses/department_syllabus/public/assests/Logo.png]
in APPPATH\Views\dashboard\courses\index_syllabus.php on line 6.
 1 APPPATH\Views\dashboard\courses\index_syllabus.php(6): CodeIgniter\Debug\Exceptions->errorHandler(2, 'Trying to access array offset on value of type null', 'C:\\xampp\\htdocs\\Student_Management_Portal\\app\\Views\\dashboard\\courses\\index_syllabus.php', 6)
 2 SYSTEMPATH\View\View.php(234): include('C:\\xampp\\htdocs\\Student_Management_Portal\\app\\Views\\dashboard\\courses\\index_syllabus.php')
 3 SYSTEMPATH\View\View.php(237): CodeIgniter\View\View->CodeIgniter\View\{closure}()
 4 SYSTEMPATH\Common.php(1171): CodeIgniter\View\View->render('dashboard/courses/index_syllabus', [], true)
 5 APPPATH\Controllers\Courses.php(54): view('dashboard/courses/index_syllabus', [...])
 6 SYSTEMPATH\CodeIgniter.php(933): App\Controllers\Courses->department_syllabus('public', 'assests', 'Logo.png')
 7 SYSTEMPATH\CodeIgniter.php(509): CodeIgniter\CodeIgniter->runController(Object(App\Controllers\Courses))
 8 SYSTEMPATH\CodeIgniter.php(355): CodeIgniter\CodeIgniter->handleRequest(null, Object(Config\Cache), false)
 9 SYSTEMPATH\Boot.php(325): CodeIgniter\CodeIgniter->run()
10 SYSTEMPATH\Boot.php(67): CodeIgniter\Boot::runCodeIgniter(Object(CodeIgniter\CodeIgniter))
11 FCPATH\index.php(56): CodeIgniter\Boot::bootWeb(Object(Config\Paths))
INFO - 2024-12-31 23:34:10 --> Session: Class initialized using 'CodeIgniter\Session\Handlers\FileHandler' driver.
INFO - 2024-12-31 23:34:14 --> Session: Class initialized using 'CodeIgniter\Session\Handlers\FileHandler' driver.
INFO - 2024-12-31 23:34:15 --> Session: Class initialized using 'CodeIgniter\Session\Handlers\FileHandler' driver.
CRITICAL - 2024-12-31 23:34:29 --> ErrorException: Trying to access array offset on value of type null
[Method: GET, Route: courses/department_syllabus/public/assests/Logo.png]
in APPPATH\Views\dashboard\courses\index_syllabus.php on line 6.
 1 APPPATH\Views\dashboard\courses\index_syllabus.php(6): CodeIgniter\Debug\Exceptions->errorHandler(2, 'Trying to access array offset on value of type null', 'C:\\xampp\\htdocs\\Student_Management_Portal\\app\\Views\\dashboard\\courses\\index_syllabus.php', 6)
 2 SYSTEMPATH\View\View.php(234): include('C:\\xampp\\htdocs\\Student_Management_Portal\\app\\Views\\dashboard\\courses\\index_syllabus.php')
 3 SYSTEMPATH\View\View.php(237): CodeIgniter\View\View->CodeIgniter\View\{closure}()
 4 SYSTEMPATH\Common.php(1171): CodeIgniter\View\View->render('dashboard/courses/index_syllabus', [], true)
 5 APPPATH\Controllers\Courses.php(54): view('dashboard/courses/index_syllabus', [...])
 6 SYSTEMPATH\CodeIgniter.php(933): App\Controllers\Courses->department_syllabus('public', 'assests', 'Logo.png')
 7 SYSTEMPATH\CodeIgniter.php(509): CodeIgniter\CodeIgniter->runController(Object(App\Controllers\Courses))
 8 SYSTEMPATH\CodeIgniter.php(355): CodeIgniter\CodeIgniter->handleRequest(null, Object(Config\Cache), false)
 9 SYSTEMPATH\Boot.php(325): CodeIgniter\CodeIgniter->run()
10 SYSTEMPATH\Boot.php(67): CodeIgniter\Boot::runCodeIgniter(Object(CodeIgniter\CodeIgniter))
11 FCPATH\index.php(56): CodeIgniter\Boot::bootWeb(Object(Config\Paths))
CRITICAL - 2024-12-31 23:34:32 --> ErrorException: Trying to access array offset on value of type null
[Method: GET, Route: courses/syllabus_subjects/2/public/assests/Logo.png]
in APPPATH\Views\dashboard\courses\index_subject.php on line 6.
 1 APPPATH\Views\dashboard\courses\index_subject.php(6): CodeIgniter\Debug\Exceptions->errorHandler(2, 'Trying to access array offset on value of type null', 'C:\\xampp\\htdocs\\Student_Management_Portal\\app\\Views\\dashboard\\courses\\index_subject.php', 6)
 2 SYSTEMPATH\View\View.php(234): include('C:\\xampp\\htdocs\\Student_Management_Portal\\app\\Views\\dashboard\\courses\\index_subject.php')
 3 SYSTEMPATH\View\View.php(237): CodeIgniter\View\View->CodeIgniter\View\{closure}()
 4 SYSTEMPATH\Common.php(1171): CodeIgniter\View\View->render('dashboard/courses/index_subject', [], true)
 5 APPPATH\Controllers\Courses.php(85): view('dashboard/courses/index_subject', [...])
 6 SYSTEMPATH\CodeIgniter.php(933): App\Controllers\Courses->syllabus_subjects('2', 'public', 'assests', 'Logo.png')
 7 SYSTEMPATH\CodeIgniter.php(509): CodeIgniter\CodeIgniter->runController(Object(App\Controllers\Courses))
 8 SYSTEMPATH\CodeIgniter.php(355): CodeIgniter\CodeIgniter->handleRequest(null, Object(Config\Cache), false)
 9 SYSTEMPATH\Boot.php(325): CodeIgniter\CodeIgniter->run()
10 SYSTEMPATH\Boot.php(67): CodeIgniter\Boot::runCodeIgniter(Object(CodeIgniter\CodeIgniter))
11 FCPATH\index.php(56): CodeIgniter\Boot::bootWeb(Object(Config\Paths))
CRITICAL - 2024-12-31 23:34:34 --> ErrorException: Trying to access array offset on value of type null
[Method: GET, Route: courses/syllabus_subjects/2/add_subject.php]
in APPPATH\Views\dashboard\courses\index_subject.php on line 6.
 1 APPPATH\Views\dashboard\courses\index_subject.php(6): CodeIgniter\Debug\Exceptions->errorHandler(2, 'Trying to access array offset on value of type null', 'C:\\xampp\\htdocs\\Student_Management_Portal\\app\\Views\\dashboard\\courses\\index_subject.php', 6)
 2 SYSTEMPATH\View\View.php(234): include('C:\\xampp\\htdocs\\Student_Management_Portal\\app\\Views\\dashboard\\courses\\index_subject.php')
 3 SYSTEMPATH\View\View.php(237): CodeIgniter\View\View->CodeIgniter\View\{closure}()
 4 SYSTEMPATH\Common.php(1171): CodeIgniter\View\View->render('dashboard/courses/index_subject', [], true)
 5 APPPATH\Controllers\Courses.php(85): view('dashboard/courses/index_subject', [...])
 6 SYSTEMPATH\CodeIgniter.php(933): App\Controllers\Courses->syllabus_subjects('2', 'add_subject.php')
 7 SYSTEMPATH\CodeIgniter.php(509): CodeIgniter\CodeIgniter->runController(Object(App\Controllers\Courses))
 8 SYSTEMPATH\CodeIgniter.php(355): CodeIgniter\CodeIgniter->handleRequest(null, Object(Config\Cache), false)
 9 SYSTEMPATH\Boot.php(325): CodeIgniter\CodeIgniter->run()
10 SYSTEMPATH\Boot.php(67): CodeIgniter\Boot::runCodeIgniter(Object(CodeIgniter\CodeIgniter))
11 FCPATH\index.php(56): CodeIgniter\Boot::bootWeb(Object(Config\Paths))
CRITICAL - 2024-12-31 23:34:36 --> ErrorException: Trying to access array offset on value of type null
[Method: GET, Route: courses/syllabus_subjects/2/public/assests/Logo.png]
in APPPATH\Views\dashboard\courses\index_subject.php on line 6.
 1 APPPATH\Views\dashboard\courses\index_subject.php(6): CodeIgniter\Debug\Exceptions->errorHandler(2, 'Trying to access array offset on value of type null', 'C:\\xampp\\htdocs\\Student_Management_Portal\\app\\Views\\dashboard\\courses\\index_subject.php', 6)
 2 SYSTEMPATH\View\View.php(234): include('C:\\xampp\\htdocs\\Student_Management_Portal\\app\\Views\\dashboard\\courses\\index_subject.php')
 3 SYSTEMPATH\View\View.php(237): CodeIgniter\View\View->CodeIgniter\View\{closure}()
 4 SYSTEMPATH\Common.php(1171): CodeIgniter\View\View->render('dashboard/courses/index_subject', [], true)
 5 APPPATH\Controllers\Courses.php(85): view('dashboard/courses/index_subject', [...])
 6 SYSTEMPATH\CodeIgniter.php(933): App\Controllers\Courses->syllabus_subjects('2', 'public', 'assests', 'Logo.png')
 7 SYSTEMPATH\CodeIgniter.php(509): CodeIgniter\CodeIgniter->runController(Object(App\Controllers\Courses))
 8 SYSTEMPATH\CodeIgniter.php(355): CodeIgniter\CodeIgniter->handleRequest(null, Object(Config\Cache), false)
 9 SYSTEMPATH\Boot.php(325): CodeIgniter\CodeIgniter->run()
10 SYSTEMPATH\Boot.php(67): CodeIgniter\Boot::runCodeIgniter(Object(CodeIgniter\CodeIgniter))
11 FCPATH\index.php(56): CodeIgniter\Boot::bootWeb(Object(Config\Paths))
CRITICAL - 2024-12-31 23:34:49 --> ErrorException: Trying to access array offset on value of type null
[Method: GET, Route: courses/department_syllabus/public/assests/Logo.png]
in APPPATH\Views\dashboard\courses\index_syllabus.php on line 6.
 1 APPPATH\Views\dashboard\courses\index_syllabus.php(6): CodeIgniter\Debug\Exceptions->errorHandler(2, 'Trying to access array offset on value of type null', 'C:\\xampp\\htdocs\\Student_Management_Portal\\app\\Views\\dashboard\\courses\\index_syllabus.php', 6)
 2 SYSTEMPATH\View\View.php(234): include('C:\\xampp\\htdocs\\Student_Management_Portal\\app\\Views\\dashboard\\courses\\index_syllabus.php')
 3 SYSTEMPATH\View\View.php(237): CodeIgniter\View\View->CodeIgniter\View\{closure}()
 4 SYSTEMPATH\Common.php(1171): CodeIgniter\View\View->render('dashboard/courses/index_syllabus', [], true)
 5 APPPATH\Controllers\Courses.php(54): view('dashboard/courses/index_syllabus', [...])
 6 SYSTEMPATH\CodeIgniter.php(933): App\Controllers\Courses->department_syllabus('public', 'assests', 'Logo.png')
 7 SYSTEMPATH\CodeIgniter.php(509): CodeIgniter\CodeIgniter->runController(Object(App\Controllers\Courses))
 8 SYSTEMPATH\CodeIgniter.php(355): CodeIgniter\CodeIgniter->handleRequest(null, Object(Config\Cache), false)
 9 SYSTEMPATH\Boot.php(325): CodeIgniter\CodeIgniter->run()
10 SYSTEMPATH\Boot.php(67): CodeIgniter\Boot::runCodeIgniter(Object(CodeIgniter\CodeIgniter))
11 FCPATH\index.php(56): CodeIgniter\Boot::bootWeb(Object(Config\Paths))
CRITICAL - 2024-12-31 23:34:59 --> ErrorException: Trying to access array offset on value of type null
[Method: GET, Route: courses/department_syllabus/public/assests/Logo.png]
in APPPATH\Views\dashboard\courses\index_syllabus.php on line 6.
 1 APPPATH\Views\dashboard\courses\index_syllabus.php(6): CodeIgniter\Debug\Exceptions->errorHandler(2, 'Trying to access array offset on value of type null', 'C:\\xampp\\htdocs\\Student_Management_Portal\\app\\Views\\dashboard\\courses\\index_syllabus.php', 6)
 2 SYSTEMPATH\View\View.php(234): include('C:\\xampp\\htdocs\\Student_Management_Portal\\app\\Views\\dashboard\\courses\\index_syllabus.php')
 3 SYSTEMPATH\View\View.php(237): CodeIgniter\View\View->CodeIgniter\View\{closure}()
 4 SYSTEMPATH\Common.php(1171): CodeIgniter\View\View->render('dashboard/courses/index_syllabus', [], true)
 5 APPPATH\Controllers\Courses.php(54): view('dashboard/courses/index_syllabus', [...])
 6 SYSTEMPATH\CodeIgniter.php(933): App\Controllers\Courses->department_syllabus('public', 'assests', 'Logo.png')
 7 SYSTEMPATH\CodeIgniter.php(509): CodeIgniter\CodeIgniter->runController(Object(App\Controllers\Courses))
 8 SYSTEMPATH\CodeIgniter.php(355): CodeIgniter\CodeIgniter->handleRequest(null, Object(Config\Cache), false)
 9 SYSTEMPATH\Boot.php(325): CodeIgniter\CodeIgniter->run()
10 SYSTEMPATH\Boot.php(67): CodeIgniter\Boot::runCodeIgniter(Object(CodeIgniter\CodeIgniter))
11 FCPATH\index.php(56): CodeIgniter\Boot::bootWeb(Object(Config\Paths))
CRITICAL - 2024-12-31 23:35:04 --> ErrorException: Trying to access array offset on value of type null
[Method: GET, Route: courses/department_syllabus/public/assests/Logo.png]
in APPPATH\Views\dashboard\courses\index_syllabus.php on line 6.
 1 APPPATH\Views\dashboard\courses\index_syllabus.php(6): CodeIgniter\Debug\Exceptions->errorHandler(2, 'Trying to access array offset on value of type null', 'C:\\xampp\\htdocs\\Student_Management_Portal\\app\\Views\\dashboard\\courses\\index_syllabus.php', 6)
 2 SYSTEMPATH\View\View.php(234): include('C:\\xampp\\htdocs\\Student_Management_Portal\\app\\Views\\dashboard\\courses\\index_syllabus.php')
 3 SYSTEMPATH\View\View.php(237): CodeIgniter\View\View->CodeIgniter\View\{closure}()
 4 SYSTEMPATH\Common.php(1171): CodeIgniter\View\View->render('dashboard/courses/index_syllabus', [], true)
 5 APPPATH\Controllers\Courses.php(54): view('dashboard/courses/index_syllabus', [...])
 6 SYSTEMPATH\CodeIgniter.php(933): App\Controllers\Courses->department_syllabus('public', 'assests', 'Logo.png')
 7 SYSTEMPATH\CodeIgniter.php(509): CodeIgniter\CodeIgniter->runController(Object(App\Controllers\Courses))
 8 SYSTEMPATH\CodeIgniter.php(355): CodeIgniter\CodeIgniter->handleRequest(null, Object(Config\Cache), false)
 9 SYSTEMPATH\Boot.php(325): CodeIgniter\CodeIgniter->run()
10 SYSTEMPATH\Boot.php(67): CodeIgniter\Boot::runCodeIgniter(Object(CodeIgniter\CodeIgniter))
11 FCPATH\index.php(56): CodeIgniter\Boot::bootWeb(Object(Config\Paths))
CRITICAL - 2024-12-31 23:35:54 --> ErrorException: Trying to access array offset on value of type null
[Method: GET, Route: courses/department_syllabus/public/assests/Logo.png]
in APPPATH\Views\dashboard\courses\index_syllabus.php on line 6.
 1 APPPATH\Views\dashboard\courses\index_syllabus.php(6): CodeIgniter\Debug\Exceptions->errorHandler(2, 'Trying to access array offset on value of type null', 'C:\\xampp\\htdocs\\Student_Management_Portal\\app\\Views\\dashboard\\courses\\index_syllabus.php', 6)
 2 SYSTEMPATH\View\View.php(234): include('C:\\xampp\\htdocs\\Student_Management_Portal\\app\\Views\\dashboard\\courses\\index_syllabus.php')
 3 SYSTEMPATH\View\View.php(237): CodeIgniter\View\View->CodeIgniter\View\{closure}()
 4 SYSTEMPATH\Common.php(1171): CodeIgniter\View\View->render('dashboard/courses/index_syllabus', [], true)
 5 APPPATH\Controllers\Courses.php(54): view('dashboard/courses/index_syllabus', [...])
 6 SYSTEMPATH\CodeIgniter.php(933): App\Controllers\Courses->department_syllabus('public', 'assests', 'Logo.png')
 7 SYSTEMPATH\CodeIgniter.php(509): CodeIgniter\CodeIgniter->runController(Object(App\Controllers\Courses))
 8 SYSTEMPATH\CodeIgniter.php(355): CodeIgniter\CodeIgniter->handleRequest(null, Object(Config\Cache), false)
 9 SYSTEMPATH\Boot.php(325): CodeIgniter\CodeIgniter->run()
10 SYSTEMPATH\Boot.php(67): CodeIgniter\Boot::runCodeIgniter(Object(CodeIgniter\CodeIgniter))
11 FCPATH\index.php(56): CodeIgniter\Boot::bootWeb(Object(Config\Paths))
CRITICAL - 2024-12-31 23:35:58 --> ErrorException: Trying to access array offset on value of type null
[Method: GET, Route: courses/department_syllabus/public/assests/Logo.png]
in APPPATH\Views\dashboard\courses\index_syllabus.php on line 6.
 1 APPPATH\Views\dashboard\courses\index_syllabus.php(6): CodeIgniter\Debug\Exceptions->errorHandler(2, 'Trying to access array offset on value of type null', 'C:\\xampp\\htdocs\\Student_Management_Portal\\app\\Views\\dashboard\\courses\\index_syllabus.php', 6)
 2 SYSTEMPATH\View\View.php(234): include('C:\\xampp\\htdocs\\Student_Management_Portal\\app\\Views\\dashboard\\courses\\index_syllabus.php')
 3 SYSTEMPATH\View\View.php(237): CodeIgniter\View\View->CodeIgniter\View\{closure}()
 4 SYSTEMPATH\Common.php(1171): CodeIgniter\View\View->render('dashboard/courses/index_syllabus', [], true)
 5 APPPATH\Controllers\Courses.php(54): view('dashboard/courses/index_syllabus', [...])
 6 SYSTEMPATH\CodeIgniter.php(933): App\Controllers\Courses->department_syllabus('public', 'assests', 'Logo.png')
 7 SYSTEMPATH\CodeIgniter.php(509): CodeIgniter\CodeIgniter->runController(Object(App\Controllers\Courses))
 8 SYSTEMPATH\CodeIgniter.php(355): CodeIgniter\CodeIgniter->handleRequest(null, Object(Config\Cache), false)
 9 SYSTEMPATH\Boot.php(325): CodeIgniter\CodeIgniter->run()
10 SYSTEMPATH\Boot.php(67): CodeIgniter\Boot::runCodeIgniter(Object(CodeIgniter\CodeIgniter))
11 FCPATH\index.php(56): CodeIgniter\Boot::bootWeb(Object(Config\Paths))
INFO - 2024-12-31 23:36:54 --> Session: Class initialized using 'CodeIgniter\Session\Handlers\FileHandler' driver.
INFO - 2024-12-31 23:36:55 --> Session: Class initialized using 'CodeIgniter\Session\Handlers\FileHandler' driver.
INFO - 2024-12-31 23:36:56 --> Session: Class initialized using 'CodeIgniter\Session\Handlers\FileHandler' driver.
INFO - 2024-12-31 23:36:56 --> Session: Class initialized using 'CodeIgniter\Session\Handlers\FileHandler' driver.
INFO - 2024-12-31 23:36:56 --> Session: Class initialized using 'CodeIgniter\Session\Handlers\FileHandler' driver.
INFO - 2024-12-31 23:36:56 --> Session: Class initialized using 'CodeIgniter\Session\Handlers\FileHandler' driver.
INFO - 2024-12-31 23:36:58 --> Session: Class initialized using 'CodeIgniter\Session\Handlers\FileHandler' driver.
CRITICAL - 2024-12-31 23:37:00 --> ErrorException: Trying to access array offset on value of type null
[Method: GET, Route: courses/department_syllabus/public/assests/Logo.png]
in APPPATH\Views\dashboard\courses\index_syllabus.php on line 6.
 1 APPPATH\Views\dashboard\courses\index_syllabus.php(6): CodeIgniter\Debug\Exceptions->errorHandler(2, 'Trying to access array offset on value of type null', 'C:\\xampp\\htdocs\\Student_Management_Portal\\app\\Views\\dashboard\\courses\\index_syllabus.php', 6)
 2 SYSTEMPATH\View\View.php(234): include('C:\\xampp\\htdocs\\Student_Management_Portal\\app\\Views\\dashboard\\courses\\index_syllabus.php')
 3 SYSTEMPATH\View\View.php(237): CodeIgniter\View\View->CodeIgniter\View\{closure}()
 4 SYSTEMPATH\Common.php(1171): CodeIgniter\View\View->render('dashboard/courses/index_syllabus', [], true)
 5 APPPATH\Controllers\Courses.php(54): view('dashboard/courses/index_syllabus', [...])
 6 SYSTEMPATH\CodeIgniter.php(933): App\Controllers\Courses->department_syllabus('public', 'assests', 'Logo.png')
 7 SYSTEMPATH\CodeIgniter.php(509): CodeIgniter\CodeIgniter->runController(Object(App\Controllers\Courses))
 8 SYSTEMPATH\CodeIgniter.php(355): CodeIgniter\CodeIgniter->handleRequest(null, Object(Config\Cache), false)
 9 SYSTEMPATH\Boot.php(325): CodeIgniter\CodeIgniter->run()
10 SYSTEMPATH\Boot.php(67): CodeIgniter\Boot::runCodeIgniter(Object(CodeIgniter\CodeIgniter))
11 FCPATH\index.php(56): CodeIgniter\Boot::bootWeb(Object(Config\Paths))
CRITICAL - 2024-12-31 23:37:03 --> ErrorException: Trying to access array offset on value of type null
[Method: GET, Route: courses/syllabus_subjects/2/public/assests/Logo.png]
in APPPATH\Views\dashboard\courses\index_subject.php on line 6.
 1 APPPATH\Views\dashboard\courses\index_subject.php(6): CodeIgniter\Debug\Exceptions->errorHandler(2, 'Trying to access array offset on value of type null', 'C:\\xampp\\htdocs\\Student_Management_Portal\\app\\Views\\dashboard\\courses\\index_subject.php', 6)
 2 SYSTEMPATH\View\View.php(234): include('C:\\xampp\\htdocs\\Student_Management_Portal\\app\\Views\\dashboard\\courses\\index_subject.php')
 3 SYSTEMPATH\View\View.php(237): CodeIgniter\View\View->CodeIgniter\View\{closure}()
 4 SYSTEMPATH\Common.php(1171): CodeIgniter\View\View->render('dashboard/courses/index_subject', [], true)
 5 APPPATH\Controllers\Courses.php(85): view('dashboard/courses/index_subject', [...])
 6 SYSTEMPATH\CodeIgniter.php(933): App\Controllers\Courses->syllabus_subjects('2', 'public', 'assests', 'Logo.png')
 7 SYSTEMPATH\CodeIgniter.php(509): CodeIgniter\CodeIgniter->runController(Object(App\Controllers\Courses))
 8 SYSTEMPATH\CodeIgniter.php(355): CodeIgniter\CodeIgniter->handleRequest(null, Object(Config\Cache), false)
 9 SYSTEMPATH\Boot.php(325): CodeIgniter\CodeIgniter->run()
10 SYSTEMPATH\Boot.php(67): CodeIgniter\Boot::runCodeIgniter(Object(CodeIgniter\CodeIgniter))
11 FCPATH\index.php(56): CodeIgniter\Boot::bootWeb(Object(Config\Paths))
CRITICAL - 2024-12-31 23:37:04 --> ErrorException: Trying to access array offset on value of type null
[Method: GET, Route: courses/department_syllabus/public/assests/Logo.png]
in APPPATH\Views\dashboard\courses\index_syllabus.php on line 6.
 1 APPPATH\Views\dashboard\courses\index_syllabus.php(6): CodeIgniter\Debug\Exceptions->errorHandler(2, 'Trying to access array offset on value of type null', 'C:\\xampp\\htdocs\\Student_Management_Portal\\app\\Views\\dashboard\\courses\\index_syllabus.php', 6)
 2 SYSTEMPATH\View\View.php(234): include('C:\\xampp\\htdocs\\Student_Management_Portal\\app\\Views\\dashboard\\courses\\index_syllabus.php')
 3 SYSTEMPATH\View\View.php(237): CodeIgniter\View\View->CodeIgniter\View\{closure}()
 4 SYSTEMPATH\Common.php(1171): CodeIgniter\View\View->render('dashboard/courses/index_syllabus', [], true)
 5 APPPATH\Controllers\Courses.php(54): view('dashboard/courses/index_syllabus', [...])
 6 SYSTEMPATH\CodeIgniter.php(933): App\Controllers\Courses->department_syllabus('public', 'assests', 'Logo.png')
 7 SYSTEMPATH\CodeIgniter.php(509): CodeIgniter\CodeIgniter->runController(Object(App\Controllers\Courses))
 8 SYSTEMPATH\CodeIgniter.php(355): CodeIgniter\CodeIgniter->handleRequest(null, Object(Config\Cache), false)
 9 SYSTEMPATH\Boot.php(325): CodeIgniter\CodeIgniter->run()
10 SYSTEMPATH\Boot.php(67): CodeIgniter\Boot::runCodeIgniter(Object(CodeIgniter\CodeIgniter))
11 FCPATH\index.php(56): CodeIgniter\Boot::bootWeb(Object(Config\Paths))
CRITICAL - 2024-12-31 23:44:15 --> ErrorException: Trying to access array offset on value of type null
[Method: GET, Route: courses/department_syllabus/public/assests/Logo.png]
in APPPATH\Views\dashboard\courses\index_syllabus.php on line 6.
 1 APPPATH\Views\dashboard\courses\index_syllabus.php(6): CodeIgniter\Debug\Exceptions->errorHandler(2, 'Trying to access array offset on value of type null', 'C:\\xampp\\htdocs\\Student_Management_Portal\\app\\Views\\dashboard\\courses\\index_syllabus.php', 6)
 2 SYSTEMPATH\View\View.php(234): include('C:\\xampp\\htdocs\\Student_Management_Portal\\app\\Views\\dashboard\\courses\\index_syllabus.php')
 3 SYSTEMPATH\View\View.php(237): CodeIgniter\View\View->CodeIgniter\View\{closure}()
 4 SYSTEMPATH\Common.php(1171): CodeIgniter\View\View->render('dashboard/courses/index_syllabus', [], true)
 5 APPPATH\Controllers\Courses.php(54): view('dashboard/courses/index_syllabus', [...])
 6 SYSTEMPATH\CodeIgniter.php(933): App\Controllers\Courses->department_syllabus('public', 'assests', 'Logo.png')
 7 SYSTEMPATH\CodeIgniter.php(509): CodeIgniter\CodeIgniter->runController(Object(App\Controllers\Courses))
 8 SYSTEMPATH\CodeIgniter.php(355): CodeIgniter\CodeIgniter->handleRequest(null, Object(Config\Cache), false)
 9 SYSTEMPATH\Boot.php(325): CodeIgniter\CodeIgniter->run()
10 SYSTEMPATH\Boot.php(67): CodeIgniter\Boot::runCodeIgniter(Object(CodeIgniter\CodeIgniter))
11 FCPATH\index.php(56): CodeIgniter\Boot::bootWeb(Object(Config\Paths))
INFO - 2024-12-31 23:50:39 --> Session: Class initialized using 'CodeIgniter\Session\Handlers\FileHandler' driver.
CRITICAL - 2024-12-31 23:50:39 --> ErrorException: Trying to access array offset on value of type null
[Method: GET, Route: courses/department_syllabus/public/assests/Logo.png]
in APPPATH\Views\dashboard\courses\index_syllabus.php on line 6.
 1 APPPATH\Views\dashboard\courses\index_syllabus.php(6): CodeIgniter\Debug\Exceptions->errorHandler(2, 'Trying to access array offset on value of type null', 'C:\\xampp\\htdocs\\Student_Management_Portal\\app\\Views\\dashboard\\courses\\index_syllabus.php', 6)
 2 SYSTEMPATH\View\View.php(234): include('C:\\xampp\\htdocs\\Student_Management_Portal\\app\\Views\\dashboard\\courses\\index_syllabus.php')
 3 SYSTEMPATH\View\View.php(237): CodeIgniter\View\View->CodeIgniter\View\{closure}()
 4 SYSTEMPATH\Common.php(1171): CodeIgniter\View\View->render('dashboard/courses/index_syllabus', [], true)
 5 APPPATH\Controllers\Courses.php(54): view('dashboard/courses/index_syllabus', [...])
 6 SYSTEMPATH\CodeIgniter.php(933): App\Controllers\Courses->department_syllabus('public', 'assests', 'Logo.png')
 7 SYSTEMPATH\CodeIgniter.php(509): CodeIgniter\CodeIgniter->runController(Object(App\Controllers\Courses))
 8 SYSTEMPATH\CodeIgniter.php(355): CodeIgniter\CodeIgniter->handleRequest(null, Object(Config\Cache), false)
 9 SYSTEMPATH\Boot.php(325): CodeIgniter\CodeIgniter->run()
10 SYSTEMPATH\Boot.php(67): CodeIgniter\Boot::runCodeIgniter(Object(CodeIgniter\CodeIgniter))
11 FCPATH\index.php(56): CodeIgniter\Boot::bootWeb(Object(Config\Paths))
